sample_id,series_id,horizon_step,y_true,y_pred,residual,is_valid,history_last_value,model_name
1476379200,D:\intelligent_transportation\data\lstm_sources\public\kddcup2017_china_tollgate\kdd2017_china_tollgate_20min.csv:kdd2017_t1_d0#segment5,1,45.0,56.33333333333334,-11.333333333333343,True,54.0,linear_trend
1476380400,D:\intelligent_transportation\data\lstm_sources\public\kddcup2017_china_tollgate\kdd2017_china_tollgate_20min.csv:kdd2017_t1_d0#segment5,1,39.0,54.86666666666667,-15.866666666666667,True,45.0,linear_trend
1476381600,D:\intelligent_transportation\data\lstm_sources\public\kddcup2017_china_tollgate\kdd2017_china_tollgate_20min.csv:kdd2017_t1_d0#segment5,1,34.0,43.66666666666667,-9.666666666666671,True,39.0,linear_trend
1476382800,D:\intelligent_transportation\data\lstm_sources\public\kddcup2017_china_tollgate\kdd2017_china_tollgate_20min.csv:kdd2017_t1_d0#segment5,1,33.0,33.8,-0.7999999999999972,True,34.0,linear_trend
1476384000,D:\intelligent_transportation\data\lstm_sources\public\kddcup2017_china_tollgate\kdd2017_china_tollgate_20min.csv:kdd2017_t1_d0#segment5,1,23.0,27.4,-4.399999999999999,True,33.0,linear_trend
1476385200,D:\intelligent_transportation\data\lstm_sources\public\kddcup2017_china_tollgate\kdd2017_china_tollgate_20min.csv:kdd2017_t1_d0#segment5,1,17.0,18.400000000000006,-1.4000000000000057,True,23.0,linear_trend
1476386400,D:\intelligent_transportation\data\lstm_sources\public\kddcup2017_china_tollgate\kdd2017_china_tollgate_20min.csv:kdd2017_t1_d0#segment5,1,19.0,12.933333333333323,6.066666666666677,True,17.0,linear_trend
1476387600,D:\intelligent_transportation\data\lstm_sources\public\kddcup2017_china_tollgate\kdd2017_china_tollgate_20min.csv:kdd2017_t1_d0#segment5,1,21.0,11.400000000000002,9.599999999999998,True,19.0,linear_trend
1476388800,D:\intelligent_transportation\data\lstm_sources\public\kddcup2017_china_tollgate\kdd2017_china_tollgate_20min.csv:kdd2017_t1_d0#segment5,1,17.0,13.199999999999996,3.8000000000000043,True,21.0,linear_trend
1476390000,D:\intelligent_transportation\data\lstm_sources\public\kddcup2017_china_tollgate\kdd2017_china_tollgate_20min.csv:kdd2017_t1_d0#segment5,1,18.0,13.26666666666667,4.733333333333331,True,17.0,linear_trend
1476391200,D:\intelligent_transportation\data\lstm_sources\public\kddcup2017_china_tollgate\kdd2017_china_tollgate_20min.csv:kdd2017_t1_d0#segment5,1,18.0,16.866666666666667,1.1333333333333329,True,18.0,linear_trend
1476392400,D:\intelligent_transportation\data\lstm_sources\public\kddcup2017_china_tollgate\kdd2017_china_tollgate_20min.csv:kdd2017_t1_d0#segment5,1,18.0,18.133333333333333,-0.13333333333333286,True,18.0,linear_trend
1476393600,D:\intelligent_transportation\data\lstm_sources\public\kddcup2017_china_tollgate\kdd2017_china_tollgate_20min.csv:kdd2017_t1_d0#segment5,1,18.0,17.2,0.8000000000000007,True,18.0,linear_trend
1476394800,D:\intelligent_transportation\data\lstm_sources\public\kddcup2017_china_tollgate\kdd2017_china_tollgate_20min.csv:kdd2017_t1_d0#segment5,1,16.0,17.133333333333333,-1.1333333333333329,True,18.0,linear_trend
1476396000,D:\intelligent_transportation\data\lstm_sources\public\kddcup2017_china_tollgate\kdd2017_china_tollgate_20min.csv:kdd2017_t1_d0#segment5,1,9.0,17.0,-8.0,True,16.0,linear_trend
1476397200,D:\intelligent_transportation\data\lstm_sources\public\kddcup2017_china_tollgate\kdd2017_china_tollgate_20min.csv:kdd2017_t1_d0#segment5,1,11.0,11.066666666666668,-0.0666666666666682,True,9.0,linear_trend
1476398400,D:\intelligent_transportation\data\lstm_sources\public\kddcup2017_china_tollgate\kdd2017_china_tollgate_20min.csv:kdd2017_t1_d0#segment5,1,6.0,8.599999999999998,-2.599999999999998,True,11.0,linear_trend
1476399600,D:\intelligent_transportation\data\lstm_sources\public\kddcup2017_china_tollgate\kdd2017_china_tollgate_20min.csv:kdd2017_t1_d0#segment5,1,3.0,4.199999999999999,-1.1999999999999993,True,6.0,linear_trend
1476400800,D:\intelligent_transportation\data\lstm_sources\public\kddcup2017_china_tollgate\kdd2017_china_tollgate_20min.csv:kdd2017_t1_d0#segment5,1,11.0,0.1999999999999993,10.8,True,3.0,linear_trend
1476402000,D:\intelligent_transportation\data\lstm_sources\public\kddcup2017_china_tollgate\kdd2017_china_tollgate_20min.csv:kdd2017_t1_d0#segment5,1,9.0,4.533333333333335,4.466666666666665,True,11.0,linear_trend
1476403200,D:\intelligent_transportation\data\lstm_sources\public\kddcup2017_china_tollgate\kdd2017_china_tollgate_20min.csv:kdd2017_t1_d0#segment5,1,15.0,7.866666666666665,7.133333333333335,True,9.0,linear_trend
1476404400,D:\intelligent_transportation\data\lstm_sources\public\kddcup2017_china_tollgate\kdd2017_china_tollgate_20min.csv:kdd2017_t1_d0#segment5,1,15.0,12.866666666666667,2.133333333333333,True,15.0,linear_trend
1476405600,D:\intelligent_transportation\data\lstm_sources\public\kddcup2017_china_tollgate\kdd2017_china_tollgate_20min.csv:kdd2017_t1_d0#segment5,1,8.0,17.733333333333334,-9.733333333333334,True,15.0,linear_trend
1476406800,D:\intelligent_transportation\data\lstm_sources\public\kddcup2017_china_tollgate\kdd2017_china_tollgate_20min.csv:kdd2017_t1_d0#segment5,1,6.0,14.466666666666667,-8.466666666666667,True,8.0,linear_trend
1476408000,D:\intelligent_transportation\data\lstm_sources\public\kddcup2017_china_tollgate\kdd2017_china_tollgate_20min.csv:kdd2017_t1_d0#segment5,1,11.0,7.866666666666665,3.1333333333333346,True,6.0,linear_trend
1476409200,D:\intelligent_transportation\data\lstm_sources\public\kddcup2017_china_tollgate\kdd2017_china_tollgate_20min.csv:kdd2017_t1_d0#segment5,1,12.0,8.266666666666666,3.7333333333333343,True,11.0,linear_trend
1476410400,D:\intelligent_transportation\data\lstm_sources\public\kddcup2017_china_tollgate\kdd2017_china_tollgate_20min.csv:kdd2017_t1_d0#segment5,1,7.0,8.266666666666666,-1.2666666666666657,True,12.0,linear_trend
1476411600,D:\intelligent_transportation\data\lstm_sources\public\kddcup2017_china_tollgate\kdd2017_china_tollgate_20min.csv:kdd2017_t1_d0#segment5,1,5.0,7.533333333333333,-2.533333333333333,True,7.0,linear_trend
1476412800,D:\intelligent_transportation\data\lstm_sources\public\kddcup2017_china_tollgate\kdd2017_china_tollgate_20min.csv:kdd2017_t1_d0#segment5,1,12.0,7.066666666666666,4.933333333333334,True,5.0,linear_trend
1476414000,D:\intelligent_transportation\data\lstm_sources\public\kddcup2017_china_tollgate\kdd2017_china_tollgate_20min.csv:kdd2017_t1_d0#segment5,1,4.0,9.533333333333335,-5.533333333333335,True,12.0,linear_trend
1476415200,D:\intelligent_transportation\data\lstm_sources\public\kddcup2017_china_tollgate\kdd2017_china_tollgate_20min.csv:kdd2017_t1_d0#segment5,1,3.0,4.799999999999999,-1.799999999999999,True,4.0,linear_trend
1476416400,D:\intelligent_transportation\data\lstm_sources\public\kddcup2017_china_tollgate\kdd2017_china_tollgate_20min.csv:kdd2017_t1_d0#segment5,1,8.0,2.466666666666667,5.533333333333333,True,3.0,linear_trend
1476417600,D:\intelligent_transportation\data\lstm_sources\public\kddcup2017_china_tollgate\kdd2017_china_tollgate_20min.csv:kdd2017_t1_d0#segment5,1,12.0,5.6,6.4,True,8.0,linear_trend
1476418800,D:\intelligent_transportation\data\lstm_sources\public\kddcup2017_china_tollgate\kdd2017_china_tollgate_20min.csv:kdd2017_t1_d0#segment5,1,13.0,9.533333333333333,3.466666666666667,True,12.0,linear_trend
1476420000,D:\intelligent_transportation\data\lstm_sources\public\kddcup2017_china_tollgate\kdd2017_china_tollgate_20min.csv:kdd2017_t1_d0#segment5,1,6.0,12.066666666666666,-6.066666666666666,True,13.0,linear_trend
1476421200,D:\intelligent_transportation\data\lstm_sources\public\kddcup2017_china_tollgate\kdd2017_china_tollgate_20min.csv:kdd2017_t1_d0#segment5,1,3.0,12.066666666666666,-9.066666666666666,True,6.0,linear_trend
1476422400,D:\intelligent_transportation\data\lstm_sources\public\kddcup2017_china_tollgate\kdd2017_china_tollgate_20min.csv:kdd2017_t1_d0#segment5,1,7.0,7.0,0.0,True,3.0,linear_trend
1476423600,D:\intelligent_transportation\data\lstm_sources\public\kddcup2017_china_tollgate\kdd2017_china_tollgate_20min.csv:kdd2017_t1_d0#segment5,1,8.0,4.266666666666667,3.7333333333333334,True,7.0,linear_trend
1476424800,D:\intelligent_transportation\data\lstm_sources\public\kddcup2017_china_tollgate\kdd2017_china_tollgate_20min.csv:kdd2017_t1_d0#segment5,1,14.0,4.066666666666666,9.933333333333334,True,8.0,linear_trend
1476426000,D:\intelligent_transportation\data\lstm_sources\public\kddcup2017_china_tollgate\kdd2017_china_tollgate_20min.csv:kdd2017_t1_d0#segment5,1,20.0,10.0,10.0,True,14.0,linear_trend
1476427200,D:\intelligent_transportation\data\lstm_sources\public\kddcup2017_china_tollgate\kdd2017_china_tollgate_20min.csv:kdd2017_t1_d0#segment5,1,20.0,20.066666666666666,-0.06666666666666643,True,20.0,linear_trend
1476428400,D:\intelligent_transportation\data\lstm_sources\public\kddcup2017_china_tollgate\kdd2017_china_tollgate_20min.csv:kdd2017_t1_d0#segment5,1,23.0,25.0,-2.0,True,20.0,linear_trend
1476429600,D:\intelligent_transportation\data\lstm_sources\public\kddcup2017_china_tollgate\kdd2017_china_tollgate_20min.csv:kdd2017_t1_d0#segment5,1,28.0,27.53333333333333,0.46666666666666856,True,23.0,linear_trend
1476430800,D:\intelligent_transportation\data\lstm_sources\public\kddcup2017_china_tollgate\kdd2017_china_tollgate_20min.csv:kdd2017_t1_d0#segment5,1,30.0,31.53333333333333,-1.5333333333333314,True,28.0,linear_trend
1476432000,D:\intelligent_transportation\data\lstm_sources\public\kddcup2017_china_tollgate\kdd2017_china_tollgate_20min.csv:kdd2017_t1_d0#segment5,1,34.0,33.2,0.7999999999999972,True,30.0,linear_trend
1476433200,D:\intelligent_transportation\data\lstm_sources\public\kddcup2017_china_tollgate\kdd2017_china_tollgate_20min.csv:kdd2017_t1_d0#segment5,1,59.0,36.33333333333333,22.66666666666667,True,34.0,linear_trend
1476434400,D:\intelligent_transportation\data\lstm_sources\public\kddcup2017_china_tollgate\kdd2017_china_tollgate_20min.csv:kdd2017_t1_d0#segment5,1,46.0,55.33333333333334,-9.333333333333343,True,59.0,linear_trend
1476435600,D:\intelligent_transportation\data\lstm_sources\public\kddcup2017_china_tollgate\kdd2017_china_tollgate_20min.csv:kdd2017_t1_d0#segment5,1,44.0,57.86666666666666,-13.86666666666666,True,46.0,linear_trend
1476436800,D:\intelligent_transportation\data\lstm_sources\public\kddcup2017_china_tollgate\kdd2017_china_tollgate_20min.csv:kdd2017_t1_d0#segment5,1,48.0,55.46666666666667,-7.466666666666669,True,44.0,linear_trend
1476438000,D:\intelligent_transportation\data\lstm_sources\public\kddcup2017_china_tollgate\kdd2017_china_tollgate_20min.csv:kdd2017_t1_d0#segment5,1,45.0,54.2,-9.200000000000003,True,48.0,linear_trend
1476439200,D:\intelligent_transportation\data\lstm_sources\public\kddcup2017_china_tollgate\kdd2017_china_tollgate_20min.csv:kdd2017_t1_d0#segment5,1,53.0,48.0,5.0,True,45.0,linear_trend
1476440400,D:\intelligent_transportation\data\lstm_sources\public\kddcup2017_china_tollgate\kdd2017_china_tollgate_20min.csv:kdd2017_t1_d0#segment5,1,47.0,46.266666666666666,0.7333333333333343,True,53.0,linear_trend
1476441600,D:\intelligent_transportation\data\lstm_sources\public\kddcup2017_china_tollgate\kdd2017_china_tollgate_20min.csv:kdd2017_t1_d0#segment5,1,43.0,50.06666666666666,-7.066666666666663,True,47.0,linear_trend
1476442800,D:\intelligent_transportation\data\lstm_sources\public\kddcup2017_china_tollgate\kdd2017_china_tollgate_20min.csv:kdd2017_t1_d0#segment5,1,43.0,46.666666666666664,-3.6666666666666643,True,43.0,linear_trend
1476444000,D:\intelligent_transportation\data\lstm_sources\public\kddcup2017_china_tollgate\kdd2017_china_tollgate_20min.csv:kdd2017_t1_d0#segment5,1,41.0,42.800000000000004,-1.8000000000000043,True,43.0,linear_trend
1476445200,D:\intelligent_transportation\data\lstm_sources\public\kddcup2017_china_tollgate\kdd2017_china_tollgate_20min.csv:kdd2017_t1_d0#segment5,1,41.0,39.93333333333333,1.06666666666667,True,41.0,linear_trend
1476446400,D:\intelligent_transportation\data\lstm_sources\public\kddcup2017_china_tollgate\kdd2017_china_tollgate_20min.csv:kdd2017_t1_d0#segment5,1,24.0,36.86666666666666,-12.86666666666666,True,41.0,linear_trend
1476447600,D:\intelligent_transportation\data\lstm_sources\public\kddcup2017_china_tollgate\kdd2017_china_tollgate_20min.csv:kdd2017_t1_d0#segment5,1,42.0,27.533333333333335,14.466666666666665,True,24.0,linear_trend
1476448800,D:\intelligent_transportation\data\lstm_sources\public\kddcup2017_china_tollgate\kdd2017_china_tollgate_20min.csv:kdd2017_t1_d0#segment5,1,54.0,32.800000000000004,21.199999999999996,True,42.0,linear_trend
1476450000,D:\intelligent_transportation\data\lstm_sources\public\kddcup2017_china_tollgate\kdd2017_china_tollgate_20min.csv:kdd2017_t1_d0#segment5,1,58.0,44.93333333333333,13.06666666666667,True,54.0,linear_trend
1476451200,D:\intelligent_transportation\data\lstm_sources\public\kddcup2017_china_tollgate\kdd2017_china_tollgate_20min.csv:kdd2017_t1_d0#segment5,1,53.0,57.53333333333333,-4.533333333333331,True,58.0,linear_trend
1476452400,D:\intelligent_transportation\data\lstm_sources\public\kddcup2017_china_tollgate\kdd2017_china_tollgate_20min.csv:kdd2017_t1_d0#segment5,1,44.0,62.733333333333334,-18.733333333333334,True,53.0,linear_trend
1476453600,D:\intelligent_transportation\data\lstm_sources\public\kddcup2017_china_tollgate\kdd2017_china_tollgate_20min.csv:kdd2017_t1_d0#segment5,1,66.0,59.53333333333333,6.466666666666669,True,44.0,linear_trend
1476454800,D:\intelligent_transportation\data\lstm_sources\public\kddcup2017_china_tollgate\kdd2017_china_tollgate_20min.csv:kdd2017_t1_d0#segment5,1,66.0,61.333333333333336,4.666666666666664,True,66.0,linear_trend
1476456000,D:\intelligent_transportation\data\lstm_sources\public\kddcup2017_china_tollgate\kdd2017_china_tollgate_20min.csv:kdd2017_t1_d0#segment5,1,50.0,64.33333333333334,-14.333333333333343,True,66.0,linear_trend
1476457200,D:\intelligent_transportation\data\lstm_sources\public\kddcup2017_china_tollgate\kdd2017_china_tollgate_20min.csv:kdd2017_t1_d0#segment5,1,76.0,58.266666666666666,17.733333333333334,True,50.0,linear_trend
1476458400,D:\intelligent_transportation\data\lstm_sources\public\kddcup2017_china_tollgate\kdd2017_china_tollgate_20min.csv:kdd2017_t1_d0#segment5,1,66.0,72.46666666666667,-6.466666666666669,True,76.0,linear_trend
1476459600,D:\intelligent_transportation\data\lstm_sources\public\kddcup2017_china_tollgate\kdd2017_china_tollgate_20min.csv:kdd2017_t1_d0#segment5,1,70.0,73.73333333333333,-3.7333333333333343,True,66.0,linear_trend
1476460800,D:\intelligent_transportation\data\lstm_sources\public\kddcup2017_china_tollgate\kdd2017_china_tollgate_20min.csv:kdd2017_t1_d0#segment5,1,63.0,70.26666666666668,-7.26666666666668,True,70.0,linear_trend
1476462000,D:\intelligent_transportation\data\lstm_sources\public\kddcup2017_china_tollgate\kdd2017_china_tollgate_20min.csv:kdd2017_t1_d0#segment5,1,71.0,68.66666666666667,2.3333333333333286,True,63.0,linear_trend
1476463200,D:\intelligent_transportation\data\lstm_sources\public\kddcup2017_china_tollgate\kdd2017_china_tollgate_20min.csv:kdd2017_t1_d0#segment5,1,62.0,73.0,-11.0,True,71.0,linear_trend
1476464400,D:\intelligent_transportation\data\lstm_sources\public\kddcup2017_china_tollgate\kdd2017_china_tollgate_20min.csv:kdd2017_t1_d0#segment5,1,44.0,61.800000000000004,-17.800000000000004,True,62.0,linear_trend
1476465600,D:\intelligent_transportation\data\lstm_sources\public\kddcup2017_china_tollgate\kdd2017_china_tollgate_20min.csv:kdd2017_t1_d0#segment5,1,47.0,50.066666666666656,-3.0666666666666558,True,44.0,linear_trend
1476466800,D:\intelligent_transportation\data\lstm_sources\public\kddcup2017_china_tollgate\kdd2017_china_tollgate_20min.csv:kdd2017_t1_d0#segment5,1,39.0,41.4,-2.3999999999999986,True,47.0,linear_trend
1476468000,D:\intelligent_transportation\data\lstm_sources\public\kddcup2017_china_tollgate\kdd2017_china_tollgate_20min.csv:kdd2017_t1_d0#segment5,1,35.0,33.33333333333334,1.6666666666666572,True,39.0,linear_trend
1476469200,D:\intelligent_transportation\data\lstm_sources\public\kddcup2017_china_tollgate\kdd2017_china_tollgate_20min.csv:kdd2017_t1_d0#segment5,1,30.0,25.06666666666667,4.93333333333333,True,35.0,linear_trend
1476470400,D:\intelligent_transportation\data\lstm_sources\public\kddcup2017_china_tollgate\kdd2017_china_tollgate_20min.csv:kdd2017_t1_d0#segment5,1,43.0,23.33333333333333,19.66666666666667,True,30.0,linear_trend
1476471600,D:\intelligent_transportation\data\lstm_sources\public\kddcup2017_china_tollgate\kdd2017_china_tollgate_20min.csv:kdd2017_t1_d0#segment5,1,43.0,33.666666666666664,9.333333333333336,True,43.0,linear_trend
1476472800,D:\intelligent_transportation\data\lstm_sources\public\kddcup2017_china_tollgate\kdd2017_china_tollgate_20min.csv:kdd2017_t1_d0#segment5,1,36.0,38.2,-2.200000000000003,True,43.0,linear_trend
1476474000,D:\intelligent_transportation\data\lstm_sources\public\kddcup2017_china_tollgate\kdd2017_china_tollgate_20min.csv:kdd2017_t1_d0#segment5,1,30.0,39.86666666666667,-9.866666666666667,True,36.0,linear_trend
1476475200,D:\intelligent_transportation\data\lstm_sources\public\kddcup2017_china_tollgate\kdd2017_china_tollgate_20min.csv:kdd2017_t1_d0#segment5,1,32.0,35.46666666666666,-3.4666666666666615,True,30.0,linear_trend
1476476400,D:\intelligent_transportation\data\lstm_sources\public\kddcup2017_china_tollgate\kdd2017_china_tollgate_20min.csv:kdd2017_t1_d0#segment5,1,21.0,32.06666666666666,-11.066666666666663,True,32.0,linear_trend
1476477600,D:\intelligent_transportation\data\lstm_sources\public\kddcup2017_china_tollgate\kdd2017_china_tollgate_20min.csv:kdd2017_t1_d0#segment5,1,29.0,19.266666666666666,9.733333333333334,True,21.0,linear_trend
1476478800,D:\intelligent_transportation\data\lstm_sources\public\kddcup2017_china_tollgate\kdd2017_china_tollgate_20min.csv:kdd2017_t1_d0#segment5,1,15.0,20.53333333333333,-5.533333333333331,True,29.0,linear_trend
1476480000,D:\intelligent_transportation\data\lstm_sources\public\kddcup2017_china_tollgate\kdd2017_china_tollgate_20min.csv:kdd2017_t1_d0#segment5,1,18.0,15.266666666666673,2.733333333333327,True,15.0,linear_trend
1476481200,D:\intelligent_transportation\data\lstm_sources\public\kddcup2017_china_tollgate\kdd2017_china_tollgate_20min.csv:kdd2017_t1_d0#segment5,1,14.0,13.866666666666667,0.13333333333333286,True,18.0,linear_trend
1476482400,D:\intelligent_transportation\data\lstm_sources\public\kddcup2017_china_tollgate\kdd2017_china_tollgate_20min.csv:kdd2017_t1_d0#segment5,1,13.0,10.199999999999996,2.8000000000000043,True,14.0,linear_trend
1476483600,D:\intelligent_transportation\data\lstm_sources\public\kddcup2017_china_tollgate\kdd2017_china_tollgate_20min.csv:kdd2017_t1_d0#segment5,1,15.0,10.133333333333333,4.866666666666667,True,13.0,linear_trend
1476484800,D:\intelligent_transportation\data\lstm_sources\public\kddcup2017_china_tollgate\kdd2017_china_tollgate_20min.csv:kdd2017_t1_d0#segment5,1,10.0,9.33333333333333,0.6666666666666696,True,15.0,linear_trend
1476486000,D:\intelligent_transportation\data\lstm_sources\public\kddcup2017_china_tollgate\kdd2017_china_tollgate_20min.csv:kdd2017_t1_d0#segment5,1,8.0,10.666666666666664,-2.6666666666666643,True,10.0,linear_trend
1476487200,D:\intelligent_transportation\data\lstm_sources\public\kddcup2017_china_tollgate\kdd2017_china_tollgate_20min.csv:kdd2017_t1_d0#segment5,1,14.0,7.0,7.0,True,8.0,linear_trend
1476488400,D:\intelligent_transportation\data\lstm_sources\public\kddcup2017_china_tollgate\kdd2017_china_tollgate_20min.csv:kdd2017_t1_d0#segment5,1,5.0,10.333333333333334,-5.333333333333334,True,14.0,linear_trend
1476489600,D:\intelligent_transportation\data\lstm_sources\public\kddcup2017_china_tollgate\kdd2017_china_tollgate_20min.csv:kdd2017_t1_d0#segment5,1,8.0,6.333333333333332,1.6666666666666679,True,5.0,linear_trend
1476490800,D:\intelligent_transportation\data\lstm_sources\public\kddcup2017_china_tollgate\kdd2017_china_tollgate_20min.csv:kdd2017_t1_d0#segment5,1,9.0,5.6,3.4000000000000004,True,8.0,linear_trend
1476492000,D:\intelligent_transportation\data\lstm_sources\public\kddcup2017_china_tollgate\kdd2017_china_tollgate_20min.csv:kdd2017_t1_d0#segment5,1,10.0,7.6,2.4000000000000004,True,9.0,linear_trend
1476493200,D:\intelligent_transportation\data\lstm_sources\public\kddcup2017_china_tollgate\kdd2017_china_tollgate_20min.csv:kdd2017_t1_d0#segment5,1,9.0,8.799999999999999,0.20000000000000107,True,10.0,linear_trend
1476494400,D:\intelligent_transportation\data\lstm_sources\public\kddcup2017_china_tollgate\kdd2017_china_tollgate_20min.csv:kdd2017_t1_d0#segment5,1,8.0,8.266666666666666,-0.2666666666666657,True,9.0,linear_trend
1476495600,D:\intelligent_transportation\data\lstm_sources\public\kddcup2017_china_tollgate\kdd2017_china_tollgate_20min.csv:kdd2017_t1_d0#segment5,1,9.0,10.066666666666666,-1.0666666666666664,True,8.0,linear_trend
1476496800,D:\intelligent_transportation\data\lstm_sources\public\kddcup2017_china_tollgate\kdd2017_china_tollgate_20min.csv:kdd2017_t1_d0#segment5,1,11.0,8.933333333333334,2.0666666666666664,True,9.0,linear_trend
1476498000,D:\intelligent_transportation\data\lstm_sources\public\kddcup2017_china_tollgate\kdd2017_china_tollgate_20min.csv:kdd2017_t1_d0#segment5,1,8.0,9.933333333333334,-1.9333333333333336,True,11.0,linear_trend
1476499200,D:\intelligent_transportation\data\lstm_sources\public\kddcup2017_china_tollgate\kdd2017_china_tollgate_20min.csv:kdd2017_t1_d0#segment5,1,5.0,8.866666666666665,-3.8666666666666654,True,8.0,linear_trend
1476500400,D:\intelligent_transportation\data\lstm_sources\public\kddcup2017_china_tollgate\kdd2017_china_tollgate_20min.csv:kdd2017_t1_d0#segment5,1,6.0,6.533333333333335,-0.533333333333335,True,5.0,linear_trend
1476501600,D:\intelligent_transportation\data\lstm_sources\public\kddcup2017_china_tollgate\kdd2017_china_tollgate_20min.csv:kdd2017_t1_d0#segment5,1,9.0,5.333333333333333,3.666666666666667,True,6.0,linear_trend
1476502800,D:\intelligent_transportation\data\lstm_sources\public\kddcup2017_china_tollgate\kdd2017_china_tollgate_20min.csv:kdd2017_t1_d0#segment5,1,9.0,6.199999999999999,2.8000000000000007,True,9.0,linear_trend
1476504000,D:\intelligent_transportation\data\lstm_sources\public\kddcup2017_china_tollgate\kdd2017_china_tollgate_20min.csv:kdd2017_t1_d0#segment5,1,9.0,7.4,1.5999999999999996,True,9.0,linear_trend
1476505200,D:\intelligent_transportation\data\lstm_sources\public\kddcup2017_china_tollgate\kdd2017_china_tollgate_20min.csv:kdd2017_t1_d0#segment5,1,9.0,9.666666666666668,-0.6666666666666679,True,9.0,linear_trend
1476506400,D:\intelligent_transportation\data\lstm_sources\public\kddcup2017_china_tollgate\kdd2017_china_tollgate_20min.csv:kdd2017_t1_d0#segment5,1,11.0,10.733333333333333,0.2666666666666675,True,9.0,linear_trend
1476507600,D:\intelligent_transportation\data\lstm_sources\public\kddcup2017_china_tollgate\kdd2017_china_tollgate_20min.csv:kdd2017_t1_d0#segment5,1,10.0,11.333333333333334,-1.333333333333334,True,11.0,linear_trend
1476508800,D:\intelligent_transportation\data\lstm_sources\public\kddcup2017_china_tollgate\kdd2017_china_tollgate_20min.csv:kdd2017_t1_d0#segment5,1,7.0,10.6,-3.5999999999999996,True,10.0,linear_trend
1476510000,D:\intelligent_transportation\data\lstm_sources\public\kddcup2017_china_tollgate\kdd2017_china_tollgate_20min.csv:kdd2017_t1_d0#segment5,1,9.0,8.666666666666666,0.3333333333333339,True,7.0,linear_trend
1476511200,D:\intelligent_transportation\data\lstm_sources\public\kddcup2017_china_tollgate\kdd2017_china_tollgate_20min.csv:kdd2017_t1_d0#segment5,1,10.0,8.466666666666665,1.533333333333335,True,9.0,linear_trend
1476512400,D:\intelligent_transportation\data\lstm_sources\public\kddcup2017_china_tollgate\kdd2017_china_tollgate_20min.csv:kdd2017_t1_d0#segment5,1,19.0,8.933333333333335,10.066666666666665,True,10.0,linear_trend
1476513600,D:\intelligent_transportation\data\lstm_sources\public\kddcup2017_china_tollgate\kdd2017_china_tollgate_20min.csv:kdd2017_t1_d0#segment5,1,31.0,15.2,15.8,True,19.0,linear_trend
1476514800,D:\intelligent_transportation\data\lstm_sources\public\kddcup2017_china_tollgate\kdd2017_china_tollgate_20min.csv:kdd2017_t1_d0#segment5,1,39.0,28.53333333333333,10.466666666666669,True,31.0,linear_trend
1476516000,D:\intelligent_transportation\data\lstm_sources\public\kddcup2017_china_tollgate\kdd2017_china_tollgate_20min.csv:kdd2017_t1_d0#segment5,1,53.0,42.66666666666667,10.333333333333329,True,39.0,linear_trend
1476517200,D:\intelligent_transportation\data\lstm_sources\public\kddcup2017_china_tollgate\kdd2017_china_tollgate_20min.csv:kdd2017_t1_d0#segment5,1,46.0,58.733333333333334,-12.733333333333334,True,53.0,linear_trend
1476518400,D:\intelligent_transportation\data\lstm_sources\public\kddcup2017_china_tollgate\kdd2017_china_tollgate_20min.csv:kdd2017_t1_d0#segment5,1,44.0,62.00000000000001,-18.000000000000007,True,46.0,linear_trend
1476519600,D:\intelligent_transportation\data\lstm_sources\public\kddcup2017_china_tollgate\kdd2017_china_tollgate_20min.csv:kdd2017_t1_d0#segment5,1,47.0,57.06666666666666,-10.066666666666663,True,44.0,linear_trend
1476520800,D:\intelligent_transportation\data\lstm_sources\public\kddcup2017_china_tollgate\kdd2017_china_tollgate_20min.csv:kdd2017_t1_d0#segment5,1,55.0,52.13333333333334,2.86666666666666,True,47.0,linear_trend
1476522000,D:\intelligent_transportation\data\lstm_sources\public\kddcup2017_china_tollgate\kdd2017_china_tollgate_20min.csv:kdd2017_t1_d0#segment5,1,70.0,53.333333333333336,16.666666666666664,True,55.0,linear_trend
1476523200,D:\intelligent_transportation\data\lstm_sources\public\kddcup2017_china_tollgate\kdd2017_china_tollgate_20min.csv:kdd2017_t1_d0#segment5,1,72.0,64.0,8.0,True,70.0,linear_trend
1476524400,D:\intelligent_transportation\data\lstm_sources\public\kddcup2017_china_tollgate\kdd2017_china_tollgate_20min.csv:kdd2017_t1_d0#segment5,1,55.0,77.26666666666667,-22.266666666666666,True,72.0,linear_trend
1476525600,D:\intelligent_transportation\data\lstm_sources\public\kddcup2017_china_tollgate\kdd2017_china_tollgate_20min.csv:kdd2017_t1_d0#segment5,1,60.0,71.66666666666667,-11.666666666666671,True,55.0,linear_trend
1476526800,D:\intelligent_transportation\data\lstm_sources\public\kddcup2017_china_tollgate\kdd2017_china_tollgate_20min.csv:kdd2017_t1_d0#segment5,1,65.0,66.53333333333333,-1.5333333333333314,True,60.0,linear_trend
1476528000,D:\intelligent_transportation\data\lstm_sources\public\kddcup2017_china_tollgate\kdd2017_china_tollgate_20min.csv:kdd2017_t1_d0#segment5,1,54.0,63.13333333333333,-9.133333333333333,True,65.0,linear_trend
1476529200,D:\intelligent_transportation\data\lstm_sources\public\kddcup2017_china_tollgate\kdd2017_china_tollgate_20min.csv:kdd2017_t1_d0#segment5,1,59.0,53.06666666666666,5.933333333333337,True,54.0,linear_trend
1476530400,D:\intelligent_transportation\data\lstm_sources\public\kddcup2017_china_tollgate\kdd2017_china_tollgate_20min.csv:kdd2017_t1_d0#segment5,1,44.0,54.533333333333346,-10.533333333333346,True,59.0,linear_trend
1476531600,D:\intelligent_transportation\data\lstm_sources\public\kddcup2017_china_tollgate\kdd2017_china_tollgate_20min.csv:kdd2017_t1_d0#segment5,1,45.0,49.266666666666666,-4.266666666666666,True,44.0,linear_trend
1476532800,D:\intelligent_transportation\data\lstm_sources\public\kddcup2017_china_tollgate\kdd2017_china_tollgate_20min.csv:kdd2017_t1_d0#segment5,1,43.0,41.2,1.7999999999999972,True,45.0,linear_trend
1476534000,D:\intelligent_transportation\data\lstm_sources\public\kddcup2017_china_tollgate\kdd2017_china_tollgate_20min.csv:kdd2017_t1_d0#segment5,1,48.0,36.46666666666666,11.533333333333339,True,43.0,linear_trend
1476535200,D:\intelligent_transportation\data\lstm_sources\public\kddcup2017_china_tollgate\kdd2017_china_tollgate_20min.csv:kdd2017_t1_d0#segment5,1,41.0,41.13333333333333,-0.13333333333333286,True,48.0,linear_trend
1476536400,D:\intelligent_transportation\data\lstm_sources\public\kddcup2017_china_tollgate\kdd2017_china_tollgate_20min.csv:kdd2017_t1_d0#segment5,1,63.0,38.666666666666664,24.333333333333336,True,41.0,linear_trend
1476537600,D:\intelligent_transportation\data\lstm_sources\public\kddcup2017_china_tollgate\kdd2017_china_tollgate_20min.csv:kdd2017_t1_d0#segment5,1,41.0,56.13333333333334,-15.13333333333334,True,63.0,linear_trend
1476538800,D:\intelligent_transportation\data\lstm_sources\public\kddcup2017_china_tollgate\kdd2017_china_tollgate_20min.csv:kdd2017_t1_d0#segment5,1,35.0,50.13333333333334,-15.13333333333334,True,41.0,linear_trend
1476540000,D:\intelligent_transportation\data\lstm_sources\public\kddcup2017_china_tollgate\kdd2017_china_tollgate_20min.csv:kdd2017_t1_d0#segment5,1,56.0,41.266666666666666,14.733333333333334,True,35.0,linear_trend
1476541200,D:\intelligent_transportation\data\lstm_sources\public\kddcup2017_china_tollgate\kdd2017_china_tollgate_20min.csv:kdd2017_t1_d0#segment5,1,69.0,47.333333333333336,21.666666666666664,True,56.0,linear_trend
1476542400,D:\intelligent_transportation\data\lstm_sources\public\kddcup2017_china_tollgate\kdd2017_china_tollgate_20min.csv:kdd2017_t1_d0#segment5,1,64.0,62.13333333333334,1.86666666666666,True,69.0,linear_trend
1476543600,D:\intelligent_transportation\data\lstm_sources\public\kddcup2017_china_tollgate\kdd2017_china_tollgate_20min.csv:kdd2017_t1_d0#segment5,1,37.0,65.66666666666667,-28.66666666666667,True,64.0,linear_trend
1476544800,D:\intelligent_transportation\data\lstm_sources\public\kddcup2017_china_tollgate\kdd2017_china_tollgate_20min.csv:kdd2017_t1_d0#segment5,1,59.0,58.333333333333336,0.6666666666666643,True,37.0,linear_trend
1476546000,D:\intelligent_transportation\data\lstm_sources\public\kddcup2017_china_tollgate\kdd2017_china_tollgate_20min.csv:kdd2017_t1_d0#segment5,1,57.0,59.13333333333333,-2.133333333333333,True,59.0,linear_trend
1476547200,D:\intelligent_transportation\data\lstm_sources\public\kddcup2017_china_tollgate\kdd2017_china_tollgate_20min.csv:kdd2017_t1_d0#segment5,1,57.0,51.8,5.200000000000003,True,57.0,linear_trend
1476548400,D:\intelligent_transportation\data\lstm_sources\public\kddcup2017_china_tollgate\kdd2017_china_tollgate_20min.csv:kdd2017_t1_d0#segment5,1,66.0,51.266666666666666,14.733333333333334,True,57.0,linear_trend
1476549600,D:\intelligent_transportation\data\lstm_sources\public\kddcup2017_china_tollgate\kdd2017_china_tollgate_20min.csv:kdd2017_t1_d0#segment5,1,64.0,63.46666666666667,0.5333333333333314,True,66.0,linear_trend
1476550800,D:\intelligent_transportation\data\lstm_sources\public\kddcup2017_china_tollgate\kdd2017_china_tollgate_20min.csv:kdd2017_t1_d0#segment5,1,66.0,72.26666666666667,-6.266666666666666,True,64.0,linear_trend
1476552000,D:\intelligent_transportation\data\lstm_sources\public\kddcup2017_china_tollgate\kdd2017_china_tollgate_20min.csv:kdd2017_t1_d0#segment5,1,55.0,68.0,-13.0,True,66.0,linear_trend
1476553200,D:\intelligent_transportation\data\lstm_sources\public\kddcup2017_china_tollgate\kdd2017_china_tollgate_20min.csv:kdd2017_t1_d0#segment5,1,32.0,62.333333333333336,-30.333333333333336,True,55.0,linear_trend
1476554400,D:\intelligent_transportation\data\lstm_sources\public\kddcup2017_china_tollgate\kdd2017_china_tollgate_20min.csv:kdd2017_t1_d0#segment5,1,33.0,41.06666666666666,-8.066666666666663,True,32.0,linear_trend
1476555600,D:\intelligent_transportation\data\lstm_sources\public\kddcup2017_china_tollgate\kdd2017_china_tollgate_20min.csv:kdd2017_t1_d0#segment5,1,30.0,25.46666666666666,4.5333333333333385,True,33.0,linear_trend
1476556800,D:\intelligent_transportation\data\lstm_sources\public\kddcup2017_china_tollgate\kdd2017_china_tollgate_20min.csv:kdd2017_t1_d0#segment5,1,29.0,17.466666666666654,11.533333333333346,True,30.0,linear_trend
1476558000,D:\intelligent_transportation\data\lstm_sources\public\kddcup2017_china_tollgate\kdd2017_china_tollgate_20min.csv:kdd2017_t1_d0#segment5,1,20.0,14.93333333333333,5.06666666666667,True,29.0,linear_trend
1476559200,D:\intelligent_transportation\data\lstm_sources\public\kddcup2017_china_tollgate\kdd2017_china_tollgate_20min.csv:kdd2017_t1_d0#segment5,1,20.0,14.466666666666661,5.5333333333333385,True,20.0,linear_trend
1476560400,D:\intelligent_transportation\data\lstm_sources\public\kddcup2017_china_tollgate\kdd2017_china_tollgate_20min.csv:kdd2017_t1_d0#segment5,1,26.0,17.333333333333332,8.666666666666668,True,20.0,linear_trend
1476561600,D:\intelligent_transportation\data\lstm_sources\public\kddcup2017_china_tollgate\kdd2017_china_tollgate_20min.csv:kdd2017_t1_d0#segment5,1,22.0,18.93333333333333,3.06666666666667,True,26.0,linear_trend
1476562800,D:\intelligent_transportation\data\lstm_sources\public\kddcup2017_china_tollgate\kdd2017_china_tollgate_20min.csv:kdd2017_t1_d0#segment5,1,17.0,19.6,-2.6000000000000014,True,22.0,linear_trend
1476564000,D:\intelligent_transportation\data\lstm_sources\public\kddcup2017_china_tollgate\kdd2017_china_tollgate_20min.csv:kdd2017_t1_d0#segment5,1,23.0,17.53333333333333,5.466666666666669,True,17.0,linear_trend
1476565200,D:\intelligent_transportation\data\lstm_sources\public\kddcup2017_china_tollgate\kdd2017_china_tollgate_20min.csv:kdd2017_t1_d0#segment5,1,21.0,21.53333333333333,-0.5333333333333314,True,23.0,linear_trend
1476566400,D:\intelligent_transportation\data\lstm_sources\public\kddcup2017_china_tollgate\kdd2017_china_tollgate_20min.csv:kdd2017_t1_d0#segment5,1,18.0,20.6,-2.6000000000000014,True,21.0,linear_trend
1476567600,D:\intelligent_transportation\data\lstm_sources\public\kddcup2017_china_tollgate\kdd2017_china_tollgate_20min.csv:kdd2017_t1_d0#segment5,1,20.0,17.46666666666667,2.5333333333333314,True,18.0,linear_trend
1476568800,D:\intelligent_transportation\data\lstm_sources\public\kddcup2017_china_tollgate\kdd2017_china_tollgate_20min.csv:kdd2017_t1_d0#segment5,1,16.0,19.266666666666666,-3.2666666666666657,True,20.0,linear_trend
1476570000,D:\intelligent_transportation\data\lstm_sources\public\kddcup2017_china_tollgate\kdd2017_china_tollgate_20min.csv:kdd2017_t1_d0#segment5,1,17.0,17.46666666666667,-0.46666666666666856,True,16.0,linear_trend
1476571200,D:\intelligent_transportation\data\lstm_sources\public\kddcup2017_china_tollgate\kdd2017_china_tollgate_20min.csv:kdd2017_t1_d0#segment5,1,4.0,14.866666666666669,-10.866666666666669,True,17.0,linear_trend
1476572400,D:\intelligent_transportation\data\lstm_sources\public\kddcup2017_china_tollgate\kdd2017_china_tollgate_20min.csv:kdd2017_t1_d0#segment5,1,15.0,6.799999999999997,8.200000000000003,True,4.0,linear_trend
1476573600,D:\intelligent_transportation\data\lstm_sources\public\kddcup2017_china_tollgate\kdd2017_china_tollgate_20min.csv:kdd2017_t1_d0#segment5,1,5.0,8.800000000000002,-3.8000000000000025,True,15.0,linear_trend
1476574800,D:\intelligent_transportation\data\lstm_sources\public\kddcup2017_china_tollgate\kdd2017_china_tollgate_20min.csv:kdd2017_t1_d0#segment5,1,9.0,3.7333333333333343,5.266666666666666,True,5.0,linear_trend
1476576000,D:\intelligent_transportation\data\lstm_sources\public\kddcup2017_china_tollgate\kdd2017_china_tollgate_20min.csv:kdd2017_t1_d0#segment5,1,10.0,5.0,5.0,True,9.0,linear_trend
1476577200,D:\intelligent_transportation\data\lstm_sources\public\kddcup2017_china_tollgate\kdd2017_china_tollgate_20min.csv:kdd2017_t1_d0#segment5,1,9.0,7.0,2.0,True,10.0,linear_trend
1476578400,D:\intelligent_transportation\data\lstm_sources\public\kddcup2017_china_tollgate\kdd2017_china_tollgate_20min.csv:kdd2017_t1_d0#segment5,1,8.0,10.066666666666666,-2.0666666666666664,True,9.0,linear_trend
1476579600,D:\intelligent_transportation\data\lstm_sources\public\kddcup2017_china_tollgate\kdd2017_china_tollgate_20min.csv:kdd2017_t1_d0#segment5,1,7.0,7.133333333333334,-0.13333333333333375,True,8.0,linear_trend
1476580800,D:\intelligent_transportation\data\lstm_sources\public\kddcup2017_china_tollgate\kdd2017_china_tollgate_20min.csv:kdd2017_t1_d0#segment5,1,10.0,8.6,1.4000000000000004,True,7.0,linear_trend
1476582000,D:\intelligent_transportation\data\lstm_sources\public\kddcup2017_china_tollgate\kdd2017_china_tollgate_20min.csv:kdd2017_t1_d0#segment5,1,4.0,8.333333333333334,-4.333333333333334,True,10.0,linear_trend
1476583200,D:\intelligent_transportation\data\lstm_sources\public\kddcup2017_china_tollgate\kdd2017_china_tollgate_20min.csv:kdd2017_t1_d0#segment5,1,6.0,5.199999999999999,0.8000000000000007,True,4.0,linear_trend
1476584400,D:\intelligent_transportation\data\lstm_sources\public\kddcup2017_china_tollgate\kdd2017_china_tollgate_20min.csv:kdd2017_t1_d0#segment5,1,6.0,4.933333333333334,1.0666666666666664,True,6.0,linear_trend
1476585600,D:\intelligent_transportation\data\lstm_sources\public\kddcup2017_china_tollgate\kdd2017_china_tollgate_20min.csv:kdd2017_t1_d0#segment5,1,2.0,4.933333333333333,-2.9333333333333327,True,6.0,linear_trend
1476586800,D:\intelligent_transportation\data\lstm_sources\public\kddcup2017_china_tollgate\kdd2017_china_tollgate_20min.csv:kdd2017_t1_d0#segment5,1,6.0,2.333333333333332,3.666666666666668,True,2.0,linear_trend
1476588000,D:\intelligent_transportation\data\lstm_sources\public\kddcup2017_china_tollgate\kdd2017_china_tollgate_20min.csv:kdd2017_t1_d0#segment5,1,5.0,3.0666666666666664,1.9333333333333336,True,6.0,linear_trend
1476589200,D:\intelligent_transportation\data\lstm_sources\public\kddcup2017_china_tollgate\kdd2017_china_tollgate_20min.csv:kdd2017_t1_d0#segment5,1,9.0,4.933333333333334,4.066666666666666,True,5.0,linear_trend
1476590400,D:\intelligent_transportation\data\lstm_sources\public\kddcup2017_china_tollgate\kdd2017_china_tollgate_20min.csv:kdd2017_t1_d0#segment5,1,9.0,7.266666666666667,1.7333333333333334,True,9.0,linear_trend
1476591600,D:\intelligent_transportation\data\lstm_sources\public\kddcup2017_china_tollgate\kdd2017_china_tollgate_20min.csv:kdd2017_t1_d0#segment5,1,11.0,9.666666666666668,1.3333333333333321,True,9.0,linear_trend
1476592800,D:\intelligent_transportation\data\lstm_sources\public\kddcup2017_china_tollgate\kdd2017_china_tollgate_20min.csv:kdd2017_t1_d0#segment5,1,16.0,12.8,3.1999999999999993,True,11.0,linear_trend
1476594000,D:\intelligent_transportation\data\lstm_sources\public\kddcup2017_china_tollgate\kdd2017_china_tollgate_20min.csv:kdd2017_t1_d0#segment5,1,4.0,16.133333333333333,-12.133333333333333,True,16.0,linear_trend
1476595200,D:\intelligent_transportation\data\lstm_sources\public\kddcup2017_china_tollgate\kdd2017_china_tollgate_20min.csv:kdd2017_t1_d0#segment5,1,3.0,10.8,-7.800000000000001,True,4.0,linear_trend
1476596400,D:\intelligent_transportation\data\lstm_sources\public\kddcup2017_china_tollgate\kdd2017_china_tollgate_20min.csv:kdd2017_t1_d0#segment5,1,7.0,4.666666666666665,2.333333333333335,True,3.0,linear_trend
1476597600,D:\intelligent_transportation\data\lstm_sources\public\kddcup2017_china_tollgate\kdd2017_china_tollgate_20min.csv:kdd2017_t1_d0#segment5,1,6.0,3.7333333333333343,2.2666666666666657,True,7.0,linear_trend
1476598800,D:\intelligent_transportation\data\lstm_sources\public\kddcup2017_china_tollgate\kdd2017_china_tollgate_20min.csv:kdd2017_t1_d0#segment5,1,7.0,2.5333333333333314,4.466666666666669,True,6.0,linear_trend
1476600000,D:\intelligent_transportation\data\lstm_sources\public\kddcup2017_china_tollgate\kdd2017_china_tollgate_20min.csv:kdd2017_t1_d0#segment5,1,10.0,3.666666666666668,6.333333333333332,True,7.0,linear_trend
1476601200,D:\intelligent_transportation\data\lstm_sources\public\kddcup2017_china_tollgate\kdd2017_china_tollgate_20min.csv:kdd2017_t1_d0#segment5,1,19.0,10.266666666666666,8.733333333333334,True,10.0,linear_trend
1476602400,D:\intelligent_transportation\data\lstm_sources\public\kddcup2017_china_tollgate\kdd2017_china_tollgate_20min.csv:kdd2017_t1_d0#segment5,1,28.0,17.666666666666668,10.333333333333332,True,19.0,linear_trend
1476603600,D:\intelligent_transportation\data\lstm_sources\public\kddcup2017_china_tollgate\kdd2017_china_tollgate_20min.csv:kdd2017_t1_d0#segment5,1,53.0,27.53333333333334,25.46666666666666,True,28.0,linear_trend
1476604800,D:\intelligent_transportation\data\lstm_sources\public\kddcup2017_china_tollgate\kdd2017_china_tollgate_20min.csv:kdd2017_t1_d0#segment5,1,29.0,51.2,-22.200000000000003,True,53.0,linear_trend
1476606000,D:\intelligent_transportation\data\lstm_sources\public\kddcup2017_china_tollgate\kdd2017_china_tollgate_20min.csv:kdd2017_t1_d0#segment5,1,44.0,49.133333333333326,-5.133333333333326,True,29.0,linear_trend
1476607200,D:\intelligent_transportation\data\lstm_sources\public\kddcup2017_china_tollgate\kdd2017_china_tollgate_20min.csv:kdd2017_t1_d0#segment5,1,35.0,53.0,-18.0,True,44.0,linear_trend
1476608400,D:\intelligent_transportation\data\lstm_sources\public\kddcup2017_china_tollgate\kdd2017_china_tollgate_20min.csv:kdd2017_t1_d0#segment5,1,51.0,45.06666666666666,5.933333333333337,True,35.0,linear_trend
1476609600,D:\intelligent_transportation\data\lstm_sources\public\kddcup2017_china_tollgate\kdd2017_china_tollgate_20min.csv:kdd2017_t1_d0#segment5,1,47.0,47.599999999999994,-0.5999999999999943,True,51.0,linear_trend
1476610800,D:\intelligent_transportation\data\lstm_sources\public\kddcup2017_china_tollgate\kdd2017_china_tollgate_20min.csv:kdd2017_t1_d0#segment5,1,48.0,45.86666666666666,2.13333333333334,True,47.0,linear_trend
1476612000,D:\intelligent_transportation\data\lstm_sources\public\kddcup2017_china_tollgate\kdd2017_china_tollgate_20min.csv:kdd2017_t1_d0#segment5,1,38.0,54.333333333333336,-16.333333333333336,True,48.0,linear_trend
1476613200,D:\intelligent_transportation\data\lstm_sources\public\kddcup2017_china_tollgate\kdd2017_china_tollgate_20min.csv:kdd2017_t1_d0#segment5,1,60.0,44.333333333333336,15.666666666666664,True,38.0,linear_trend
1476614400,D:\intelligent_transportation\data\lstm_sources\public\kddcup2017_china_tollgate\kdd2017_china_tollgate_20min.csv:kdd2017_t1_d0#segment5,1,52.0,55.2,-3.200000000000003,True,60.0,linear_trend
1476615600,D:\intelligent_transportation\data\lstm_sources\public\kddcup2017_china_tollgate\kdd2017_china_tollgate_20min.csv:kdd2017_t1_d0#segment5,1,50.0,52.733333333333334,-2.7333333333333343,True,52.0,linear_trend
1476616800,D:\intelligent_transportation\data\lstm_sources\public\kddcup2017_china_tollgate\kdd2017_china_tollgate_20min.csv:kdd2017_t1_d0#segment5,1,43.0,54.06666666666666,-11.066666666666663,True,50.0,linear_trend
1476618000,D:\intelligent_transportation\data\lstm_sources\public\kddcup2017_china_tollgate\kdd2017_china_tollgate_20min.csv:kdd2017_t1_d0#segment5,1,26.0,48.8,-22.799999999999997,True,43.0,linear_trend
1476619200,D:\intelligent_transportation\data\lstm_sources\public\kddcup2017_china_tollgate\kdd2017_china_tollgate_20min.csv:kdd2017_t1_d0#segment5,1,53.0,33.53333333333333,19.46666666666667,True,26.0,linear_trend
1476620400,D:\intelligent_transportation\data\lstm_sources\public\kddcup2017_china_tollgate\kdd2017_china_tollgate_20min.csv:kdd2017_t1_d0#segment5,1,48.0,35.333333333333336,12.666666666666664,True,53.0,linear_trend
1476621600,D:\intelligent_transportation\data\lstm_sources\public\kddcup2017_china_tollgate\kdd2017_china_tollgate_20min.csv:kdd2017_t1_d0#segment5,1,50.0,42.53333333333333,7.466666666666669,True,48.0,linear_trend
1476622800,D:\intelligent_transportation\data\lstm_sources\public\kddcup2017_china_tollgate\kdd2017_china_tollgate_20min.csv:kdd2017_t1_d0#segment5,1,61.0,49.2,11.799999999999997,True,50.0,linear_trend
1476624000,D:\intelligent_transportation\data\lstm_sources\public\kddcup2017_china_tollgate\kdd2017_china_tollgate_20min.csv:kdd2017_t1_d0#segment5,1,49.0,62.53333333333333,-13.533333333333331,True,61.0,linear_trend
1476625200,D:\intelligent_transportation\data\lstm_sources\public\kddcup2017_china_tollgate\kdd2017_china_tollgate_20min.csv:kdd2017_t1_d0#segment5,1,48.0,61.93333333333334,-13.933333333333337,True,49.0,linear_trend
1476626400,D:\intelligent_transportation\data\lstm_sources\public\kddcup2017_china_tollgate\kdd2017_china_tollgate_20min.csv:kdd2017_t1_d0#segment5,1,51.0,50.4,0.6000000000000014,True,48.0,linear_trend
1476627600,D:\intelligent_transportation\data\lstm_sources\public\kddcup2017_china_tollgate\kdd2017_china_tollgate_20min.csv:kdd2017_t1_d0#segment5,1,62.0,50.86666666666667,11.133333333333333,True,51.0,linear_trend
1476628800,D:\intelligent_transportation\data\lstm_sources\public\kddcup2017_china_tollgate\kdd2017_china_tollgate_20min.csv:kdd2017_t1_d0#segment5,1,58.0,56.400000000000006,1.5999999999999943,True,62.0,linear_trend
1476630000,D:\intelligent_transportation\data\lstm_sources\public\kddcup2017_china_tollgate\kdd2017_china_tollgate_20min.csv:kdd2017_t1_d0#segment5,1,58.0,57.53333333333333,0.46666666666666856,True,58.0,linear_trend
1476631200,D:\intelligent_transportation\data\lstm_sources\public\kddcup2017_china_tollgate\kdd2017_china_tollgate_20min.csv:kdd2017_t1_d0#segment5,1,65.0,62.93333333333334,2.066666666666663,True,58.0,linear_trend
1476632400,D:\intelligent_transportation\data\lstm_sources\public\kddcup2017_china_tollgate\kdd2017_china_tollgate_20min.csv:kdd2017_t1_d0#segment5,1,78.0,67.2,10.799999999999997,True,65.0,linear_trend
1476633600,D:\intelligent_transportation\data\lstm_sources\public\kddcup2017_china_tollgate\kdd2017_china_tollgate_20min.csv:kdd2017_t1_d0#segment5,1,69.0,76.4,-7.400000000000006,True,78.0,linear_trend
1476634800,D:\intelligent_transportation\data\lstm_sources\public\kddcup2017_china_tollgate\kdd2017_china_tollgate_20min.csv:kdd2017_t1_d0#segment5,1,65.0,75.2,-10.200000000000003,True,69.0,linear_trend
1476636000,D:\intelligent_transportation\data\lstm_sources\public\kddcup2017_china_tollgate\kdd2017_china_tollgate_20min.csv:kdd2017_t1_d0#segment5,1,69.0,73.6,-4.599999999999994,True,65.0,linear_trend
1476637200,D:\intelligent_transportation\data\lstm_sources\public\kddcup2017_china_tollgate\kdd2017_china_tollgate_20min.csv:kdd2017_t1_d0#segment5,1,70.0,71.93333333333332,-1.933333333333323,True,69.0,linear_trend
1476638400,D:\intelligent_transportation\data\lstm_sources\public\kddcup2017_china_tollgate\kdd2017_china_tollgate_20min.csv:kdd2017_t1_d0#segment5,1,59.0,68.73333333333333,-9.733333333333334,True,70.0,linear_trend
1476639600,D:\intelligent_transportation\data\lstm_sources\public\kddcup2017_china_tollgate\kdd2017_china_tollgate_20min.csv:kdd2017_t1_d0#segment5,1,37.0,59.53333333333333,-22.53333333333333,True,59.0,linear_trend
1476640800,D:\intelligent_transportation\data\lstm_sources\public\kddcup2017_china_tollgate\kdd2017_china_tollgate_20min.csv:kdd2017_t1_d0#segment5,1,39.0,43.8,-4.799999999999997,True,37.0,linear_trend
1476642000,D:\intelligent_transportation\data\lstm_sources\public\kddcup2017_china_tollgate\kdd2017_china_tollgate_20min.csv:kdd2017_t1_d0#segment5,1,41.0,32.800000000000004,8.199999999999996,True,39.0,linear_trend
1476643200,D:\intelligent_transportation\data\lstm_sources\public\kddcup2017_china_tollgate\kdd2017_china_tollgate_20min.csv:kdd2017_t1_d0#segment5,1,38.0,27.000000000000007,10.999999999999993,True,41.0,linear_trend
1476644400,D:\intelligent_transportation\data\lstm_sources\public\kddcup2017_china_tollgate\kdd2017_china_tollgate_20min.csv:kdd2017_t1_d0#segment5,1,33.0,26.13333333333334,6.86666666666666,True,38.0,linear_trend
1476645600,D:\intelligent_transportation\data\lstm_sources\public\kddcup2017_china_tollgate\kdd2017_china_tollgate_20min.csv:kdd2017_t1_d0#segment5,1,30.0,28.666666666666664,1.3333333333333357,True,33.0,linear_trend
1476646800,D:\intelligent_transportation\data\lstm_sources\public\kddcup2017_china_tollgate\kdd2017_china_tollgate_20min.csv:kdd2017_t1_d0#segment5,1,34.0,30.733333333333334,3.2666666666666657,True,30.0,linear_trend
1476648000,D:\intelligent_transportation\data\lstm_sources\public\kddcup2017_china_tollgate\kdd2017_china_tollgate_20min.csv:kdd2017_t1_d0#segment5,1,32.0,29.533333333333335,2.466666666666665,True,34.0,linear_trend
1476649200,D:\intelligent_transportation\data\lstm_sources\public\kddcup2017_china_tollgate\kdd2017_china_tollgate_20min.csv:kdd2017_t1_d0#segment5,1,34.0,28.666666666666664,5.333333333333336,True,32.0,linear_trend
1476650400,D:\intelligent_transportation\data\lstm_sources\public\kddcup2017_china_tollgate\kdd2017_china_tollgate_20min.csv:kdd2017_t1_d0#segment5,1,21.0,31.599999999999998,-10.599999999999998,True,34.0,linear_trend
1476651600,D:\intelligent_transportation\data\lstm_sources\public\kddcup2017_china_tollgate\kdd2017_china_tollgate_20min.csv:kdd2017_t1_d0#segment5,1,24.0,25.66666666666667,-1.6666666666666714,True,21.0,linear_trend
1476652800,D:\intelligent_transportation\data\lstm_sources\public\kddcup2017_china_tollgate\kdd2017_china_tollgate_20min.csv:kdd2017_t1_d0#segment5,1,30.0,22.46666666666667,7.533333333333331,True,24.0,linear_trend
1476654000,D:\intelligent_transportation\data\lstm_sources\public\kddcup2017_china_tollgate\kdd2017_china_tollgate_20min.csv:kdd2017_t1_d0#segment5,1,15.0,23.46666666666667,-8.466666666666669,True,30.0,linear_trend
1476655200,D:\intelligent_transportation\data\lstm_sources\public\kddcup2017_china_tollgate\kdd2017_china_tollgate_20min.csv:kdd2017_t1_d0#segment5,1,18.0,16.6,1.3999999999999986,True,15.0,linear_trend
1476656400,D:\intelligent_transportation\data\lstm_sources\public\kddcup2017_china_tollgate\kdd2017_china_tollgate_20min.csv:kdd2017_t1_d0#segment5,1,7.0,14.466666666666669,-7.466666666666669,True,18.0,linear_trend
1476657600,D:\intelligent_transportation\data\lstm_sources\public\kddcup2017_china_tollgate\kdd2017_china_tollgate_20min.csv:kdd2017_t1_d0#segment5,1,3.0,8.866666666666667,-5.866666666666667,True,7.0,linear_trend
1476658800,D:\intelligent_transportation\data\lstm_sources\public\kddcup2017_china_tollgate\kdd2017_china_tollgate_20min.csv:kdd2017_t1_d0#segment5,1,9.0,-0.9333333333333336,9.933333333333334,True,3.0,linear_trend
1476660000,D:\intelligent_transportation\data\lstm_sources\public\kddcup2017_china_tollgate\kdd2017_china_tollgate_20min.csv:kdd2017_t1_d0#segment5,1,5.0,-1.533333333333335,6.533333333333335,True,9.0,linear_trend
1476661200,D:\intelligent_transportation\data\lstm_sources\public\kddcup2017_china_tollgate\kdd2017_china_tollgate_20min.csv:kdd2017_t1_d0#segment5,1,5.0,1.4000000000000004,3.5999999999999996,True,5.0,linear_trend
1476662400,D:\intelligent_transportation\data\lstm_sources\public\kddcup2017_china_tollgate\kdd2017_china_tollgate_20min.csv:kdd2017_t1_d0#segment5,1,13.0,1.333333333333334,11.666666666666666,True,5.0,linear_trend
1476663600,D:\intelligent_transportation\data\lstm_sources\public\kddcup2017_china_tollgate\kdd2017_china_tollgate_20min.csv:kdd2017_t1_d0#segment5,1,12.0,10.2,1.8000000000000007,True,13.0,linear_trend
1476664800,D:\intelligent_transportation\data\lstm_sources\public\kddcup2017_china_tollgate\kdd2017_china_tollgate_20min.csv:kdd2017_t1_d0#segment5,1,7.0,13.533333333333335,-6.533333333333335,True,12.0,linear_trend
1476666000,D:\intelligent_transportation\data\lstm_sources\public\kddcup2017_china_tollgate\kdd2017_china_tollgate_20min.csv:kdd2017_t1_d0#segment5,1,6.0,10.4,-4.4,True,7.0,linear_trend
1476667200,D:\intelligent_transportation\data\lstm_sources\public\kddcup2017_china_tollgate\kdd2017_china_tollgate_20min.csv:kdd2017_t1_d0#segment5,1,11.0,9.0,2.0,True,6.0,linear_trend
1476668400,D:\intelligent_transportation\data\lstm_sources\public\kddcup2017_china_tollgate\kdd2017_china_tollgate_20min.csv:kdd2017_t1_d0#segment5,1,5.0,9.399999999999999,-4.399999999999999,True,11.0,linear_trend
1476669600,D:\intelligent_transportation\data\lstm_sources\public\kddcup2017_china_tollgate\kdd2017_china_tollgate_20min.csv:kdd2017_t1_d0#segment5,1,4.0,4.6,-0.5999999999999996,True,5.0,linear_trend
1476670800,D:\intelligent_transportation\data\lstm_sources\public\kddcup2017_china_tollgate\kdd2017_china_tollgate_20min.csv:kdd2017_t1_d0#segment5,1,6.0,3.4000000000000004,2.5999999999999996,True,4.0,linear_trend
1476672000,D:\intelligent_transportation\data\lstm_sources\public\kddcup2017_china_tollgate\kdd2017_china_tollgate_20min.csv:kdd2017_t1_d0#segment5,1,7.0,4.800000000000001,2.1999999999999993,True,6.0,linear_trend
1476673200,D:\intelligent_transportation\data\lstm_sources\public\kddcup2017_china_tollgate\kdd2017_china_tollgate_20min.csv:kdd2017_t1_d0#segment5,1,7.0,5.4,1.5999999999999996,True,7.0,linear_trend
1476674400,D:\intelligent_transportation\data\lstm_sources\public\kddcup2017_china_tollgate\kdd2017_china_tollgate_20min.csv:kdd2017_t1_d0#segment5,1,10.0,5.466666666666667,4.533333333333333,True,7.0,linear_trend
1476675600,D:\intelligent_transportation\data\lstm_sources\public\kddcup2017_china_tollgate\kdd2017_china_tollgate_20min.csv:kdd2017_t1_d0#segment5,1,7.0,10.0,-3.0,True,10.0,linear_trend
1476676800,D:\intelligent_transportation\data\lstm_sources\public\kddcup2017_china_tollgate\kdd2017_china_tollgate_20min.csv:kdd2017_t1_d0#segment5,1,14.0,9.533333333333333,4.466666666666667,True,7.0,linear_trend
1476678000,D:\intelligent_transportation\data\lstm_sources\public\kddcup2017_china_tollgate\kdd2017_china_tollgate_20min.csv:kdd2017_t1_d0#segment5,1,12.0,12.8,-0.8000000000000007,True,14.0,linear_trend
1476679200,D:\intelligent_transportation\data\lstm_sources\public\kddcup2017_china_tollgate\kdd2017_china_tollgate_20min.csv:kdd2017_t1_d0#segment5,1,17.0,13.8,3.1999999999999993,True,12.0,linear_trend
1476680400,D:\intelligent_transportation\data\lstm_sources\public\kddcup2017_china_tollgate\kdd2017_china_tollgate_20min.csv:kdd2017_t1_d0#segment5,1,2.0,17.46666666666667,-15.466666666666669,True,17.0,linear_trend
1476681600,D:\intelligent_transportation\data\lstm_sources\public\kddcup2017_china_tollgate\kdd2017_china_tollgate_20min.csv:kdd2017_t1_d0#segment5,1,5.0,9.133333333333335,-4.133333333333335,True,2.0,linear_trend
1476682800,D:\intelligent_transportation\data\lstm_sources\public\kddcup2017_china_tollgate\kdd2017_china_tollgate_20min.csv:kdd2017_t1_d0#segment5,1,7.0,5.4,1.5999999999999996,True,5.0,linear_trend
1476684000,D:\intelligent_transportation\data\lstm_sources\public\kddcup2017_china_tollgate\kdd2017_china_tollgate_20min.csv:kdd2017_t1_d0#segment5,1,13.0,2.4000000000000004,10.6,True,7.0,linear_trend
1476685200,D:\intelligent_transportation\data\lstm_sources\public\kddcup2017_china_tollgate\kdd2017_china_tollgate_20min.csv:kdd2017_t1_d0#segment5,1,18.0,7.133333333333334,10.866666666666667,True,13.0,linear_trend
1476686400,D:\intelligent_transportation\data\lstm_sources\public\kddcup2017_china_tollgate\kdd2017_china_tollgate_20min.csv:kdd2017_t1_d0#segment5,1,19.0,14.333333333333334,4.666666666666666,True,18.0,linear_trend
1476687600,D:\intelligent_transportation\data\lstm_sources\public\kddcup2017_china_tollgate\kdd2017_china_tollgate_20min.csv:kdd2017_t1_d0#segment5,1,45.0,23.666666666666664,21.333333333333336,True,19.0,linear_trend
1476688800,D:\intelligent_transportation\data\lstm_sources\public\kddcup2017_china_tollgate\kdd2017_china_tollgate_20min.csv:kdd2017_t1_d0#segment5,1,44.0,41.93333333333334,2.066666666666663,True,45.0,linear_trend
1476690000,D:\intelligent_transportation\data\lstm_sources\public\kddcup2017_china_tollgate\kdd2017_china_tollgate_20min.csv:kdd2017_t1_d0#segment5,1,56.0,52.53333333333333,3.4666666666666686,True,44.0,linear_trend
1476691200,D:\intelligent_transportation\data\lstm_sources\public\kddcup2017_china_tollgate\kdd2017_china_tollgate_20min.csv:kdd2017_t1_d0#segment5,1,50.0,64.4,-14.400000000000006,True,56.0,linear_trend
1476692400,D:\intelligent_transportation\data\lstm_sources\public\kddcup2017_china_tollgate\kdd2017_china_tollgate_20min.csv:kdd2017_t1_d0#segment5,1,46.0,65.66666666666666,-19.666666666666657,True,50.0,linear_trend
1476693600,D:\intelligent_transportation\data\lstm_sources\public\kddcup2017_china_tollgate\kdd2017_china_tollgate_20min.csv:kdd2017_t1_d0#segment5,1,56.0,59.53333333333333,-3.5333333333333314,True,46.0,linear_trend
1476694800,D:\intelligent_transportation\data\lstm_sources\public\kddcup2017_china_tollgate\kdd2017_china_tollgate_20min.csv:kdd2017_t1_d0#segment5,1,43.0,55.0,-12.0,True,56.0,linear_trend
1476696000,D:\intelligent_transportation\data\lstm_sources\public\kddcup2017_china_tollgate\kdd2017_china_tollgate_20min.csv:kdd2017_t1_d0#segment5,1,54.0,48.266666666666666,5.733333333333334,True,43.0,linear_trend
1476697200,D:\intelligent_transportation\data\lstm_sources\public\kddcup2017_china_tollgate\kdd2017_china_tollgate_20min.csv:kdd2017_t1_d0#segment5,1,41.0,48.733333333333334,-7.733333333333334,True,54.0,linear_trend
1476698400,D:\intelligent_transportation\data\lstm_sources\public\kddcup2017_china_tollgate\kdd2017_china_tollgate_20min.csv:kdd2017_t1_d0#segment5,1,46.0,44.93333333333334,1.0666666666666629,True,41.0,linear_trend
1476699600,D:\intelligent_transportation\data\lstm_sources\public\kddcup2017_china_tollgate\kdd2017_china_tollgate_20min.csv:kdd2017_t1_d0#segment5,1,57.0,44.266666666666666,12.733333333333334,True,46.0,linear_trend
1476700800,D:\intelligent_transportation\data\lstm_sources\public\kddcup2017_china_tollgate\kdd2017_china_tollgate_20min.csv:kdd2017_t1_d0#segment5,1,38.0,49.6,-11.600000000000001,True,57.0,linear_trend
1476702000,D:\intelligent_transportation\data\lstm_sources\public\kddcup2017_china_tollgate\kdd2017_china_tollgate_20min.csv:kdd2017_t1_d0#segment5,1,29.0,45.4,-16.4,True,38.0,linear_trend
1476703200,D:\intelligent_transportation\data\lstm_sources\public\kddcup2017_china_tollgate\kdd2017_china_tollgate_20min.csv:kdd2017_t1_d0#segment5,1,39.0,31.866666666666664,7.133333333333336,True,29.0,linear_trend
1476704400,D:\intelligent_transportation\data\lstm_sources\public\kddcup2017_china_tollgate\kdd2017_china_tollgate_20min.csv:kdd2017_t1_d0#segment5,1,33.0,33.666666666666664,-0.6666666666666643,True,39.0,linear_trend
1476705600,D:\intelligent_transportation\data\lstm_sources\public\kddcup2017_china_tollgate\kdd2017_china_tollgate_20min.csv:kdd2017_t1_d0#segment5,1,32.0,27.53333333333334,4.4666666666666615,True,33.0,linear_trend
1476706800,D:\intelligent_transportation\data\lstm_sources\public\kddcup2017_china_tollgate\kdd2017_china_tollgate_20min.csv:kdd2017_t1_d0#segment5,1,47.0,25.0,22.0,True,32.0,linear_trend
1476708000,D:\intelligent_transportation\data\lstm_sources\public\kddcup2017_china_tollgate\kdd2017_china_tollgate_20min.csv:kdd2017_t1_d0#segment5,1,44.0,41.13333333333333,2.866666666666667,True,47.0,linear_trend
1476709200,D:\intelligent_transportation\data\lstm_sources\public\kddcup2017_china_tollgate\kdd2017_china_tollgate_20min.csv:kdd2017_t1_d0#segment5,1,35.0,47.13333333333333,-12.133333333333333,True,44.0,linear_trend
1476710400,D:\intelligent_transportation\data\lstm_sources\public\kddcup2017_china_tollgate\kdd2017_china_tollgate_20min.csv:kdd2017_t1_d0#segment5,1,51.0,41.13333333333334,9.86666666666666,True,35.0,linear_trend
1476711600,D:\intelligent_transportation\data\lstm_sources\public\kddcup2017_china_tollgate\kdd2017_china_tollgate_20min.csv:kdd2017_t1_d0#segment5,1,59.0,49.93333333333334,9.066666666666663,True,51.0,linear_trend
1476712800,D:\intelligent_transportation\data\lstm_sources\public\kddcup2017_china_tollgate\kdd2017_china_tollgate_20min.csv:kdd2017_t1_d0#segment5,1,41.0,58.46666666666667,-17.46666666666667,True,59.0,linear_trend
1476714000,D:\intelligent_transportation\data\lstm_sources\public\kddcup2017_china_tollgate\kdd2017_china_tollgate_20min.csv:kdd2017_t1_d0#segment5,1,47.0,49.266666666666666,-2.2666666666666657,True,41.0,linear_trend
1476715200,D:\intelligent_transportation\data\lstm_sources\public\kddcup2017_china_tollgate\kdd2017_china_tollgate_20min.csv:kdd2017_t1_d0#segment5,1,52.0,50.266666666666666,1.7333333333333343,True,47.0,linear_trend
1476716400,D:\intelligent_transportation\data\lstm_sources\public\kddcup2017_china_tollgate\kdd2017_china_tollgate_20min.csv:kdd2017_t1_d0#segment5,1,46.0,53.0,-7.0,True,52.0,linear_trend
1476717600,D:\intelligent_transportation\data\lstm_sources\public\kddcup2017_china_tollgate\kdd2017_china_tollgate_20min.csv:kdd2017_t1_d0#segment5,1,47.0,45.333333333333336,1.6666666666666643,True,46.0,linear_trend
1476718800,D:\intelligent_transportation\data\lstm_sources\public\kddcup2017_china_tollgate\kdd2017_china_tollgate_20min.csv:kdd2017_t1_d0#segment5,1,35.0,44.666666666666664,-9.666666666666664,True,47.0,linear_trend
1476720000,D:\intelligent_transportation\data\lstm_sources\public\kddcup2017_china_tollgate\kdd2017_china_tollgate_20min.csv:kdd2017_t1_d0#segment5,1,63.0,41.06666666666666,21.933333333333337,True,35.0,linear_trend
1476721200,D:\intelligent_transportation\data\lstm_sources\public\kddcup2017_china_tollgate\kdd2017_china_tollgate_20min.csv:kdd2017_t1_d0#segment5,1,56.0,51.33333333333333,4.666666666666671,True,63.0,linear_trend
1476722400,D:\intelligent_transportation\data\lstm_sources\public\kddcup2017_china_tollgate\kdd2017_china_tollgate_20min.csv:kdd2017_t1_d0#segment5,1,42.0,55.733333333333334,-13.733333333333334,True,56.0,linear_trend
1476723600,D:\intelligent_transportation\data\lstm_sources\public\kddcup2017_china_tollgate\kdd2017_china_tollgate_20min.csv:kdd2017_t1_d0#segment5,1,43.0,51.666666666666664,-8.666666666666664,True,42.0,linear_trend
1476724800,D:\intelligent_transportation\data\lstm_sources\public\kddcup2017_china_tollgate\kdd2017_china_tollgate_20min.csv:kdd2017_t1_d0#segment5,1,34.0,47.06666666666666,-13.066666666666663,True,43.0,linear_trend
1476726000,D:\intelligent_transportation\data\lstm_sources\public\kddcup2017_china_tollgate\kdd2017_china_tollgate_20min.csv:kdd2017_t1_d0#segment5,1,25.0,37.599999999999994,-12.599999999999994,True,34.0,linear_trend
1476727200,D:\intelligent_transportation\data\lstm_sources\public\kddcup2017_china_tollgate\kdd2017_china_tollgate_20min.csv:kdd2017_t1_d0#segment5,1,22.0,18.333333333333336,3.6666666666666643,True,25.0,linear_trend
1476728400,D:\intelligent_transportation\data\lstm_sources\public\kddcup2017_china_tollgate\kdd2017_china_tollgate_20min.csv:kdd2017_t1_d0#segment5,1,24.0,14.0,10.0,True,22.0,linear_trend
1476729600,D:\intelligent_transportation\data\lstm_sources\public\kddcup2017_china_tollgate\kdd2017_china_tollgate_20min.csv:kdd2017_t1_d0#segment5,1,14.0,15.466666666666669,-1.4666666666666686,True,24.0,linear_trend
1476730800,D:\intelligent_transportation\data\lstm_sources\public\kddcup2017_china_tollgate\kdd2017_china_tollgate_20min.csv:kdd2017_t1_d0#segment5,1,26.0,9.200000000000003,16.799999999999997,True,14.0,linear_trend
1476732000,D:\intelligent_transportation\data\lstm_sources\public\kddcup2017_china_tollgate\kdd2017_china_tollgate_20min.csv:kdd2017_t1_d0#segment5,1,15.0,17.06666666666667,-2.06666666666667,True,26.0,linear_trend
1476733200,D:\intelligent_transportation\data\lstm_sources\public\kddcup2017_china_tollgate\kdd2017_china_tollgate_20min.csv:kdd2017_t1_d0#segment5,1,16.0,16.200000000000003,-0.20000000000000284,True,15.0,linear_trend
1476734400,D:\intelligent_transportation\data\lstm_sources\public\kddcup2017_china_tollgate\kdd2017_china_tollgate_20min.csv:kdd2017_t1_d0#segment5,1,11.0,15.0,-4.0,True,16.0,linear_trend
1476735600,D:\intelligent_transportation\data\lstm_sources\public\kddcup2017_china_tollgate\kdd2017_china_tollgate_20min.csv:kdd2017_t1_d0#segment5,1,17.0,10.666666666666668,6.333333333333332,True,11.0,linear_trend
1476736800,D:\intelligent_transportation\data\lstm_sources\public\kddcup2017_china_tollgate\kdd2017_china_tollgate_20min.csv:kdd2017_t1_d0#segment5,1,19.0,13.600000000000001,5.399999999999999,True,17.0,linear_trend
1476738000,D:\intelligent_transportation\data\lstm_sources\public\kddcup2017_china_tollgate\kdd2017_china_tollgate_20min.csv:kdd2017_t1_d0#segment5,1,17.0,13.93333333333333,3.06666666666667,True,19.0,linear_trend
1476739200,D:\intelligent_transportation\data\lstm_sources\public\kddcup2017_china_tollgate\kdd2017_china_tollgate_20min.csv:kdd2017_t1_d0#segment5,1,11.0,18.333333333333332,-7.333333333333332,True,17.0,linear_trend
1476740400,D:\intelligent_transportation\data\lstm_sources\public\kddcup2017_china_tollgate\kdd2017_china_tollgate_20min.csv:kdd2017_t1_d0#segment5,1,18.0,14.666666666666668,3.333333333333332,True,11.0,linear_trend
1476741600,D:\intelligent_transportation\data\lstm_sources\public\kddcup2017_china_tollgate\kdd2017_china_tollgate_20min.csv:kdd2017_t1_d0#segment5,1,12.0,17.0,-5.0,True,18.0,linear_trend
1476742800,D:\intelligent_transportation\data\lstm_sources\public\kddcup2017_china_tollgate\kdd2017_china_tollgate_20min.csv:kdd2017_t1_d0#segment5,1,10.0,12.266666666666666,-2.2666666666666657,True,12.0,linear_trend
1476744000,D:\intelligent_transportation\data\lstm_sources\public\kddcup2017_china_tollgate\kdd2017_china_tollgate_20min.csv:kdd2017_t1_d0#segment5,1,4.0,9.2,-5.199999999999999,True,10.0,linear_trend
1476745200,D:\intelligent_transportation\data\lstm_sources\public\kddcup2017_china_tollgate\kdd2017_china_tollgate_20min.csv:kdd2017_t1_d0#segment5,1,1.0,4.599999999999998,-3.599999999999998,True,4.0,linear_trend
1476746400,D:\intelligent_transportation\data\lstm_sources\public\kddcup2017_china_tollgate\kdd2017_china_tollgate_20min.csv:kdd2017_t1_d0#segment5,1,6.0,-0.06666666666666643,6.066666666666666,True,1.0,linear_trend
1476747600,D:\intelligent_transportation\data\lstm_sources\public\kddcup2017_china_tollgate\kdd2017_china_tollgate_20min.csv:kdd2017_t1_d0#segment5,1,2.0,-1.3999999999999986,3.3999999999999986,True,6.0,linear_trend
1476379200,D:\intelligent_transportation\data\lstm_sources\public\kddcup2017_china_tollgate\kdd2017_china_tollgate_20min.csv:kdd2017_t1_d1#segment5,1,94.0,118.66666666666667,-24.66666666666667,True,114.0,linear_trend
1476380400,D:\intelligent_transportation\data\lstm_sources\public\kddcup2017_china_tollgate\kdd2017_china_tollgate_20min.csv:kdd2017_t1_d1#segment5,1,120.0,111.13333333333333,8.866666666666674,True,94.0,linear_trend
1476381600,D:\intelligent_transportation\data\lstm_sources\public\kddcup2017_china_tollgate\kdd2017_china_tollgate_20min.csv:kdd2017_t1_d1#segment5,1,53.0,117.4,-64.4,True,120.0,linear_trend
1476382800,D:\intelligent_transportation\data\lstm_sources\public\kddcup2017_china_tollgate\kdd2017_china_tollgate_20min.csv:kdd2017_t1_d1#segment5,1,73.0,72.13333333333333,0.8666666666666742,True,53.0,linear_trend
1476384000,D:\intelligent_transportation\data\lstm_sources\public\kddcup2017_china_tollgate\kdd2017_china_tollgate_20min.csv:kdd2017_t1_d1#segment5,1,76.0,63.466666666666676,12.533333333333324,True,73.0,linear_trend
1476385200,D:\intelligent_transportation\data\lstm_sources\public\kddcup2017_china_tollgate\kdd2017_china_tollgate_20min.csv:kdd2017_t1_d1#segment5,1,48.0,56.33333333333332,-8.333333333333321,True,76.0,linear_trend
1476386400,D:\intelligent_transportation\data\lstm_sources\public\kddcup2017_china_tollgate\kdd2017_china_tollgate_20min.csv:kdd2017_t1_d1#segment5,1,29.0,43.133333333333326,-14.133333333333326,True,48.0,linear_trend
1476387600,D:\intelligent_transportation\data\lstm_sources\public\kddcup2017_china_tollgate\kdd2017_china_tollgate_20min.csv:kdd2017_t1_d1#segment5,1,53.0,19.799999999999997,33.2,True,29.0,linear_trend
1476388800,D:\intelligent_transportation\data\lstm_sources\public\kddcup2017_china_tollgate\kdd2017_china_tollgate_20min.csv:kdd2017_t1_d1#segment5,1,43.0,39.33333333333333,3.6666666666666714,True,53.0,linear_trend
1476390000,D:\intelligent_transportation\data\lstm_sources\public\kddcup2017_china_tollgate\kdd2017_china_tollgate_20min.csv:kdd2017_t1_d1#segment5,1,38.0,29.86666666666666,8.13333333333334,True,43.0,linear_trend
1476391200,D:\intelligent_transportation\data\lstm_sources\public\kddcup2017_china_tollgate\kdd2017_china_tollgate_20min.csv:kdd2017_t1_d1#segment5,1,38.0,29.733333333333334,8.266666666666666,True,38.0,linear_trend
1476392400,D:\intelligent_transportation\data\lstm_sources\public\kddcup2017_china_tollgate\kdd2017_china_tollgate_20min.csv:kdd2017_t1_d1#segment5,1,29.0,38.199999999999996,-9.199999999999996,True,38.0,linear_trend
1476393600,D:\intelligent_transportation\data\lstm_sources\public\kddcup2017_china_tollgate\kdd2017_china_tollgate_20min.csv:kdd2017_t1_d1#segment5,1,23.0,33.333333333333336,-10.333333333333336,True,29.0,linear_trend
1476394800,D:\intelligent_transportation\data\lstm_sources\public\kddcup2017_china_tollgate\kdd2017_china_tollgate_20min.csv:kdd2017_t1_d1#segment5,1,25.0,18.13333333333334,6.86666666666666,True,23.0,linear_trend
1476396000,D:\intelligent_transportation\data\lstm_sources\public\kddcup2017_china_tollgate\kdd2017_china_tollgate_20min.csv:kdd2017_t1_d1#segment5,1,24.0,18.266666666666666,5.733333333333334,True,25.0,linear_trend
1476397200,D:\intelligent_transportation\data\lstm_sources\public\kddcup2017_china_tollgate\kdd2017_china_tollgate_20min.csv:kdd2017_t1_d1#segment5,1,19.0,18.0,1.0,True,24.0,linear_trend
1476398400,D:\intelligent_transportation\data\lstm_sources\public\kddcup2017_china_tollgate\kdd2017_china_tollgate_20min.csv:kdd2017_t1_d1#segment5,1,25.0,15.533333333333328,9.466666666666672,True,19.0,linear_trend
1476399600,D:\intelligent_transportation\data\lstm_sources\public\kddcup2017_china_tollgate\kdd2017_china_tollgate_20min.csv:kdd2017_t1_d1#segment5,1,14.0,20.866666666666667,-6.866666666666667,True,25.0,linear_trend
1476400800,D:\intelligent_transportation\data\lstm_sources\public\kddcup2017_china_tollgate\kdd2017_china_tollgate_20min.csv:kdd2017_t1_d1#segment5,1,11.0,16.66666666666667,-5.666666666666671,True,14.0,linear_trend
1476402000,D:\intelligent_transportation\data\lstm_sources\public\kddcup2017_china_tollgate\kdd2017_china_tollgate_20min.csv:kdd2017_t1_d1#segment5,1,8.0,10.266666666666666,-2.2666666666666657,True,11.0,linear_trend
1476403200,D:\intelligent_transportation\data\lstm_sources\public\kddcup2017_china_tollgate\kdd2017_china_tollgate_20min.csv:kdd2017_t1_d1#segment5,1,122.0,5.333333333333329,116.66666666666667,True,8.0,linear_trend
1476404400,D:\intelligent_transportation\data\lstm_sources\public\kddcup2017_china_tollgate\kdd2017_china_tollgate_20min.csv:kdd2017_t1_d1#segment5,1,57.0,79.26666666666668,-22.26666666666668,True,122.0,linear_trend
1476405600,D:\intelligent_transportation\data\lstm_sources\public\kddcup2017_china_tollgate\kdd2017_china_tollgate_20min.csv:kdd2017_t1_d1#segment5,1,32.0,87.6,-55.599999999999994,True,57.0,linear_trend
1476406800,D:\intelligent_transportation\data\lstm_sources\public\kddcup2017_china_tollgate\kdd2017_china_tollgate_20min.csv:kdd2017_t1_d1#segment5,1,6.0,74.86666666666667,-68.86666666666667,True,32.0,linear_trend
1476408000,D:\intelligent_transportation\data\lstm_sources\public\kddcup2017_china_tollgate\kdd2017_china_tollgate_20min.csv:kdd2017_t1_d1#segment5,1,10.0,37.53333333333333,-27.53333333333333,True,6.0,linear_trend
1476409200,D:\intelligent_transportation\data\lstm_sources\public\kddcup2017_china_tollgate\kdd2017_china_tollgate_20min.csv:kdd2017_t1_d1#segment5,1,7.0,2.8666666666666742,4.133333333333326,True,10.0,linear_trend
1476410400,D:\intelligent_transportation\data\lstm_sources\public\kddcup2017_china_tollgate\kdd2017_china_tollgate_20min.csv:kdd2017_t1_d1#segment5,1,9.0,-35.19999999999999,44.19999999999999,True,7.0,linear_trend
1476411600,D:\intelligent_transportation\data\lstm_sources\public\kddcup2017_china_tollgate\kdd2017_china_tollgate_20min.csv:kdd2017_t1_d1#segment5,1,8.0,-10.933333333333337,18.933333333333337,True,9.0,linear_trend
1476412800,D:\intelligent_transportation\data\lstm_sources\public\kddcup2017_china_tollgate\kdd2017_china_tollgate_20min.csv:kdd2017_t1_d1#segment5,1,6.0,0.5999999999999979,5.400000000000002,True,8.0,linear_trend
1476414000,D:\intelligent_transportation\data\lstm_sources\public\kddcup2017_china_tollgate\kdd2017_china_tollgate_20min.csv:kdd2017_t1_d1#segment5,1,7.0,7.266666666666667,-0.2666666666666666,True,6.0,linear_trend
1476415200,D:\intelligent_transportation\data\lstm_sources\public\kddcup2017_china_tollgate\kdd2017_china_tollgate_20min.csv:kdd2017_t1_d1#segment5,1,8.0,5.933333333333333,2.0666666666666673,True,7.0,linear_trend
1476416400,D:\intelligent_transportation\data\lstm_sources\public\kddcup2017_china_tollgate\kdd2017_china_tollgate_20min.csv:kdd2017_t1_d1#segment5,1,12.0,7.2,4.8,True,8.0,linear_trend
1476417600,D:\intelligent_transportation\data\lstm_sources\public\kddcup2017_china_tollgate\kdd2017_china_tollgate_20min.csv:kdd2017_t1_d1#segment5,1,16.0,9.933333333333334,6.066666666666666,True,12.0,linear_trend
1476418800,D:\intelligent_transportation\data\lstm_sources\public\kddcup2017_china_tollgate\kdd2017_china_tollgate_20min.csv:kdd2017_t1_d1#segment5,1,17.0,15.399999999999999,1.6000000000000014,True,16.0,linear_trend
1476420000,D:\intelligent_transportation\data\lstm_sources\public\kddcup2017_china_tollgate\kdd2017_china_tollgate_20min.csv:kdd2017_t1_d1#segment5,1,25.0,19.6,5.399999999999999,True,17.0,linear_trend
1476421200,D:\intelligent_transportation\data\lstm_sources\public\kddcup2017_china_tollgate\kdd2017_china_tollgate_20min.csv:kdd2017_t1_d1#segment5,1,29.0,26.266666666666666,2.7333333333333343,True,25.0,linear_trend
1476422400,D:\intelligent_transportation\data\lstm_sources\public\kddcup2017_china_tollgate\kdd2017_china_tollgate_20min.csv:kdd2017_t1_d1#segment5,1,33.0,32.333333333333336,0.6666666666666643,True,29.0,linear_trend
1476423600,D:\intelligent_transportation\data\lstm_sources\public\kddcup2017_china_tollgate\kdd2017_china_tollgate_20min.csv:kdd2017_t1_d1#segment5,1,41.0,37.2,3.799999999999997,True,33.0,linear_trend
1476424800,D:\intelligent_transportation\data\lstm_sources\public\kddcup2017_china_tollgate\kdd2017_china_tollgate_20min.csv:kdd2017_t1_d1#segment5,1,34.0,44.53333333333333,-10.533333333333331,True,41.0,linear_trend
1476426000,D:\intelligent_transportation\data\lstm_sources\public\kddcup2017_china_tollgate\kdd2017_china_tollgate_20min.csv:kdd2017_t1_d1#segment5,1,48.0,43.53333333333333,4.466666666666669,True,34.0,linear_trend
1476427200,D:\intelligent_transportation\data\lstm_sources\public\kddcup2017_china_tollgate\kdd2017_china_tollgate_20min.csv:kdd2017_t1_d1#segment5,1,57.0,48.8,8.200000000000003,True,48.0,linear_trend
1476428400,D:\intelligent_transportation\data\lstm_sources\public\kddcup2017_china_tollgate\kdd2017_china_tollgate_20min.csv:kdd2017_t1_d1#segment5,1,72.0,58.13333333333333,13.866666666666667,True,57.0,linear_trend
1476429600,D:\intelligent_transportation\data\lstm_sources\public\kddcup2017_china_tollgate\kdd2017_china_tollgate_20min.csv:kdd2017_t1_d1#segment5,1,78.0,73.2,4.799999999999997,True,72.0,linear_trend
1476430800,D:\intelligent_transportation\data\lstm_sources\public\kddcup2017_china_tollgate\kdd2017_china_tollgate_20min.csv:kdd2017_t1_d1#segment5,1,120.0,85.80000000000001,34.19999999999999,True,78.0,linear_trend
1476432000,D:\intelligent_transportation\data\lstm_sources\public\kddcup2017_china_tollgate\kdd2017_china_tollgate_20min.csv:kdd2017_t1_d1#segment5,1,108.0,121.66666666666669,-13.666666666666686,True,120.0,linear_trend
1476433200,D:\intelligent_transportation\data\lstm_sources\public\kddcup2017_china_tollgate\kdd2017_china_tollgate_20min.csv:kdd2017_t1_d1#segment5,1,107.0,130.0,-23.0,True,108.0,linear_trend
1476434400,D:\intelligent_transportation\data\lstm_sources\public\kddcup2017_china_tollgate\kdd2017_china_tollgate_20min.csv:kdd2017_t1_d1#segment5,1,108.0,130.33333333333331,-22.333333333333314,True,107.0,linear_trend
1476435600,D:\intelligent_transportation\data\lstm_sources\public\kddcup2017_china_tollgate\kdd2017_china_tollgate_20min.csv:kdd2017_t1_d1#segment5,1,126.0,124.33333333333334,1.6666666666666572,True,108.0,linear_trend
1476436800,D:\intelligent_transportation\data\lstm_sources\public\kddcup2017_china_tollgate\kdd2017_china_tollgate_20min.csv:kdd2017_t1_d1#segment5,1,111.0,128.13333333333333,-17.133333333333326,True,126.0,linear_trend
1476438000,D:\intelligent_transportation\data\lstm_sources\public\kddcup2017_china_tollgate\kdd2017_china_tollgate_20min.csv:kdd2017_t1_d1#segment5,1,152.0,114.33333333333333,37.66666666666667,True,111.0,linear_trend
1476439200,D:\intelligent_transportation\data\lstm_sources\public\kddcup2017_china_tollgate\kdd2017_china_tollgate_20min.csv:kdd2017_t1_d1#segment5,1,89.0,143.66666666666669,-54.666666666666686,True,152.0,linear_trend
1476440400,D:\intelligent_transportation\data\lstm_sources\public\kddcup2017_china_tollgate\kdd2017_china_tollgate_20min.csv:kdd2017_t1_d1#segment5,1,137.0,118.2,18.799999999999997,True,89.0,linear_trend
1476441600,D:\intelligent_transportation\data\lstm_sources\public\kddcup2017_china_tollgate\kdd2017_china_tollgate_20min.csv:kdd2017_t1_d1#segment5,1,94.0,128.0,-34.0,True,137.0,linear_trend
1476442800,D:\intelligent_transportation\data\lstm_sources\public\kddcup2017_china_tollgate\kdd2017_china_tollgate_20min.csv:kdd2017_t1_d1#segment5,1,91.0,103.66666666666666,-12.666666666666657,True,94.0,linear_trend
1476444000,D:\intelligent_transportation\data\lstm_sources\public\kddcup2017_china_tollgate\kdd2017_china_tollgate_20min.csv:kdd2017_t1_d1#segment5,1,98.0,89.73333333333333,8.266666666666666,True,91.0,linear_trend
1476445200,D:\intelligent_transportation\data\lstm_sources\public\kddcup2017_china_tollgate\kdd2017_china_tollgate_20min.csv:kdd2017_t1_d1#segment5,1,89.0,79.46666666666667,9.533333333333331,True,98.0,linear_trend
1476446400,D:\intelligent_transportation\data\lstm_sources\public\kddcup2017_china_tollgate\kdd2017_china_tollgate_20min.csv:kdd2017_t1_d1#segment5,1,103.0,87.66666666666667,15.333333333333329,True,89.0,linear_trend
1476447600,D:\intelligent_transportation\data\lstm_sources\public\kddcup2017_china_tollgate\kdd2017_china_tollgate_20min.csv:kdd2017_t1_d1#segment5,1,93.0,84.19999999999999,8.800000000000011,True,103.0,linear_trend
1476448800,D:\intelligent_transportation\data\lstm_sources\public\kddcup2017_china_tollgate\kdd2017_china_tollgate_20min.csv:kdd2017_t1_d1#segment5,1,88.0,96.86666666666667,-8.866666666666674,True,93.0,linear_trend
1476450000,D:\intelligent_transportation\data\lstm_sources\public\kddcup2017_china_tollgate\kdd2017_china_tollgate_20min.csv:kdd2017_t1_d1#segment5,1,99.0,92.06666666666666,6.933333333333337,True,88.0,linear_trend
1476451200,D:\intelligent_transportation\data\lstm_sources\public\kddcup2017_china_tollgate\kdd2017_china_tollgate_20min.csv:kdd2017_t1_d1#segment5,1,111.0,94.2,16.799999999999997,True,99.0,linear_trend
1476452400,D:\intelligent_transportation\data\lstm_sources\public\kddcup2017_china_tollgate\kdd2017_china_tollgate_20min.csv:kdd2017_t1_d1#segment5,1,108.0,106.46666666666667,1.5333333333333314,True,111.0,linear_trend
1476453600,D:\intelligent_transportation\data\lstm_sources\public\kddcup2017_china_tollgate\kdd2017_china_tollgate_20min.csv:kdd2017_t1_d1#segment5,1,122.0,109.33333333333333,12.666666666666671,True,108.0,linear_trend
1476454800,D:\intelligent_transportation\data\lstm_sources\public\kddcup2017_china_tollgate\kdd2017_china_tollgate_20min.csv:kdd2017_t1_d1#segment5,1,101.0,125.2,-24.200000000000003,True,122.0,linear_trend
1476456000,D:\intelligent_transportation\data\lstm_sources\public\kddcup2017_china_tollgate\kdd2017_china_tollgate_20min.csv:kdd2017_t1_d1#segment5,1,100.0,117.93333333333332,-17.933333333333323,True,101.0,linear_trend
1476457200,D:\intelligent_transportation\data\lstm_sources\public\kddcup2017_china_tollgate\kdd2017_china_tollgate_20min.csv:kdd2017_t1_d1#segment5,1,117.0,105.73333333333333,11.266666666666666,True,100.0,linear_trend
1476458400,D:\intelligent_transportation\data\lstm_sources\public\kddcup2017_china_tollgate\kdd2017_china_tollgate_20min.csv:kdd2017_t1_d1#segment5,1,116.0,108.33333333333333,7.666666666666671,True,117.0,linear_trend
1476459600,D:\intelligent_transportation\data\lstm_sources\public\kddcup2017_china_tollgate\kdd2017_china_tollgate_20min.csv:kdd2017_t1_d1#segment5,1,116.0,113.06666666666668,2.933333333333323,True,116.0,linear_trend
1476460800,D:\intelligent_transportation\data\lstm_sources\public\kddcup2017_china_tollgate\kdd2017_china_tollgate_20min.csv:kdd2017_t1_d1#segment5,1,105.0,115.19999999999999,-10.199999999999989,True,116.0,linear_trend
1476462000,D:\intelligent_transportation\data\lstm_sources\public\kddcup2017_china_tollgate\kdd2017_china_tollgate_20min.csv:kdd2017_t1_d1#segment5,1,125.0,115.86666666666666,9.13333333333334,True,105.0,linear_trend
1476463200,D:\intelligent_transportation\data\lstm_sources\public\kddcup2017_china_tollgate\kdd2017_china_tollgate_20min.csv:kdd2017_t1_d1#segment5,1,114.0,122.06666666666666,-8.066666666666663,True,125.0,linear_trend
1476464400,D:\intelligent_transportation\data\lstm_sources\public\kddcup2017_china_tollgate\kdd2017_china_tollgate_20min.csv:kdd2017_t1_d1#segment5,1,122.0,115.60000000000001,6.3999999999999915,True,114.0,linear_trend
1476465600,D:\intelligent_transportation\data\lstm_sources\public\kddcup2017_china_tollgate\kdd2017_china_tollgate_20min.csv:kdd2017_t1_d1#segment5,1,132.0,120.73333333333333,11.266666666666666,True,122.0,linear_trend
1476466800,D:\intelligent_transportation\data\lstm_sources\public\kddcup2017_china_tollgate\kdd2017_china_tollgate_20min.csv:kdd2017_t1_d1#segment5,1,135.0,131.0,4.0,True,132.0,linear_trend
1476468000,D:\intelligent_transportation\data\lstm_sources\public\kddcup2017_china_tollgate\kdd2017_china_tollgate_20min.csv:kdd2017_t1_d1#segment5,1,89.0,140.06666666666666,-51.06666666666666,True,135.0,linear_trend
1476469200,D:\intelligent_transportation\data\lstm_sources\public\kddcup2017_china_tollgate\kdd2017_china_tollgate_20min.csv:kdd2017_t1_d1#segment5,1,85.0,108.8,-23.799999999999997,True,89.0,linear_trend
1476470400,D:\intelligent_transportation\data\lstm_sources\public\kddcup2017_china_tollgate\kdd2017_china_tollgate_20min.csv:kdd2017_t1_d1#segment5,1,84.0,88.73333333333332,-4.73333333333332,True,85.0,linear_trend
1476471600,D:\intelligent_transportation\data\lstm_sources\public\kddcup2017_china_tollgate\kdd2017_china_tollgate_20min.csv:kdd2017_t1_d1#segment5,1,58.0,70.13333333333333,-12.133333333333326,True,84.0,linear_trend
1476472800,D:\intelligent_transportation\data\lstm_sources\public\kddcup2017_china_tollgate\kdd2017_china_tollgate_20min.csv:kdd2017_t1_d1#segment5,1,64.0,44.466666666666654,19.533333333333346,True,58.0,linear_trend
1476474000,D:\intelligent_transportation\data\lstm_sources\public\kddcup2017_china_tollgate\kdd2017_china_tollgate_20min.csv:kdd2017_t1_d1#segment5,1,59.0,40.93333333333332,18.066666666666677,True,64.0,linear_trend
1476475200,D:\intelligent_transportation\data\lstm_sources\public\kddcup2017_china_tollgate\kdd2017_china_tollgate_20min.csv:kdd2017_t1_d1#segment5,1,55.0,49.26666666666667,5.733333333333327,True,59.0,linear_trend
1476476400,D:\intelligent_transportation\data\lstm_sources\public\kddcup2017_china_tollgate\kdd2017_china_tollgate_20min.csv:kdd2017_t1_d1#segment5,1,47.0,45.599999999999994,1.4000000000000057,True,55.0,linear_trend
1476477600,D:\intelligent_transportation\data\lstm_sources\public\kddcup2017_china_tollgate\kdd2017_china_tollgate_20min.csv:kdd2017_t1_d1#segment5,1,50.0,41.266666666666666,8.733333333333334,True,47.0,linear_trend
1476478800,D:\intelligent_transportation\data\lstm_sources\public\kddcup2017_china_tollgate\kdd2017_china_tollgate_20min.csv:kdd2017_t1_d1#segment5,1,37.0,46.0,-9.0,True,50.0,linear_trend
1476480000,D:\intelligent_transportation\data\lstm_sources\public\kddcup2017_china_tollgate\kdd2017_china_tollgate_20min.csv:kdd2017_t1_d1#segment5,1,31.0,35.0,-4.0,True,37.0,linear_trend
1476481200,D:\intelligent_transportation\data\lstm_sources\public\kddcup2017_china_tollgate\kdd2017_china_tollgate_20min.csv:kdd2017_t1_d1#segment5,1,39.0,27.39999999999999,11.600000000000009,True,31.0,linear_trend
1476482400,D:\intelligent_transportation\data\lstm_sources\public\kddcup2017_china_tollgate\kdd2017_china_tollgate_20min.csv:kdd2017_t1_d1#segment5,1,20.0,29.066666666666663,-9.066666666666663,True,39.0,linear_trend
1476483600,D:\intelligent_transportation\data\lstm_sources\public\kddcup2017_china_tollgate\kdd2017_china_tollgate_20min.csv:kdd2017_t1_d1#segment5,1,32.0,19.933333333333337,12.066666666666663,True,20.0,linear_trend
1476484800,D:\intelligent_transportation\data\lstm_sources\public\kddcup2017_china_tollgate\kdd2017_china_tollgate_20min.csv:kdd2017_t1_d1#segment5,1,29.0,21.53333333333334,7.4666666666666615,True,32.0,linear_trend
1476486000,D:\intelligent_transportation\data\lstm_sources\public\kddcup2017_china_tollgate\kdd2017_china_tollgate_20min.csv:kdd2017_t1_d1#segment5,1,12.0,25.733333333333327,-13.733333333333327,True,29.0,linear_trend
1476487200,D:\intelligent_transportation\data\lstm_sources\public\kddcup2017_china_tollgate\kdd2017_china_tollgate_20min.csv:kdd2017_t1_d1#segment5,1,22.0,15.866666666666667,6.133333333333333,True,12.0,linear_trend
1476488400,D:\intelligent_transportation\data\lstm_sources\public\kddcup2017_china_tollgate\kdd2017_china_tollgate_20min.csv:kdd2017_t1_d1#segment5,1,13.0,14.466666666666669,-1.4666666666666686,True,22.0,linear_trend
1476489600,D:\intelligent_transportation\data\lstm_sources\public\kddcup2017_china_tollgate\kdd2017_china_tollgate_20min.csv:kdd2017_t1_d1#segment5,1,127.0,13.133333333333333,113.86666666666667,True,13.0,linear_trend
1476490800,D:\intelligent_transportation\data\lstm_sources\public\kddcup2017_china_tollgate\kdd2017_china_tollgate_20min.csv:kdd2017_t1_d1#segment5,1,92.0,82.86666666666667,9.133333333333326,True,127.0,linear_trend
1476492000,D:\intelligent_transportation\data\lstm_sources\public\kddcup2017_china_tollgate\kdd2017_china_tollgate_20min.csv:kdd2017_t1_d1#segment5,1,60.0,114.26666666666668,-54.26666666666668,True,92.0,linear_trend
1476493200,D:\intelligent_transportation\data\lstm_sources\public\kddcup2017_china_tollgate\kdd2017_china_tollgate_20min.csv:kdd2017_t1_d1#segment5,1,13.0,110.73333333333333,-97.73333333333333,True,60.0,linear_trend
1476494400,D:\intelligent_transportation\data\lstm_sources\public\kddcup2017_china_tollgate\kdd2017_china_tollgate_20min.csv:kdd2017_t1_d1#segment5,1,11.0,60.599999999999994,-49.599999999999994,True,13.0,linear_trend
1476495600,D:\intelligent_transportation\data\lstm_sources\public\kddcup2017_china_tollgate\kdd2017_china_tollgate_20min.csv:kdd2017_t1_d1#segment5,1,11.0,14.26666666666668,-3.26666666666668,True,11.0,linear_trend
1476496800,D:\intelligent_transportation\data\lstm_sources\public\kddcup2017_china_tollgate\kdd2017_china_tollgate_20min.csv:kdd2017_t1_d1#segment5,1,8.0,-34.66666666666666,42.66666666666666,True,11.0,linear_trend
1476498000,D:\intelligent_transportation\data\lstm_sources\public\kddcup2017_china_tollgate\kdd2017_china_tollgate_20min.csv:kdd2017_t1_d1#segment5,1,4.0,-24.400000000000006,28.400000000000006,True,8.0,linear_trend
1476499200,D:\intelligent_transportation\data\lstm_sources\public\kddcup2017_china_tollgate\kdd2017_china_tollgate_20min.csv:kdd2017_t1_d1#segment5,1,12.0,-11.666666666666664,23.666666666666664,True,4.0,linear_trend
1476500400,D:\intelligent_transportation\data\lstm_sources\public\kddcup2017_china_tollgate\kdd2017_china_tollgate_20min.csv:kdd2017_t1_d1#segment5,1,10.0,6.933333333333334,3.0666666666666664,True,12.0,linear_trend
1476501600,D:\intelligent_transportation\data\lstm_sources\public\kddcup2017_china_tollgate\kdd2017_china_tollgate_20min.csv:kdd2017_t1_d1#segment5,1,9.0,8.733333333333334,0.2666666666666657,True,10.0,linear_trend
1476502800,D:\intelligent_transportation\data\lstm_sources\public\kddcup2017_china_tollgate\kdd2017_china_tollgate_20min.csv:kdd2017_t1_d1#segment5,1,16.0,9.399999999999999,6.600000000000001,True,9.0,linear_trend
1476504000,D:\intelligent_transportation\data\lstm_sources\public\kddcup2017_china_tollgate\kdd2017_china_tollgate_20min.csv:kdd2017_t1_d1#segment5,1,13.0,15.133333333333333,-2.133333333333333,True,16.0,linear_trend
1476505200,D:\intelligent_transportation\data\lstm_sources\public\kddcup2017_china_tollgate\kdd2017_china_tollgate_20min.csv:kdd2017_t1_d1#segment5,1,23.0,16.266666666666666,6.733333333333334,True,13.0,linear_trend
1476506400,D:\intelligent_transportation\data\lstm_sources\public\kddcup2017_china_tollgate\kdd2017_china_tollgate_20min.csv:kdd2017_t1_d1#segment5,1,23.0,20.933333333333334,2.0666666666666664,True,23.0,linear_trend
1476507600,D:\intelligent_transportation\data\lstm_sources\public\kddcup2017_china_tollgate\kdd2017_china_tollgate_20min.csv:kdd2017_t1_d1#segment5,1,24.0,26.066666666666666,-2.0666666666666664,True,23.0,linear_trend
1476508800,D:\intelligent_transportation\data\lstm_sources\public\kddcup2017_china_tollgate\kdd2017_china_tollgate_20min.csv:kdd2017_t1_d1#segment5,1,28.0,28.6,-0.6000000000000014,True,24.0,linear_trend
1476510000,D:\intelligent_transportation\data\lstm_sources\public\kddcup2017_china_tollgate\kdd2017_china_tollgate_20min.csv:kdd2017_t1_d1#segment5,1,37.0,30.46666666666667,6.533333333333331,True,28.0,linear_trend
1476511200,D:\intelligent_transportation\data\lstm_sources\public\kddcup2017_china_tollgate\kdd2017_china_tollgate_20min.csv:kdd2017_t1_d1#segment5,1,43.0,38.266666666666666,4.733333333333334,True,37.0,linear_trend
1476512400,D:\intelligent_transportation\data\lstm_sources\public\kddcup2017_china_tollgate\kdd2017_china_tollgate_20min.csv:kdd2017_t1_d1#segment5,1,44.0,44.26666666666667,-0.2666666666666728,True,43.0,linear_trend
1476513600,D:\intelligent_transportation\data\lstm_sources\public\kddcup2017_china_tollgate\kdd2017_china_tollgate_20min.csv:kdd2017_t1_d1#segment5,1,59.0,50.266666666666666,8.733333333333334,True,44.0,linear_trend
1476514800,D:\intelligent_transportation\data\lstm_sources\public\kddcup2017_china_tollgate\kdd2017_china_tollgate_20min.csv:kdd2017_t1_d1#segment5,1,49.0,62.06666666666666,-13.066666666666663,True,59.0,linear_trend
1476516000,D:\intelligent_transportation\data\lstm_sources\public\kddcup2017_china_tollgate\kdd2017_china_tollgate_20min.csv:kdd2017_t1_d1#segment5,1,75.0,60.53333333333334,14.466666666666661,True,49.0,linear_trend
1476517200,D:\intelligent_transportation\data\lstm_sources\public\kddcup2017_china_tollgate\kdd2017_china_tollgate_20min.csv:kdd2017_t1_d1#segment5,1,72.0,73.46666666666667,-1.4666666666666686,True,75.0,linear_trend
1476518400,D:\intelligent_transportation\data\lstm_sources\public\kddcup2017_china_tollgate\kdd2017_china_tollgate_20min.csv:kdd2017_t1_d1#segment5,1,73.0,79.80000000000001,-6.800000000000011,True,72.0,linear_trend
1476519600,D:\intelligent_transportation\data\lstm_sources\public\kddcup2017_china_tollgate\kdd2017_china_tollgate_20min.csv:kdd2017_t1_d1#segment5,1,103.0,83.0,20.0,True,73.0,linear_trend
1476520800,D:\intelligent_transportation\data\lstm_sources\public\kddcup2017_china_tollgate\kdd2017_china_tollgate_20min.csv:kdd2017_t1_d1#segment5,1,123.0,100.73333333333332,22.26666666666668,True,103.0,linear_trend
1476522000,D:\intelligent_transportation\data\lstm_sources\public\kddcup2017_china_tollgate\kdd2017_china_tollgate_20min.csv:kdd2017_t1_d1#segment5,1,110.0,128.0,-18.0,True,123.0,linear_trend
1476523200,D:\intelligent_transportation\data\lstm_sources\public\kddcup2017_china_tollgate\kdd2017_china_tollgate_20min.csv:kdd2017_t1_d1#segment5,1,103.0,128.46666666666667,-25.46666666666667,True,110.0,linear_trend
1476524400,D:\intelligent_transportation\data\lstm_sources\public\kddcup2017_china_tollgate\kdd2017_china_tollgate_20min.csv:kdd2017_t1_d1#segment5,1,121.0,125.93333333333332,-4.933333333333323,True,103.0,linear_trend
1476525600,D:\intelligent_transportation\data\lstm_sources\public\kddcup2017_china_tollgate\kdd2017_china_tollgate_20min.csv:kdd2017_t1_d1#segment5,1,114.0,128.2,-14.199999999999989,True,121.0,linear_trend
1476526800,D:\intelligent_transportation\data\lstm_sources\public\kddcup2017_china_tollgate\kdd2017_china_tollgate_20min.csv:kdd2017_t1_d1#segment5,1,105.0,116.53333333333333,-11.533333333333331,True,114.0,linear_trend
1476528000,D:\intelligent_transportation\data\lstm_sources\public\kddcup2017_china_tollgate\kdd2017_china_tollgate_20min.csv:kdd2017_t1_d1#segment5,1,104.0,106.66666666666669,-2.6666666666666856,True,105.0,linear_trend
1476529200,D:\intelligent_transportation\data\lstm_sources\public\kddcup2017_china_tollgate\kdd2017_china_tollgate_20min.csv:kdd2017_t1_d1#segment5,1,101.0,106.39999999999999,-5.3999999999999915,True,104.0,linear_trend
1476530400,D:\intelligent_transportation\data\lstm_sources\public\kddcup2017_china_tollgate\kdd2017_china_tollgate_20min.csv:kdd2017_t1_d1#segment5,1,91.0,101.0,-10.0,True,101.0,linear_trend
1476531600,D:\intelligent_transportation\data\lstm_sources\public\kddcup2017_china_tollgate\kdd2017_china_tollgate_20min.csv:kdd2017_t1_d1#segment5,1,91.0,87.0,4.0,True,91.0,linear_trend
1476532800,D:\intelligent_transportation\data\lstm_sources\public\kddcup2017_china_tollgate\kdd2017_china_tollgate_20min.csv:kdd2017_t1_d1#segment5,1,72.0,85.0,-13.0,True,91.0,linear_trend
1476534000,D:\intelligent_transportation\data\lstm_sources\public\kddcup2017_china_tollgate\kdd2017_china_tollgate_20min.csv:kdd2017_t1_d1#segment5,1,87.0,72.6,14.400000000000006,True,72.0,linear_trend
1476535200,D:\intelligent_transportation\data\lstm_sources\public\kddcup2017_china_tollgate\kdd2017_china_tollgate_20min.csv:kdd2017_t1_d1#segment5,1,86.0,73.80000000000001,12.199999999999989,True,87.0,linear_trend
1476536400,D:\intelligent_transportation\data\lstm_sources\public\kddcup2017_china_tollgate\kdd2017_china_tollgate_20min.csv:kdd2017_t1_d1#segment5,1,87.0,77.4,9.599999999999994,True,86.0,linear_trend
1476537600,D:\intelligent_transportation\data\lstm_sources\public\kddcup2017_china_tollgate\kdd2017_china_tollgate_20min.csv:kdd2017_t1_d1#segment5,1,87.0,83.66666666666667,3.3333333333333286,True,87.0,linear_trend
1476538800,D:\intelligent_transportation\data\lstm_sources\public\kddcup2017_china_tollgate\kdd2017_china_tollgate_20min.csv:kdd2017_t1_d1#segment5,1,107.0,87.4,19.599999999999994,True,87.0,linear_trend
1476540000,D:\intelligent_transportation\data\lstm_sources\public\kddcup2017_china_tollgate\kdd2017_china_tollgate_20min.csv:kdd2017_t1_d1#segment5,1,108.0,105.26666666666668,2.73333333333332,True,107.0,linear_trend
1476541200,D:\intelligent_transportation\data\lstm_sources\public\kddcup2017_china_tollgate\kdd2017_china_tollgate_20min.csv:kdd2017_t1_d1#segment5,1,100.0,110.46666666666667,-10.466666666666669,True,108.0,linear_trend
1476542400,D:\intelligent_transportation\data\lstm_sources\public\kddcup2017_china_tollgate\kdd2017_china_tollgate_20min.csv:kdd2017_t1_d1#segment5,1,93.0,111.13333333333333,-18.133333333333326,True,100.0,linear_trend
1476543600,D:\intelligent_transportation\data\lstm_sources\public\kddcup2017_china_tollgate\kdd2017_china_tollgate_20min.csv:kdd2017_t1_d1#segment5,1,108.0,104.0,4.0,True,93.0,linear_trend
1476544800,D:\intelligent_transportation\data\lstm_sources\public\kddcup2017_china_tollgate\kdd2017_china_tollgate_20min.csv:kdd2017_t1_d1#segment5,1,85.0,106.0,-21.0,True,108.0,linear_trend
1476546000,D:\intelligent_transportation\data\lstm_sources\public\kddcup2017_china_tollgate\kdd2017_china_tollgate_20min.csv:kdd2017_t1_d1#segment5,1,96.0,88.46666666666667,7.533333333333331,True,85.0,linear_trend
1476547200,D:\intelligent_transportation\data\lstm_sources\public\kddcup2017_china_tollgate\kdd2017_china_tollgate_20min.csv:kdd2017_t1_d1#segment5,1,92.0,89.33333333333333,2.6666666666666714,True,96.0,linear_trend
1476548400,D:\intelligent_transportation\data\lstm_sources\public\kddcup2017_china_tollgate\kdd2017_china_tollgate_20min.csv:kdd2017_t1_d1#segment5,1,89.0,90.26666666666668,-1.26666666666668,True,92.0,linear_trend
1476549600,D:\intelligent_transportation\data\lstm_sources\public\kddcup2017_china_tollgate\kdd2017_china_tollgate_20min.csv:kdd2017_t1_d1#segment5,1,93.0,88.13333333333333,4.866666666666674,True,89.0,linear_trend
1476550800,D:\intelligent_transportation\data\lstm_sources\public\kddcup2017_china_tollgate\kdd2017_china_tollgate_20min.csv:kdd2017_t1_d1#segment5,1,85.0,87.13333333333334,-2.13333333333334,True,93.0,linear_trend
1476552000,D:\intelligent_transportation\data\lstm_sources\public\kddcup2017_china_tollgate\kdd2017_china_tollgate_20min.csv:kdd2017_t1_d1#segment5,1,94.0,88.80000000000001,5.199999999999989,True,85.0,linear_trend
1476553200,D:\intelligent_transportation\data\lstm_sources\public\kddcup2017_china_tollgate\kdd2017_china_tollgate_20min.csv:kdd2017_t1_d1#segment5,1,90.0,88.8,1.2000000000000028,True,94.0,linear_trend
1476554400,D:\intelligent_transportation\data\lstm_sources\public\kddcup2017_china_tollgate\kdd2017_china_tollgate_20min.csv:kdd2017_t1_d1#segment5,1,67.0,90.19999999999999,-23.19999999999999,True,90.0,linear_trend
1476555600,D:\intelligent_transportation\data\lstm_sources\public\kddcup2017_china_tollgate\kdd2017_china_tollgate_20min.csv:kdd2017_t1_d1#segment5,1,71.0,75.33333333333333,-4.333333333333329,True,67.0,linear_trend
1476556800,D:\intelligent_transportation\data\lstm_sources\public\kddcup2017_china_tollgate\kdd2017_china_tollgate_20min.csv:kdd2017_t1_d1#segment5,1,61.0,66.53333333333333,-5.533333333333331,True,71.0,linear_trend
1476558000,D:\intelligent_transportation\data\lstm_sources\public\kddcup2017_china_tollgate\kdd2017_china_tollgate_20min.csv:kdd2017_t1_d1#segment5,1,46.0,56.8,-10.799999999999997,True,61.0,linear_trend
1476559200,D:\intelligent_transportation\data\lstm_sources\public\kddcup2017_china_tollgate\kdd2017_china_tollgate_20min.csv:kdd2017_t1_d1#segment5,1,55.0,39.2,15.799999999999997,True,46.0,linear_trend
1476560400,D:\intelligent_transportation\data\lstm_sources\public\kddcup2017_china_tollgate\kdd2017_china_tollgate_20min.csv:kdd2017_t1_d1#segment5,1,48.0,40.20000000000001,7.79999999999999,True,55.0,linear_trend
1476561600,D:\intelligent_transportation\data\lstm_sources\public\kddcup2017_china_tollgate\kdd2017_china_tollgate_20min.csv:kdd2017_t1_d1#segment5,1,44.0,42.19999999999999,1.8000000000000114,True,48.0,linear_trend
1476562800,D:\intelligent_transportation\data\lstm_sources\public\kddcup2017_china_tollgate\kdd2017_china_tollgate_20min.csv:kdd2017_t1_d1#segment5,1,38.0,37.666666666666664,0.3333333333333357,True,44.0,linear_trend
1476564000,D:\intelligent_transportation\data\lstm_sources\public\kddcup2017_china_tollgate\kdd2017_china_tollgate_20min.csv:kdd2017_t1_d1#segment5,1,40.0,35.86666666666667,4.133333333333333,True,38.0,linear_trend
1476565200,D:\intelligent_transportation\data\lstm_sources\public\kddcup2017_china_tollgate\kdd2017_china_tollgate_20min.csv:kdd2017_t1_d1#segment5,1,34.0,36.666666666666664,-2.6666666666666643,True,40.0,linear_trend
1476566400,D:\intelligent_transportation\data\lstm_sources\public\kddcup2017_china_tollgate\kdd2017_china_tollgate_20min.csv:kdd2017_t1_d1#segment5,1,28.0,29.666666666666668,-1.6666666666666679,True,34.0,linear_trend
1476567600,D:\intelligent_transportation\data\lstm_sources\public\kddcup2017_china_tollgate\kdd2017_china_tollgate_20min.csv:kdd2017_t1_d1#segment5,1,28.0,25.866666666666667,2.133333333333333,True,28.0,linear_trend
1476568800,D:\intelligent_transportation\data\lstm_sources\public\kddcup2017_china_tollgate\kdd2017_china_tollgate_20min.csv:kdd2017_t1_d1#segment5,1,25.0,23.733333333333334,1.2666666666666657,True,28.0,linear_trend
1476570000,D:\intelligent_transportation\data\lstm_sources\public\kddcup2017_china_tollgate\kdd2017_china_tollgate_20min.csv:kdd2017_t1_d1#segment5,1,21.0,21.46666666666667,-0.46666666666666856,True,25.0,linear_trend
1476571200,D:\intelligent_transportation\data\lstm_sources\public\kddcup2017_china_tollgate\kdd2017_china_tollgate_20min.csv:kdd2017_t1_d1#segment5,1,21.0,17.133333333333336,3.8666666666666636,True,21.0,linear_trend
1476572400,D:\intelligent_transportation\data\lstm_sources\public\kddcup2017_china_tollgate\kdd2017_china_tollgate_20min.csv:kdd2017_t1_d1#segment5,1,20.0,17.26666666666667,2.7333333333333307,True,21.0,linear_trend
1476573600,D:\intelligent_transportation\data\lstm_sources\public\kddcup2017_china_tollgate\kdd2017_china_tollgate_20min.csv:kdd2017_t1_d1#segment5,1,13.0,17.333333333333332,-4.333333333333332,True,20.0,linear_trend
1476574800,D:\intelligent_transportation\data\lstm_sources\public\kddcup2017_china_tollgate\kdd2017_china_tollgate_20min.csv:kdd2017_t1_d1#segment5,1,15.0,12.333333333333329,2.6666666666666714,True,13.0,linear_trend
1476576000,D:\intelligent_transportation\data\lstm_sources\public\kddcup2017_china_tollgate\kdd2017_china_tollgate_20min.csv:kdd2017_t1_d1#segment5,1,107.0,11.666666666666668,95.33333333333333,True,15.0,linear_trend
1476577200,D:\intelligent_transportation\data\lstm_sources\public\kddcup2017_china_tollgate\kdd2017_china_tollgate_20min.csv:kdd2017_t1_d1#segment5,1,68.0,73.33333333333333,-5.333333333333329,True,107.0,linear_trend
1476578400,D:\intelligent_transportation\data\lstm_sources\public\kddcup2017_china_tollgate\kdd2017_china_tollgate_20min.csv:kdd2017_t1_d1#segment5,1,35.0,90.46666666666667,-55.46666666666667,True,68.0,linear_trend
1476579600,D:\intelligent_transportation\data\lstm_sources\public\kddcup2017_china_tollgate\kdd2017_china_tollgate_20min.csv:kdd2017_t1_d1#segment5,1,4.0,76.19999999999999,-72.19999999999999,True,35.0,linear_trend
1476580800,D:\intelligent_transportation\data\lstm_sources\public\kddcup2017_china_tollgate\kdd2017_china_tollgate_20min.csv:kdd2017_t1_d1#segment5,1,10.0,37.93333333333334,-27.933333333333337,True,4.0,linear_trend
1476582000,D:\intelligent_transportation\data\lstm_sources\public\kddcup2017_china_tollgate\kdd2017_china_tollgate_20min.csv:kdd2017_t1_d1#segment5,1,11.0,3.13333333333334,7.86666666666666,True,10.0,linear_trend
1476583200,D:\intelligent_transportation\data\lstm_sources\public\kddcup2017_china_tollgate\kdd2017_china_tollgate_20min.csv:kdd2017_t1_d1#segment5,1,7.0,-29.333333333333343,36.33333333333334,True,11.0,linear_trend
1476584400,D:\intelligent_transportation\data\lstm_sources\public\kddcup2017_china_tollgate\kdd2017_china_tollgate_20min.csv:kdd2017_t1_d1#segment5,1,6.0,-14.599999999999994,20.599999999999994,True,7.0,linear_trend
1476585600,D:\intelligent_transportation\data\lstm_sources\public\kddcup2017_china_tollgate\kdd2017_china_tollgate_20min.csv:kdd2017_t1_d1#segment5,1,8.0,-1.3333333333333321,9.333333333333332,True,6.0,linear_trend
1476586800,D:\intelligent_transportation\data\lstm_sources\public\kddcup2017_china_tollgate\kdd2017_china_tollgate_20min.csv:kdd2017_t1_d1#segment5,1,7.0,8.066666666666666,-1.0666666666666664,True,8.0,linear_trend
1476588000,D:\intelligent_transportation\data\lstm_sources\public\kddcup2017_china_tollgate\kdd2017_china_tollgate_20min.csv:kdd2017_t1_d1#segment5,1,15.0,5.666666666666667,9.333333333333332,True,7.0,linear_trend
1476589200,D:\intelligent_transportation\data\lstm_sources\public\kddcup2017_china_tollgate\kdd2017_china_tollgate_20min.csv:kdd2017_t1_d1#segment5,1,15.0,11.2,3.8000000000000007,True,15.0,linear_trend
1476590400,D:\intelligent_transportation\data\lstm_sources\public\kddcup2017_china_tollgate\kdd2017_china_tollgate_20min.csv:kdd2017_t1_d1#segment5,1,17.0,16.266666666666666,0.7333333333333343,True,15.0,linear_trend
1476591600,D:\intelligent_transportation\data\lstm_sources\public\kddcup2017_china_tollgate\kdd2017_china_tollgate_20min.csv:kdd2017_t1_d1#segment5,1,14.0,19.733333333333334,-5.733333333333334,True,17.0,linear_trend
1476592800,D:\intelligent_transportation\data\lstm_sources\public\kddcup2017_china_tollgate\kdd2017_china_tollgate_20min.csv:kdd2017_t1_d1#segment5,1,22.0,18.666666666666664,3.3333333333333357,True,14.0,linear_trend
1476594000,D:\intelligent_transportation\data\lstm_sources\public\kddcup2017_china_tollgate\kdd2017_china_tollgate_20min.csv:kdd2017_t1_d1#segment5,1,32.0,22.400000000000002,9.599999999999998,True,22.0,linear_trend
1476595200,D:\intelligent_transportation\data\lstm_sources\public\kddcup2017_china_tollgate\kdd2017_china_tollgate_20min.csv:kdd2017_t1_d1#segment5,1,33.0,29.46666666666667,3.5333333333333314,True,32.0,linear_trend
1476596400,D:\intelligent_transportation\data\lstm_sources\public\kddcup2017_china_tollgate\kdd2017_china_tollgate_20min.csv:kdd2017_t1_d1#segment5,1,37.0,36.46666666666667,0.5333333333333314,True,33.0,linear_trend
1476597600,D:\intelligent_transportation\data\lstm_sources\public\kddcup2017_china_tollgate\kdd2017_china_tollgate_20min.csv:kdd2017_t1_d1#segment5,1,37.0,42.53333333333333,-5.533333333333331,True,37.0,linear_trend
1476598800,D:\intelligent_transportation\data\lstm_sources\public\kddcup2017_china_tollgate\kdd2017_china_tollgate_20min.csv:kdd2017_t1_d1#segment5,1,32.0,45.266666666666666,-13.266666666666666,True,37.0,linear_trend
1476600000,D:\intelligent_transportation\data\lstm_sources\public\kddcup2017_china_tollgate\kdd2017_china_tollgate_20min.csv:kdd2017_t1_d1#segment5,1,58.0,39.06666666666666,18.933333333333337,True,32.0,linear_trend
1476601200,D:\intelligent_transportation\data\lstm_sources\public\kddcup2017_china_tollgate\kdd2017_china_tollgate_20min.csv:kdd2017_t1_d1#segment5,1,36.0,50.86666666666667,-14.866666666666667,True,58.0,linear_trend
1476602400,D:\intelligent_transportation\data\lstm_sources\public\kddcup2017_china_tollgate\kdd2017_china_tollgate_20min.csv:kdd2017_t1_d1#segment5,1,50.0,46.13333333333334,3.86666666666666,True,36.0,linear_trend
1476603600,D:\intelligent_transportation\data\lstm_sources\public\kddcup2017_china_tollgate\kdd2017_china_tollgate_20min.csv:kdd2017_t1_d1#segment5,1,39.0,50.46666666666667,-11.466666666666669,True,50.0,linear_trend
1476604800,D:\intelligent_transportation\data\lstm_sources\public\kddcup2017_china_tollgate\kdd2017_china_tollgate_20min.csv:kdd2017_t1_d1#segment5,1,47.0,46.2,0.7999999999999972,True,39.0,linear_trend
1476606000,D:\intelligent_transportation\data\lstm_sources\public\kddcup2017_china_tollgate\kdd2017_china_tollgate_20min.csv:kdd2017_t1_d1#segment5,1,72.0,46.86666666666667,25.133333333333333,True,47.0,linear_trend
1476607200,D:\intelligent_transportation\data\lstm_sources\public\kddcup2017_china_tollgate\kdd2017_china_tollgate_20min.csv:kdd2017_t1_d1#segment5,1,67.0,59.53333333333334,7.4666666666666615,True,72.0,linear_trend
1476608400,D:\intelligent_transportation\data\lstm_sources\public\kddcup2017_china_tollgate\kdd2017_china_tollgate_20min.csv:kdd2017_t1_d1#segment5,1,100.0,74.73333333333333,25.266666666666666,True,67.0,linear_trend
1476609600,D:\intelligent_transportation\data\lstm_sources\public\kddcup2017_china_tollgate\kdd2017_china_tollgate_20min.csv:kdd2017_t1_d1#segment5,1,108.0,98.4,9.599999999999994,True,100.0,linear_trend
1476610800,D:\intelligent_transportation\data\lstm_sources\public\kddcup2017_china_tollgate\kdd2017_china_tollgate_20min.csv:kdd2017_t1_d1#segment5,1,108.0,122.06666666666666,-14.066666666666663,True,108.0,linear_trend
1476612000,D:\intelligent_transportation\data\lstm_sources\public\kddcup2017_china_tollgate\kdd2017_china_tollgate_20min.csv:kdd2017_t1_d1#segment5,1,88.0,128.26666666666668,-40.26666666666668,True,108.0,linear_trend
1476613200,D:\intelligent_transportation\data\lstm_sources\public\kddcup2017_china_tollgate\kdd2017_china_tollgate_20min.csv:kdd2017_t1_d1#segment5,1,107.0,111.6,-4.599999999999994,True,88.0,linear_trend
1476614400,D:\intelligent_transportation\data\lstm_sources\public\kddcup2017_china_tollgate\kdd2017_china_tollgate_20min.csv:kdd2017_t1_d1#segment5,1,102.0,112.73333333333333,-10.733333333333334,True,107.0,linear_trend
1476615600,D:\intelligent_transportation\data\lstm_sources\public\kddcup2017_china_tollgate\kdd2017_china_tollgate_20min.csv:kdd2017_t1_d1#segment5,1,96.0,100.86666666666667,-4.866666666666674,True,102.0,linear_trend
1476616800,D:\intelligent_transportation\data\lstm_sources\public\kddcup2017_china_tollgate\kdd2017_china_tollgate_20min.csv:kdd2017_t1_d1#segment5,1,99.0,95.6,3.4000000000000057,True,96.0,linear_trend
1476618000,D:\intelligent_transportation\data\lstm_sources\public\kddcup2017_china_tollgate\kdd2017_china_tollgate_20min.csv:kdd2017_t1_d1#segment5,1,77.0,97.4,-20.400000000000006,True,99.0,linear_trend
1476619200,D:\intelligent_transportation\data\lstm_sources\public\kddcup2017_china_tollgate\kdd2017_china_tollgate_20min.csv:kdd2017_t1_d1#segment5,1,94.0,86.33333333333333,7.666666666666671,True,77.0,linear_trend
1476620400,D:\intelligent_transportation\data\lstm_sources\public\kddcup2017_china_tollgate\kdd2017_china_tollgate_20min.csv:kdd2017_t1_d1#segment5,1,73.0,82.13333333333334,-9.13333333333334,True,94.0,linear_trend
1476621600,D:\intelligent_transportation\data\lstm_sources\public\kddcup2017_china_tollgate\kdd2017_china_tollgate_20min.csv:kdd2017_t1_d1#segment5,1,89.0,72.86666666666667,16.133333333333326,True,73.0,linear_trend
1476622800,D:\intelligent_transportation\data\lstm_sources\public\kddcup2017_china_tollgate\kdd2017_china_tollgate_20min.csv:kdd2017_t1_d1#segment5,1,108.0,78.4,29.599999999999994,True,89.0,linear_trend
1476624000,D:\intelligent_transportation\data\lstm_sources\public\kddcup2017_china_tollgate\kdd2017_china_tollgate_20min.csv:kdd2017_t1_d1#segment5,1,104.0,96.0,8.0,True,108.0,linear_trend
1476625200,D:\intelligent_transportation\data\lstm_sources\public\kddcup2017_china_tollgate\kdd2017_china_tollgate_20min.csv:kdd2017_t1_d1#segment5,1,105.0,110.13333333333333,-5.133333333333326,True,104.0,linear_trend
1476626400,D:\intelligent_transportation\data\lstm_sources\public\kddcup2017_china_tollgate\kdd2017_china_tollgate_20min.csv:kdd2017_t1_d1#segment5,1,112.0,112.19999999999999,-0.19999999999998863,True,105.0,linear_trend
1476627600,D:\intelligent_transportation\data\lstm_sources\public\kddcup2017_china_tollgate\kdd2017_china_tollgate_20min.csv:kdd2017_t1_d1#segment5,1,108.0,122.4,-14.400000000000006,True,112.0,linear_trend
1476628800,D:\intelligent_transportation\data\lstm_sources\public\kddcup2017_china_tollgate\kdd2017_china_tollgate_20min.csv:kdd2017_t1_d1#segment5,1,97.0,115.13333333333334,-18.13333333333334,True,108.0,linear_trend
1476630000,D:\intelligent_transportation\data\lstm_sources\public\kddcup2017_china_tollgate\kdd2017_china_tollgate_20min.csv:kdd2017_t1_d1#segment5,1,119.0,102.06666666666666,16.933333333333337,True,97.0,linear_trend
1476631200,D:\intelligent_transportation\data\lstm_sources\public\kddcup2017_china_tollgate\kdd2017_china_tollgate_20min.csv:kdd2017_t1_d1#segment5,1,118.0,112.19999999999999,5.800000000000011,True,119.0,linear_trend
1476632400,D:\intelligent_transportation\data\lstm_sources\public\kddcup2017_china_tollgate\kdd2017_china_tollgate_20min.csv:kdd2017_t1_d1#segment5,1,99.0,117.33333333333333,-18.33333333333333,True,118.0,linear_trend
1476633600,D:\intelligent_transportation\data\lstm_sources\public\kddcup2017_china_tollgate\kdd2017_china_tollgate_20min.csv:kdd2017_t1_d1#segment5,1,135.0,107.53333333333333,27.46666666666667,True,99.0,linear_trend
1476634800,D:\intelligent_transportation\data\lstm_sources\public\kddcup2017_china_tollgate\kdd2017_china_tollgate_20min.csv:kdd2017_t1_d1#segment5,1,111.0,126.66666666666667,-15.666666666666671,True,135.0,linear_trend
1476636000,D:\intelligent_transportation\data\lstm_sources\public\kddcup2017_china_tollgate\kdd2017_china_tollgate_20min.csv:kdd2017_t1_d1#segment5,1,105.0,123.06666666666668,-18.066666666666677,True,111.0,linear_trend
1476637200,D:\intelligent_transportation\data\lstm_sources\public\kddcup2017_china_tollgate\kdd2017_china_tollgate_20min.csv:kdd2017_t1_d1#segment5,1,98.0,109.0,-11.0,True,105.0,linear_trend
1476638400,D:\intelligent_transportation\data\lstm_sources\public\kddcup2017_china_tollgate\kdd2017_china_tollgate_20min.csv:kdd2017_t1_d1#segment5,1,134.0,100.4,33.599999999999994,True,98.0,linear_trend
1476639600,D:\intelligent_transportation\data\lstm_sources\public\kddcup2017_china_tollgate\kdd2017_china_tollgate_20min.csv:kdd2017_t1_d1#segment5,1,111.0,119.46666666666667,-8.466666666666669,True,134.0,linear_trend
1476640800,D:\intelligent_transportation\data\lstm_sources\public\kddcup2017_china_tollgate\kdd2017_china_tollgate_20min.csv:kdd2017_t1_d1#segment5,1,76.0,109.86666666666667,-33.866666666666674,True,111.0,linear_trend
1476642000,D:\intelligent_transportation\data\lstm_sources\public\kddcup2017_china_tollgate\kdd2017_china_tollgate_20min.csv:kdd2017_t1_d1#segment5,1,77.0,93.73333333333332,-16.73333333333332,True,76.0,linear_trend
1476643200,D:\intelligent_transportation\data\lstm_sources\public\kddcup2017_china_tollgate\kdd2017_china_tollgate_20min.csv:kdd2017_t1_d1#segment5,1,56.0,77.26666666666668,-21.26666666666668,True,77.0,linear_trend
1476644400,D:\intelligent_transportation\data\lstm_sources\public\kddcup2017_china_tollgate\kdd2017_china_tollgate_20min.csv:kdd2017_t1_d1#segment5,1,63.0,50.400000000000006,12.599999999999994,True,56.0,linear_trend
1476645600,D:\intelligent_transportation\data\lstm_sources\public\kddcup2017_china_tollgate\kdd2017_china_tollgate_20min.csv:kdd2017_t1_d1#segment5,1,64.0,34.266666666666666,29.733333333333334,True,63.0,linear_trend
1476646800,D:\intelligent_transportation\data\lstm_sources\public\kddcup2017_china_tollgate\kdd2017_china_tollgate_20min.csv:kdd2017_t1_d1#segment5,1,64.0,45.0,19.0,True,64.0,linear_trend
1476648000,D:\intelligent_transportation\data\lstm_sources\public\kddcup2017_china_tollgate\kdd2017_china_tollgate_20min.csv:kdd2017_t1_d1#segment5,1,58.0,57.46666666666667,0.5333333333333314,True,64.0,linear_trend
1476649200,D:\intelligent_transportation\data\lstm_sources\public\kddcup2017_china_tollgate\kdd2017_china_tollgate_20min.csv:kdd2017_t1_d1#segment5,1,53.0,56.66666666666666,-3.666666666666657,True,58.0,linear_trend
1476650400,D:\intelligent_transportation\data\lstm_sources\public\kddcup2017_china_tollgate\kdd2017_china_tollgate_20min.csv:kdd2017_t1_d1#segment5,1,52.0,56.66666666666667,-4.666666666666671,True,53.0,linear_trend
1476651600,D:\intelligent_transportation\data\lstm_sources\public\kddcup2017_china_tollgate\kdd2017_china_tollgate_20min.csv:kdd2017_t1_d1#segment5,1,34.0,49.599999999999994,-15.599999999999994,True,52.0,linear_trend
1476652800,D:\intelligent_transportation\data\lstm_sources\public\kddcup2017_china_tollgate\kdd2017_china_tollgate_20min.csv:kdd2017_t1_d1#segment5,1,45.0,35.06666666666666,9.933333333333337,True,34.0,linear_trend
1476654000,D:\intelligent_transportation\data\lstm_sources\public\kddcup2017_china_tollgate\kdd2017_china_tollgate_20min.csv:kdd2017_t1_d1#segment5,1,27.0,34.2,-7.200000000000003,True,45.0,linear_trend
1476655200,D:\intelligent_transportation\data\lstm_sources\public\kddcup2017_china_tollgate\kdd2017_china_tollgate_20min.csv:kdd2017_t1_d1#segment5,1,17.0,25.13333333333334,-8.13333333333334,True,27.0,linear_trend
1476656400,D:\intelligent_transportation\data\lstm_sources\public\kddcup2017_china_tollgate\kdd2017_china_tollgate_20min.csv:kdd2017_t1_d1#segment5,1,16.0,13.600000000000001,2.3999999999999986,True,17.0,linear_trend
1476657600,D:\intelligent_transportation\data\lstm_sources\public\kddcup2017_china_tollgate\kdd2017_china_tollgate_20min.csv:kdd2017_t1_d1#segment5,1,27.0,6.933333333333337,20.066666666666663,True,16.0,linear_trend
1476658800,D:\intelligent_transportation\data\lstm_sources\public\kddcup2017_china_tollgate\kdd2017_china_tollgate_20min.csv:kdd2017_t1_d1#segment5,1,15.0,14.466666666666669,0.5333333333333314,True,27.0,linear_trend
1476660000,D:\intelligent_transportation\data\lstm_sources\public\kddcup2017_china_tollgate\kdd2017_china_tollgate_20min.csv:kdd2017_t1_d1#segment5,1,21.0,9.399999999999999,11.600000000000001,True,15.0,linear_trend
1476661200,D:\intelligent_transportation\data\lstm_sources\public\kddcup2017_china_tollgate\kdd2017_china_tollgate_20min.csv:kdd2017_t1_d1#segment5,1,16.0,18.0,-2.0,True,21.0,linear_trend
1476662400,D:\intelligent_transportation\data\lstm_sources\public\kddcup2017_china_tollgate\kdd2017_china_tollgate_20min.csv:kdd2017_t1_d1#segment5,1,139.0,18.46666666666667,120.53333333333333,True,16.0,linear_trend
1476663600,D:\intelligent_transportation\data\lstm_sources\public\kddcup2017_china_tollgate\kdd2017_china_tollgate_20min.csv:kdd2017_t1_d1#segment5,1,55.0,97.80000000000001,-42.80000000000001,True,139.0,linear_trend
1476664800,D:\intelligent_transportation\data\lstm_sources\public\kddcup2017_china_tollgate\kdd2017_china_tollgate_20min.csv:kdd2017_t1_d1#segment5,1,33.0,96.19999999999999,-63.19999999999999,True,55.0,linear_trend
1476666000,D:\intelligent_transportation\data\lstm_sources\public\kddcup2017_china_tollgate\kdd2017_china_tollgate_20min.csv:kdd2017_t1_d1#segment5,1,7.0,78.0,-71.0,True,33.0,linear_trend
1476667200,D:\intelligent_transportation\data\lstm_sources\public\kddcup2017_china_tollgate\kdd2017_china_tollgate_20min.csv:kdd2017_t1_d1#segment5,1,7.0,34.86666666666666,-27.86666666666666,True,7.0,linear_trend
1476668400,D:\intelligent_transportation\data\lstm_sources\public\kddcup2017_china_tollgate\kdd2017_china_tollgate_20min.csv:kdd2017_t1_d1#segment5,1,10.0,-3.4666666666666686,13.466666666666669,True,7.0,linear_trend
1476669600,D:\intelligent_transportation\data\lstm_sources\public\kddcup2017_china_tollgate\kdd2017_china_tollgate_20min.csv:kdd2017_t1_d1#segment5,1,5.0,-39.666666666666686,44.666666666666686,True,10.0,linear_trend
1476670800,D:\intelligent_transportation\data\lstm_sources\public\kddcup2017_china_tollgate\kdd2017_china_tollgate_20min.csv:kdd2017_t1_d1#segment5,1,9.0,-12.399999999999999,21.4,True,5.0,linear_trend
1476672000,D:\intelligent_transportation\data\lstm_sources\public\kddcup2017_china_tollgate\kdd2017_china_tollgate_20min.csv:kdd2017_t1_d1#segment5,1,6.0,-0.46666666666666146,6.4666666666666615,True,9.0,linear_trend
1476673200,D:\intelligent_transportation\data\lstm_sources\public\kddcup2017_china_tollgate\kdd2017_china_tollgate_20min.csv:kdd2017_t1_d1#segment5,1,6.0,6.933333333333333,-0.9333333333333327,True,6.0,linear_trend
1476674400,D:\intelligent_transportation\data\lstm_sources\public\kddcup2017_china_tollgate\kdd2017_china_tollgate_20min.csv:kdd2017_t1_d1#segment5,1,11.0,5.866666666666666,5.133333333333334,True,6.0,linear_trend
1476675600,D:\intelligent_transportation\data\lstm_sources\public\kddcup2017_china_tollgate\kdd2017_china_tollgate_20min.csv:kdd2017_t1_d1#segment5,1,21.0,8.333333333333334,12.666666666666666,True,11.0,linear_trend
1476676800,D:\intelligent_transportation\data\lstm_sources\public\kddcup2017_china_tollgate\kdd2017_china_tollgate_20min.csv:kdd2017_t1_d1#segment5,1,13.0,18.266666666666666,-5.266666666666666,True,21.0,linear_trend
1476678000,D:\intelligent_transportation\data\lstm_sources\public\kddcup2017_china_tollgate\kdd2017_china_tollgate_20min.csv:kdd2017_t1_d1#segment5,1,20.0,18.0,2.0,True,13.0,linear_trend
1476679200,D:\intelligent_transportation\data\lstm_sources\public\kddcup2017_china_tollgate\kdd2017_china_tollgate_20min.csv:kdd2017_t1_d1#segment5,1,26.0,22.933333333333334,3.0666666666666664,True,20.0,linear_trend
1476680400,D:\intelligent_transportation\data\lstm_sources\public\kddcup2017_china_tollgate\kdd2017_china_tollgate_20min.csv:kdd2017_t1_d1#segment5,1,27.0,28.066666666666666,-1.0666666666666664,True,26.0,linear_trend
1476681600,D:\intelligent_transportation\data\lstm_sources\public\kddcup2017_china_tollgate\kdd2017_china_tollgate_20min.csv:kdd2017_t1_d1#segment5,1,32.0,29.866666666666667,2.133333333333333,True,27.0,linear_trend
1476682800,D:\intelligent_transportation\data\lstm_sources\public\kddcup2017_china_tollgate\kdd2017_china_tollgate_20min.csv:kdd2017_t1_d1#segment5,1,38.0,33.46666666666667,4.533333333333331,True,32.0,linear_trend
1476684000,D:\intelligent_transportation\data\lstm_sources\public\kddcup2017_china_tollgate\kdd2017_china_tollgate_20min.csv:kdd2017_t1_d1#segment5,1,45.0,42.2,2.799999999999997,True,38.0,linear_trend
1476685200,D:\intelligent_transportation\data\lstm_sources\public\kddcup2017_china_tollgate\kdd2017_china_tollgate_20min.csv:kdd2017_t1_d1#segment5,1,68.0,47.93333333333333,20.06666666666667,True,45.0,linear_trend
1476686400,D:\intelligent_transportation\data\lstm_sources\public\kddcup2017_china_tollgate\kdd2017_china_tollgate_20min.csv:kdd2017_t1_d1#segment5,1,73.0,66.33333333333334,6.666666666666657,True,68.0,linear_trend
1476687600,D:\intelligent_transportation\data\lstm_sources\public\kddcup2017_china_tollgate\kdd2017_china_tollgate_20min.csv:kdd2017_t1_d1#segment5,1,106.0,81.66666666666666,24.333333333333343,True,73.0,linear_trend
1476688800,D:\intelligent_transportation\data\lstm_sources\public\kddcup2017_china_tollgate\kdd2017_china_tollgate_20min.csv:kdd2017_t1_d1#segment5,1,120.0,110.13333333333333,9.866666666666674,True,106.0,linear_trend
1476690000,D:\intelligent_transportation\data\lstm_sources\public\kddcup2017_china_tollgate\kdd2017_china_tollgate_20min.csv:kdd2017_t1_d1#segment5,1,130.0,134.79999999999998,-4.799999999999983,True,120.0,linear_trend
1476691200,D:\intelligent_transportation\data\lstm_sources\public\kddcup2017_china_tollgate\kdd2017_china_tollgate_20min.csv:kdd2017_t1_d1#segment5,1,132.0,151.73333333333335,-19.73333333333335,True,130.0,linear_trend
1476692400,D:\intelligent_transportation\data\lstm_sources\public\kddcup2017_china_tollgate\kdd2017_china_tollgate_20min.csv:kdd2017_t1_d1#segment5,1,140.0,155.33333333333331,-15.333333333333314,True,132.0,linear_trend
1476693600,D:\intelligent_transportation\data\lstm_sources\public\kddcup2017_china_tollgate\kdd2017_china_tollgate_20min.csv:kdd2017_t1_d1#segment5,1,141.0,159.13333333333333,-18.133333333333326,True,140.0,linear_trend
1476694800,D:\intelligent_transportation\data\lstm_sources\public\kddcup2017_china_tollgate\kdd2017_china_tollgate_20min.csv:kdd2017_t1_d1#segment5,1,161.0,151.86666666666665,9.133333333333354,True,141.0,linear_trend
1476696000,D:\intelligent_transportation\data\lstm_sources\public\kddcup2017_china_tollgate\kdd2017_china_tollgate_20min.csv:kdd2017_t1_d1#segment5,1,120.0,161.93333333333334,-41.93333333333334,True,161.0,linear_trend
1476697200,D:\intelligent_transportation\data\lstm_sources\public\kddcup2017_china_tollgate\kdd2017_china_tollgate_20min.csv:kdd2017_t1_d1#segment5,1,121.0,141.13333333333333,-20.133333333333326,True,120.0,linear_trend
1476698400,D:\intelligent_transportation\data\lstm_sources\public\kddcup2017_china_tollgate\kdd2017_china_tollgate_20min.csv:kdd2017_t1_d1#segment5,1,101.0,126.33333333333334,-25.333333333333343,True,121.0,linear_trend
1476699600,D:\intelligent_transportation\data\lstm_sources\public\kddcup2017_china_tollgate\kdd2017_china_tollgate_20min.csv:kdd2017_t1_d1#segment5,1,101.0,101.06666666666665,-0.06666666666664867,True,101.0,linear_trend
1476700800,D:\intelligent_transportation\data\lstm_sources\public\kddcup2017_china_tollgate\kdd2017_china_tollgate_20min.csv:kdd2017_t1_d1#segment5,1,90.0,86.26666666666667,3.7333333333333343,True,101.0,linear_trend
1476702000,D:\intelligent_transportation\data\lstm_sources\public\kddcup2017_china_tollgate\kdd2017_china_tollgate_20min.csv:kdd2017_t1_d1#segment5,1,62.0,72.46666666666665,-10.466666666666654,True,90.0,linear_trend
1476703200,D:\intelligent_transportation\data\lstm_sources\public\kddcup2017_china_tollgate\kdd2017_china_tollgate_20min.csv:kdd2017_t1_d1#segment5,1,73.0,60.866666666666674,12.133333333333326,True,62.0,linear_trend
1476704400,D:\intelligent_transportation\data\lstm_sources\public\kddcup2017_china_tollgate\kdd2017_china_tollgate_20min.csv:kdd2017_t1_d1#segment5,1,107.0,54.53333333333333,52.46666666666667,True,73.0,linear_trend
1476705600,D:\intelligent_transportation\data\lstm_sources\public\kddcup2017_china_tollgate\kdd2017_china_tollgate_20min.csv:kdd2017_t1_d1#segment5,1,87.0,80.80000000000001,6.199999999999989,True,107.0,linear_trend
1476706800,D:\intelligent_transportation\data\lstm_sources\public\kddcup2017_china_tollgate\kdd2017_china_tollgate_20min.csv:kdd2017_t1_d1#segment5,1,87.0,85.86666666666667,1.1333333333333258,True,87.0,linear_trend
1476708000,D:\intelligent_transportation\data\lstm_sources\public\kddcup2017_china_tollgate\kdd2017_china_tollgate_20min.csv:kdd2017_t1_d1#segment5,1,87.0,93.73333333333333,-6.733333333333334,True,87.0,linear_trend
1476709200,D:\intelligent_transportation\data\lstm_sources\public\kddcup2017_china_tollgate\kdd2017_china_tollgate_20min.csv:kdd2017_t1_d1#segment5,1,88.0,98.53333333333333,-10.533333333333331,True,87.0,linear_trend
1476710400,D:\intelligent_transportation\data\lstm_sources\public\kddcup2017_china_tollgate\kdd2017_china_tollgate_20min.csv:kdd2017_t1_d1#segment5,1,100.0,89.66666666666667,10.333333333333329,True,88.0,linear_trend
1476711600,D:\intelligent_transportation\data\lstm_sources\public\kddcup2017_china_tollgate\kdd2017_china_tollgate_20min.csv:kdd2017_t1_d1#segment5,1,85.0,89.46666666666668,-4.466666666666683,True,100.0,linear_trend
1476712800,D:\intelligent_transportation\data\lstm_sources\public\kddcup2017_china_tollgate\kdd2017_china_tollgate_20min.csv:kdd2017_t1_d1#segment5,1,87.0,92.0,-5.0,True,85.0,linear_trend
1476714000,D:\intelligent_transportation\data\lstm_sources\public\kddcup2017_china_tollgate\kdd2017_china_tollgate_20min.csv:kdd2017_t1_d1#segment5,1,93.0,89.6,3.4000000000000057,True,87.0,linear_trend
1476715200,D:\intelligent_transportation\data\lstm_sources\public\kddcup2017_china_tollgate\kdd2017_china_tollgate_20min.csv:kdd2017_t1_d1#segment5,1,109.0,91.19999999999999,17.80000000000001,True,93.0,linear_trend
1476716400,D:\intelligent_transportation\data\lstm_sources\public\kddcup2017_china_tollgate\kdd2017_china_tollgate_20min.csv:kdd2017_t1_d1#segment5,1,99.0,102.26666666666668,-3.26666666666668,True,109.0,linear_trend
1476717600,D:\intelligent_transportation\data\lstm_sources\public\kddcup2017_china_tollgate\kdd2017_china_tollgate_20min.csv:kdd2017_t1_d1#segment5,1,92.0,102.80000000000001,-10.800000000000011,True,99.0,linear_trend
1476718800,D:\intelligent_transportation\data\lstm_sources\public\kddcup2017_china_tollgate\kdd2017_china_tollgate_20min.csv:kdd2017_t1_d1#segment5,1,89.0,102.86666666666667,-13.866666666666674,True,92.0,linear_trend
1476720000,D:\intelligent_transportation\data\lstm_sources\public\kddcup2017_china_tollgate\kdd2017_china_tollgate_20min.csv:kdd2017_t1_d1#segment5,1,101.0,94.53333333333332,6.466666666666683,True,89.0,linear_trend
1476721200,D:\intelligent_transportation\data\lstm_sources\public\kddcup2017_china_tollgate\kdd2017_china_tollgate_20min.csv:kdd2017_t1_d1#segment5,1,108.0,94.46666666666667,13.533333333333331,True,101.0,linear_trend
1476722400,D:\intelligent_transportation\data\lstm_sources\public\kddcup2017_china_tollgate\kdd2017_china_tollgate_20min.csv:kdd2017_t1_d1#segment5,1,104.0,99.46666666666667,4.533333333333331,True,108.0,linear_trend
1476723600,D:\intelligent_transportation\data\lstm_sources\public\kddcup2017_china_tollgate\kdd2017_china_tollgate_20min.csv:kdd2017_t1_d1#segment5,1,112.0,107.33333333333333,4.666666666666671,True,104.0,linear_trend
1476724800,D:\intelligent_transportation\data\lstm_sources\public\kddcup2017_china_tollgate\kdd2017_china_tollgate_20min.csv:kdd2017_t1_d1#segment5,1,126.0,116.19999999999999,9.800000000000011,True,112.0,linear_trend
1476726000,D:\intelligent_transportation\data\lstm_sources\public\kddcup2017_china_tollgate\kdd2017_china_tollgate_20min.csv:kdd2017_t1_d1#segment5,1,130.0,128.06666666666666,1.9333333333333371,True,126.0,linear_trend
1476727200,D:\intelligent_transportation\data\lstm_sources\public\kddcup2017_china_tollgate\kdd2017_china_tollgate_20min.csv:kdd2017_t1_d1#segment5,1,52.0,134.2,-82.19999999999999,True,130.0,linear_trend
1476728400,D:\intelligent_transportation\data\lstm_sources\public\kddcup2017_china_tollgate\kdd2017_china_tollgate_20min.csv:kdd2017_t1_d1#segment5,1,84.0,86.53333333333333,-2.5333333333333314,True,52.0,linear_trend
1476729600,D:\intelligent_transportation\data\lstm_sources\public\kddcup2017_china_tollgate\kdd2017_china_tollgate_20min.csv:kdd2017_t1_d1#segment5,1,49.0,73.73333333333332,-24.73333333333332,True,84.0,linear_trend
1476730800,D:\intelligent_transportation\data\lstm_sources\public\kddcup2017_china_tollgate\kdd2017_china_tollgate_20min.csv:kdd2017_t1_d1#segment5,1,39.0,40.266666666666666,-1.2666666666666657,True,49.0,linear_trend
1476732000,D:\intelligent_transportation\data\lstm_sources\public\kddcup2017_china_tollgate\kdd2017_china_tollgate_20min.csv:kdd2017_t1_d1#segment5,1,46.0,15.400000000000006,30.599999999999994,True,39.0,linear_trend
1476733200,D:\intelligent_transportation\data\lstm_sources\public\kddcup2017_china_tollgate\kdd2017_china_tollgate_20min.csv:kdd2017_t1_d1#segment5,1,33.0,17.26666666666668,15.73333333333332,True,46.0,linear_trend
1476734400,D:\intelligent_transportation\data\lstm_sources\public\kddcup2017_china_tollgate\kdd2017_china_tollgate_20min.csv:kdd2017_t1_d1#segment5,1,33.0,28.599999999999994,4.400000000000006,True,33.0,linear_trend
1476735600,D:\intelligent_transportation\data\lstm_sources\public\kddcup2017_china_tollgate\kdd2017_china_tollgate_20min.csv:kdd2017_t1_d1#segment5,1,33.0,17.733333333333334,15.266666666666666,True,33.0,linear_trend
1476736800,D:\intelligent_transportation\data\lstm_sources\public\kddcup2017_china_tollgate\kdd2017_china_tollgate_20min.csv:kdd2017_t1_d1#segment5,1,33.0,27.733333333333338,5.266666666666662,True,33.0,linear_trend
1476738000,D:\intelligent_transportation\data\lstm_sources\public\kddcup2017_china_tollgate\kdd2017_china_tollgate_20min.csv:kdd2017_t1_d1#segment5,1,24.0,29.266666666666666,-5.266666666666666,True,33.0,linear_trend
1476739200,D:\intelligent_transportation\data\lstm_sources\public\kddcup2017_china_tollgate\kdd2017_china_tollgate_20min.csv:kdd2017_t1_d1#segment5,1,24.0,22.66666666666666,1.3333333333333393,True,24.0,linear_trend
1476740400,D:\intelligent_transportation\data\lstm_sources\public\kddcup2017_china_tollgate\kdd2017_china_tollgate_20min.csv:kdd2017_t1_d1#segment5,1,31.0,22.799999999999997,8.200000000000003,True,24.0,linear_trend
1476741600,D:\intelligent_transportation\data\lstm_sources\public\kddcup2017_china_tollgate\kdd2017_china_tollgate_20min.csv:kdd2017_t1_d1#segment5,1,15.0,25.06666666666667,-10.06666666666667,True,31.0,linear_trend
1476742800,D:\intelligent_transportation\data\lstm_sources\public\kddcup2017_china_tollgate\kdd2017_china_tollgate_20min.csv:kdd2017_t1_d1#segment5,1,18.0,17.06666666666667,0.93333333333333,True,15.0,linear_trend
1476744000,D:\intelligent_transportation\data\lstm_sources\public\kddcup2017_china_tollgate\kdd2017_china_tollgate_20min.csv:kdd2017_t1_d1#segment5,1,19.0,14.666666666666671,4.333333333333329,True,18.0,linear_trend
1476745200,D:\intelligent_transportation\data\lstm_sources\public\kddcup2017_china_tollgate\kdd2017_china_tollgate_20min.csv:kdd2017_t1_d1#segment5,1,11.0,15.933333333333334,-4.933333333333334,True,19.0,linear_trend
1476746400,D:\intelligent_transportation\data\lstm_sources\public\kddcup2017_china_tollgate\kdd2017_china_tollgate_20min.csv:kdd2017_t1_d1#segment5,1,13.0,9.86666666666667,3.1333333333333293,True,11.0,linear_trend
1476747600,D:\intelligent_transportation\data\lstm_sources\public\kddcup2017_china_tollgate\kdd2017_china_tollgate_20min.csv:kdd2017_t1_d1#segment5,1,10.0,7.733333333333334,2.2666666666666657,True,13.0,linear_trend
1476379200,D:\intelligent_transportation\data\lstm_sources\public\kddcup2017_china_tollgate\kdd2017_china_tollgate_20min.csv:kdd2017_t2_d0#segment72,1,80.0,76.73333333333332,3.26666666666668,True,77.0,linear_trend
1476380400,D:\intelligent_transportation\data\lstm_sources\public\kddcup2017_china_tollgate\kdd2017_china_tollgate_20min.csv:kdd2017_t2_d0#segment72,1,80.0,79.46666666666667,0.5333333333333314,True,80.0,linear_trend
1476381600,D:\intelligent_transportation\data\lstm_sources\public\kddcup2017_china_tollgate\kdd2017_china_tollgate_20min.csv:kdd2017_t2_d0#segment72,1,73.0,78.60000000000001,-5.6000000000000085,True,80.0,linear_trend
1476382800,D:\intelligent_transportation\data\lstm_sources\public\kddcup2017_china_tollgate\kdd2017_china_tollgate_20min.csv:kdd2017_t2_d0#segment72,1,70.0,76.26666666666667,-6.266666666666666,True,73.0,linear_trend
1476384000,D:\intelligent_transportation\data\lstm_sources\public\kddcup2017_china_tollgate\kdd2017_china_tollgate_20min.csv:kdd2017_t2_d0#segment72,1,52.0,72.46666666666668,-20.466666666666683,True,70.0,linear_trend
1476385200,D:\intelligent_transportation\data\lstm_sources\public\kddcup2017_china_tollgate\kdd2017_china_tollgate_20min.csv:kdd2017_t2_d0#segment72,1,46.0,55.8,-9.799999999999997,True,52.0,linear_trend
1476386400,D:\intelligent_transportation\data\lstm_sources\public\kddcup2017_china_tollgate\kdd2017_china_tollgate_20min.csv:kdd2017_t2_d0#segment72,1,45.0,41.13333333333333,3.866666666666667,True,46.0,linear_trend
1476387600,D:\intelligent_transportation\data\lstm_sources\public\kddcup2017_china_tollgate\kdd2017_china_tollgate_20min.csv:kdd2017_t2_d0#segment72,1,37.0,33.6,3.3999999999999986,True,45.0,linear_trend
1476388800,D:\intelligent_transportation\data\lstm_sources\public\kddcup2017_china_tollgate\kdd2017_china_tollgate_20min.csv:kdd2017_t2_d0#segment72,1,44.0,27.733333333333334,16.266666666666666,True,37.0,linear_trend
1476390000,D:\intelligent_transportation\data\lstm_sources\public\kddcup2017_china_tollgate\kdd2017_china_tollgate_20min.csv:kdd2017_t2_d0#segment72,1,34.0,31.4,2.6000000000000014,True,44.0,linear_trend
1476391200,D:\intelligent_transportation\data\lstm_sources\public\kddcup2017_china_tollgate\kdd2017_china_tollgate_20min.csv:kdd2017_t2_d0#segment72,1,42.0,32.6,9.399999999999999,True,34.0,linear_trend
1476392400,D:\intelligent_transportation\data\lstm_sources\public\kddcup2017_china_tollgate\kdd2017_china_tollgate_20min.csv:kdd2017_t2_d0#segment72,1,26.0,36.733333333333334,-10.733333333333334,True,42.0,linear_trend
1476393600,D:\intelligent_transportation\data\lstm_sources\public\kddcup2017_china_tollgate\kdd2017_china_tollgate_20min.csv:kdd2017_t2_d0#segment72,1,25.0,29.0,-4.0,True,26.0,linear_trend
1476394800,D:\intelligent_transportation\data\lstm_sources\public\kddcup2017_china_tollgate\kdd2017_china_tollgate_20min.csv:kdd2017_t2_d0#segment72,1,27.0,24.066666666666663,2.933333333333337,True,25.0,linear_trend
1476396000,D:\intelligent_transportation\data\lstm_sources\public\kddcup2017_china_tollgate\kdd2017_china_tollgate_20min.csv:kdd2017_t2_d0#segment72,1,17.0,20.199999999999996,-3.1999999999999957,True,27.0,linear_trend
1476397200,D:\intelligent_transportation\data\lstm_sources\public\kddcup2017_china_tollgate\kdd2017_china_tollgate_20min.csv:kdd2017_t2_d0#segment72,1,13.0,15.400000000000006,-2.4000000000000057,True,17.0,linear_trend
1476398400,D:\intelligent_transportation\data\lstm_sources\public\kddcup2017_china_tollgate\kdd2017_china_tollgate_20min.csv:kdd2017_t2_d0#segment72,1,15.0,8.0,7.0,True,13.0,linear_trend
1476399600,D:\intelligent_transportation\data\lstm_sources\public\kddcup2017_china_tollgate\kdd2017_china_tollgate_20min.csv:kdd2017_t2_d0#segment72,1,6.0,10.400000000000002,-4.400000000000002,True,15.0,linear_trend
1476400800,D:\intelligent_transportation\data\lstm_sources\public\kddcup2017_china_tollgate\kdd2017_china_tollgate_20min.csv:kdd2017_t2_d0#segment72,1,11.0,3.666666666666668,7.333333333333332,True,6.0,linear_trend
1476402000,D:\intelligent_transportation\data\lstm_sources\public\kddcup2017_china_tollgate\kdd2017_china_tollgate_20min.csv:kdd2017_t2_d0#segment72,1,9.0,3.7333333333333343,5.266666666666666,True,11.0,linear_trend
1476403200,D:\intelligent_transportation\data\lstm_sources\public\kddcup2017_china_tollgate\kdd2017_china_tollgate_20min.csv:kdd2017_t2_d0#segment72,1,1.0,6.333333333333334,-5.333333333333334,True,9.0,linear_trend
1476404400,D:\intelligent_transportation\data\lstm_sources\public\kddcup2017_china_tollgate\kdd2017_china_tollgate_20min.csv:kdd2017_t2_d0#segment72,1,1.0,1.8666666666666636,-0.8666666666666636,True,1.0,linear_trend
1476405600,D:\intelligent_transportation\data\lstm_sources\public\kddcup2017_china_tollgate\kdd2017_china_tollgate_20min.csv:kdd2017_t2_d0#segment72,1,1.0,-1.5333333333333332,2.533333333333333,True,1.0,linear_trend
1476426000,D:\intelligent_transportation\data\lstm_sources\public\kddcup2017_china_tollgate\kdd2017_china_tollgate_20min.csv:kdd2017_t2_d0#segment75,1,45.0,26.066666666666666,18.933333333333334,True,20.0,linear_trend
1476427200,D:\intelligent_transportation\data\lstm_sources\public\kddcup2017_china_tollgate\kdd2017_china_tollgate_20min.csv:kdd2017_t2_d0#segment75,1,47.0,42.0,5.0,True,45.0,linear_trend
1476428400,D:\intelligent_transportation\data\lstm_sources\public\kddcup2017_china_tollgate\kdd2017_china_tollgate_20min.csv:kdd2017_t2_d0#segment75,1,87.0,53.13333333333333,33.86666666666667,True,47.0,linear_trend
1476429600,D:\intelligent_transportation\data\lstm_sources\public\kddcup2017_china_tollgate\kdd2017_china_tollgate_20min.csv:kdd2017_t2_d0#segment75,1,96.0,87.0,9.0,True,87.0,linear_trend
1476430800,D:\intelligent_transportation\data\lstm_sources\public\kddcup2017_china_tollgate\kdd2017_china_tollgate_20min.csv:kdd2017_t2_d0#segment75,1,108.0,110.13333333333334,-2.13333333333334,True,96.0,linear_trend
1476432000,D:\intelligent_transportation\data\lstm_sources\public\kddcup2017_china_tollgate\kdd2017_china_tollgate_20min.csv:kdd2017_t2_d0#segment75,1,112.0,130.46666666666667,-18.46666666666667,True,108.0,linear_trend
1476433200,D:\intelligent_transportation\data\lstm_sources\public\kddcup2017_china_tollgate\kdd2017_china_tollgate_20min.csv:kdd2017_t2_d0#segment75,1,132.0,135.2,-3.1999999999999886,True,112.0,linear_trend
1476434400,D:\intelligent_transportation\data\lstm_sources\public\kddcup2017_china_tollgate\kdd2017_china_tollgate_20min.csv:kdd2017_t2_d0#segment75,1,141.0,148.2,-7.199999999999989,True,132.0,linear_trend
1476435600,D:\intelligent_transportation\data\lstm_sources\public\kddcup2017_china_tollgate\kdd2017_china_tollgate_20min.csv:kdd2017_t2_d0#segment75,1,105.0,150.86666666666667,-45.866666666666674,True,141.0,linear_trend
1476436800,D:\intelligent_transportation\data\lstm_sources\public\kddcup2017_china_tollgate\kdd2017_china_tollgate_20min.csv:kdd2017_t2_d0#segment75,1,117.0,132.06666666666666,-15.066666666666663,True,105.0,linear_trend
1476438000,D:\intelligent_transportation\data\lstm_sources\public\kddcup2017_china_tollgate\kdd2017_china_tollgate_20min.csv:kdd2017_t2_d0#segment75,1,77.0,122.46666666666667,-45.46666666666667,True,117.0,linear_trend
1476439200,D:\intelligent_transportation\data\lstm_sources\public\kddcup2017_china_tollgate\kdd2017_china_tollgate_20min.csv:kdd2017_t2_d0#segment75,1,121.0,88.39999999999999,32.60000000000001,True,77.0,linear_trend
1476440400,D:\intelligent_transportation\data\lstm_sources\public\kddcup2017_china_tollgate\kdd2017_china_tollgate_20min.csv:kdd2017_t2_d0#segment75,1,83.0,92.0,-9.0,True,121.0,linear_trend
1476441600,D:\intelligent_transportation\data\lstm_sources\public\kddcup2017_china_tollgate\kdd2017_china_tollgate_20min.csv:kdd2017_t2_d0#segment75,1,76.0,79.13333333333333,-3.1333333333333258,True,83.0,linear_trend
1476442800,D:\intelligent_transportation\data\lstm_sources\public\kddcup2017_china_tollgate\kdd2017_china_tollgate_20min.csv:kdd2017_t2_d0#segment75,1,76.0,76.2,-0.20000000000000284,True,76.0,linear_trend
1476444000,D:\intelligent_transportation\data\lstm_sources\public\kddcup2017_china_tollgate\kdd2017_china_tollgate_20min.csv:kdd2017_t2_d0#segment75,1,66.0,67.06666666666666,-1.0666666666666629,True,76.0,linear_trend
1476445200,D:\intelligent_transportation\data\lstm_sources\public\kddcup2017_china_tollgate\kdd2017_china_tollgate_20min.csv:kdd2017_t2_d0#segment75,1,61.0,63.46666666666667,-2.4666666666666686,True,66.0,linear_trend
1476446400,D:\intelligent_transportation\data\lstm_sources\public\kddcup2017_china_tollgate\kdd2017_china_tollgate_20min.csv:kdd2017_t2_d0#segment75,1,65.0,45.4,19.6,True,61.0,linear_trend
1476447600,D:\intelligent_transportation\data\lstm_sources\public\kddcup2017_china_tollgate\kdd2017_china_tollgate_20min.csv:kdd2017_t2_d0#segment75,1,86.0,56.66666666666667,29.33333333333333,True,65.0,linear_trend
1476448800,D:\intelligent_transportation\data\lstm_sources\public\kddcup2017_china_tollgate\kdd2017_china_tollgate_20min.csv:kdd2017_t2_d0#segment75,1,93.0,72.86666666666667,20.133333333333326,True,86.0,linear_trend
1476450000,D:\intelligent_transportation\data\lstm_sources\public\kddcup2017_china_tollgate\kdd2017_china_tollgate_20min.csv:kdd2017_t2_d0#segment75,1,80.0,89.4,-9.400000000000006,True,93.0,linear_trend
1476451200,D:\intelligent_transportation\data\lstm_sources\public\kddcup2017_china_tollgate\kdd2017_china_tollgate_20min.csv:kdd2017_t2_d0#segment75,1,83.0,93.86666666666667,-10.866666666666674,True,80.0,linear_trend
1476452400,D:\intelligent_transportation\data\lstm_sources\public\kddcup2017_china_tollgate\kdd2017_china_tollgate_20min.csv:kdd2017_t2_d0#segment75,1,102.0,94.2,7.799999999999997,True,83.0,linear_trend
1476453600,D:\intelligent_transportation\data\lstm_sources\public\kddcup2017_china_tollgate\kdd2017_china_tollgate_20min.csv:kdd2017_t2_d0#segment75,1,97.0,101.13333333333333,-4.133333333333326,True,102.0,linear_trend
1476454800,D:\intelligent_transportation\data\lstm_sources\public\kddcup2017_china_tollgate\kdd2017_china_tollgate_20min.csv:kdd2017_t2_d0#segment75,1,101.0,98.66666666666667,2.3333333333333286,True,97.0,linear_trend
1476456000,D:\intelligent_transportation\data\lstm_sources\public\kddcup2017_china_tollgate\kdd2017_china_tollgate_20min.csv:kdd2017_t2_d0#segment75,1,82.0,103.66666666666667,-21.66666666666667,True,101.0,linear_trend
1476457200,D:\intelligent_transportation\data\lstm_sources\public\kddcup2017_china_tollgate\kdd2017_china_tollgate_20min.csv:kdd2017_t2_d0#segment75,1,81.0,96.73333333333333,-15.733333333333334,True,82.0,linear_trend
1476458400,D:\intelligent_transportation\data\lstm_sources\public\kddcup2017_china_tollgate\kdd2017_china_tollgate_20min.csv:kdd2017_t2_d0#segment75,1,104.0,84.39999999999999,19.60000000000001,True,81.0,linear_trend
1476459600,D:\intelligent_transportation\data\lstm_sources\public\kddcup2017_china_tollgate\kdd2017_china_tollgate_20min.csv:kdd2017_t2_d0#segment75,1,94.0,88.8,5.200000000000003,True,104.0,linear_trend
1476460800,D:\intelligent_transportation\data\lstm_sources\public\kddcup2017_china_tollgate\kdd2017_china_tollgate_20min.csv:kdd2017_t2_d0#segment75,1,102.0,92.46666666666667,9.533333333333331,True,94.0,linear_trend
1476462000,D:\intelligent_transportation\data\lstm_sources\public\kddcup2017_china_tollgate\kdd2017_china_tollgate_20min.csv:kdd2017_t2_d0#segment75,1,94.0,100.4,-6.400000000000006,True,102.0,linear_trend
1476463200,D:\intelligent_transportation\data\lstm_sources\public\kddcup2017_china_tollgate\kdd2017_china_tollgate_20min.csv:kdd2017_t2_d0#segment75,1,87.0,104.13333333333333,-17.133333333333326,True,94.0,linear_trend
1476464400,D:\intelligent_transportation\data\lstm_sources\public\kddcup2017_china_tollgate\kdd2017_china_tollgate_20min.csv:kdd2017_t2_d0#segment75,1,83.0,94.46666666666667,-11.466666666666669,True,87.0,linear_trend
1476465600,D:\intelligent_transportation\data\lstm_sources\public\kddcup2017_china_tollgate\kdd2017_china_tollgate_20min.csv:kdd2017_t2_d0#segment75,1,98.0,80.6,17.400000000000006,True,83.0,linear_trend
1476466800,D:\intelligent_transportation\data\lstm_sources\public\kddcup2017_china_tollgate\kdd2017_china_tollgate_20min.csv:kdd2017_t2_d0#segment75,1,79.0,88.6,-9.599999999999994,True,98.0,linear_trend
1476468000,D:\intelligent_transportation\data\lstm_sources\public\kddcup2017_china_tollgate\kdd2017_china_tollgate_20min.csv:kdd2017_t2_d0#segment75,1,71.0,79.8,-8.799999999999997,True,79.0,linear_trend
1476469200,D:\intelligent_transportation\data\lstm_sources\public\kddcup2017_china_tollgate\kdd2017_china_tollgate_20min.csv:kdd2017_t2_d0#segment75,1,89.0,72.93333333333334,16.066666666666663,True,71.0,linear_trend
1476470400,D:\intelligent_transportation\data\lstm_sources\public\kddcup2017_china_tollgate\kdd2017_china_tollgate_20min.csv:kdd2017_t2_d0#segment75,1,69.0,80.0,-11.0,True,89.0,linear_trend
1476471600,D:\intelligent_transportation\data\lstm_sources\public\kddcup2017_china_tollgate\kdd2017_china_tollgate_20min.csv:kdd2017_t2_d0#segment75,1,53.0,71.0,-18.0,True,69.0,linear_trend
1476472800,D:\intelligent_transportation\data\lstm_sources\public\kddcup2017_china_tollgate\kdd2017_china_tollgate_20min.csv:kdd2017_t2_d0#segment75,1,52.0,52.800000000000004,-0.8000000000000043,True,53.0,linear_trend
1476474000,D:\intelligent_transportation\data\lstm_sources\public\kddcup2017_china_tollgate\kdd2017_china_tollgate_20min.csv:kdd2017_t2_d0#segment75,1,49.0,47.93333333333333,1.06666666666667,True,52.0,linear_trend
1476475200,D:\intelligent_transportation\data\lstm_sources\public\kddcup2017_china_tollgate\kdd2017_china_tollgate_20min.csv:kdd2017_t2_d0#segment75,1,48.0,40.13333333333333,7.866666666666667,True,49.0,linear_trend
1476476400,D:\intelligent_transportation\data\lstm_sources\public\kddcup2017_china_tollgate\kdd2017_china_tollgate_20min.csv:kdd2017_t2_d0#segment75,1,35.0,33.400000000000006,1.5999999999999943,True,48.0,linear_trend
1476477600,D:\intelligent_transportation\data\lstm_sources\public\kddcup2017_china_tollgate\kdd2017_china_tollgate_20min.csv:kdd2017_t2_d0#segment75,1,38.0,32.2,5.799999999999997,True,35.0,linear_trend
1476478800,D:\intelligent_transportation\data\lstm_sources\public\kddcup2017_china_tollgate\kdd2017_china_tollgate_20min.csv:kdd2017_t2_d0#segment75,1,24.0,33.13333333333333,-9.133333333333333,True,38.0,linear_trend
1476480000,D:\intelligent_transportation\data\lstm_sources\public\kddcup2017_china_tollgate\kdd2017_china_tollgate_20min.csv:kdd2017_t2_d0#segment75,1,29.0,22.4,6.600000000000001,True,24.0,linear_trend
1476481200,D:\intelligent_transportation\data\lstm_sources\public\kddcup2017_china_tollgate\kdd2017_china_tollgate_20min.csv:kdd2017_t2_d0#segment75,1,37.0,20.266666666666666,16.733333333333334,True,29.0,linear_trend
1476482400,D:\intelligent_transportation\data\lstm_sources\public\kddcup2017_china_tollgate\kdd2017_china_tollgate_20min.csv:kdd2017_t2_d0#segment75,1,25.0,26.466666666666665,-1.466666666666665,True,37.0,linear_trend
1476483600,D:\intelligent_transportation\data\lstm_sources\public\kddcup2017_china_tollgate\kdd2017_china_tollgate_20min.csv:kdd2017_t2_d0#segment75,1,24.0,26.53333333333333,-2.5333333333333314,True,25.0,linear_trend
1476484800,D:\intelligent_transportation\data\lstm_sources\public\kddcup2017_china_tollgate\kdd2017_china_tollgate_20min.csv:kdd2017_t2_d0#segment75,1,21.0,23.6,-2.6000000000000014,True,24.0,linear_trend
1476486000,D:\intelligent_transportation\data\lstm_sources\public\kddcup2017_china_tollgate\kdd2017_china_tollgate_20min.csv:kdd2017_t2_d0#segment75,1,8.0,22.46666666666667,-14.466666666666669,True,21.0,linear_trend
1476487200,D:\intelligent_transportation\data\lstm_sources\public\kddcup2017_china_tollgate\kdd2017_china_tollgate_20min.csv:kdd2017_t2_d0#segment75,1,12.0,8.599999999999998,3.400000000000002,True,8.0,linear_trend
1476488400,D:\intelligent_transportation\data\lstm_sources\public\kddcup2017_china_tollgate\kdd2017_china_tollgate_20min.csv:kdd2017_t2_d0#segment75,1,7.0,3.2666666666666657,3.7333333333333343,True,12.0,linear_trend
1476489600,D:\intelligent_transportation\data\lstm_sources\public\kddcup2017_china_tollgate\kdd2017_china_tollgate_20min.csv:kdd2017_t2_d0#segment75,1,3.0,2.2666666666666657,0.7333333333333343,True,7.0,linear_trend
1476490800,D:\intelligent_transportation\data\lstm_sources\public\kddcup2017_china_tollgate\kdd2017_china_tollgate_20min.csv:kdd2017_t2_d0#segment75,1,2.0,-1.7999999999999972,3.799999999999997,True,3.0,linear_trend
1476492000,D:\intelligent_transportation\data\lstm_sources\public\kddcup2017_china_tollgate\kdd2017_china_tollgate_20min.csv:kdd2017_t2_d0#segment75,1,1.0,-2.666666666666668,3.666666666666668,True,2.0,linear_trend
1476493200,D:\intelligent_transportation\data\lstm_sources\public\kddcup2017_china_tollgate\kdd2017_china_tollgate_20min.csv:kdd2017_t2_d0#segment75,1,1.0,-1.4000000000000004,2.4000000000000004,True,1.0,linear_trend
1476494400,D:\intelligent_transportation\data\lstm_sources\public\kddcup2017_china_tollgate\kdd2017_china_tollgate_20min.csv:kdd2017_t2_d0#segment75,1,1.0,-3.066666666666668,4.066666666666668,True,1.0,linear_trend
1476495600,D:\intelligent_transportation\data\lstm_sources\public\kddcup2017_china_tollgate\kdd2017_china_tollgate_20min.csv:kdd2017_t2_d0#segment75,1,2.0,-1.200000000000001,3.200000000000001,True,1.0,linear_trend
1476512400,D:\intelligent_transportation\data\lstm_sources\public\kddcup2017_china_tollgate\kdd2017_china_tollgate_20min.csv:kdd2017_t2_d0#segment78,1,13.0,26.799999999999997,-13.799999999999997,True,21.0,linear_trend
1476523200,D:\intelligent_transportation\data\lstm_sources\public\kddcup2017_china_tollgate\kdd2017_china_tollgate_20min.csv:kdd2017_t2_d0#segment79,1,124.0,130.8,-6.800000000000011,True,108.0,linear_trend
1476524400,D:\intelligent_transportation\data\lstm_sources\public\kddcup2017_china_tollgate\kdd2017_china_tollgate_20min.csv:kdd2017_t2_d0#segment79,1,95.0,127.93333333333332,-32.93333333333332,True,124.0,linear_trend
1476525600,D:\intelligent_transportation\data\lstm_sources\public\kddcup2017_china_tollgate\kdd2017_china_tollgate_20min.csv:kdd2017_t2_d0#segment79,1,111.0,107.46666666666667,3.5333333333333314,True,95.0,linear_trend
1476526800,D:\intelligent_transportation\data\lstm_sources\public\kddcup2017_china_tollgate\kdd2017_china_tollgate_20min.csv:kdd2017_t2_d0#segment79,1,111.0,105.53333333333333,5.466666666666669,True,111.0,linear_trend
1476528000,D:\intelligent_transportation\data\lstm_sources\public\kddcup2017_china_tollgate\kdd2017_china_tollgate_20min.csv:kdd2017_t2_d0#segment79,1,101.0,110.66666666666667,-9.666666666666671,True,111.0,linear_trend
1476529200,D:\intelligent_transportation\data\lstm_sources\public\kddcup2017_china_tollgate\kdd2017_china_tollgate_20min.csv:kdd2017_t2_d0#segment79,1,77.0,102.53333333333333,-25.53333333333333,True,101.0,linear_trend
1476530400,D:\intelligent_transportation\data\lstm_sources\public\kddcup2017_china_tollgate\kdd2017_china_tollgate_20min.csv:kdd2017_t2_d0#segment79,1,76.0,81.46666666666667,-5.466666666666669,True,77.0,linear_trend
1476531600,D:\intelligent_transportation\data\lstm_sources\public\kddcup2017_china_tollgate\kdd2017_china_tollgate_20min.csv:kdd2017_t2_d0#segment79,1,58.0,74.46666666666667,-16.46666666666667,True,76.0,linear_trend
1476532800,D:\intelligent_transportation\data\lstm_sources\public\kddcup2017_china_tollgate\kdd2017_china_tollgate_20min.csv:kdd2017_t2_d0#segment79,1,62.0,49.599999999999994,12.400000000000006,True,58.0,linear_trend
1476534000,D:\intelligent_transportation\data\lstm_sources\public\kddcup2017_china_tollgate\kdd2017_china_tollgate_20min.csv:kdd2017_t2_d0#segment79,1,85.0,43.33333333333334,41.66666666666666,True,62.0,linear_trend
1476535200,D:\intelligent_transportation\data\lstm_sources\public\kddcup2017_china_tollgate\kdd2017_china_tollgate_20min.csv:kdd2017_t2_d0#segment79,1,78.0,62.199999999999996,15.800000000000004,True,85.0,linear_trend
1476536400,D:\intelligent_transportation\data\lstm_sources\public\kddcup2017_china_tollgate\kdd2017_china_tollgate_20min.csv:kdd2017_t2_d0#segment79,1,85.0,76.26666666666668,8.73333333333332,True,78.0,linear_trend
1476537600,D:\intelligent_transportation\data\lstm_sources\public\kddcup2017_china_tollgate\kdd2017_china_tollgate_20min.csv:kdd2017_t2_d0#segment79,1,90.0,86.80000000000001,3.1999999999999886,True,85.0,linear_trend
1476538800,D:\intelligent_transportation\data\lstm_sources\public\kddcup2017_china_tollgate\kdd2017_china_tollgate_20min.csv:kdd2017_t2_d0#segment79,1,93.0,98.53333333333333,-5.533333333333331,True,90.0,linear_trend
1476540000,D:\intelligent_transportation\data\lstm_sources\public\kddcup2017_china_tollgate\kdd2017_china_tollgate_20min.csv:kdd2017_t2_d0#segment79,1,79.0,99.86666666666667,-20.866666666666674,True,93.0,linear_trend
1476541200,D:\intelligent_transportation\data\lstm_sources\public\kddcup2017_china_tollgate\kdd2017_china_tollgate_20min.csv:kdd2017_t2_d0#segment79,1,88.0,87.0,1.0,True,79.0,linear_trend
1476542400,D:\intelligent_transportation\data\lstm_sources\public\kddcup2017_china_tollgate\kdd2017_china_tollgate_20min.csv:kdd2017_t2_d0#segment79,1,60.0,89.0,-29.0,True,88.0,linear_trend
1476543600,D:\intelligent_transportation\data\lstm_sources\public\kddcup2017_china_tollgate\kdd2017_china_tollgate_20min.csv:kdd2017_t2_d0#segment79,1,72.0,68.0,4.0,True,60.0,linear_trend
1476544800,D:\intelligent_transportation\data\lstm_sources\public\kddcup2017_china_tollgate\kdd2017_china_tollgate_20min.csv:kdd2017_t2_d0#segment79,1,82.0,62.33333333333333,19.66666666666667,True,72.0,linear_trend
1476546000,D:\intelligent_transportation\data\lstm_sources\public\kddcup2017_china_tollgate\kdd2017_china_tollgate_20min.csv:kdd2017_t2_d0#segment79,1,88.0,68.6,19.400000000000006,True,82.0,linear_trend
1476547200,D:\intelligent_transportation\data\lstm_sources\public\kddcup2017_china_tollgate\kdd2017_china_tollgate_20min.csv:kdd2017_t2_d0#segment79,1,85.0,82.06666666666666,2.933333333333337,True,88.0,linear_trend
1476548400,D:\intelligent_transportation\data\lstm_sources\public\kddcup2017_china_tollgate\kdd2017_china_tollgate_20min.csv:kdd2017_t2_d0#segment79,1,79.0,87.06666666666668,-8.066666666666677,True,85.0,linear_trend
1476549600,D:\intelligent_transportation\data\lstm_sources\public\kddcup2017_china_tollgate\kdd2017_china_tollgate_20min.csv:kdd2017_t2_d0#segment79,1,91.0,91.66666666666667,-0.6666666666666714,True,79.0,linear_trend
1476550800,D:\intelligent_transportation\data\lstm_sources\public\kddcup2017_china_tollgate\kdd2017_china_tollgate_20min.csv:kdd2017_t2_d0#segment79,1,72.0,91.13333333333333,-19.133333333333326,True,91.0,linear_trend
1476552000,D:\intelligent_transportation\data\lstm_sources\public\kddcup2017_china_tollgate\kdd2017_china_tollgate_20min.csv:kdd2017_t2_d0#segment79,1,84.0,78.13333333333333,5.866666666666674,True,72.0,linear_trend
1476553200,D:\intelligent_transportation\data\lstm_sources\public\kddcup2017_china_tollgate\kdd2017_china_tollgate_20min.csv:kdd2017_t2_d0#segment79,1,50.0,78.46666666666667,-28.46666666666667,True,84.0,linear_trend
1476554400,D:\intelligent_transportation\data\lstm_sources\public\kddcup2017_china_tollgate\kdd2017_china_tollgate_20min.csv:kdd2017_t2_d0#segment79,1,41.0,58.93333333333334,-17.933333333333337,True,50.0,linear_trend
1476555600,D:\intelligent_transportation\data\lstm_sources\public\kddcup2017_china_tollgate\kdd2017_china_tollgate_20min.csv:kdd2017_t2_d0#segment79,1,35.0,39.400000000000006,-4.400000000000006,True,41.0,linear_trend
1476556800,D:\intelligent_transportation\data\lstm_sources\public\kddcup2017_china_tollgate\kdd2017_china_tollgate_20min.csv:kdd2017_t2_d0#segment79,1,37.0,21.46666666666667,15.533333333333331,True,35.0,linear_trend
1476558000,D:\intelligent_transportation\data\lstm_sources\public\kddcup2017_china_tollgate\kdd2017_china_tollgate_20min.csv:kdd2017_t2_d0#segment79,1,40.0,20.066666666666663,19.933333333333337,True,37.0,linear_trend
1476559200,D:\intelligent_transportation\data\lstm_sources\public\kddcup2017_china_tollgate\kdd2017_china_tollgate_20min.csv:kdd2017_t2_d0#segment79,1,37.0,21.33333333333333,15.666666666666671,True,40.0,linear_trend
1476560400,D:\intelligent_transportation\data\lstm_sources\public\kddcup2017_china_tollgate\kdd2017_china_tollgate_20min.csv:kdd2017_t2_d0#segment79,1,34.0,33.400000000000006,0.5999999999999943,True,37.0,linear_trend
1476561600,D:\intelligent_transportation\data\lstm_sources\public\kddcup2017_china_tollgate\kdd2017_china_tollgate_20min.csv:kdd2017_t2_d0#segment79,1,36.0,34.733333333333334,1.2666666666666657,True,34.0,linear_trend
1476562800,D:\intelligent_transportation\data\lstm_sources\public\kddcup2017_china_tollgate\kdd2017_china_tollgate_20min.csv:kdd2017_t2_d0#segment79,1,50.0,35.8,14.200000000000003,True,36.0,linear_trend
1476564000,D:\intelligent_transportation\data\lstm_sources\public\kddcup2017_china_tollgate\kdd2017_china_tollgate_20min.csv:kdd2017_t2_d0#segment79,1,32.0,44.0,-12.0,True,50.0,linear_trend
1476565200,D:\intelligent_transportation\data\lstm_sources\public\kddcup2017_china_tollgate\kdd2017_china_tollgate_20min.csv:kdd2017_t2_d0#segment79,1,26.0,38.266666666666666,-12.266666666666666,True,32.0,linear_trend
1476566400,D:\intelligent_transportation\data\lstm_sources\public\kddcup2017_china_tollgate\kdd2017_china_tollgate_20min.csv:kdd2017_t2_d0#segment79,1,21.0,31.133333333333333,-10.133333333333333,True,26.0,linear_trend
1476567600,D:\intelligent_transportation\data\lstm_sources\public\kddcup2017_china_tollgate\kdd2017_china_tollgate_20min.csv:kdd2017_t2_d0#segment79,1,26.0,21.86666666666666,4.13333333333334,True,21.0,linear_trend
1476568800,D:\intelligent_transportation\data\lstm_sources\public\kddcup2017_china_tollgate\kdd2017_china_tollgate_20min.csv:kdd2017_t2_d0#segment79,1,16.0,17.53333333333333,-1.5333333333333314,True,26.0,linear_trend
1476570000,D:\intelligent_transportation\data\lstm_sources\public\kddcup2017_china_tollgate\kdd2017_china_tollgate_20min.csv:kdd2017_t2_d0#segment79,1,10.0,9.199999999999996,0.8000000000000043,True,16.0,linear_trend
1476571200,D:\intelligent_transportation\data\lstm_sources\public\kddcup2017_china_tollgate\kdd2017_china_tollgate_20min.csv:kdd2017_t2_d0#segment79,1,11.0,8.333333333333332,2.666666666666668,True,10.0,linear_trend
1476572400,D:\intelligent_transportation\data\lstm_sources\public\kddcup2017_china_tollgate\kdd2017_china_tollgate_20min.csv:kdd2017_t2_d0#segment79,1,6.0,6.533333333333331,-0.5333333333333314,True,11.0,linear_trend
1476573600,D:\intelligent_transportation\data\lstm_sources\public\kddcup2017_china_tollgate\kdd2017_china_tollgate_20min.csv:kdd2017_t2_d0#segment79,1,8.0,2.3999999999999986,5.600000000000001,True,6.0,linear_trend
1476574800,D:\intelligent_transportation\data\lstm_sources\public\kddcup2017_china_tollgate\kdd2017_china_tollgate_20min.csv:kdd2017_t2_d0#segment79,1,7.0,0.9333333333333371,6.066666666666663,True,8.0,linear_trend
1476576000,D:\intelligent_transportation\data\lstm_sources\public\kddcup2017_china_tollgate\kdd2017_china_tollgate_20min.csv:kdd2017_t2_d0#segment79,1,2.0,4.066666666666665,-2.0666666666666647,True,7.0,linear_trend
1476601200,D:\intelligent_transportation\data\lstm_sources\public\kddcup2017_china_tollgate\kdd2017_china_tollgate_20min.csv:kdd2017_t2_d0#segment82,1,40.0,36.2,3.799999999999997,True,34.0,linear_trend
1476602400,D:\intelligent_transportation\data\lstm_sources\public\kddcup2017_china_tollgate\kdd2017_china_tollgate_20min.csv:kdd2017_t2_d0#segment82,1,69.0,46.733333333333334,22.266666666666666,True,40.0,linear_trend
1476603600,D:\intelligent_transportation\data\lstm_sources\public\kddcup2017_china_tollgate\kdd2017_china_tollgate_20min.csv:kdd2017_t2_d0#segment82,1,58.0,67.73333333333335,-9.733333333333348,True,69.0,linear_trend
1476604800,D:\intelligent_transportation\data\lstm_sources\public\kddcup2017_china_tollgate\kdd2017_china_tollgate_20min.csv:kdd2017_t2_d0#segment82,1,81.0,75.26666666666667,5.733333333333334,True,58.0,linear_trend
1476606000,D:\intelligent_transportation\data\lstm_sources\public\kddcup2017_china_tollgate\kdd2017_china_tollgate_20min.csv:kdd2017_t2_d0#segment82,1,92.0,86.26666666666665,5.7333333333333485,True,81.0,linear_trend
1476607200,D:\intelligent_transportation\data\lstm_sources\public\kddcup2017_china_tollgate\kdd2017_china_tollgate_20min.csv:kdd2017_t2_d0#segment82,1,99.0,102.53333333333333,-3.5333333333333314,True,92.0,linear_trend
1476608400,D:\intelligent_transportation\data\lstm_sources\public\kddcup2017_china_tollgate\kdd2017_china_tollgate_20min.csv:kdd2017_t2_d0#segment82,1,95.0,111.86666666666667,-16.866666666666674,True,99.0,linear_trend
1476609600,D:\intelligent_transportation\data\lstm_sources\public\kddcup2017_china_tollgate\kdd2017_china_tollgate_20min.csv:kdd2017_t2_d0#segment82,1,107.0,108.73333333333332,-1.73333333333332,True,95.0,linear_trend
1476610800,D:\intelligent_transportation\data\lstm_sources\public\kddcup2017_china_tollgate\kdd2017_china_tollgate_20min.csv:kdd2017_t2_d0#segment82,1,87.0,118.06666666666668,-31.066666666666677,True,107.0,linear_trend
1476612000,D:\intelligent_transportation\data\lstm_sources\public\kddcup2017_china_tollgate\kdd2017_china_tollgate_20min.csv:kdd2017_t2_d0#segment82,1,90.0,100.6,-10.599999999999994,True,87.0,linear_trend
1476613200,D:\intelligent_transportation\data\lstm_sources\public\kddcup2017_china_tollgate\kdd2017_china_tollgate_20min.csv:kdd2017_t2_d0#segment82,1,75.0,91.60000000000001,-16.60000000000001,True,90.0,linear_trend
1476614400,D:\intelligent_transportation\data\lstm_sources\public\kddcup2017_china_tollgate\kdd2017_china_tollgate_20min.csv:kdd2017_t2_d0#segment82,1,97.0,76.66666666666667,20.33333333333333,True,75.0,linear_trend
1476615600,D:\intelligent_transportation\data\lstm_sources\public\kddcup2017_china_tollgate\kdd2017_china_tollgate_20min.csv:kdd2017_t2_d0#segment82,1,67.0,83.53333333333333,-16.53333333333333,True,97.0,linear_trend
1476616800,D:\intelligent_transportation\data\lstm_sources\public\kddcup2017_china_tollgate\kdd2017_china_tollgate_20min.csv:kdd2017_t2_d0#segment82,1,80.0,68.66666666666666,11.333333333333343,True,67.0,linear_trend
1476618000,D:\intelligent_transportation\data\lstm_sources\public\kddcup2017_china_tollgate\kdd2017_china_tollgate_20min.csv:kdd2017_t2_d0#segment82,1,57.0,74.46666666666667,-17.46666666666667,True,80.0,linear_trend
1476619200,D:\intelligent_transportation\data\lstm_sources\public\kddcup2017_china_tollgate\kdd2017_china_tollgate_20min.csv:kdd2017_t2_d0#segment82,1,68.0,59.66666666666667,8.333333333333329,True,57.0,linear_trend
1476620400,D:\intelligent_transportation\data\lstm_sources\public\kddcup2017_china_tollgate\kdd2017_china_tollgate_20min.csv:kdd2017_t2_d0#segment82,1,68.0,59.8,8.200000000000003,True,68.0,linear_trend
1476621600,D:\intelligent_transportation\data\lstm_sources\public\kddcup2017_china_tollgate\kdd2017_china_tollgate_20min.csv:kdd2017_t2_d0#segment82,1,63.0,56.333333333333336,6.666666666666664,True,68.0,linear_trend
1476622800,D:\intelligent_transportation\data\lstm_sources\public\kddcup2017_china_tollgate\kdd2017_china_tollgate_20min.csv:kdd2017_t2_d0#segment82,1,79.0,62.666666666666664,16.333333333333336,True,63.0,linear_trend
1476624000,D:\intelligent_transportation\data\lstm_sources\public\kddcup2017_china_tollgate\kdd2017_china_tollgate_20min.csv:kdd2017_t2_d0#segment82,1,61.0,70.46666666666667,-9.466666666666669,True,79.0,linear_trend
1476625200,D:\intelligent_transportation\data\lstm_sources\public\kddcup2017_china_tollgate\kdd2017_china_tollgate_20min.csv:kdd2017_t2_d0#segment82,1,90.0,70.8,19.200000000000003,True,61.0,linear_trend
1476626400,D:\intelligent_transportation\data\lstm_sources\public\kddcup2017_china_tollgate\kdd2017_china_tollgate_20min.csv:kdd2017_t2_d0#segment82,1,66.0,82.0,-16.0,True,90.0,linear_trend
1476627600,D:\intelligent_transportation\data\lstm_sources\public\kddcup2017_china_tollgate\kdd2017_china_tollgate_20min.csv:kdd2017_t2_d0#segment82,1,81.0,76.46666666666667,4.533333333333331,True,66.0,linear_trend
1476628800,D:\intelligent_transportation\data\lstm_sources\public\kddcup2017_china_tollgate\kdd2017_china_tollgate_20min.csv:kdd2017_t2_d0#segment82,1,63.0,81.33333333333333,-18.33333333333333,True,81.0,linear_trend
1476630000,D:\intelligent_transportation\data\lstm_sources\public\kddcup2017_china_tollgate\kdd2017_china_tollgate_20min.csv:kdd2017_t2_d0#segment82,1,78.0,68.93333333333332,9.066666666666677,True,63.0,linear_trend
1476631200,D:\intelligent_transportation\data\lstm_sources\public\kddcup2017_china_tollgate\kdd2017_china_tollgate_20min.csv:kdd2017_t2_d0#segment82,1,86.0,75.06666666666666,10.933333333333337,True,78.0,linear_trend
1476632400,D:\intelligent_transportation\data\lstm_sources\public\kddcup2017_china_tollgate\kdd2017_china_tollgate_20min.csv:kdd2017_t2_d0#segment82,1,69.0,77.13333333333333,-8.133333333333326,True,86.0,linear_trend
1476633600,D:\intelligent_transportation\data\lstm_sources\public\kddcup2017_china_tollgate\kdd2017_china_tollgate_20min.csv:kdd2017_t2_d0#segment82,1,84.0,78.33333333333334,5.666666666666657,True,69.0,linear_trend
1476634800,D:\intelligent_transportation\data\lstm_sources\public\kddcup2017_china_tollgate\kdd2017_china_tollgate_20min.csv:kdd2017_t2_d0#segment82,1,98.0,80.93333333333332,17.066666666666677,True,84.0,linear_trend
1476636000,D:\intelligent_transportation\data\lstm_sources\public\kddcup2017_china_tollgate\kdd2017_china_tollgate_20min.csv:kdd2017_t2_d0#segment82,1,71.0,97.26666666666668,-26.26666666666668,True,98.0,linear_trend
1476637200,D:\intelligent_transportation\data\lstm_sources\public\kddcup2017_china_tollgate\kdd2017_china_tollgate_20min.csv:kdd2017_t2_d0#segment82,1,82.0,82.60000000000001,-0.6000000000000085,True,71.0,linear_trend
1476638400,D:\intelligent_transportation\data\lstm_sources\public\kddcup2017_china_tollgate\kdd2017_china_tollgate_20min.csv:kdd2017_t2_d0#segment82,1,65.0,81.66666666666667,-16.66666666666667,True,82.0,linear_trend
1476639600,D:\intelligent_transportation\data\lstm_sources\public\kddcup2017_china_tollgate\kdd2017_china_tollgate_20min.csv:kdd2017_t2_d0#segment82,1,74.0,72.86666666666667,1.1333333333333258,True,65.0,linear_trend
1476640800,D:\intelligent_transportation\data\lstm_sources\public\kddcup2017_china_tollgate\kdd2017_china_tollgate_20min.csv:kdd2017_t2_d0#segment82,1,46.0,65.2,-19.200000000000003,True,74.0,linear_trend
1476642000,D:\intelligent_transportation\data\lstm_sources\public\kddcup2017_china_tollgate\kdd2017_china_tollgate_20min.csv:kdd2017_t2_d0#segment82,1,54.0,45.86666666666667,8.133333333333333,True,46.0,linear_trend
1476643200,D:\intelligent_transportation\data\lstm_sources\public\kddcup2017_china_tollgate\kdd2017_china_tollgate_20min.csv:kdd2017_t2_d0#segment82,1,32.0,46.93333333333332,-14.933333333333323,True,54.0,linear_trend
1476644400,D:\intelligent_transportation\data\lstm_sources\public\kddcup2017_china_tollgate\kdd2017_china_tollgate_20min.csv:kdd2017_t2_d0#segment82,1,44.0,27.733333333333334,16.266666666666666,True,32.0,linear_trend
1476645600,D:\intelligent_transportation\data\lstm_sources\public\kddcup2017_china_tollgate\kdd2017_china_tollgate_20min.csv:kdd2017_t2_d0#segment82,1,35.0,30.200000000000003,4.799999999999997,True,44.0,linear_trend
1476646800,D:\intelligent_transportation\data\lstm_sources\public\kddcup2017_china_tollgate\kdd2017_china_tollgate_20min.csv:kdd2017_t2_d0#segment82,1,38.0,25.200000000000003,12.799999999999997,True,35.0,linear_trend
1476648000,D:\intelligent_transportation\data\lstm_sources\public\kddcup2017_china_tollgate\kdd2017_china_tollgate_20min.csv:kdd2017_t2_d0#segment82,1,31.0,33.0,-2.0,True,38.0,linear_trend
1476649200,D:\intelligent_transportation\data\lstm_sources\public\kddcup2017_china_tollgate\kdd2017_china_tollgate_20min.csv:kdd2017_t2_d0#segment82,1,46.0,28.4,17.6,True,31.0,linear_trend
1476650400,D:\intelligent_transportation\data\lstm_sources\public\kddcup2017_china_tollgate\kdd2017_china_tollgate_20min.csv:kdd2017_t2_d0#segment82,1,33.0,41.06666666666666,-8.066666666666663,True,46.0,linear_trend
1476651600,D:\intelligent_transportation\data\lstm_sources\public\kddcup2017_china_tollgate\kdd2017_china_tollgate_20min.csv:kdd2017_t2_d0#segment82,1,22.0,34.93333333333334,-12.933333333333337,True,33.0,linear_trend
1476652800,D:\intelligent_transportation\data\lstm_sources\public\kddcup2017_china_tollgate\kdd2017_china_tollgate_20min.csv:kdd2017_t2_d0#segment82,1,23.0,27.666666666666668,-4.666666666666668,True,22.0,linear_trend
1476654000,D:\intelligent_transportation\data\lstm_sources\public\kddcup2017_china_tollgate\kdd2017_china_tollgate_20min.csv:kdd2017_t2_d0#segment82,1,21.0,20.666666666666664,0.3333333333333357,True,23.0,linear_trend
1476655200,D:\intelligent_transportation\data\lstm_sources\public\kddcup2017_china_tollgate\kdd2017_china_tollgate_20min.csv:kdd2017_t2_d0#segment82,1,14.0,16.333333333333336,-2.3333333333333357,True,21.0,linear_trend
1476656400,D:\intelligent_transportation\data\lstm_sources\public\kddcup2017_china_tollgate\kdd2017_china_tollgate_20min.csv:kdd2017_t2_d0#segment82,1,11.0,7.0,4.0,True,14.0,linear_trend
1476657600,D:\intelligent_transportation\data\lstm_sources\public\kddcup2017_china_tollgate\kdd2017_china_tollgate_20min.csv:kdd2017_t2_d0#segment82,1,6.0,7.066666666666666,-1.0666666666666664,True,11.0,linear_trend
1476658800,D:\intelligent_transportation\data\lstm_sources\public\kddcup2017_china_tollgate\kdd2017_china_tollgate_20min.csv:kdd2017_t2_d0#segment82,1,4.0,3.866666666666667,0.13333333333333286,True,6.0,linear_trend
1476660000,D:\intelligent_transportation\data\lstm_sources\public\kddcup2017_china_tollgate\kdd2017_china_tollgate_20min.csv:kdd2017_t2_d0#segment82,1,6.0,-1.1333333333333329,7.133333333333333,True,4.0,linear_trend
1476661200,D:\intelligent_transportation\data\lstm_sources\public\kddcup2017_china_tollgate\kdd2017_china_tollgate_20min.csv:kdd2017_t2_d0#segment82,1,4.0,-0.6666666666666679,4.666666666666668,True,6.0,linear_trend
1476662400,D:\intelligent_transportation\data\lstm_sources\public\kddcup2017_china_tollgate\kdd2017_china_tollgate_20min.csv:kdd2017_t2_d0#segment82,1,3.0,0.7999999999999989,2.200000000000001,True,4.0,linear_trend
1476663600,D:\intelligent_transportation\data\lstm_sources\public\kddcup2017_china_tollgate\kdd2017_china_tollgate_20min.csv:kdd2017_t2_d0#segment82,1,1.0,1.2666666666666675,-0.2666666666666675,True,3.0,linear_trend
1476664800,D:\intelligent_transportation\data\lstm_sources\public\kddcup2017_china_tollgate\kdd2017_china_tollgate_20min.csv:kdd2017_t2_d0#segment82,1,4.0,1.0,3.0,True,1.0,linear_trend
1476666000,D:\intelligent_transportation\data\lstm_sources\public\kddcup2017_china_tollgate\kdd2017_china_tollgate_20min.csv:kdd2017_t2_d0#segment82,1,2.0,2.0666666666666664,-0.06666666666666643,True,4.0,linear_trend
1476667200,D:\intelligent_transportation\data\lstm_sources\public\kddcup2017_china_tollgate\kdd2017_china_tollgate_20min.csv:kdd2017_t2_d0#segment82,1,1.0,1.1333333333333337,-0.13333333333333375,True,2.0,linear_trend
1476687600,D:\intelligent_transportation\data\lstm_sources\public\kddcup2017_china_tollgate\kdd2017_china_tollgate_20min.csv:kdd2017_t2_d0#segment85,1,84.0,58.266666666666666,25.733333333333334,True,52.0,linear_trend
1476688800,D:\intelligent_transportation\data\lstm_sources\public\kddcup2017_china_tollgate\kdd2017_china_tollgate_20min.csv:kdd2017_t2_d0#segment85,1,125.0,84.93333333333334,40.06666666666666,True,84.0,linear_trend
1476690000,D:\intelligent_transportation\data\lstm_sources\public\kddcup2017_china_tollgate\kdd2017_china_tollgate_20min.csv:kdd2017_t2_d0#segment85,1,119.0,127.6,-8.599999999999994,True,125.0,linear_trend
1476691200,D:\intelligent_transportation\data\lstm_sources\public\kddcup2017_china_tollgate\kdd2017_china_tollgate_20min.csv:kdd2017_t2_d0#segment85,1,130.0,147.2,-17.19999999999999,True,119.0,linear_trend
1476692400,D:\intelligent_transportation\data\lstm_sources\public\kddcup2017_china_tollgate\kdd2017_china_tollgate_20min.csv:kdd2017_t2_d0#segment85,1,133.0,159.2,-26.19999999999999,True,130.0,linear_trend
1476693600,D:\intelligent_transportation\data\lstm_sources\public\kddcup2017_china_tollgate\kdd2017_china_tollgate_20min.csv:kdd2017_t2_d0#segment85,1,109.0,160.86666666666667,-51.866666666666674,True,133.0,linear_trend
1476694800,D:\intelligent_transportation\data\lstm_sources\public\kddcup2017_china_tollgate\kdd2017_china_tollgate_20min.csv:kdd2017_t2_d0#segment85,1,114.0,132.66666666666666,-18.666666666666657,True,109.0,linear_trend
1476696000,D:\intelligent_transportation\data\lstm_sources\public\kddcup2017_china_tollgate\kdd2017_china_tollgate_20min.csv:kdd2017_t2_d0#segment85,1,102.0,113.46666666666667,-11.466666666666669,True,114.0,linear_trend
1476697200,D:\intelligent_transportation\data\lstm_sources\public\kddcup2017_china_tollgate\kdd2017_china_tollgate_20min.csv:kdd2017_t2_d0#segment85,1,91.0,102.13333333333333,-11.133333333333326,True,102.0,linear_trend
1476698400,D:\intelligent_transportation\data\lstm_sources\public\kddcup2017_china_tollgate\kdd2017_china_tollgate_20min.csv:kdd2017_t2_d0#segment85,1,65.0,84.86666666666667,-19.866666666666674,True,91.0,linear_trend
1476699600,D:\intelligent_transportation\data\lstm_sources\public\kddcup2017_china_tollgate\kdd2017_china_tollgate_20min.csv:kdd2017_t2_d0#segment85,1,65.0,61.73333333333332,3.26666666666668,True,65.0,linear_trend
1476700800,D:\intelligent_transportation\data\lstm_sources\public\kddcup2017_china_tollgate\kdd2017_china_tollgate_20min.csv:kdd2017_t2_d0#segment85,1,58.0,53.19999999999999,4.800000000000011,True,65.0,linear_trend
1476702000,D:\intelligent_transportation\data\lstm_sources\public\kddcup2017_china_tollgate\kdd2017_china_tollgate_20min.csv:kdd2017_t2_d0#segment85,1,63.0,40.79999999999998,22.200000000000017,True,58.0,linear_trend
1476703200,D:\intelligent_transportation\data\lstm_sources\public\kddcup2017_china_tollgate\kdd2017_china_tollgate_20min.csv:kdd2017_t2_d0#segment85,1,54.0,44.599999999999994,9.400000000000006,True,63.0,linear_trend
1476704400,D:\intelligent_transportation\data\lstm_sources\public\kddcup2017_china_tollgate\kdd2017_china_tollgate_20min.csv:kdd2017_t2_d0#segment85,1,50.0,46.199999999999996,3.8000000000000043,True,54.0,linear_trend
1476705600,D:\intelligent_transportation\data\lstm_sources\public\kddcup2017_china_tollgate\kdd2017_china_tollgate_20min.csv:kdd2017_t2_d0#segment85,1,66.0,48.86666666666666,17.13333333333334,True,50.0,linear_trend
1476706800,D:\intelligent_transportation\data\lstm_sources\public\kddcup2017_china_tollgate\kdd2017_china_tollgate_20min.csv:kdd2017_t2_d0#segment85,1,54.0,56.53333333333333,-2.5333333333333314,True,66.0,linear_trend
1476708000,D:\intelligent_transportation\data\lstm_sources\public\kddcup2017_china_tollgate\kdd2017_china_tollgate_20min.csv:kdd2017_t2_d0#segment85,1,70.0,56.0,14.0,True,54.0,linear_trend
1476709200,D:\intelligent_transportation\data\lstm_sources\public\kddcup2017_china_tollgate\kdd2017_china_tollgate_20min.csv:kdd2017_t2_d0#segment85,1,62.0,64.6,-2.5999999999999943,True,70.0,linear_trend
1476710400,D:\intelligent_transportation\data\lstm_sources\public\kddcup2017_china_tollgate\kdd2017_china_tollgate_20min.csv:kdd2017_t2_d0#segment85,1,71.0,68.13333333333334,2.86666666666666,True,62.0,linear_trend
1476711600,D:\intelligent_transportation\data\lstm_sources\public\kddcup2017_china_tollgate\kdd2017_china_tollgate_20min.csv:kdd2017_t2_d0#segment85,1,66.0,73.06666666666666,-7.066666666666663,True,71.0,linear_trend
1476712800,D:\intelligent_transportation\data\lstm_sources\public\kddcup2017_china_tollgate\kdd2017_china_tollgate_20min.csv:kdd2017_t2_d0#segment85,1,82.0,69.13333333333333,12.866666666666674,True,66.0,linear_trend
1476714000,D:\intelligent_transportation\data\lstm_sources\public\kddcup2017_china_tollgate\kdd2017_china_tollgate_20min.csv:kdd2017_t2_d0#segment85,1,72.0,81.2,-9.200000000000003,True,82.0,linear_trend
1476715200,D:\intelligent_transportation\data\lstm_sources\public\kddcup2017_china_tollgate\kdd2017_china_tollgate_20min.csv:kdd2017_t2_d0#segment85,1,56.0,77.0,-21.0,True,72.0,linear_trend
1476716400,D:\intelligent_transportation\data\lstm_sources\public\kddcup2017_china_tollgate\kdd2017_china_tollgate_20min.csv:kdd2017_t2_d0#segment85,1,53.0,67.06666666666668,-14.066666666666677,True,56.0,linear_trend
1476717600,D:\intelligent_transportation\data\lstm_sources\public\kddcup2017_china_tollgate\kdd2017_china_tollgate_20min.csv:kdd2017_t2_d0#segment85,1,84.0,53.66666666666668,30.33333333333332,True,53.0,linear_trend
1476718800,D:\intelligent_transportation\data\lstm_sources\public\kddcup2017_china_tollgate\kdd2017_china_tollgate_20min.csv:kdd2017_t2_d0#segment85,1,76.0,67.53333333333333,8.466666666666669,True,84.0,linear_trend
1476720000,D:\intelligent_transportation\data\lstm_sources\public\kddcup2017_china_tollgate\kdd2017_china_tollgate_20min.csv:kdd2017_t2_d0#segment85,1,68.0,70.80000000000001,-2.8000000000000114,True,76.0,linear_trend
1476721200,D:\intelligent_transportation\data\lstm_sources\public\kddcup2017_china_tollgate\kdd2017_china_tollgate_20min.csv:kdd2017_t2_d0#segment85,1,92.0,75.26666666666668,16.73333333333332,True,68.0,linear_trend
1476722400,D:\intelligent_transportation\data\lstm_sources\public\kddcup2017_china_tollgate\kdd2017_china_tollgate_20min.csv:kdd2017_t2_d0#segment85,1,72.0,93.2,-21.200000000000003,True,92.0,linear_trend
1476723600,D:\intelligent_transportation\data\lstm_sources\public\kddcup2017_china_tollgate\kdd2017_china_tollgate_20min.csv:kdd2017_t2_d0#segment85,1,86.0,85.26666666666667,0.7333333333333343,True,72.0,linear_trend
1476724800,D:\intelligent_transportation\data\lstm_sources\public\kddcup2017_china_tollgate\kdd2017_china_tollgate_20min.csv:kdd2017_t2_d0#segment85,1,83.0,81.86666666666667,1.1333333333333258,True,86.0,linear_trend
1476726000,D:\intelligent_transportation\data\lstm_sources\public\kddcup2017_china_tollgate\kdd2017_china_tollgate_20min.csv:kdd2017_t2_d0#segment85,1,58.0,86.4,-28.400000000000006,True,83.0,linear_trend
1476727200,D:\intelligent_transportation\data\lstm_sources\public\kddcup2017_china_tollgate\kdd2017_china_tollgate_20min.csv:kdd2017_t2_d0#segment85,1,56.0,70.2,-14.200000000000003,True,58.0,linear_trend
1476728400,D:\intelligent_transportation\data\lstm_sources\public\kddcup2017_china_tollgate\kdd2017_china_tollgate_20min.csv:kdd2017_t2_d0#segment85,1,53.0,52.0,1.0,True,56.0,linear_trend
1476729600,D:\intelligent_transportation\data\lstm_sources\public\kddcup2017_china_tollgate\kdd2017_china_tollgate_20min.csv:kdd2017_t2_d0#segment85,1,53.0,47.0,6.0,True,53.0,linear_trend
1476730800,D:\intelligent_transportation\data\lstm_sources\public\kddcup2017_china_tollgate\kdd2017_china_tollgate_20min.csv:kdd2017_t2_d0#segment85,1,38.0,39.13333333333333,-1.1333333333333329,True,53.0,linear_trend
1476732000,D:\intelligent_transportation\data\lstm_sources\public\kddcup2017_china_tollgate\kdd2017_china_tollgate_20min.csv:kdd2017_t2_d0#segment85,1,48.0,32.53333333333333,15.466666666666669,True,38.0,linear_trend
1476733200,D:\intelligent_transportation\data\lstm_sources\public\kddcup2017_china_tollgate\kdd2017_china_tollgate_20min.csv:kdd2017_t2_d0#segment85,1,26.0,40.6,-14.600000000000001,True,48.0,linear_trend
1476734400,D:\intelligent_transportation\data\lstm_sources\public\kddcup2017_china_tollgate\kdd2017_china_tollgate_20min.csv:kdd2017_t2_d0#segment85,1,29.0,27.666666666666657,1.3333333333333428,True,26.0,linear_trend
1476735600,D:\intelligent_transportation\data\lstm_sources\public\kddcup2017_china_tollgate\kdd2017_china_tollgate_20min.csv:kdd2017_t2_d0#segment85,1,33.0,22.066666666666663,10.933333333333337,True,29.0,linear_trend
1476736800,D:\intelligent_transportation\data\lstm_sources\public\kddcup2017_china_tollgate\kdd2017_china_tollgate_20min.csv:kdd2017_t2_d0#segment85,1,26.0,22.933333333333337,3.066666666666663,True,33.0,linear_trend
1476738000,D:\intelligent_transportation\data\lstm_sources\public\kddcup2017_china_tollgate\kdd2017_china_tollgate_20min.csv:kdd2017_t2_d0#segment85,1,28.0,23.133333333333336,4.866666666666664,True,26.0,linear_trend
1476739200,D:\intelligent_transportation\data\lstm_sources\public\kddcup2017_china_tollgate\kdd2017_china_tollgate_20min.csv:kdd2017_t2_d0#segment85,1,20.0,22.06666666666667,-2.06666666666667,True,28.0,linear_trend
1476740400,D:\intelligent_transportation\data\lstm_sources\public\kddcup2017_china_tollgate\kdd2017_china_tollgate_20min.csv:kdd2017_t2_d0#segment85,1,17.0,23.0,-6.0,True,20.0,linear_trend
1476741600,D:\intelligent_transportation\data\lstm_sources\public\kddcup2017_china_tollgate\kdd2017_china_tollgate_20min.csv:kdd2017_t2_d0#segment85,1,21.0,15.800000000000004,5.199999999999996,True,17.0,linear_trend
1476742800,D:\intelligent_transportation\data\lstm_sources\public\kddcup2017_china_tollgate\kdd2017_china_tollgate_20min.csv:kdd2017_t2_d0#segment85,1,21.0,14.666666666666671,6.333333333333329,True,21.0,linear_trend
1476744000,D:\intelligent_transportation\data\lstm_sources\public\kddcup2017_china_tollgate\kdd2017_china_tollgate_20min.csv:kdd2017_t2_d0#segment85,1,23.0,17.26666666666667,5.733333333333331,True,21.0,linear_trend
1476745200,D:\intelligent_transportation\data\lstm_sources\public\kddcup2017_china_tollgate\kdd2017_china_tollgate_20min.csv:kdd2017_t2_d0#segment85,1,9.0,19.866666666666667,-10.866666666666667,True,23.0,linear_trend
1476746400,D:\intelligent_transportation\data\lstm_sources\public\kddcup2017_china_tollgate\kdd2017_china_tollgate_20min.csv:kdd2017_t2_d0#segment85,1,10.0,14.799999999999999,-4.799999999999999,True,9.0,linear_trend
1476747600,D:\intelligent_transportation\data\lstm_sources\public\kddcup2017_china_tollgate\kdd2017_china_tollgate_20min.csv:kdd2017_t2_d0#segment85,1,18.0,9.93333333333333,8.06666666666667,True,10.0,linear_trend
1476379200,D:\intelligent_transportation\data\lstm_sources\public\kddcup2017_china_tollgate\kdd2017_china_tollgate_20min.csv:kdd2017_t3_d0#segment3,1,123.0,128.53333333333333,-5.533333333333331,True,114.0,linear_trend
1476380400,D:\intelligent_transportation\data\lstm_sources\public\kddcup2017_china_tollgate\kdd2017_china_tollgate_20min.csv:kdd2017_t3_d0#segment3,1,113.0,123.73333333333332,-10.73333333333332,True,123.0,linear_trend
1476381600,D:\intelligent_transportation\data\lstm_sources\public\kddcup2017_china_tollgate\kdd2017_china_tollgate_20min.csv:kdd2017_t3_d0#segment3,1,89.0,120.13333333333333,-31.133333333333326,True,113.0,linear_trend
1476382800,D:\intelligent_transportation\data\lstm_sources\public\kddcup2017_china_tollgate\kdd2017_china_tollgate_20min.csv:kdd2017_t3_d0#segment3,1,70.0,91.93333333333332,-21.933333333333323,True,89.0,linear_trend
1476384000,D:\intelligent_transportation\data\lstm_sources\public\kddcup2017_china_tollgate\kdd2017_china_tollgate_20min.csv:kdd2017_t3_d0#segment3,1,64.0,61.666666666666686,2.3333333333333144,True,70.0,linear_trend
1476385200,D:\intelligent_transportation\data\lstm_sources\public\kddcup2017_china_tollgate\kdd2017_china_tollgate_20min.csv:kdd2017_t3_d0#segment3,1,49.0,52.2,-3.200000000000003,True,64.0,linear_trend
1476386400,D:\intelligent_transportation\data\lstm_sources\public\kddcup2017_china_tollgate\kdd2017_china_tollgate_20min.csv:kdd2017_t3_d0#segment3,1,51.0,31.066666666666677,19.933333333333323,True,49.0,linear_trend
1476387600,D:\intelligent_transportation\data\lstm_sources\public\kddcup2017_china_tollgate\kdd2017_china_tollgate_20min.csv:kdd2017_t3_d0#segment3,1,51.0,29.066666666666663,21.933333333333337,True,51.0,linear_trend
1476388800,D:\intelligent_transportation\data\lstm_sources\public\kddcup2017_china_tollgate\kdd2017_china_tollgate_20min.csv:kdd2017_t3_d0#segment3,1,65.0,36.13333333333334,28.86666666666666,True,51.0,linear_trend
1476390000,D:\intelligent_transportation\data\lstm_sources\public\kddcup2017_china_tollgate\kdd2017_china_tollgate_20min.csv:kdd2017_t3_d0#segment3,1,47.0,52.13333333333334,-5.13333333333334,True,65.0,linear_trend
1476391200,D:\intelligent_transportation\data\lstm_sources\public\kddcup2017_china_tollgate\kdd2017_china_tollgate_20min.csv:kdd2017_t3_d0#segment3,1,34.0,50.800000000000004,-16.800000000000004,True,47.0,linear_trend
1476392400,D:\intelligent_transportation\data\lstm_sources\public\kddcup2017_china_tollgate\kdd2017_china_tollgate_20min.csv:kdd2017_t3_d0#segment3,1,37.0,42.2,-5.200000000000003,True,34.0,linear_trend
1476393600,D:\intelligent_transportation\data\lstm_sources\public\kddcup2017_china_tollgate\kdd2017_china_tollgate_20min.csv:kdd2017_t3_d0#segment3,1,31.0,33.6,-2.6000000000000014,True,37.0,linear_trend
1476394800,D:\intelligent_transportation\data\lstm_sources\public\kddcup2017_china_tollgate\kdd2017_china_tollgate_20min.csv:kdd2017_t3_d0#segment3,1,27.0,24.46666666666667,2.5333333333333314,True,31.0,linear_trend
1476396000,D:\intelligent_transportation\data\lstm_sources\public\kddcup2017_china_tollgate\kdd2017_china_tollgate_20min.csv:kdd2017_t3_d0#segment3,1,23.0,16.666666666666664,6.333333333333336,True,27.0,linear_trend
1476397200,D:\intelligent_transportation\data\lstm_sources\public\kddcup2017_china_tollgate\kdd2017_china_tollgate_20min.csv:kdd2017_t3_d0#segment3,1,22.0,18.46666666666666,3.5333333333333385,True,23.0,linear_trend
1476398400,D:\intelligent_transportation\data\lstm_sources\public\kddcup2017_china_tollgate\kdd2017_china_tollgate_20min.csv:kdd2017_t3_d0#segment3,1,17.0,18.4,-1.3999999999999986,True,22.0,linear_trend
1476399600,D:\intelligent_transportation\data\lstm_sources\public\kddcup2017_china_tollgate\kdd2017_china_tollgate_20min.csv:kdd2017_t3_d0#segment3,1,4.0,13.06666666666667,-9.06666666666667,True,17.0,linear_trend
1476400800,D:\intelligent_transportation\data\lstm_sources\public\kddcup2017_china_tollgate\kdd2017_china_tollgate_20min.csv:kdd2017_t3_d0#segment3,1,15.0,4.06666666666667,10.93333333333333,True,4.0,linear_trend
1476402000,D:\intelligent_transportation\data\lstm_sources\public\kddcup2017_china_tollgate\kdd2017_china_tollgate_20min.csv:kdd2017_t3_d0#segment3,1,16.0,5.800000000000001,10.2,True,15.0,linear_trend
1476403200,D:\intelligent_transportation\data\lstm_sources\public\kddcup2017_china_tollgate\kdd2017_china_tollgate_20min.csv:kdd2017_t3_d0#segment3,1,16.0,9.266666666666666,6.733333333333334,True,16.0,linear_trend
1476404400,D:\intelligent_transportation\data\lstm_sources\public\kddcup2017_china_tollgate\kdd2017_china_tollgate_20min.csv:kdd2017_t3_d0#segment3,1,16.0,12.8,3.1999999999999993,True,16.0,linear_trend
1476405600,D:\intelligent_transportation\data\lstm_sources\public\kddcup2017_china_tollgate\kdd2017_china_tollgate_20min.csv:kdd2017_t3_d0#segment3,1,18.0,17.200000000000003,0.7999999999999972,True,16.0,linear_trend
1476406800,D:\intelligent_transportation\data\lstm_sources\public\kddcup2017_china_tollgate\kdd2017_china_tollgate_20min.csv:kdd2017_t3_d0#segment3,1,22.0,21.46666666666667,0.5333333333333314,True,18.0,linear_trend
1476408000,D:\intelligent_transportation\data\lstm_sources\public\kddcup2017_china_tollgate\kdd2017_china_tollgate_20min.csv:kdd2017_t3_d0#segment3,1,16.0,21.266666666666666,-5.266666666666666,True,22.0,linear_trend
1476409200,D:\intelligent_transportation\data\lstm_sources\public\kddcup2017_china_tollgate\kdd2017_china_tollgate_20min.csv:kdd2017_t3_d0#segment3,1,15.0,19.333333333333332,-4.333333333333332,True,16.0,linear_trend
1476410400,D:\intelligent_transportation\data\lstm_sources\public\kddcup2017_china_tollgate\kdd2017_china_tollgate_20min.csv:kdd2017_t3_d0#segment3,1,12.0,17.06666666666667,-5.06666666666667,True,15.0,linear_trend
1476411600,D:\intelligent_transportation\data\lstm_sources\public\kddcup2017_china_tollgate\kdd2017_china_tollgate_20min.csv:kdd2017_t3_d0#segment3,1,14.0,13.0,1.0,True,12.0,linear_trend
1476412800,D:\intelligent_transportation\data\lstm_sources\public\kddcup2017_china_tollgate\kdd2017_china_tollgate_20min.csv:kdd2017_t3_d0#segment3,1,16.0,11.066666666666668,4.933333333333332,True,14.0,linear_trend
1476414000,D:\intelligent_transportation\data\lstm_sources\public\kddcup2017_china_tollgate\kdd2017_china_tollgate_20min.csv:kdd2017_t3_d0#segment3,1,13.0,11.933333333333334,1.0666666666666664,True,16.0,linear_trend
1476415200,D:\intelligent_transportation\data\lstm_sources\public\kddcup2017_china_tollgate\kdd2017_china_tollgate_20min.csv:kdd2017_t3_d0#segment3,1,12.0,13.333333333333334,-1.333333333333334,True,13.0,linear_trend
1476416400,D:\intelligent_transportation\data\lstm_sources\public\kddcup2017_china_tollgate\kdd2017_china_tollgate_20min.csv:kdd2017_t3_d0#segment3,1,7.0,12.666666666666666,-5.666666666666666,True,12.0,linear_trend
1476417600,D:\intelligent_transportation\data\lstm_sources\public\kddcup2017_china_tollgate\kdd2017_china_tollgate_20min.csv:kdd2017_t3_d0#segment3,1,11.0,8.933333333333334,2.0666666666666664,True,7.0,linear_trend
1476418800,D:\intelligent_transportation\data\lstm_sources\public\kddcup2017_china_tollgate\kdd2017_china_tollgate_20min.csv:kdd2017_t3_d0#segment3,1,13.0,7.866666666666665,5.133333333333335,True,11.0,linear_trend
1476420000,D:\intelligent_transportation\data\lstm_sources\public\kddcup2017_china_tollgate\kdd2017_china_tollgate_20min.csv:kdd2017_t3_d0#segment3,1,14.0,9.4,4.6,True,13.0,linear_trend
1476421200,D:\intelligent_transportation\data\lstm_sources\public\kddcup2017_china_tollgate\kdd2017_china_tollgate_20min.csv:kdd2017_t3_d0#segment3,1,15.0,12.866666666666665,2.1333333333333346,True,14.0,linear_trend
1476422400,D:\intelligent_transportation\data\lstm_sources\public\kddcup2017_china_tollgate\kdd2017_china_tollgate_20min.csv:kdd2017_t3_d0#segment3,1,16.0,15.8,0.1999999999999993,True,15.0,linear_trend
1476423600,D:\intelligent_transportation\data\lstm_sources\public\kddcup2017_china_tollgate\kdd2017_china_tollgate_20min.csv:kdd2017_t3_d0#segment3,1,18.0,18.466666666666665,-0.466666666666665,True,16.0,linear_trend
1476424800,D:\intelligent_transportation\data\lstm_sources\public\kddcup2017_china_tollgate\kdd2017_china_tollgate_20min.csv:kdd2017_t3_d0#segment3,1,19.0,19.0,0.0,True,18.0,linear_trend
1476426000,D:\intelligent_transportation\data\lstm_sources\public\kddcup2017_china_tollgate\kdd2017_china_tollgate_20min.csv:kdd2017_t3_d0#segment3,1,38.0,20.133333333333333,17.866666666666667,True,19.0,linear_trend
1476427200,D:\intelligent_transportation\data\lstm_sources\public\kddcup2017_china_tollgate\kdd2017_china_tollgate_20min.csv:kdd2017_t3_d0#segment3,1,78.0,33.4,44.6,True,38.0,linear_trend
1476428400,D:\intelligent_transportation\data\lstm_sources\public\kddcup2017_china_tollgate\kdd2017_china_tollgate_20min.csv:kdd2017_t3_d0#segment3,1,93.0,68.86666666666667,24.133333333333326,True,78.0,linear_trend
1476429600,D:\intelligent_transportation\data\lstm_sources\public\kddcup2017_china_tollgate\kdd2017_china_tollgate_20min.csv:kdd2017_t3_d0#segment3,1,126.0,102.06666666666668,23.933333333333323,True,93.0,linear_trend
1476430800,D:\intelligent_transportation\data\lstm_sources\public\kddcup2017_china_tollgate\kdd2017_china_tollgate_20min.csv:kdd2017_t3_d0#segment3,1,152.0,142.20000000000002,9.799999999999983,True,126.0,linear_trend
1476432000,D:\intelligent_transportation\data\lstm_sources\public\kddcup2017_china_tollgate\kdd2017_china_tollgate_20min.csv:kdd2017_t3_d0#segment3,1,158.0,178.73333333333332,-20.73333333333332,True,152.0,linear_trend
1476433200,D:\intelligent_transportation\data\lstm_sources\public\kddcup2017_china_tollgate\kdd2017_china_tollgate_20min.csv:kdd2017_t3_d0#segment3,1,180.0,193.0,-13.0,True,158.0,linear_trend
1476434400,D:\intelligent_transportation\data\lstm_sources\public\kddcup2017_china_tollgate\kdd2017_china_tollgate_20min.csv:kdd2017_t3_d0#segment3,1,146.0,204.26666666666665,-58.26666666666665,True,180.0,linear_trend
1476435600,D:\intelligent_transportation\data\lstm_sources\public\kddcup2017_china_tollgate\kdd2017_china_tollgate_20min.csv:kdd2017_t3_d0#segment3,1,161.0,185.8,-24.80000000000001,True,146.0,linear_trend
1476436800,D:\intelligent_transportation\data\lstm_sources\public\kddcup2017_china_tollgate\kdd2017_china_tollgate_20min.csv:kdd2017_t3_d0#segment3,1,140.0,171.73333333333335,-31.73333333333335,True,161.0,linear_trend
1476438000,D:\intelligent_transportation\data\lstm_sources\public\kddcup2017_china_tollgate\kdd2017_china_tollgate_20min.csv:kdd2017_t3_d0#segment3,1,129.0,147.66666666666669,-18.666666666666686,True,140.0,linear_trend
1476439200,D:\intelligent_transportation\data\lstm_sources\public\kddcup2017_china_tollgate\kdd2017_china_tollgate_20min.csv:kdd2017_t3_d0#segment3,1,132.0,127.33333333333334,4.666666666666657,True,129.0,linear_trend
1476440400,D:\intelligent_transportation\data\lstm_sources\public\kddcup2017_china_tollgate\kdd2017_china_tollgate_20min.csv:kdd2017_t3_d0#segment3,1,140.0,116.79999999999998,23.200000000000017,True,132.0,linear_trend
1476441600,D:\intelligent_transportation\data\lstm_sources\public\kddcup2017_china_tollgate\kdd2017_china_tollgate_20min.csv:kdd2017_t3_d0#segment3,1,133.0,128.53333333333333,4.466666666666669,True,140.0,linear_trend
1476442800,D:\intelligent_transportation\data\lstm_sources\public\kddcup2017_china_tollgate\kdd2017_china_tollgate_20min.csv:kdd2017_t3_d0#segment3,1,124.0,125.46666666666665,-1.4666666666666544,True,133.0,linear_trend
1476444000,D:\intelligent_transportation\data\lstm_sources\public\kddcup2017_china_tollgate\kdd2017_china_tollgate_20min.csv:kdd2017_t3_d0#segment3,1,97.0,127.0,-30.0,True,124.0,linear_trend
1476445200,D:\intelligent_transportation\data\lstm_sources\public\kddcup2017_china_tollgate\kdd2017_china_tollgate_20min.csv:kdd2017_t3_d0#segment3,1,93.0,106.73333333333333,-13.733333333333334,True,97.0,linear_trend
1476446400,D:\intelligent_transportation\data\lstm_sources\public\kddcup2017_china_tollgate\kdd2017_china_tollgate_20min.csv:kdd2017_t3_d0#segment3,1,99.0,86.53333333333333,12.466666666666669,True,93.0,linear_trend
1476447600,D:\intelligent_transportation\data\lstm_sources\public\kddcup2017_china_tollgate\kdd2017_china_tollgate_20min.csv:kdd2017_t3_d0#segment3,1,95.0,79.13333333333334,15.86666666666666,True,99.0,linear_trend
1476448800,D:\intelligent_transportation\data\lstm_sources\public\kddcup2017_china_tollgate\kdd2017_china_tollgate_20min.csv:kdd2017_t3_d0#segment3,1,105.0,79.93333333333332,25.066666666666677,True,95.0,linear_trend
1476450000,D:\intelligent_transportation\data\lstm_sources\public\kddcup2017_china_tollgate\kdd2017_china_tollgate_20min.csv:kdd2017_t3_d0#segment3,1,124.0,92.66666666666669,31.333333333333314,True,105.0,linear_trend
1476451200,D:\intelligent_transportation\data\lstm_sources\public\kddcup2017_china_tollgate\kdd2017_china_tollgate_20min.csv:kdd2017_t3_d0#segment3,1,108.0,118.86666666666667,-10.866666666666674,True,124.0,linear_trend
1476452400,D:\intelligent_transportation\data\lstm_sources\public\kddcup2017_china_tollgate\kdd2017_china_tollgate_20min.csv:kdd2017_t3_d0#segment3,1,111.0,120.0,-9.0,True,108.0,linear_trend
1476453600,D:\intelligent_transportation\data\lstm_sources\public\kddcup2017_china_tollgate\kdd2017_china_tollgate_20min.csv:kdd2017_t3_d0#segment3,1,121.0,118.8,2.200000000000003,True,111.0,linear_trend
1476454800,D:\intelligent_transportation\data\lstm_sources\public\kddcup2017_china_tollgate\kdd2017_china_tollgate_20min.csv:kdd2017_t3_d0#segment3,1,94.0,123.86666666666667,-29.866666666666674,True,121.0,linear_trend
1476456000,D:\intelligent_transportation\data\lstm_sources\public\kddcup2017_china_tollgate\kdd2017_china_tollgate_20min.csv:kdd2017_t3_d0#segment3,1,130.0,104.4,25.599999999999994,True,94.0,linear_trend
1476457200,D:\intelligent_transportation\data\lstm_sources\public\kddcup2017_china_tollgate\kdd2017_china_tollgate_20min.csv:kdd2017_t3_d0#segment3,1,140.0,114.46666666666667,25.53333333333333,True,130.0,linear_trend
1476458400,D:\intelligent_transportation\data\lstm_sources\public\kddcup2017_china_tollgate\kdd2017_china_tollgate_20min.csv:kdd2017_t3_d0#segment3,1,138.0,136.33333333333331,1.6666666666666856,True,140.0,linear_trend
1476459600,D:\intelligent_transportation\data\lstm_sources\public\kddcup2017_china_tollgate\kdd2017_china_tollgate_20min.csv:kdd2017_t3_d0#segment3,1,137.0,145.13333333333333,-8.133333333333326,True,138.0,linear_trend
1476460800,D:\intelligent_transportation\data\lstm_sources\public\kddcup2017_china_tollgate\kdd2017_china_tollgate_20min.csv:kdd2017_t3_d0#segment3,1,139.0,148.86666666666667,-9.866666666666674,True,137.0,linear_trend
1476462000,D:\intelligent_transportation\data\lstm_sources\public\kddcup2017_china_tollgate\kdd2017_china_tollgate_20min.csv:kdd2017_t3_d0#segment3,1,135.0,154.06666666666666,-19.066666666666663,True,139.0,linear_trend
1476463200,D:\intelligent_transportation\data\lstm_sources\public\kddcup2017_china_tollgate\kdd2017_china_tollgate_20min.csv:kdd2017_t3_d0#segment3,1,148.0,138.6,9.400000000000006,True,135.0,linear_trend
1476464400,D:\intelligent_transportation\data\lstm_sources\public\kddcup2017_china_tollgate\kdd2017_china_tollgate_20min.csv:kdd2017_t3_d0#segment3,1,146.0,142.79999999999998,3.200000000000017,True,148.0,linear_trend
1476465600,D:\intelligent_transportation\data\lstm_sources\public\kddcup2017_china_tollgate\kdd2017_china_tollgate_20min.csv:kdd2017_t3_d0#segment3,1,122.0,147.4,-25.400000000000006,True,146.0,linear_trend
1476466800,D:\intelligent_transportation\data\lstm_sources\public\kddcup2017_china_tollgate\kdd2017_china_tollgate_20min.csv:kdd2017_t3_d0#segment3,1,112.0,133.73333333333332,-21.73333333333332,True,122.0,linear_trend
1476468000,D:\intelligent_transportation\data\lstm_sources\public\kddcup2017_china_tollgate\kdd2017_china_tollgate_20min.csv:kdd2017_t3_d0#segment3,1,74.0,116.06666666666666,-42.06666666666666,True,112.0,linear_trend
1476469200,D:\intelligent_transportation\data\lstm_sources\public\kddcup2017_china_tollgate\kdd2017_china_tollgate_20min.csv:kdd2017_t3_d0#segment3,1,68.0,79.13333333333333,-11.133333333333326,True,74.0,linear_trend
1476470400,D:\intelligent_transportation\data\lstm_sources\public\kddcup2017_china_tollgate\kdd2017_china_tollgate_20min.csv:kdd2017_t3_d0#segment3,1,57.0,49.06666666666666,7.933333333333337,True,68.0,linear_trend
1476471600,D:\intelligent_transportation\data\lstm_sources\public\kddcup2017_china_tollgate\kdd2017_china_tollgate_20min.csv:kdd2017_t3_d0#segment3,1,65.0,32.0,33.0,True,57.0,linear_trend
1476472800,D:\intelligent_transportation\data\lstm_sources\public\kddcup2017_china_tollgate\kdd2017_china_tollgate_20min.csv:kdd2017_t3_d0#segment3,1,79.0,37.39999999999999,41.60000000000001,True,65.0,linear_trend
1476474000,D:\intelligent_transportation\data\lstm_sources\public\kddcup2017_china_tollgate\kdd2017_china_tollgate_20min.csv:kdd2017_t3_d0#segment3,1,57.0,55.53333333333333,1.4666666666666686,True,79.0,linear_trend
1476475200,D:\intelligent_transportation\data\lstm_sources\public\kddcup2017_china_tollgate\kdd2017_china_tollgate_20min.csv:kdd2017_t3_d0#segment3,1,53.0,62.266666666666666,-9.266666666666666,True,57.0,linear_trend
1476476400,D:\intelligent_transportation\data\lstm_sources\public\kddcup2017_china_tollgate\kdd2017_china_tollgate_20min.csv:kdd2017_t3_d0#segment3,1,47.0,57.06666666666666,-10.066666666666663,True,53.0,linear_trend
1476477600,D:\intelligent_transportation\data\lstm_sources\public\kddcup2017_china_tollgate\kdd2017_china_tollgate_20min.csv:kdd2017_t3_d0#segment3,1,53.0,48.86666666666666,4.13333333333334,True,47.0,linear_trend
1476478800,D:\intelligent_transportation\data\lstm_sources\public\kddcup2017_china_tollgate\kdd2017_china_tollgate_20min.csv:kdd2017_t3_d0#segment3,1,40.0,43.0,-3.0,True,53.0,linear_trend
1476480000,D:\intelligent_transportation\data\lstm_sources\public\kddcup2017_china_tollgate\kdd2017_china_tollgate_20min.csv:kdd2017_t3_d0#segment3,1,31.0,33.53333333333334,-2.5333333333333385,True,40.0,linear_trend
1476481200,D:\intelligent_transportation\data\lstm_sources\public\kddcup2017_china_tollgate\kdd2017_china_tollgate_20min.csv:kdd2017_t3_d0#segment3,1,35.0,30.53333333333334,4.4666666666666615,True,31.0,linear_trend
1476482400,D:\intelligent_transportation\data\lstm_sources\public\kddcup2017_china_tollgate\kdd2017_china_tollgate_20min.csv:kdd2017_t3_d0#segment3,1,37.0,28.066666666666663,8.933333333333337,True,35.0,linear_trend
1476483600,D:\intelligent_transportation\data\lstm_sources\public\kddcup2017_china_tollgate\kdd2017_china_tollgate_20min.csv:kdd2017_t3_d0#segment3,1,22.0,29.199999999999996,-7.199999999999996,True,37.0,linear_trend
1476484800,D:\intelligent_transportation\data\lstm_sources\public\kddcup2017_china_tollgate\kdd2017_china_tollgate_20min.csv:kdd2017_t3_d0#segment3,1,20.0,20.333333333333332,-0.33333333333333215,True,22.0,linear_trend
1476486000,D:\intelligent_transportation\data\lstm_sources\public\kddcup2017_china_tollgate\kdd2017_china_tollgate_20min.csv:kdd2017_t3_d0#segment3,1,19.0,18.33333333333333,0.6666666666666714,True,20.0,linear_trend
1476487200,D:\intelligent_transportation\data\lstm_sources\public\kddcup2017_china_tollgate\kdd2017_china_tollgate_20min.csv:kdd2017_t3_d0#segment3,1,16.0,15.333333333333336,0.6666666666666643,True,19.0,linear_trend
1476488400,D:\intelligent_transportation\data\lstm_sources\public\kddcup2017_china_tollgate\kdd2017_china_tollgate_20min.csv:kdd2017_t3_d0#segment3,1,8.0,9.733333333333334,-1.7333333333333343,True,16.0,linear_trend
1476489600,D:\intelligent_transportation\data\lstm_sources\public\kddcup2017_china_tollgate\kdd2017_china_tollgate_20min.csv:kdd2017_t3_d0#segment3,1,14.0,3.933333333333337,10.066666666666663,True,8.0,linear_trend
1476490800,D:\intelligent_transportation\data\lstm_sources\public\kddcup2017_china_tollgate\kdd2017_china_tollgate_20min.csv:kdd2017_t3_d0#segment3,1,17.0,8.6,8.4,True,14.0,linear_trend
1476492000,D:\intelligent_transportation\data\lstm_sources\public\kddcup2017_china_tollgate\kdd2017_china_tollgate_20min.csv:kdd2017_t3_d0#segment3,1,16.0,11.866666666666665,4.133333333333335,True,17.0,linear_trend
1476493200,D:\intelligent_transportation\data\lstm_sources\public\kddcup2017_china_tollgate\kdd2017_china_tollgate_20min.csv:kdd2017_t3_d0#segment3,1,24.0,14.4,9.6,True,16.0,linear_trend
1476494400,D:\intelligent_transportation\data\lstm_sources\public\kddcup2017_china_tollgate\kdd2017_china_tollgate_20min.csv:kdd2017_t3_d0#segment3,1,22.0,22.53333333333333,-0.5333333333333314,True,24.0,linear_trend
1476495600,D:\intelligent_transportation\data\lstm_sources\public\kddcup2017_china_tollgate\kdd2017_china_tollgate_20min.csv:kdd2017_t3_d0#segment3,1,12.0,26.73333333333333,-14.73333333333333,True,22.0,linear_trend
1476496800,D:\intelligent_transportation\data\lstm_sources\public\kddcup2017_china_tollgate\kdd2017_china_tollgate_20min.csv:kdd2017_t3_d0#segment3,1,13.0,18.8,-5.800000000000001,True,12.0,linear_trend
1476498000,D:\intelligent_transportation\data\lstm_sources\public\kddcup2017_china_tollgate\kdd2017_china_tollgate_20min.csv:kdd2017_t3_d0#segment3,1,21.0,13.93333333333333,7.06666666666667,True,13.0,linear_trend
1476499200,D:\intelligent_transportation\data\lstm_sources\public\kddcup2017_china_tollgate\kdd2017_china_tollgate_20min.csv:kdd2017_t3_d0#segment3,1,11.0,16.2,-5.199999999999999,True,21.0,linear_trend
1476500400,D:\intelligent_transportation\data\lstm_sources\public\kddcup2017_china_tollgate\kdd2017_china_tollgate_20min.csv:kdd2017_t3_d0#segment3,1,10.0,10.466666666666667,-0.4666666666666668,True,11.0,linear_trend
1476501600,D:\intelligent_transportation\data\lstm_sources\public\kddcup2017_china_tollgate\kdd2017_china_tollgate_20min.csv:kdd2017_t3_d0#segment3,1,15.0,9.333333333333334,5.666666666666666,True,10.0,linear_trend
1476502800,D:\intelligent_transportation\data\lstm_sources\public\kddcup2017_china_tollgate\kdd2017_china_tollgate_20min.csv:kdd2017_t3_d0#segment3,1,12.0,13.266666666666667,-1.2666666666666675,True,15.0,linear_trend
1476504000,D:\intelligent_transportation\data\lstm_sources\public\kddcup2017_china_tollgate\kdd2017_china_tollgate_20min.csv:kdd2017_t3_d0#segment3,1,14.0,11.266666666666666,2.7333333333333343,True,12.0,linear_trend
1476505200,D:\intelligent_transportation\data\lstm_sources\public\kddcup2017_china_tollgate\kdd2017_china_tollgate_20min.csv:kdd2017_t3_d0#segment3,1,12.0,11.133333333333333,0.8666666666666671,True,14.0,linear_trend
1476506400,D:\intelligent_transportation\data\lstm_sources\public\kddcup2017_china_tollgate\kdd2017_china_tollgate_20min.csv:kdd2017_t3_d0#segment3,1,17.0,13.733333333333334,3.2666666666666657,True,12.0,linear_trend
1476507600,D:\intelligent_transportation\data\lstm_sources\public\kddcup2017_china_tollgate\kdd2017_china_tollgate_20min.csv:kdd2017_t3_d0#segment3,1,18.0,16.133333333333333,1.8666666666666671,True,17.0,linear_trend
1476508800,D:\intelligent_transportation\data\lstm_sources\public\kddcup2017_china_tollgate\kdd2017_china_tollgate_20min.csv:kdd2017_t3_d0#segment3,1,10.0,17.46666666666667,-7.466666666666669,True,18.0,linear_trend
1476510000,D:\intelligent_transportation\data\lstm_sources\public\kddcup2017_china_tollgate\kdd2017_china_tollgate_20min.csv:kdd2017_t3_d0#segment3,1,22.0,14.533333333333335,7.466666666666665,True,10.0,linear_trend
1476511200,D:\intelligent_transportation\data\lstm_sources\public\kddcup2017_china_tollgate\kdd2017_china_tollgate_20min.csv:kdd2017_t3_d0#segment3,1,19.0,19.0,0.0,True,22.0,linear_trend
1476512400,D:\intelligent_transportation\data\lstm_sources\public\kddcup2017_china_tollgate\kdd2017_china_tollgate_20min.csv:kdd2017_t3_d0#segment3,1,42.0,20.53333333333333,21.46666666666667,True,19.0,linear_trend
1476513600,D:\intelligent_transportation\data\lstm_sources\public\kddcup2017_china_tollgate\kdd2017_china_tollgate_20min.csv:kdd2017_t3_d0#segment3,1,80.0,35.33333333333333,44.66666666666667,True,42.0,linear_trend
1476514800,D:\intelligent_transportation\data\lstm_sources\public\kddcup2017_china_tollgate\kdd2017_china_tollgate_20min.csv:kdd2017_t3_d0#segment3,1,103.0,72.13333333333334,30.86666666666666,True,80.0,linear_trend
1476516000,D:\intelligent_transportation\data\lstm_sources\public\kddcup2017_china_tollgate\kdd2017_china_tollgate_20min.csv:kdd2017_t3_d0#segment3,1,107.0,112.20000000000002,-5.200000000000017,True,103.0,linear_trend
1476517200,D:\intelligent_transportation\data\lstm_sources\public\kddcup2017_china_tollgate\kdd2017_china_tollgate_20min.csv:kdd2017_t3_d0#segment3,1,92.0,133.66666666666666,-41.66666666666666,True,107.0,linear_trend
1476518400,D:\intelligent_transportation\data\lstm_sources\public\kddcup2017_china_tollgate\kdd2017_china_tollgate_20min.csv:kdd2017_t3_d0#segment3,1,105.0,132.13333333333333,-27.133333333333326,True,92.0,linear_trend
1476519600,D:\intelligent_transportation\data\lstm_sources\public\kddcup2017_china_tollgate\kdd2017_china_tollgate_20min.csv:kdd2017_t3_d0#segment3,1,97.0,123.66666666666667,-26.66666666666667,True,105.0,linear_trend
1476520800,D:\intelligent_transportation\data\lstm_sources\public\kddcup2017_china_tollgate\kdd2017_china_tollgate_20min.csv:kdd2017_t3_d0#segment3,1,128.0,104.93333333333332,23.066666666666677,True,97.0,linear_trend
1476522000,D:\intelligent_transportation\data\lstm_sources\public\kddcup2017_china_tollgate\kdd2017_china_tollgate_20min.csv:kdd2017_t3_d0#segment3,1,127.0,116.13333333333334,10.86666666666666,True,128.0,linear_trend
1476523200,D:\intelligent_transportation\data\lstm_sources\public\kddcup2017_china_tollgate\kdd2017_china_tollgate_20min.csv:kdd2017_t3_d0#segment3,1,115.0,129.33333333333331,-14.333333333333314,True,127.0,linear_trend
1476524400,D:\intelligent_transportation\data\lstm_sources\public\kddcup2017_china_tollgate\kdd2017_china_tollgate_20min.csv:kdd2017_t3_d0#segment3,1,121.0,131.86666666666667,-10.866666666666674,True,115.0,linear_trend
1476525600,D:\intelligent_transportation\data\lstm_sources\public\kddcup2017_china_tollgate\kdd2017_china_tollgate_20min.csv:kdd2017_t3_d0#segment3,1,119.0,128.8,-9.800000000000011,True,121.0,linear_trend
1476526800,D:\intelligent_transportation\data\lstm_sources\public\kddcup2017_china_tollgate\kdd2017_china_tollgate_20min.csv:kdd2017_t3_d0#segment3,1,135.0,125.53333333333333,9.466666666666669,True,119.0,linear_trend
1476528000,D:\intelligent_transportation\data\lstm_sources\public\kddcup2017_china_tollgate\kdd2017_china_tollgate_20min.csv:kdd2017_t3_d0#segment3,1,94.0,125.86666666666667,-31.866666666666674,True,135.0,linear_trend
1476529200,D:\intelligent_transportation\data\lstm_sources\public\kddcup2017_china_tollgate\kdd2017_china_tollgate_20min.csv:kdd2017_t3_d0#segment3,1,122.0,107.8,14.200000000000003,True,94.0,linear_trend
1476530400,D:\intelligent_transportation\data\lstm_sources\public\kddcup2017_china_tollgate\kdd2017_china_tollgate_20min.csv:kdd2017_t3_d0#segment3,1,103.0,114.66666666666667,-11.666666666666671,True,122.0,linear_trend
1476531600,D:\intelligent_transportation\data\lstm_sources\public\kddcup2017_china_tollgate\kdd2017_china_tollgate_20min.csv:kdd2017_t3_d0#segment3,1,109.0,103.46666666666667,5.533333333333331,True,103.0,linear_trend
1476532800,D:\intelligent_transportation\data\lstm_sources\public\kddcup2017_china_tollgate\kdd2017_china_tollgate_20min.csv:kdd2017_t3_d0#segment3,1,89.0,101.86666666666667,-12.866666666666674,True,109.0,linear_trend
1476534000,D:\intelligent_transportation\data\lstm_sources\public\kddcup2017_china_tollgate\kdd2017_china_tollgate_20min.csv:kdd2017_t3_d0#segment3,1,104.0,88.26666666666668,15.73333333333332,True,89.0,linear_trend
1476535200,D:\intelligent_transportation\data\lstm_sources\public\kddcup2017_china_tollgate\kdd2017_china_tollgate_20min.csv:kdd2017_t3_d0#segment3,1,102.0,99.2,2.799999999999997,True,104.0,linear_trend
1476536400,D:\intelligent_transportation\data\lstm_sources\public\kddcup2017_china_tollgate\kdd2017_china_tollgate_20min.csv:kdd2017_t3_d0#segment3,1,110.0,93.13333333333333,16.866666666666674,True,102.0,linear_trend
1476537600,D:\intelligent_transportation\data\lstm_sources\public\kddcup2017_china_tollgate\kdd2017_china_tollgate_20min.csv:kdd2017_t3_d0#segment3,1,128.0,105.73333333333333,22.266666666666666,True,110.0,linear_trend
1476538800,D:\intelligent_transportation\data\lstm_sources\public\kddcup2017_china_tollgate\kdd2017_china_tollgate_20min.csv:kdd2017_t3_d0#segment3,1,135.0,122.60000000000001,12.399999999999991,True,128.0,linear_trend
1476540000,D:\intelligent_transportation\data\lstm_sources\public\kddcup2017_china_tollgate\kdd2017_china_tollgate_20min.csv:kdd2017_t3_d0#segment3,1,108.0,142.33333333333331,-34.333333333333314,True,135.0,linear_trend
1476541200,D:\intelligent_transportation\data\lstm_sources\public\kddcup2017_china_tollgate\kdd2017_china_tollgate_20min.csv:kdd2017_t3_d0#segment3,1,114.0,128.20000000000002,-14.200000000000017,True,108.0,linear_trend
1476542400,D:\intelligent_transportation\data\lstm_sources\public\kddcup2017_china_tollgate\kdd2017_china_tollgate_20min.csv:kdd2017_t3_d0#segment3,1,118.0,122.26666666666667,-4.266666666666666,True,114.0,linear_trend
1476543600,D:\intelligent_transportation\data\lstm_sources\public\kddcup2017_china_tollgate\kdd2017_china_tollgate_20min.csv:kdd2017_t3_d0#segment3,1,109.0,115.93333333333332,-6.933333333333323,True,118.0,linear_trend
1476544800,D:\intelligent_transportation\data\lstm_sources\public\kddcup2017_china_tollgate\kdd2017_china_tollgate_20min.csv:kdd2017_t3_d0#segment3,1,159.0,104.66666666666669,54.333333333333314,True,109.0,linear_trend
1476546000,D:\intelligent_transportation\data\lstm_sources\public\kddcup2017_china_tollgate\kdd2017_china_tollgate_20min.csv:kdd2017_t3_d0#segment3,1,127.0,136.53333333333333,-9.533333333333331,True,159.0,linear_trend
1476547200,D:\intelligent_transportation\data\lstm_sources\public\kddcup2017_china_tollgate\kdd2017_china_tollgate_20min.csv:kdd2017_t3_d0#segment3,1,137.0,144.60000000000002,-7.600000000000023,True,127.0,linear_trend
1476548400,D:\intelligent_transportation\data\lstm_sources\public\kddcup2017_china_tollgate\kdd2017_china_tollgate_20min.csv:kdd2017_t3_d0#segment3,1,125.0,146.53333333333333,-21.53333333333333,True,137.0,linear_trend
1476549600,D:\intelligent_transportation\data\lstm_sources\public\kddcup2017_china_tollgate\kdd2017_china_tollgate_20min.csv:kdd2017_t3_d0#segment3,1,124.0,137.86666666666667,-13.866666666666674,True,125.0,linear_trend
1476550800,D:\intelligent_transportation\data\lstm_sources\public\kddcup2017_china_tollgate\kdd2017_china_tollgate_20min.csv:kdd2017_t3_d0#segment3,1,105.0,128.46666666666667,-23.46666666666667,True,124.0,linear_trend
1476552000,D:\intelligent_transportation\data\lstm_sources\public\kddcup2017_china_tollgate\kdd2017_china_tollgate_20min.csv:kdd2017_t3_d0#segment3,1,127.0,100.39999999999999,26.60000000000001,True,105.0,linear_trend
1476553200,D:\intelligent_transportation\data\lstm_sources\public\kddcup2017_china_tollgate\kdd2017_china_tollgate_20min.csv:kdd2017_t3_d0#segment3,1,104.0,114.46666666666667,-10.466666666666669,True,127.0,linear_trend
1476554400,D:\intelligent_transportation\data\lstm_sources\public\kddcup2017_china_tollgate\kdd2017_china_tollgate_20min.csv:kdd2017_t3_d0#segment3,1,82.0,102.53333333333333,-20.53333333333333,True,104.0,linear_trend
1476555600,D:\intelligent_transportation\data\lstm_sources\public\kddcup2017_china_tollgate\kdd2017_china_tollgate_20min.csv:kdd2017_t3_d0#segment3,1,70.0,85.86666666666667,-15.866666666666674,True,82.0,linear_trend
1476556800,D:\intelligent_transportation\data\lstm_sources\public\kddcup2017_china_tollgate\kdd2017_china_tollgate_20min.csv:kdd2017_t3_d0#segment3,1,62.0,65.8,-3.799999999999997,True,70.0,linear_trend
1476558000,D:\intelligent_transportation\data\lstm_sources\public\kddcup2017_china_tollgate\kdd2017_china_tollgate_20min.csv:kdd2017_t3_d0#segment3,1,64.0,50.866666666666674,13.133333333333326,True,62.0,linear_trend
1476559200,D:\intelligent_transportation\data\lstm_sources\public\kddcup2017_china_tollgate\kdd2017_china_tollgate_20min.csv:kdd2017_t3_d0#segment3,1,67.0,39.53333333333333,27.46666666666667,True,64.0,linear_trend
1476560400,D:\intelligent_transportation\data\lstm_sources\public\kddcup2017_china_tollgate\kdd2017_china_tollgate_20min.csv:kdd2017_t3_d0#segment3,1,73.0,50.133333333333326,22.866666666666674,True,67.0,linear_trend
1476561600,D:\intelligent_transportation\data\lstm_sources\public\kddcup2017_china_tollgate\kdd2017_china_tollgate_20min.csv:kdd2017_t3_d0#segment3,1,55.0,64.46666666666667,-9.466666666666669,True,73.0,linear_trend
1476562800,D:\intelligent_transportation\data\lstm_sources\public\kddcup2017_china_tollgate\kdd2017_china_tollgate_20min.csv:kdd2017_t3_d0#segment3,1,48.0,61.26666666666668,-13.26666666666668,True,55.0,linear_trend
1476564000,D:\intelligent_transportation\data\lstm_sources\public\kddcup2017_china_tollgate\kdd2017_china_tollgate_20min.csv:kdd2017_t3_d0#segment3,1,53.0,52.4,0.6000000000000014,True,48.0,linear_trend
1476565200,D:\intelligent_transportation\data\lstm_sources\public\kddcup2017_china_tollgate\kdd2017_china_tollgate_20min.csv:kdd2017_t3_d0#segment3,1,45.0,47.00000000000001,-2.000000000000007,True,53.0,linear_trend
1476566400,D:\intelligent_transportation\data\lstm_sources\public\kddcup2017_china_tollgate\kdd2017_china_tollgate_20min.csv:kdd2017_t3_d0#segment3,1,42.0,39.13333333333334,2.86666666666666,True,45.0,linear_trend
1476567600,D:\intelligent_transportation\data\lstm_sources\public\kddcup2017_china_tollgate\kdd2017_china_tollgate_20min.csv:kdd2017_t3_d0#segment3,1,31.0,34.66666666666666,-3.666666666666657,True,42.0,linear_trend
1476568800,D:\intelligent_transportation\data\lstm_sources\public\kddcup2017_china_tollgate\kdd2017_china_tollgate_20min.csv:kdd2017_t3_d0#segment3,1,22.0,31.066666666666663,-9.066666666666663,True,31.0,linear_trend
1476570000,D:\intelligent_transportation\data\lstm_sources\public\kddcup2017_china_tollgate\kdd2017_china_tollgate_20min.csv:kdd2017_t3_d0#segment3,1,22.0,20.266666666666666,1.7333333333333343,True,22.0,linear_trend
1476571200,D:\intelligent_transportation\data\lstm_sources\public\kddcup2017_china_tollgate\kdd2017_china_tollgate_20min.csv:kdd2017_t3_d0#segment3,1,20.0,12.333333333333336,7.666666666666664,True,22.0,linear_trend
1476572400,D:\intelligent_transportation\data\lstm_sources\public\kddcup2017_china_tollgate\kdd2017_china_tollgate_20min.csv:kdd2017_t3_d0#segment3,1,9.0,10.933333333333337,-1.9333333333333371,True,20.0,linear_trend
1476573600,D:\intelligent_transportation\data\lstm_sources\public\kddcup2017_china_tollgate\kdd2017_china_tollgate_20min.csv:kdd2017_t3_d0#segment3,1,9.0,4.533333333333331,4.466666666666669,True,9.0,linear_trend
1476574800,D:\intelligent_transportation\data\lstm_sources\public\kddcup2017_china_tollgate\kdd2017_china_tollgate_20min.csv:kdd2017_t3_d0#segment3,1,13.0,3.7333333333333307,9.26666666666667,True,9.0,linear_trend
1476576000,D:\intelligent_transportation\data\lstm_sources\public\kddcup2017_china_tollgate\kdd2017_china_tollgate_20min.csv:kdd2017_t3_d0#segment3,1,24.0,6.333333333333336,17.666666666666664,True,13.0,linear_trend
1476577200,D:\intelligent_transportation\data\lstm_sources\public\kddcup2017_china_tollgate\kdd2017_china_tollgate_20min.csv:kdd2017_t3_d0#segment3,1,18.0,15.066666666666666,2.9333333333333336,True,24.0,linear_trend
1476578400,D:\intelligent_transportation\data\lstm_sources\public\kddcup2017_china_tollgate\kdd2017_china_tollgate_20min.csv:kdd2017_t3_d0#segment3,1,20.0,19.400000000000002,0.5999999999999979,True,18.0,linear_trend
1476579600,D:\intelligent_transportation\data\lstm_sources\public\kddcup2017_china_tollgate\kdd2017_china_tollgate_20min.csv:kdd2017_t3_d0#segment3,1,19.0,24.8,-5.800000000000001,True,20.0,linear_trend
1476580800,D:\intelligent_transportation\data\lstm_sources\public\kddcup2017_china_tollgate\kdd2017_china_tollgate_20min.csv:kdd2017_t3_d0#segment3,1,19.0,23.666666666666668,-4.666666666666668,True,19.0,linear_trend
1476582000,D:\intelligent_transportation\data\lstm_sources\public\kddcup2017_china_tollgate\kdd2017_china_tollgate_20min.csv:kdd2017_t3_d0#segment3,1,17.0,20.53333333333333,-3.5333333333333314,True,19.0,linear_trend
1476583200,D:\intelligent_transportation\data\lstm_sources\public\kddcup2017_china_tollgate\kdd2017_china_tollgate_20min.csv:kdd2017_t3_d0#segment3,1,10.0,16.200000000000003,-6.200000000000003,True,17.0,linear_trend
1476584400,D:\intelligent_transportation\data\lstm_sources\public\kddcup2017_china_tollgate\kdd2017_china_tollgate_20min.csv:kdd2017_t3_d0#segment3,1,12.0,12.26666666666667,-0.26666666666666927,True,10.0,linear_trend
1476585600,D:\intelligent_transportation\data\lstm_sources\public\kddcup2017_china_tollgate\kdd2017_china_tollgate_20min.csv:kdd2017_t3_d0#segment3,1,19.0,9.266666666666666,9.733333333333334,True,12.0,linear_trend
1476586800,D:\intelligent_transportation\data\lstm_sources\public\kddcup2017_china_tollgate\kdd2017_china_tollgate_20min.csv:kdd2017_t3_d0#segment3,1,9.0,13.2,-4.199999999999999,True,19.0,linear_trend
1476588000,D:\intelligent_transportation\data\lstm_sources\public\kddcup2017_china_tollgate\kdd2017_china_tollgate_20min.csv:kdd2017_t3_d0#segment3,1,14.0,10.133333333333336,3.8666666666666636,True,9.0,linear_trend
1476589200,D:\intelligent_transportation\data\lstm_sources\public\kddcup2017_china_tollgate\kdd2017_china_tollgate_20min.csv:kdd2017_t3_d0#segment3,1,12.0,12.4,-0.40000000000000036,True,14.0,linear_trend
1476590400,D:\intelligent_transportation\data\lstm_sources\public\kddcup2017_china_tollgate\kdd2017_china_tollgate_20min.csv:kdd2017_t3_d0#segment3,1,11.0,13.266666666666666,-2.2666666666666657,True,12.0,linear_trend
1476591600,D:\intelligent_transportation\data\lstm_sources\public\kddcup2017_china_tollgate\kdd2017_china_tollgate_20min.csv:kdd2017_t3_d0#segment3,1,14.0,10.733333333333334,3.2666666666666657,True,11.0,linear_trend
1476592800,D:\intelligent_transportation\data\lstm_sources\public\kddcup2017_china_tollgate\kdd2017_china_tollgate_20min.csv:kdd2017_t3_d0#segment3,1,17.0,11.066666666666666,5.933333333333334,True,14.0,linear_trend
1476594000,D:\intelligent_transportation\data\lstm_sources\public\kddcup2017_china_tollgate\kdd2017_china_tollgate_20min.csv:kdd2017_t3_d0#segment3,1,8.0,16.733333333333334,-8.733333333333334,True,17.0,linear_trend
1476595200,D:\intelligent_transportation\data\lstm_sources\public\kddcup2017_china_tollgate\kdd2017_china_tollgate_20min.csv:kdd2017_t3_d0#segment3,1,13.0,11.466666666666667,1.5333333333333332,True,8.0,linear_trend
1476596400,D:\intelligent_transportation\data\lstm_sources\public\kddcup2017_china_tollgate\kdd2017_china_tollgate_20min.csv:kdd2017_t3_d0#segment3,1,12.0,12.4,-0.40000000000000036,True,13.0,linear_trend
1476597600,D:\intelligent_transportation\data\lstm_sources\public\kddcup2017_china_tollgate\kdd2017_china_tollgate_20min.csv:kdd2017_t3_d0#segment3,1,28.0,11.8,16.2,True,12.0,linear_trend
1476598800,D:\intelligent_transportation\data\lstm_sources\public\kddcup2017_china_tollgate\kdd2017_china_tollgate_20min.csv:kdd2017_t3_d0#segment3,1,39.0,21.333333333333332,17.666666666666668,True,28.0,linear_trend
1476600000,D:\intelligent_transportation\data\lstm_sources\public\kddcup2017_china_tollgate\kdd2017_china_tollgate_20min.csv:kdd2017_t3_d0#segment3,1,62.0,36.4,25.6,True,39.0,linear_trend
1476601200,D:\intelligent_transportation\data\lstm_sources\public\kddcup2017_china_tollgate\kdd2017_china_tollgate_20min.csv:kdd2017_t3_d0#segment3,1,65.0,63.400000000000006,1.5999999999999943,True,62.0,linear_trend
1476602400,D:\intelligent_transportation\data\lstm_sources\public\kddcup2017_china_tollgate\kdd2017_china_tollgate_20min.csv:kdd2017_t3_d0#segment3,1,78.0,78.60000000000001,-0.6000000000000085,True,65.0,linear_trend
1476603600,D:\intelligent_transportation\data\lstm_sources\public\kddcup2017_china_tollgate\kdd2017_china_tollgate_20min.csv:kdd2017_t3_d0#segment3,1,74.0,93.73333333333333,-19.733333333333334,True,78.0,linear_trend
1476604800,D:\intelligent_transportation\data\lstm_sources\public\kddcup2017_china_tollgate\kdd2017_china_tollgate_20min.csv:kdd2017_t3_d0#segment3,1,85.0,92.66666666666666,-7.666666666666657,True,74.0,linear_trend
1476606000,D:\intelligent_transportation\data\lstm_sources\public\kddcup2017_china_tollgate\kdd2017_china_tollgate_20min.csv:kdd2017_t3_d0#segment3,1,114.0,95.06666666666666,18.933333333333337,True,85.0,linear_trend
1476607200,D:\intelligent_transportation\data\lstm_sources\public\kddcup2017_china_tollgate\kdd2017_china_tollgate_20min.csv:kdd2017_t3_d0#segment3,1,102.0,111.26666666666668,-9.26666666666668,True,114.0,linear_trend
1476608400,D:\intelligent_transportation\data\lstm_sources\public\kddcup2017_china_tollgate\kdd2017_china_tollgate_20min.csv:kdd2017_t3_d0#segment3,1,105.0,116.73333333333333,-11.733333333333334,True,102.0,linear_trend
1476609600,D:\intelligent_transportation\data\lstm_sources\public\kddcup2017_china_tollgate\kdd2017_china_tollgate_20min.csv:kdd2017_t3_d0#segment3,1,94.0,117.79999999999998,-23.799999999999983,True,105.0,linear_trend
1476610800,D:\intelligent_transportation\data\lstm_sources\public\kddcup2017_china_tollgate\kdd2017_china_tollgate_20min.csv:kdd2017_t3_d0#segment3,1,72.0,110.46666666666667,-38.46666666666667,True,94.0,linear_trend
1476612000,D:\intelligent_transportation\data\lstm_sources\public\kddcup2017_china_tollgate\kdd2017_china_tollgate_20min.csv:kdd2017_t3_d0#segment3,1,102.0,83.13333333333333,18.866666666666674,True,72.0,linear_trend
1476613200,D:\intelligent_transportation\data\lstm_sources\public\kddcup2017_china_tollgate\kdd2017_china_tollgate_20min.csv:kdd2017_t3_d0#segment3,1,69.0,82.06666666666668,-13.066666666666677,True,102.0,linear_trend
1476614400,D:\intelligent_transportation\data\lstm_sources\public\kddcup2017_china_tollgate\kdd2017_china_tollgate_20min.csv:kdd2017_t3_d0#segment3,1,68.0,71.06666666666668,-3.066666666666677,True,69.0,linear_trend
1476615600,D:\intelligent_transportation\data\lstm_sources\public\kddcup2017_china_tollgate\kdd2017_china_tollgate_20min.csv:kdd2017_t3_d0#segment3,1,53.0,62.0,-9.0,True,68.0,linear_trend
1476616800,D:\intelligent_transportation\data\lstm_sources\public\kddcup2017_china_tollgate\kdd2017_china_tollgate_20min.csv:kdd2017_t3_d0#segment3,1,58.0,51.33333333333333,6.666666666666671,True,53.0,linear_trend
1476618000,D:\intelligent_transportation\data\lstm_sources\public\kddcup2017_china_tollgate\kdd2017_china_tollgate_20min.csv:kdd2017_t3_d0#segment3,1,93.0,48.533333333333324,44.466666666666676,True,58.0,linear_trend
1476619200,D:\intelligent_transportation\data\lstm_sources\public\kddcup2017_china_tollgate\kdd2017_china_tollgate_20min.csv:kdd2017_t3_d0#segment3,1,96.0,64.53333333333332,31.466666666666683,True,93.0,linear_trend
1476620400,D:\intelligent_transportation\data\lstm_sources\public\kddcup2017_china_tollgate\kdd2017_china_tollgate_20min.csv:kdd2017_t3_d0#segment3,1,92.0,94.33333333333333,-2.3333333333333286,True,96.0,linear_trend
1476621600,D:\intelligent_transportation\data\lstm_sources\public\kddcup2017_china_tollgate\kdd2017_china_tollgate_20min.csv:kdd2017_t3_d0#segment3,1,104.0,105.06666666666666,-1.0666666666666629,True,92.0,linear_trend
1476622800,D:\intelligent_transportation\data\lstm_sources\public\kddcup2017_china_tollgate\kdd2017_china_tollgate_20min.csv:kdd2017_t3_d0#segment3,1,114.0,118.66666666666669,-4.666666666666686,True,104.0,linear_trend
1476624000,D:\intelligent_transportation\data\lstm_sources\public\kddcup2017_china_tollgate\kdd2017_china_tollgate_20min.csv:kdd2017_t3_d0#segment3,1,120.0,123.73333333333333,-3.7333333333333343,True,114.0,linear_trend
1476625200,D:\intelligent_transportation\data\lstm_sources\public\kddcup2017_china_tollgate\kdd2017_china_tollgate_20min.csv:kdd2017_t3_d0#segment3,1,126.0,123.26666666666667,2.7333333333333343,True,120.0,linear_trend
1476626400,D:\intelligent_transportation\data\lstm_sources\public\kddcup2017_china_tollgate\kdd2017_china_tollgate_20min.csv:kdd2017_t3_d0#segment3,1,126.0,133.06666666666666,-7.066666666666663,True,126.0,linear_trend
1476627600,D:\intelligent_transportation\data\lstm_sources\public\kddcup2017_china_tollgate\kdd2017_china_tollgate_20min.csv:kdd2017_t3_d0#segment3,1,125.0,137.86666666666667,-12.866666666666674,True,126.0,linear_trend
1476628800,D:\intelligent_transportation\data\lstm_sources\public\kddcup2017_china_tollgate\kdd2017_china_tollgate_20min.csv:kdd2017_t3_d0#segment3,1,143.0,133.86666666666667,9.133333333333326,True,125.0,linear_trend
1476630000,D:\intelligent_transportation\data\lstm_sources\public\kddcup2017_china_tollgate\kdd2017_china_tollgate_20min.csv:kdd2017_t3_d0#segment3,1,138.0,141.66666666666666,-3.666666666666657,True,143.0,linear_trend
1476631200,D:\intelligent_transportation\data\lstm_sources\public\kddcup2017_china_tollgate\kdd2017_china_tollgate_20min.csv:kdd2017_t3_d0#segment3,1,109.0,143.66666666666666,-34.66666666666666,True,138.0,linear_trend
1476632400,D:\intelligent_transportation\data\lstm_sources\public\kddcup2017_china_tollgate\kdd2017_china_tollgate_20min.csv:kdd2017_t3_d0#segment3,1,109.0,124.73333333333332,-15.73333333333332,True,109.0,linear_trend
1476633600,D:\intelligent_transportation\data\lstm_sources\public\kddcup2017_china_tollgate\kdd2017_china_tollgate_20min.csv:kdd2017_t3_d0#segment3,1,144.0,111.2,32.8,True,109.0,linear_trend
1476634800,D:\intelligent_transportation\data\lstm_sources\public\kddcup2017_china_tollgate\kdd2017_china_tollgate_20min.csv:kdd2017_t3_d0#segment3,1,127.0,124.4,2.5999999999999943,True,144.0,linear_trend
1476636000,D:\intelligent_transportation\data\lstm_sources\public\kddcup2017_china_tollgate\kdd2017_china_tollgate_20min.csv:kdd2017_t3_d0#segment3,1,133.0,122.13333333333333,10.866666666666674,True,127.0,linear_trend
1476637200,D:\intelligent_transportation\data\lstm_sources\public\kddcup2017_china_tollgate\kdd2017_china_tollgate_20min.csv:kdd2017_t3_d0#segment3,1,132.0,133.06666666666666,-1.0666666666666629,True,133.0,linear_trend
1476638400,D:\intelligent_transportation\data\lstm_sources\public\kddcup2017_china_tollgate\kdd2017_china_tollgate_20min.csv:kdd2017_t3_d0#segment3,1,116.0,142.66666666666669,-26.666666666666686,True,132.0,linear_trend
1476639600,D:\intelligent_transportation\data\lstm_sources\public\kddcup2017_china_tollgate\kdd2017_china_tollgate_20min.csv:kdd2017_t3_d0#segment3,1,120.0,127.33333333333333,-7.333333333333329,True,116.0,linear_trend
1476640800,D:\intelligent_transportation\data\lstm_sources\public\kddcup2017_china_tollgate\kdd2017_china_tollgate_20min.csv:kdd2017_t3_d0#segment3,1,105.0,113.26666666666665,-8.266666666666652,True,120.0,linear_trend
1476642000,D:\intelligent_transportation\data\lstm_sources\public\kddcup2017_china_tollgate\kdd2017_china_tollgate_20min.csv:kdd2017_t3_d0#segment3,1,93.0,105.66666666666669,-12.666666666666686,True,105.0,linear_trend
1476643200,D:\intelligent_transportation\data\lstm_sources\public\kddcup2017_china_tollgate\kdd2017_china_tollgate_20min.csv:kdd2017_t3_d0#segment3,1,80.0,88.79999999999998,-8.799999999999983,True,93.0,linear_trend
1476644400,D:\intelligent_transportation\data\lstm_sources\public\kddcup2017_china_tollgate\kdd2017_china_tollgate_20min.csv:kdd2017_t3_d0#segment3,1,81.0,73.26666666666667,7.733333333333334,True,80.0,linear_trend
1476645600,D:\intelligent_transportation\data\lstm_sources\public\kddcup2017_china_tollgate\kdd2017_china_tollgate_20min.csv:kdd2017_t3_d0#segment3,1,74.0,68.46666666666667,5.533333333333331,True,81.0,linear_trend
1476646800,D:\intelligent_transportation\data\lstm_sources\public\kddcup2017_china_tollgate\kdd2017_china_tollgate_20min.csv:kdd2017_t3_d0#segment3,1,76.0,60.66666666666667,15.333333333333329,True,74.0,linear_trend
1476648000,D:\intelligent_transportation\data\lstm_sources\public\kddcup2017_china_tollgate\kdd2017_china_tollgate_20min.csv:kdd2017_t3_d0#segment3,1,59.0,64.73333333333333,-5.733333333333334,True,76.0,linear_trend
1476649200,D:\intelligent_transportation\data\lstm_sources\public\kddcup2017_china_tollgate\kdd2017_china_tollgate_20min.csv:kdd2017_t3_d0#segment3,1,56.0,58.266666666666666,-2.2666666666666657,True,59.0,linear_trend
1476650400,D:\intelligent_transportation\data\lstm_sources\public\kddcup2017_china_tollgate\kdd2017_china_tollgate_20min.csv:kdd2017_t3_d0#segment3,1,50.0,52.599999999999994,-2.5999999999999943,True,56.0,linear_trend
1476651600,D:\intelligent_transportation\data\lstm_sources\public\kddcup2017_china_tollgate\kdd2017_china_tollgate_20min.csv:kdd2017_t3_d0#segment3,1,42.0,43.39999999999999,-1.3999999999999915,True,50.0,linear_trend
1476652800,D:\intelligent_transportation\data\lstm_sources\public\kddcup2017_china_tollgate\kdd2017_china_tollgate_20min.csv:kdd2017_t3_d0#segment3,1,39.0,35.400000000000006,3.5999999999999943,True,42.0,linear_trend
1476654000,D:\intelligent_transportation\data\lstm_sources\public\kddcup2017_china_tollgate\kdd2017_china_tollgate_20min.csv:kdd2017_t3_d0#segment3,1,32.0,29.46666666666666,2.5333333333333385,True,39.0,linear_trend
1476655200,D:\intelligent_transportation\data\lstm_sources\public\kddcup2017_china_tollgate\kdd2017_china_tollgate_20min.csv:kdd2017_t3_d0#segment3,1,31.0,26.933333333333337,4.066666666666663,True,32.0,linear_trend
1476656400,D:\intelligent_transportation\data\lstm_sources\public\kddcup2017_china_tollgate\kdd2017_china_tollgate_20min.csv:kdd2017_t3_d0#segment3,1,26.0,23.46666666666666,2.5333333333333385,True,31.0,linear_trend
1476657600,D:\intelligent_transportation\data\lstm_sources\public\kddcup2017_china_tollgate\kdd2017_china_tollgate_20min.csv:kdd2017_t3_d0#segment3,1,16.0,20.66666666666666,-4.666666666666661,True,26.0,linear_trend
1476658800,D:\intelligent_transportation\data\lstm_sources\public\kddcup2017_china_tollgate\kdd2017_china_tollgate_20min.csv:kdd2017_t3_d0#segment3,1,17.0,14.0,3.0,True,16.0,linear_trend
1476660000,D:\intelligent_transportation\data\lstm_sources\public\kddcup2017_china_tollgate\kdd2017_china_tollgate_20min.csv:kdd2017_t3_d0#segment3,1,21.0,10.533333333333331,10.466666666666669,True,17.0,linear_trend
1476661200,D:\intelligent_transportation\data\lstm_sources\public\kddcup2017_china_tollgate\kdd2017_china_tollgate_20min.csv:kdd2017_t3_d0#segment3,1,17.0,13.133333333333333,3.866666666666667,True,21.0,linear_trend
1476662400,D:\intelligent_transportation\data\lstm_sources\public\kddcup2017_china_tollgate\kdd2017_china_tollgate_20min.csv:kdd2017_t3_d0#segment3,1,17.0,12.933333333333334,4.066666666666666,True,17.0,linear_trend
1476663600,D:\intelligent_transportation\data\lstm_sources\public\kddcup2017_china_tollgate\kdd2017_china_tollgate_20min.csv:kdd2017_t3_d0#segment3,1,21.0,15.200000000000001,5.799999999999999,True,17.0,linear_trend
1476664800,D:\intelligent_transportation\data\lstm_sources\public\kddcup2017_china_tollgate\kdd2017_china_tollgate_20min.csv:kdd2017_t3_d0#segment3,1,18.0,20.266666666666666,-2.2666666666666657,True,21.0,linear_trend
1476666000,D:\intelligent_transportation\data\lstm_sources\public\kddcup2017_china_tollgate\kdd2017_china_tollgate_20min.csv:kdd2017_t3_d0#segment3,1,23.0,19.0,4.0,True,18.0,linear_trend
1476667200,D:\intelligent_transportation\data\lstm_sources\public\kddcup2017_china_tollgate\kdd2017_china_tollgate_20min.csv:kdd2017_t3_d0#segment3,1,19.0,21.2,-2.1999999999999993,True,23.0,linear_trend
1476668400,D:\intelligent_transportation\data\lstm_sources\public\kddcup2017_china_tollgate\kdd2017_china_tollgate_20min.csv:kdd2017_t3_d0#segment3,1,10.0,21.666666666666668,-11.666666666666668,True,19.0,linear_trend
1476669600,D:\intelligent_transportation\data\lstm_sources\public\kddcup2017_china_tollgate\kdd2017_china_tollgate_20min.csv:kdd2017_t3_d0#segment3,1,11.0,14.399999999999999,-3.3999999999999986,True,10.0,linear_trend
1476670800,D:\intelligent_transportation\data\lstm_sources\public\kddcup2017_china_tollgate\kdd2017_china_tollgate_20min.csv:kdd2017_t3_d0#segment3,1,14.0,9.199999999999998,4.8000000000000025,True,11.0,linear_trend
1476672000,D:\intelligent_transportation\data\lstm_sources\public\kddcup2017_china_tollgate\kdd2017_china_tollgate_20min.csv:kdd2017_t3_d0#segment3,1,13.0,9.333333333333336,3.6666666666666643,True,14.0,linear_trend
1476673200,D:\intelligent_transportation\data\lstm_sources\public\kddcup2017_china_tollgate\kdd2017_china_tollgate_20min.csv:kdd2017_t3_d0#segment3,1,16.0,8.599999999999998,7.400000000000002,True,13.0,linear_trend
1476674400,D:\intelligent_transportation\data\lstm_sources\public\kddcup2017_china_tollgate\kdd2017_china_tollgate_20min.csv:kdd2017_t3_d0#segment3,1,15.0,13.533333333333333,1.4666666666666668,True,16.0,linear_trend
1476675600,D:\intelligent_transportation\data\lstm_sources\public\kddcup2017_china_tollgate\kdd2017_china_tollgate_20min.csv:kdd2017_t3_d0#segment3,1,7.0,17.066666666666666,-10.066666666666666,True,15.0,linear_trend
1476676800,D:\intelligent_transportation\data\lstm_sources\public\kddcup2017_china_tollgate\kdd2017_china_tollgate_20min.csv:kdd2017_t3_d0#segment3,1,15.0,11.266666666666666,3.7333333333333343,True,7.0,linear_trend
1476678000,D:\intelligent_transportation\data\lstm_sources\public\kddcup2017_china_tollgate\kdd2017_china_tollgate_20min.csv:kdd2017_t3_d0#segment3,1,12.0,11.933333333333334,0.06666666666666643,True,15.0,linear_trend
1476679200,D:\intelligent_transportation\data\lstm_sources\public\kddcup2017_china_tollgate\kdd2017_china_tollgate_20min.csv:kdd2017_t3_d0#segment3,1,11.0,11.399999999999999,-0.3999999999999986,True,12.0,linear_trend
1476680400,D:\intelligent_transportation\data\lstm_sources\public\kddcup2017_china_tollgate\kdd2017_china_tollgate_20min.csv:kdd2017_t3_d0#segment3,1,14.0,10.066666666666666,3.9333333333333336,True,11.0,linear_trend
1476681600,D:\intelligent_transportation\data\lstm_sources\public\kddcup2017_china_tollgate\kdd2017_china_tollgate_20min.csv:kdd2017_t3_d0#segment3,1,15.0,12.733333333333333,2.2666666666666675,True,14.0,linear_trend
1476682800,D:\intelligent_transportation\data\lstm_sources\public\kddcup2017_china_tollgate\kdd2017_china_tollgate_20min.csv:kdd2017_t3_d0#segment3,1,23.0,15.933333333333334,7.066666666666666,True,15.0,linear_trend
1476684000,D:\intelligent_transportation\data\lstm_sources\public\kddcup2017_china_tollgate\kdd2017_china_tollgate_20min.csv:kdd2017_t3_d0#segment3,1,40.0,20.2,19.8,True,23.0,linear_trend
1476685200,D:\intelligent_transportation\data\lstm_sources\public\kddcup2017_china_tollgate\kdd2017_china_tollgate_20min.csv:kdd2017_t3_d0#segment3,1,59.0,36.86666666666667,22.133333333333333,True,40.0,linear_trend
1476686400,D:\intelligent_transportation\data\lstm_sources\public\kddcup2017_china_tollgate\kdd2017_china_tollgate_20min.csv:kdd2017_t3_d0#segment3,1,95.0,59.599999999999994,35.400000000000006,True,59.0,linear_trend
1476687600,D:\intelligent_transportation\data\lstm_sources\public\kddcup2017_china_tollgate\kdd2017_china_tollgate_20min.csv:kdd2017_t3_d0#segment3,1,145.0,96.4,48.599999999999994,True,95.0,linear_trend
1476688800,D:\intelligent_transportation\data\lstm_sources\public\kddcup2017_china_tollgate\kdd2017_china_tollgate_20min.csv:kdd2017_t3_d0#segment3,1,162.0,151.33333333333334,10.666666666666657,True,145.0,linear_trend
1476690000,D:\intelligent_transportation\data\lstm_sources\public\kddcup2017_china_tollgate\kdd2017_china_tollgate_20min.csv:kdd2017_t3_d0#segment3,1,165.0,191.93333333333334,-26.933333333333337,True,162.0,linear_trend
1476691200,D:\intelligent_transportation\data\lstm_sources\public\kddcup2017_china_tollgate\kdd2017_china_tollgate_20min.csv:kdd2017_t3_d0#segment3,1,175.0,209.4,-34.400000000000006,True,165.0,linear_trend
1476692400,D:\intelligent_transportation\data\lstm_sources\public\kddcup2017_china_tollgate\kdd2017_china_tollgate_20min.csv:kdd2017_t3_d0#segment3,1,182.0,214.20000000000002,-32.20000000000002,True,175.0,linear_trend
1476693600,D:\intelligent_transportation\data\lstm_sources\public\kddcup2017_china_tollgate\kdd2017_china_tollgate_20min.csv:kdd2017_t3_d0#segment3,1,180.0,206.79999999999998,-26.799999999999983,True,182.0,linear_trend
1476694800,D:\intelligent_transportation\data\lstm_sources\public\kddcup2017_china_tollgate\kdd2017_china_tollgate_20min.csv:kdd2017_t3_d0#segment3,1,138.0,192.66666666666666,-54.66666666666666,True,180.0,linear_trend
1476696000,D:\intelligent_transportation\data\lstm_sources\public\kddcup2017_china_tollgate\kdd2017_china_tollgate_20min.csv:kdd2017_t3_d0#segment3,1,150.0,160.20000000000002,-10.200000000000017,True,138.0,linear_trend
1476697200,D:\intelligent_transportation\data\lstm_sources\public\kddcup2017_china_tollgate\kdd2017_china_tollgate_20min.csv:kdd2017_t3_d0#segment3,1,117.0,146.2,-29.19999999999999,True,150.0,linear_trend
1476698400,D:\intelligent_transportation\data\lstm_sources\public\kddcup2017_china_tollgate\kdd2017_china_tollgate_20min.csv:kdd2017_t3_d0#segment3,1,127.0,114.19999999999999,12.800000000000011,True,117.0,linear_trend
1476699600,D:\intelligent_transportation\data\lstm_sources\public\kddcup2017_china_tollgate\kdd2017_china_tollgate_20min.csv:kdd2017_t3_d0#segment3,1,108.0,103.79999999999998,4.200000000000017,True,127.0,linear_trend
1476700800,D:\intelligent_transportation\data\lstm_sources\public\kddcup2017_china_tollgate\kdd2017_china_tollgate_20min.csv:kdd2017_t3_d0#segment3,1,86.0,94.06666666666665,-8.066666666666649,True,108.0,linear_trend
1476702000,D:\intelligent_transportation\data\lstm_sources\public\kddcup2017_china_tollgate\kdd2017_china_tollgate_20min.csv:kdd2017_t3_d0#segment3,1,102.0,83.4,18.599999999999994,True,86.0,linear_trend
1476703200,D:\intelligent_transportation\data\lstm_sources\public\kddcup2017_china_tollgate\kdd2017_china_tollgate_20min.csv:kdd2017_t3_d0#segment3,1,89.0,79.8,9.200000000000003,True,102.0,linear_trend
1476704400,D:\intelligent_transportation\data\lstm_sources\public\kddcup2017_china_tollgate\kdd2017_china_tollgate_20min.csv:kdd2017_t3_d0#segment3,1,88.0,81.13333333333333,6.866666666666674,True,89.0,linear_trend
1476705600,D:\intelligent_transportation\data\lstm_sources\public\kddcup2017_china_tollgate\kdd2017_china_tollgate_20min.csv:kdd2017_t3_d0#segment3,1,89.0,76.4,12.599999999999994,True,88.0,linear_trend
1476706800,D:\intelligent_transportation\data\lstm_sources\public\kddcup2017_china_tollgate\kdd2017_china_tollgate_20min.csv:kdd2017_t3_d0#segment3,1,78.0,83.46666666666668,-5.466666666666683,True,89.0,linear_trend
1476708000,D:\intelligent_transportation\data\lstm_sources\public\kddcup2017_china_tollgate\kdd2017_china_tollgate_20min.csv:kdd2017_t3_d0#segment3,1,90.0,80.66666666666667,9.333333333333329,True,78.0,linear_trend
1476709200,D:\intelligent_transportation\data\lstm_sources\public\kddcup2017_china_tollgate\kdd2017_china_tollgate_20min.csv:kdd2017_t3_d0#segment3,1,108.0,80.13333333333333,27.866666666666674,True,90.0,linear_trend
1476710400,D:\intelligent_transportation\data\lstm_sources\public\kddcup2017_china_tollgate\kdd2017_china_tollgate_20min.csv:kdd2017_t3_d0#segment3,1,93.0,99.33333333333333,-6.333333333333329,True,108.0,linear_trend
1476711600,D:\intelligent_transportation\data\lstm_sources\public\kddcup2017_china_tollgate\kdd2017_china_tollgate_20min.csv:kdd2017_t3_d0#segment3,1,95.0,100.4,-5.400000000000006,True,93.0,linear_trend
1476712800,D:\intelligent_transportation\data\lstm_sources\public\kddcup2017_china_tollgate\kdd2017_china_tollgate_20min.csv:kdd2017_t3_d0#segment3,1,114.0,101.46666666666667,12.533333333333331,True,95.0,linear_trend
1476714000,D:\intelligent_transportation\data\lstm_sources\public\kddcup2017_china_tollgate\kdd2017_china_tollgate_20min.csv:kdd2017_t3_d0#segment3,1,118.0,114.33333333333333,3.6666666666666714,True,114.0,linear_trend
1476715200,D:\intelligent_transportation\data\lstm_sources\public\kddcup2017_china_tollgate\kdd2017_china_tollgate_20min.csv:kdd2017_t3_d0#segment3,1,85.0,119.0,-34.0,True,118.0,linear_trend
1476716400,D:\intelligent_transportation\data\lstm_sources\public\kddcup2017_china_tollgate\kdd2017_china_tollgate_20min.csv:kdd2017_t3_d0#segment3,1,117.0,100.06666666666668,16.933333333333323,True,85.0,linear_trend
1476717600,D:\intelligent_transportation\data\lstm_sources\public\kddcup2017_china_tollgate\kdd2017_china_tollgate_20min.csv:kdd2017_t3_d0#segment3,1,105.0,113.06666666666668,-8.066666666666677,True,117.0,linear_trend
1476718800,D:\intelligent_transportation\data\lstm_sources\public\kddcup2017_china_tollgate\kdd2017_china_tollgate_20min.csv:kdd2017_t3_d0#segment3,1,108.0,108.26666666666667,-0.2666666666666657,True,105.0,linear_trend
1476720000,D:\intelligent_transportation\data\lstm_sources\public\kddcup2017_china_tollgate\kdd2017_china_tollgate_20min.csv:kdd2017_t3_d0#segment3,1,114.0,104.13333333333333,9.866666666666674,True,108.0,linear_trend
1476721200,D:\intelligent_transportation\data\lstm_sources\public\kddcup2017_china_tollgate\kdd2017_china_tollgate_20min.csv:kdd2017_t3_d0#segment3,1,112.0,111.53333333333333,0.46666666666666856,True,114.0,linear_trend
1476722400,D:\intelligent_transportation\data\lstm_sources\public\kddcup2017_china_tollgate\kdd2017_china_tollgate_20min.csv:kdd2017_t3_d0#segment3,1,96.0,119.73333333333333,-23.733333333333334,True,112.0,linear_trend
1476723600,D:\intelligent_transportation\data\lstm_sources\public\kddcup2017_china_tollgate\kdd2017_china_tollgate_20min.csv:kdd2017_t3_d0#segment3,1,140.0,100.86666666666667,39.133333333333326,True,96.0,linear_trend
1476724800,D:\intelligent_transportation\data\lstm_sources\public\kddcup2017_china_tollgate\kdd2017_china_tollgate_20min.csv:kdd2017_t3_d0#segment3,1,132.0,126.2,5.799999999999997,True,140.0,linear_trend
1476726000,D:\intelligent_transportation\data\lstm_sources\public\kddcup2017_china_tollgate\kdd2017_china_tollgate_20min.csv:kdd2017_t3_d0#segment3,1,113.0,135.2,-22.19999999999999,True,132.0,linear_trend
1476727200,D:\intelligent_transportation\data\lstm_sources\public\kddcup2017_china_tollgate\kdd2017_china_tollgate_20min.csv:kdd2017_t3_d0#segment3,1,90.0,127.73333333333333,-37.733333333333334,True,113.0,linear_trend
1476728400,D:\intelligent_transportation\data\lstm_sources\public\kddcup2017_china_tollgate\kdd2017_china_tollgate_20min.csv:kdd2017_t3_d0#segment3,1,93.0,107.13333333333334,-14.13333333333334,True,90.0,linear_trend
1476729600,D:\intelligent_transportation\data\lstm_sources\public\kddcup2017_china_tollgate\kdd2017_china_tollgate_20min.csv:kdd2017_t3_d0#segment3,1,65.0,92.26666666666667,-27.266666666666666,True,93.0,linear_trend
1476730800,D:\intelligent_transportation\data\lstm_sources\public\kddcup2017_china_tollgate\kdd2017_china_tollgate_20min.csv:kdd2017_t3_d0#segment3,1,51.0,54.0,-3.0,True,65.0,linear_trend
1476732000,D:\intelligent_transportation\data\lstm_sources\public\kddcup2017_china_tollgate\kdd2017_china_tollgate_20min.csv:kdd2017_t3_d0#segment3,1,46.0,36.06666666666669,9.933333333333309,True,51.0,linear_trend
1476733200,D:\intelligent_transportation\data\lstm_sources\public\kddcup2017_china_tollgate\kdd2017_china_tollgate_20min.csv:kdd2017_t3_d0#segment3,1,53.0,28.333333333333343,24.666666666666657,True,46.0,linear_trend
1476734400,D:\intelligent_transportation\data\lstm_sources\public\kddcup2017_china_tollgate\kdd2017_china_tollgate_20min.csv:kdd2017_t3_d0#segment3,1,46.0,32.33333333333334,13.666666666666657,True,53.0,linear_trend
1476735600,D:\intelligent_transportation\data\lstm_sources\public\kddcup2017_china_tollgate\kdd2017_china_tollgate_20min.csv:kdd2017_t3_d0#segment3,1,45.0,31.400000000000006,13.599999999999994,True,46.0,linear_trend
1476736800,D:\intelligent_transportation\data\lstm_sources\public\kddcup2017_china_tollgate\kdd2017_china_tollgate_20min.csv:kdd2017_t3_d0#segment3,1,39.0,40.2,-1.2000000000000028,True,45.0,linear_trend
1476738000,D:\intelligent_transportation\data\lstm_sources\public\kddcup2017_china_tollgate\kdd2017_china_tollgate_20min.csv:kdd2017_t3_d0#segment3,1,37.0,39.666666666666664,-2.6666666666666643,True,39.0,linear_trend
1476739200,D:\intelligent_transportation\data\lstm_sources\public\kddcup2017_china_tollgate\kdd2017_china_tollgate_20min.csv:kdd2017_t3_d0#segment3,1,31.0,35.53333333333333,-4.533333333333331,True,37.0,linear_trend
1476740400,D:\intelligent_transportation\data\lstm_sources\public\kddcup2017_china_tollgate\kdd2017_china_tollgate_20min.csv:kdd2017_t3_d0#segment3,1,26.0,27.53333333333334,-1.5333333333333385,True,31.0,linear_trend
1476741600,D:\intelligent_transportation\data\lstm_sources\public\kddcup2017_china_tollgate\kdd2017_china_tollgate_20min.csv:kdd2017_t3_d0#segment3,1,17.0,22.933333333333337,-5.933333333333337,True,26.0,linear_trend
1476742800,D:\intelligent_transportation\data\lstm_sources\public\kddcup2017_china_tollgate\kdd2017_china_tollgate_20min.csv:kdd2017_t3_d0#segment3,1,20.0,14.0,6.0,True,17.0,linear_trend
1476744000,D:\intelligent_transportation\data\lstm_sources\public\kddcup2017_china_tollgate\kdd2017_china_tollgate_20min.csv:kdd2017_t3_d0#segment3,1,19.0,12.333333333333332,6.666666666666668,True,20.0,linear_trend
1476745200,D:\intelligent_transportation\data\lstm_sources\public\kddcup2017_china_tollgate\kdd2017_china_tollgate_20min.csv:kdd2017_t3_d0#segment3,1,2.0,11.800000000000004,-9.800000000000004,True,19.0,linear_trend
1476746400,D:\intelligent_transportation\data\lstm_sources\public\kddcup2017_china_tollgate\kdd2017_china_tollgate_20min.csv:kdd2017_t3_d0#segment3,1,8.0,2.866666666666667,5.133333333333333,True,2.0,linear_trend
1476747600,D:\intelligent_transportation\data\lstm_sources\public\kddcup2017_china_tollgate\kdd2017_china_tollgate_20min.csv:kdd2017_t3_d0#segment3,1,15.0,1.7333333333333343,13.266666666666666,True,8.0,linear_trend
1476379200,D:\intelligent_transportation\data\lstm_sources\public\kddcup2017_china_tollgate\kdd2017_china_tollgate_20min.csv:kdd2017_t3_d1#segment4,1,96.0,96.39999999999999,-0.3999999999999915,True,88.0,linear_trend
1476380400,D:\intelligent_transportation\data\lstm_sources\public\kddcup2017_china_tollgate\kdd2017_china_tollgate_20min.csv:kdd2017_t3_d1#segment4,1,105.0,88.60000000000001,16.39999999999999,True,96.0,linear_trend
1476381600,D:\intelligent_transportation\data\lstm_sources\public\kddcup2017_china_tollgate\kdd2017_china_tollgate_20min.csv:kdd2017_t3_d1#segment4,1,87.0,88.60000000000001,-1.6000000000000085,True,105.0,linear_trend
1476382800,D:\intelligent_transportation\data\lstm_sources\public\kddcup2017_china_tollgate\kdd2017_china_tollgate_20min.csv:kdd2017_t3_d1#segment4,1,80.0,84.6,-4.599999999999994,True,87.0,linear_trend
1476384000,D:\intelligent_transportation\data\lstm_sources\public\kddcup2017_china_tollgate\kdd2017_china_tollgate_20min.csv:kdd2017_t3_d1#segment4,1,75.0,83.60000000000001,-8.600000000000009,True,80.0,linear_trend
1476385200,D:\intelligent_transportation\data\lstm_sources\public\kddcup2017_china_tollgate\kdd2017_china_tollgate_20min.csv:kdd2017_t3_d1#segment4,1,49.0,75.4,-26.400000000000006,True,75.0,linear_trend
1476386400,D:\intelligent_transportation\data\lstm_sources\public\kddcup2017_china_tollgate\kdd2017_china_tollgate_20min.csv:kdd2017_t3_d1#segment4,1,57.0,48.80000000000001,8.199999999999989,True,49.0,linear_trend
1476387600,D:\intelligent_transportation\data\lstm_sources\public\kddcup2017_china_tollgate\kdd2017_china_tollgate_20min.csv:kdd2017_t3_d1#segment4,1,68.0,39.599999999999994,28.400000000000006,True,57.0,linear_trend
1476388800,D:\intelligent_transportation\data\lstm_sources\public\kddcup2017_china_tollgate\kdd2017_china_tollgate_20min.csv:kdd2017_t3_d1#segment4,1,50.0,50.33333333333333,-0.3333333333333286,True,68.0,linear_trend
1476390000,D:\intelligent_transportation\data\lstm_sources\public\kddcup2017_china_tollgate\kdd2017_china_tollgate_20min.csv:kdd2017_t3_d1#segment4,1,42.0,46.86666666666667,-4.866666666666667,True,50.0,linear_trend
1476391200,D:\intelligent_transportation\data\lstm_sources\public\kddcup2017_china_tollgate\kdd2017_china_tollgate_20min.csv:kdd2017_t3_d1#segment4,1,50.0,41.733333333333334,8.266666666666666,True,42.0,linear_trend
1476392400,D:\intelligent_transportation\data\lstm_sources\public\kddcup2017_china_tollgate\kdd2017_china_tollgate_20min.csv:kdd2017_t3_d1#segment4,1,38.0,46.86666666666667,-8.866666666666667,True,50.0,linear_trend
1476393600,D:\intelligent_transportation\data\lstm_sources\public\kddcup2017_china_tollgate\kdd2017_china_tollgate_20min.csv:kdd2017_t3_d1#segment4,1,35.0,35.13333333333334,-0.13333333333333997,True,38.0,linear_trend
1476394800,D:\intelligent_transportation\data\lstm_sources\public\kddcup2017_china_tollgate\kdd2017_china_tollgate_20min.csv:kdd2017_t3_d1#segment4,1,45.0,27.86666666666666,17.13333333333334,True,35.0,linear_trend
1476396000,D:\intelligent_transportation\data\lstm_sources\public\kddcup2017_china_tollgate\kdd2017_china_tollgate_20min.csv:kdd2017_t3_d1#segment4,1,36.0,37.53333333333334,-1.5333333333333385,True,45.0,linear_trend
1476397200,D:\intelligent_transportation\data\lstm_sources\public\kddcup2017_china_tollgate\kdd2017_china_tollgate_20min.csv:kdd2017_t3_d1#segment4,1,33.0,36.2,-3.200000000000003,True,36.0,linear_trend
1476398400,D:\intelligent_transportation\data\lstm_sources\public\kddcup2017_china_tollgate\kdd2017_china_tollgate_20min.csv:kdd2017_t3_d1#segment4,1,25.0,31.4,-6.399999999999999,True,33.0,linear_trend
1476399600,D:\intelligent_transportation\data\lstm_sources\public\kddcup2017_china_tollgate\kdd2017_china_tollgate_20min.csv:kdd2017_t3_d1#segment4,1,15.0,27.333333333333336,-12.333333333333336,True,25.0,linear_trend
1476400800,D:\intelligent_transportation\data\lstm_sources\public\kddcup2017_china_tollgate\kdd2017_china_tollgate_20min.csv:kdd2017_t3_d1#segment4,1,15.0,15.200000000000003,-0.20000000000000284,True,15.0,linear_trend
1476402000,D:\intelligent_transportation\data\lstm_sources\public\kddcup2017_china_tollgate\kdd2017_china_tollgate_20min.csv:kdd2017_t3_d1#segment4,1,13.0,6.066666666666663,6.933333333333337,True,15.0,linear_trend
1476403200,D:\intelligent_transportation\data\lstm_sources\public\kddcup2017_china_tollgate\kdd2017_china_tollgate_20min.csv:kdd2017_t3_d1#segment4,1,128.0,4.933333333333337,123.06666666666666,True,13.0,linear_trend
1476404400,D:\intelligent_transportation\data\lstm_sources\public\kddcup2017_china_tollgate\kdd2017_china_tollgate_20min.csv:kdd2017_t3_d1#segment4,1,112.0,82.06666666666666,29.933333333333337,True,128.0,linear_trend
1476405600,D:\intelligent_transportation\data\lstm_sources\public\kddcup2017_china_tollgate\kdd2017_china_tollgate_20min.csv:kdd2017_t3_d1#segment4,1,81.0,128.53333333333336,-47.53333333333336,True,112.0,linear_trend
1476406800,D:\intelligent_transportation\data\lstm_sources\public\kddcup2017_china_tollgate\kdd2017_china_tollgate_20min.csv:kdd2017_t3_d1#segment4,1,14.0,134.26666666666668,-120.26666666666668,True,81.0,linear_trend
1476408000,D:\intelligent_transportation\data\lstm_sources\public\kddcup2017_china_tollgate\kdd2017_china_tollgate_20min.csv:kdd2017_t3_d1#segment4,1,12.0,78.80000000000001,-66.80000000000001,True,14.0,linear_trend
1476409200,D:\intelligent_transportation\data\lstm_sources\public\kddcup2017_china_tollgate\kdd2017_china_tollgate_20min.csv:kdd2017_t3_d1#segment4,1,14.0,22.19999999999999,-8.199999999999989,True,12.0,linear_trend
1476410400,D:\intelligent_transportation\data\lstm_sources\public\kddcup2017_china_tollgate\kdd2017_china_tollgate_20min.csv:kdd2017_t3_d1#segment4,1,6.0,-33.53333333333333,39.53333333333333,True,14.0,linear_trend
1476411600,D:\intelligent_transportation\data\lstm_sources\public\kddcup2017_china_tollgate\kdd2017_china_tollgate_20min.csv:kdd2017_t3_d1#segment4,1,5.0,-33.466666666666654,38.466666666666654,True,6.0,linear_trend
1476412800,D:\intelligent_transportation\data\lstm_sources\public\kddcup2017_china_tollgate\kdd2017_china_tollgate_20min.csv:kdd2017_t3_d1#segment4,1,9.0,-18.199999999999996,27.199999999999996,True,5.0,linear_trend
1476414000,D:\intelligent_transportation\data\lstm_sources\public\kddcup2017_china_tollgate\kdd2017_china_tollgate_20min.csv:kdd2017_t3_d1#segment4,1,2.0,4.6,-2.5999999999999996,True,9.0,linear_trend
1476415200,D:\intelligent_transportation\data\lstm_sources\public\kddcup2017_china_tollgate\kdd2017_china_tollgate_20min.csv:kdd2017_t3_d1#segment4,1,6.0,1.4000000000000021,4.599999999999998,True,2.0,linear_trend
1476416400,D:\intelligent_transportation\data\lstm_sources\public\kddcup2017_china_tollgate\kdd2017_china_tollgate_20min.csv:kdd2017_t3_d1#segment4,1,2.0,2.200000000000001,-0.20000000000000107,True,6.0,linear_trend
1476417600,D:\intelligent_transportation\data\lstm_sources\public\kddcup2017_china_tollgate\kdd2017_china_tollgate_20min.csv:kdd2017_t3_d1#segment4,1,3.0,2.6000000000000005,0.39999999999999947,True,2.0,linear_trend
1476418800,D:\intelligent_transportation\data\lstm_sources\public\kddcup2017_china_tollgate\kdd2017_china_tollgate_20min.csv:kdd2017_t3_d1#segment4,1,9.0,1.7999999999999998,7.2,True,3.0,linear_trend
1476420000,D:\intelligent_transportation\data\lstm_sources\public\kddcup2017_china_tollgate\kdd2017_china_tollgate_20min.csv:kdd2017_t3_d1#segment4,1,11.0,5.066666666666666,5.933333333333334,True,9.0,linear_trend
1476421200,D:\intelligent_transportation\data\lstm_sources\public\kddcup2017_china_tollgate\kdd2017_china_tollgate_20min.csv:kdd2017_t3_d1#segment4,1,11.0,11.0,0.0,True,11.0,linear_trend
1476422400,D:\intelligent_transportation\data\lstm_sources\public\kddcup2017_china_tollgate\kdd2017_china_tollgate_20min.csv:kdd2017_t3_d1#segment4,1,5.0,12.8,-7.800000000000001,True,11.0,linear_trend
1476423600,D:\intelligent_transportation\data\lstm_sources\public\kddcup2017_china_tollgate\kdd2017_china_tollgate_20min.csv:kdd2017_t3_d1#segment4,1,13.0,10.933333333333334,2.0666666666666664,True,5.0,linear_trend
1476424800,D:\intelligent_transportation\data\lstm_sources\public\kddcup2017_china_tollgate\kdd2017_china_tollgate_20min.csv:kdd2017_t3_d1#segment4,1,17.0,12.466666666666667,4.533333333333333,True,13.0,linear_trend
1476426000,D:\intelligent_transportation\data\lstm_sources\public\kddcup2017_china_tollgate\kdd2017_china_tollgate_20min.csv:kdd2017_t3_d1#segment4,1,34.0,15.0,19.0,True,17.0,linear_trend
1476427200,D:\intelligent_transportation\data\lstm_sources\public\kddcup2017_china_tollgate\kdd2017_china_tollgate_20min.csv:kdd2017_t3_d1#segment4,1,54.0,29.266666666666666,24.733333333333334,True,34.0,linear_trend
1476428400,D:\intelligent_transportation\data\lstm_sources\public\kddcup2017_china_tollgate\kdd2017_china_tollgate_20min.csv:kdd2017_t3_d1#segment4,1,73.0,52.93333333333334,20.066666666666663,True,54.0,linear_trend
1476429600,D:\intelligent_transportation\data\lstm_sources\public\kddcup2017_china_tollgate\kdd2017_china_tollgate_20min.csv:kdd2017_t3_d1#segment4,1,71.0,80.66666666666666,-9.666666666666657,True,73.0,linear_trend
1476430800,D:\intelligent_transportation\data\lstm_sources\public\kddcup2017_china_tollgate\kdd2017_china_tollgate_20min.csv:kdd2017_t3_d1#segment4,1,77.0,91.46666666666667,-14.466666666666669,True,71.0,linear_trend
1476432000,D:\intelligent_transportation\data\lstm_sources\public\kddcup2017_china_tollgate\kdd2017_china_tollgate_20min.csv:kdd2017_t3_d1#segment4,1,99.0,97.33333333333334,1.6666666666666572,True,77.0,linear_trend
1476433200,D:\intelligent_transportation\data\lstm_sources\public\kddcup2017_china_tollgate\kdd2017_china_tollgate_20min.csv:kdd2017_t3_d1#segment4,1,134.0,107.19999999999999,26.80000000000001,True,99.0,linear_trend
1476434400,D:\intelligent_transportation\data\lstm_sources\public\kddcup2017_china_tollgate\kdd2017_china_tollgate_20min.csv:kdd2017_t3_d1#segment4,1,127.0,133.06666666666666,-6.066666666666663,True,134.0,linear_trend
1476435600,D:\intelligent_transportation\data\lstm_sources\public\kddcup2017_china_tollgate\kdd2017_china_tollgate_20min.csv:kdd2017_t3_d1#segment4,1,125.0,144.93333333333334,-19.933333333333337,True,127.0,linear_trend
1476436800,D:\intelligent_transportation\data\lstm_sources\public\kddcup2017_china_tollgate\kdd2017_china_tollgate_20min.csv:kdd2017_t3_d1#segment4,1,100.0,151.0,-51.0,True,125.0,linear_trend
1476438000,D:\intelligent_transportation\data\lstm_sources\public\kddcup2017_china_tollgate\kdd2017_china_tollgate_20min.csv:kdd2017_t3_d1#segment4,1,105.0,128.93333333333334,-23.933333333333337,True,100.0,linear_trend
1476439200,D:\intelligent_transportation\data\lstm_sources\public\kddcup2017_china_tollgate\kdd2017_china_tollgate_20min.csv:kdd2017_t3_d1#segment4,1,92.0,107.60000000000001,-15.600000000000009,True,105.0,linear_trend
1476440400,D:\intelligent_transportation\data\lstm_sources\public\kddcup2017_china_tollgate\kdd2017_china_tollgate_20min.csv:kdd2017_t3_d1#segment4,1,85.0,83.73333333333332,1.26666666666668,True,92.0,linear_trend
1476441600,D:\intelligent_transportation\data\lstm_sources\public\kddcup2017_china_tollgate\kdd2017_china_tollgate_20min.csv:kdd2017_t3_d1#segment4,1,76.0,75.26666666666667,0.7333333333333343,True,85.0,linear_trend
1476442800,D:\intelligent_transportation\data\lstm_sources\public\kddcup2017_china_tollgate\kdd2017_china_tollgate_20min.csv:kdd2017_t3_d1#segment4,1,77.0,66.86666666666667,10.133333333333326,True,76.0,linear_trend
1476444000,D:\intelligent_transportation\data\lstm_sources\public\kddcup2017_china_tollgate\kdd2017_china_tollgate_20min.csv:kdd2017_t3_d1#segment4,1,89.0,68.26666666666668,20.73333333333332,True,77.0,linear_trend
1476445200,D:\intelligent_transportation\data\lstm_sources\public\kddcup2017_china_tollgate\kdd2017_china_tollgate_20min.csv:kdd2017_t3_d1#segment4,1,85.0,73.93333333333332,11.066666666666677,True,89.0,linear_trend
1476446400,D:\intelligent_transportation\data\lstm_sources\public\kddcup2017_china_tollgate\kdd2017_china_tollgate_20min.csv:kdd2017_t3_d1#segment4,1,95.0,81.8,13.200000000000003,True,85.0,linear_trend
1476447600,D:\intelligent_transportation\data\lstm_sources\public\kddcup2017_china_tollgate\kdd2017_china_tollgate_20min.csv:kdd2017_t3_d1#segment4,1,107.0,93.39999999999999,13.600000000000009,True,95.0,linear_trend
1476448800,D:\intelligent_transportation\data\lstm_sources\public\kddcup2017_china_tollgate\kdd2017_china_tollgate_20min.csv:kdd2017_t3_d1#segment4,1,94.0,108.66666666666667,-14.666666666666671,True,107.0,linear_trend
1476450000,D:\intelligent_transportation\data\lstm_sources\public\kddcup2017_china_tollgate\kdd2017_china_tollgate_20min.csv:kdd2017_t3_d1#segment4,1,141.0,106.06666666666668,34.93333333333332,True,94.0,linear_trend
1476451200,D:\intelligent_transportation\data\lstm_sources\public\kddcup2017_china_tollgate\kdd2017_china_tollgate_20min.csv:kdd2017_t3_d1#segment4,1,129.0,131.73333333333332,-2.73333333333332,True,141.0,linear_trend
1476452400,D:\intelligent_transportation\data\lstm_sources\public\kddcup2017_china_tollgate\kdd2017_china_tollgate_20min.csv:kdd2017_t3_d1#segment4,1,123.0,143.0,-20.0,True,129.0,linear_trend
1476453600,D:\intelligent_transportation\data\lstm_sources\public\kddcup2017_china_tollgate\kdd2017_china_tollgate_20min.csv:kdd2017_t3_d1#segment4,1,121.0,140.13333333333333,-19.133333333333326,True,123.0,linear_trend
1476454800,D:\intelligent_transportation\data\lstm_sources\public\kddcup2017_china_tollgate\kdd2017_china_tollgate_20min.csv:kdd2017_t3_d1#segment4,1,116.0,133.66666666666669,-17.666666666666686,True,121.0,linear_trend
1476456000,D:\intelligent_transportation\data\lstm_sources\public\kddcup2017_china_tollgate\kdd2017_china_tollgate_20min.csv:kdd2017_t3_d1#segment4,1,113.0,125.06666666666668,-12.066666666666677,True,116.0,linear_trend
1476457200,D:\intelligent_transportation\data\lstm_sources\public\kddcup2017_china_tollgate\kdd2017_china_tollgate_20min.csv:kdd2017_t3_d1#segment4,1,100.0,105.73333333333332,-5.73333333333332,True,113.0,linear_trend
1476458400,D:\intelligent_transportation\data\lstm_sources\public\kddcup2017_china_tollgate\kdd2017_china_tollgate_20min.csv:kdd2017_t3_d1#segment4,1,106.0,99.0,7.0,True,100.0,linear_trend
1476459600,D:\intelligent_transportation\data\lstm_sources\public\kddcup2017_china_tollgate\kdd2017_china_tollgate_20min.csv:kdd2017_t3_d1#segment4,1,109.0,98.06666666666668,10.933333333333323,True,106.0,linear_trend
1476460800,D:\intelligent_transportation\data\lstm_sources\public\kddcup2017_china_tollgate\kdd2017_china_tollgate_20min.csv:kdd2017_t3_d1#segment4,1,115.0,100.53333333333333,14.466666666666669,True,109.0,linear_trend
1476462000,D:\intelligent_transportation\data\lstm_sources\public\kddcup2017_china_tollgate\kdd2017_china_tollgate_20min.csv:kdd2017_t3_d1#segment4,1,89.0,108.73333333333333,-19.733333333333334,True,115.0,linear_trend
1476463200,D:\intelligent_transportation\data\lstm_sources\public\kddcup2017_china_tollgate\kdd2017_china_tollgate_20min.csv:kdd2017_t3_d1#segment4,1,103.0,98.13333333333333,4.866666666666674,True,89.0,linear_trend
1476464400,D:\intelligent_transportation\data\lstm_sources\public\kddcup2017_china_tollgate\kdd2017_china_tollgate_20min.csv:kdd2017_t3_d1#segment4,1,112.0,100.66666666666667,11.333333333333329,True,103.0,linear_trend
1476465600,D:\intelligent_transportation\data\lstm_sources\public\kddcup2017_china_tollgate\kdd2017_china_tollgate_20min.csv:kdd2017_t3_d1#segment4,1,107.0,104.26666666666667,2.7333333333333343,True,112.0,linear_trend
1476466800,D:\intelligent_transportation\data\lstm_sources\public\kddcup2017_china_tollgate\kdd2017_china_tollgate_20min.csv:kdd2017_t3_d1#segment4,1,128.0,105.33333333333333,22.66666666666667,True,107.0,linear_trend
1476468000,D:\intelligent_transportation\data\lstm_sources\public\kddcup2017_china_tollgate\kdd2017_china_tollgate_20min.csv:kdd2017_t3_d1#segment4,1,125.0,121.80000000000001,3.1999999999999886,True,128.0,linear_trend
1476469200,D:\intelligent_transportation\data\lstm_sources\public\kddcup2017_china_tollgate\kdd2017_china_tollgate_20min.csv:kdd2017_t3_d1#segment4,1,67.0,135.66666666666669,-68.66666666666669,True,125.0,linear_trend
1476470400,D:\intelligent_transportation\data\lstm_sources\public\kddcup2017_china_tollgate\kdd2017_china_tollgate_20min.csv:kdd2017_t3_d1#segment4,1,38.0,95.0,-57.0,True,67.0,linear_trend
1476471600,D:\intelligent_transportation\data\lstm_sources\public\kddcup2017_china_tollgate\kdd2017_china_tollgate_20min.csv:kdd2017_t3_d1#segment4,1,54.0,46.866666666666674,7.133333333333326,True,38.0,linear_trend
1476472800,D:\intelligent_transportation\data\lstm_sources\public\kddcup2017_china_tollgate\kdd2017_china_tollgate_20min.csv:kdd2017_t3_d1#segment4,1,51.0,27.200000000000003,23.799999999999997,True,54.0,linear_trend
1476474000,D:\intelligent_transportation\data\lstm_sources\public\kddcup2017_china_tollgate\kdd2017_china_tollgate_20min.csv:kdd2017_t3_d1#segment4,1,52.0,14.466666666666669,37.53333333333333,True,51.0,linear_trend
1476475200,D:\intelligent_transportation\data\lstm_sources\public\kddcup2017_china_tollgate\kdd2017_china_tollgate_20min.csv:kdd2017_t3_d1#segment4,1,51.0,24.799999999999997,26.200000000000003,True,52.0,linear_trend
1476476400,D:\intelligent_transportation\data\lstm_sources\public\kddcup2017_china_tollgate\kdd2017_china_tollgate_20min.csv:kdd2017_t3_d1#segment4,1,44.0,48.06666666666666,-4.066666666666663,True,51.0,linear_trend
1476477600,D:\intelligent_transportation\data\lstm_sources\public\kddcup2017_china_tollgate\kdd2017_china_tollgate_20min.csv:kdd2017_t3_d1#segment4,1,50.0,50.53333333333334,-0.5333333333333385,True,44.0,linear_trend
1476478800,D:\intelligent_transportation\data\lstm_sources\public\kddcup2017_china_tollgate\kdd2017_china_tollgate_20min.csv:kdd2017_t3_d1#segment4,1,43.0,46.13333333333334,-3.13333333333334,True,50.0,linear_trend
1476480000,D:\intelligent_transportation\data\lstm_sources\public\kddcup2017_china_tollgate\kdd2017_china_tollgate_20min.csv:kdd2017_t3_d1#segment4,1,44.0,43.2,0.7999999999999972,True,43.0,linear_trend
1476481200,D:\intelligent_transportation\data\lstm_sources\public\kddcup2017_china_tollgate\kdd2017_china_tollgate_20min.csv:kdd2017_t3_d1#segment4,1,39.0,41.53333333333334,-2.5333333333333385,True,44.0,linear_trend
1476482400,D:\intelligent_transportation\data\lstm_sources\public\kddcup2017_china_tollgate\kdd2017_china_tollgate_20min.csv:kdd2017_t3_d1#segment4,1,27.0,38.46666666666666,-11.466666666666661,True,39.0,linear_trend
1476483600,D:\intelligent_transportation\data\lstm_sources\public\kddcup2017_china_tollgate\kdd2017_china_tollgate_20min.csv:kdd2017_t3_d1#segment4,1,37.0,29.46666666666666,7.5333333333333385,True,27.0,linear_trend
1476484800,D:\intelligent_transportation\data\lstm_sources\public\kddcup2017_china_tollgate\kdd2017_china_tollgate_20min.csv:kdd2017_t3_d1#segment4,1,29.0,28.200000000000003,0.7999999999999972,True,37.0,linear_trend
1476486000,D:\intelligent_transportation\data\lstm_sources\public\kddcup2017_china_tollgate\kdd2017_china_tollgate_20min.csv:kdd2017_t3_d1#segment4,1,19.0,26.200000000000003,-7.200000000000003,True,29.0,linear_trend
1476487200,D:\intelligent_transportation\data\lstm_sources\public\kddcup2017_china_tollgate\kdd2017_china_tollgate_20min.csv:kdd2017_t3_d1#segment4,1,26.0,18.0,8.0,True,19.0,linear_trend
1476488400,D:\intelligent_transportation\data\lstm_sources\public\kddcup2017_china_tollgate\kdd2017_china_tollgate_20min.csv:kdd2017_t3_d1#segment4,1,12.0,19.800000000000004,-7.800000000000004,True,26.0,linear_trend
1476489600,D:\intelligent_transportation\data\lstm_sources\public\kddcup2017_china_tollgate\kdd2017_china_tollgate_20min.csv:kdd2017_t3_d1#segment4,1,171.0,13.200000000000003,157.8,True,12.0,linear_trend
1476490800,D:\intelligent_transportation\data\lstm_sources\public\kddcup2017_china_tollgate\kdd2017_china_tollgate_20min.csv:kdd2017_t3_d1#segment4,1,100.0,111.6,-11.599999999999994,True,171.0,linear_trend
1476492000,D:\intelligent_transportation\data\lstm_sources\public\kddcup2017_china_tollgate\kdd2017_china_tollgate_20min.csv:kdd2017_t3_d1#segment4,1,83.0,139.2,-56.19999999999999,True,100.0,linear_trend
1476493200,D:\intelligent_transportation\data\lstm_sources\public\kddcup2017_china_tollgate\kdd2017_china_tollgate_20min.csv:kdd2017_t3_d1#segment4,1,11.0,138.60000000000002,-127.60000000000002,True,83.0,linear_trend
1476494400,D:\intelligent_transportation\data\lstm_sources\public\kddcup2017_china_tollgate\kdd2017_china_tollgate_20min.csv:kdd2017_t3_d1#segment4,1,7.0,73.86666666666667,-66.86666666666667,True,11.0,linear_trend
1476495600,D:\intelligent_transportation\data\lstm_sources\public\kddcup2017_china_tollgate\kdd2017_china_tollgate_20min.csv:kdd2017_t3_d1#segment4,1,7.0,11.799999999999983,-4.799999999999983,True,7.0,linear_trend
1476496800,D:\intelligent_transportation\data\lstm_sources\public\kddcup2017_china_tollgate\kdd2017_china_tollgate_20min.csv:kdd2017_t3_d1#segment4,1,6.0,-53.93333333333334,59.93333333333334,True,7.0,linear_trend
1476498000,D:\intelligent_transportation\data\lstm_sources\public\kddcup2017_china_tollgate\kdd2017_china_tollgate_20min.csv:kdd2017_t3_d1#segment4,1,7.0,-34.533333333333346,41.533333333333346,True,6.0,linear_trend
1476499200,D:\intelligent_transportation\data\lstm_sources\public\kddcup2017_china_tollgate\kdd2017_china_tollgate_20min.csv:kdd2017_t3_d1#segment4,1,5.0,-19.333333333333343,24.333333333333343,True,7.0,linear_trend
1476500400,D:\intelligent_transportation\data\lstm_sources\public\kddcup2017_china_tollgate\kdd2017_china_tollgate_20min.csv:kdd2017_t3_d1#segment4,1,5.0,4.066666666666667,0.9333333333333327,True,5.0,linear_trend
1476501600,D:\intelligent_transportation\data\lstm_sources\public\kddcup2017_china_tollgate\kdd2017_china_tollgate_20min.csv:kdd2017_t3_d1#segment4,1,5.0,4.666666666666667,0.33333333333333304,True,5.0,linear_trend
1476502800,D:\intelligent_transportation\data\lstm_sources\public\kddcup2017_china_tollgate\kdd2017_china_tollgate_20min.csv:kdd2017_t3_d1#segment4,1,4.0,4.333333333333333,-0.33333333333333304,True,5.0,linear_trend
1476504000,D:\intelligent_transportation\data\lstm_sources\public\kddcup2017_china_tollgate\kdd2017_china_tollgate_20min.csv:kdd2017_t3_d1#segment4,1,5.0,3.7333333333333334,1.2666666666666666,True,4.0,linear_trend
1476505200,D:\intelligent_transportation\data\lstm_sources\public\kddcup2017_china_tollgate\kdd2017_china_tollgate_20min.csv:kdd2017_t3_d1#segment4,1,6.0,3.866666666666667,2.133333333333333,True,5.0,linear_trend
1476506400,D:\intelligent_transportation\data\lstm_sources\public\kddcup2017_china_tollgate\kdd2017_china_tollgate_20min.csv:kdd2017_t3_d1#segment4,1,6.0,5.4,0.5999999999999996,True,6.0,linear_trend
1476507600,D:\intelligent_transportation\data\lstm_sources\public\kddcup2017_china_tollgate\kdd2017_china_tollgate_20min.csv:kdd2017_t3_d1#segment4,1,13.0,6.066666666666666,6.933333333333334,True,6.0,linear_trend
1476508800,D:\intelligent_transportation\data\lstm_sources\public\kddcup2017_china_tollgate\kdd2017_china_tollgate_20min.csv:kdd2017_t3_d1#segment4,1,12.0,11.2,0.8000000000000007,True,13.0,linear_trend
1476510000,D:\intelligent_transportation\data\lstm_sources\public\kddcup2017_china_tollgate\kdd2017_china_tollgate_20min.csv:kdd2017_t3_d1#segment4,1,20.0,14.066666666666666,5.933333333333334,True,12.0,linear_trend
1476511200,D:\intelligent_transportation\data\lstm_sources\public\kddcup2017_china_tollgate\kdd2017_china_tollgate_20min.csv:kdd2017_t3_d1#segment4,1,16.0,20.333333333333332,-4.333333333333332,True,20.0,linear_trend
1476512400,D:\intelligent_transportation\data\lstm_sources\public\kddcup2017_china_tollgate\kdd2017_china_tollgate_20min.csv:kdd2017_t3_d1#segment4,1,39.0,21.266666666666666,17.733333333333334,True,16.0,linear_trend
1476513600,D:\intelligent_transportation\data\lstm_sources\public\kddcup2017_china_tollgate\kdd2017_china_tollgate_20min.csv:kdd2017_t3_d1#segment4,1,63.0,35.866666666666674,27.133333333333326,True,39.0,linear_trend
1476514800,D:\intelligent_transportation\data\lstm_sources\public\kddcup2017_china_tollgate\kdd2017_china_tollgate_20min.csv:kdd2017_t3_d1#segment4,1,59.0,59.866666666666674,-0.8666666666666742,True,63.0,linear_trend
1476516000,D:\intelligent_transportation\data\lstm_sources\public\kddcup2017_china_tollgate\kdd2017_china_tollgate_20min.csv:kdd2017_t3_d1#segment4,1,62.0,73.53333333333333,-11.533333333333331,True,59.0,linear_trend
1476517200,D:\intelligent_transportation\data\lstm_sources\public\kddcup2017_china_tollgate\kdd2017_china_tollgate_20min.csv:kdd2017_t3_d1#segment4,1,77.0,79.46666666666667,-2.4666666666666686,True,62.0,linear_trend
1476518400,D:\intelligent_transportation\data\lstm_sources\public\kddcup2017_china_tollgate\kdd2017_china_tollgate_20min.csv:kdd2017_t3_d1#segment4,1,80.0,89.66666666666667,-9.666666666666671,True,77.0,linear_trend
1476519600,D:\intelligent_transportation\data\lstm_sources\public\kddcup2017_china_tollgate\kdd2017_china_tollgate_20min.csv:kdd2017_t3_d1#segment4,1,80.0,88.33333333333334,-8.333333333333343,True,80.0,linear_trend
1476520800,D:\intelligent_transportation\data\lstm_sources\public\kddcup2017_china_tollgate\kdd2017_china_tollgate_20min.csv:kdd2017_t3_d1#segment4,1,121.0,86.46666666666667,34.53333333333333,True,80.0,linear_trend
1476522000,D:\intelligent_transportation\data\lstm_sources\public\kddcup2017_china_tollgate\kdd2017_china_tollgate_20min.csv:kdd2017_t3_d1#segment4,1,90.0,116.53333333333333,-26.53333333333333,True,121.0,linear_trend
1476523200,D:\intelligent_transportation\data\lstm_sources\public\kddcup2017_china_tollgate\kdd2017_china_tollgate_20min.csv:kdd2017_t3_d1#segment4,1,97.0,112.19999999999999,-15.199999999999989,True,90.0,linear_trend
1476524400,D:\intelligent_transportation\data\lstm_sources\public\kddcup2017_china_tollgate\kdd2017_china_tollgate_20min.csv:kdd2017_t3_d1#segment4,1,105.0,107.93333333333334,-2.933333333333337,True,97.0,linear_trend
1476525600,D:\intelligent_transportation\data\lstm_sources\public\kddcup2017_china_tollgate\kdd2017_china_tollgate_20min.csv:kdd2017_t3_d1#segment4,1,97.0,110.0,-13.0,True,105.0,linear_trend
1476526800,D:\intelligent_transportation\data\lstm_sources\public\kddcup2017_china_tollgate\kdd2017_china_tollgate_20min.csv:kdd2017_t3_d1#segment4,1,91.0,102.73333333333333,-11.733333333333334,True,97.0,linear_trend
1476528000,D:\intelligent_transportation\data\lstm_sources\public\kddcup2017_china_tollgate\kdd2017_china_tollgate_20min.csv:kdd2017_t3_d1#segment4,1,107.0,88.06666666666666,18.933333333333337,True,91.0,linear_trend
1476529200,D:\intelligent_transportation\data\lstm_sources\public\kddcup2017_china_tollgate\kdd2017_china_tollgate_20min.csv:kdd2017_t3_d1#segment4,1,84.0,103.73333333333333,-19.733333333333334,True,107.0,linear_trend
1476530400,D:\intelligent_transportation\data\lstm_sources\public\kddcup2017_china_tollgate\kdd2017_china_tollgate_20min.csv:kdd2017_t3_d1#segment4,1,94.0,90.33333333333333,3.6666666666666714,True,84.0,linear_trend
1476531600,D:\intelligent_transportation\data\lstm_sources\public\kddcup2017_china_tollgate\kdd2017_china_tollgate_20min.csv:kdd2017_t3_d1#segment4,1,81.0,88.53333333333333,-7.533333333333331,True,94.0,linear_trend
1476532800,D:\intelligent_transportation\data\lstm_sources\public\kddcup2017_china_tollgate\kdd2017_china_tollgate_20min.csv:kdd2017_t3_d1#segment4,1,103.0,82.93333333333332,20.066666666666677,True,81.0,linear_trend
1476534000,D:\intelligent_transportation\data\lstm_sources\public\kddcup2017_china_tollgate\kdd2017_china_tollgate_20min.csv:kdd2017_t3_d1#segment4,1,84.0,92.53333333333333,-8.533333333333331,True,103.0,linear_trend
1476535200,D:\intelligent_transportation\data\lstm_sources\public\kddcup2017_china_tollgate\kdd2017_china_tollgate_20min.csv:kdd2017_t3_d1#segment4,1,76.0,85.06666666666666,-9.066666666666663,True,84.0,linear_trend
1476536400,D:\intelligent_transportation\data\lstm_sources\public\kddcup2017_china_tollgate\kdd2017_china_tollgate_20min.csv:kdd2017_t3_d1#segment4,1,115.0,82.2,32.8,True,76.0,linear_trend
1476537600,D:\intelligent_transportation\data\lstm_sources\public\kddcup2017_china_tollgate\kdd2017_china_tollgate_20min.csv:kdd2017_t3_d1#segment4,1,117.0,99.26666666666668,17.73333333333332,True,115.0,linear_trend
1476538800,D:\intelligent_transportation\data\lstm_sources\public\kddcup2017_china_tollgate\kdd2017_china_tollgate_20min.csv:kdd2017_t3_d1#segment4,1,109.0,116.8,-7.799999999999997,True,117.0,linear_trend
1476540000,D:\intelligent_transportation\data\lstm_sources\public\kddcup2017_china_tollgate\kdd2017_china_tollgate_20min.csv:kdd2017_t3_d1#segment4,1,104.0,117.46666666666667,-13.466666666666669,True,109.0,linear_trend
1476541200,D:\intelligent_transportation\data\lstm_sources\public\kddcup2017_china_tollgate\kdd2017_china_tollgate_20min.csv:kdd2017_t3_d1#segment4,1,97.0,120.93333333333332,-23.933333333333323,True,104.0,linear_trend
1476542400,D:\intelligent_transportation\data\lstm_sources\public\kddcup2017_china_tollgate\kdd2017_china_tollgate_20min.csv:kdd2017_t3_d1#segment4,1,103.0,109.4,-6.400000000000006,True,97.0,linear_trend
1476543600,D:\intelligent_transportation\data\lstm_sources\public\kddcup2017_china_tollgate\kdd2017_china_tollgate_20min.csv:kdd2017_t3_d1#segment4,1,119.0,95.0,24.0,True,103.0,linear_trend
1476544800,D:\intelligent_transportation\data\lstm_sources\public\kddcup2017_china_tollgate\kdd2017_china_tollgate_20min.csv:kdd2017_t3_d1#segment4,1,101.0,106.66666666666667,-5.666666666666671,True,119.0,linear_trend
1476546000,D:\intelligent_transportation\data\lstm_sources\public\kddcup2017_china_tollgate\kdd2017_china_tollgate_20min.csv:kdd2017_t3_d1#segment4,1,106.0,106.6,-0.5999999999999943,True,101.0,linear_trend
1476547200,D:\intelligent_transportation\data\lstm_sources\public\kddcup2017_china_tollgate\kdd2017_china_tollgate_20min.csv:kdd2017_t3_d1#segment4,1,90.0,108.80000000000001,-18.80000000000001,True,106.0,linear_trend
1476548400,D:\intelligent_transportation\data\lstm_sources\public\kddcup2017_china_tollgate\kdd2017_china_tollgate_20min.csv:kdd2017_t3_d1#segment4,1,95.0,98.26666666666667,-3.2666666666666657,True,90.0,linear_trend
1476549600,D:\intelligent_transportation\data\lstm_sources\public\kddcup2017_china_tollgate\kdd2017_china_tollgate_20min.csv:kdd2017_t3_d1#segment4,1,89.0,90.13333333333333,-1.1333333333333258,True,95.0,linear_trend
1476550800,D:\intelligent_transportation\data\lstm_sources\public\kddcup2017_china_tollgate\kdd2017_china_tollgate_20min.csv:kdd2017_t3_d1#segment4,1,104.0,81.6,22.400000000000006,True,89.0,linear_trend
1476552000,D:\intelligent_transportation\data\lstm_sources\public\kddcup2017_china_tollgate\kdd2017_china_tollgate_20min.csv:kdd2017_t3_d1#segment4,1,87.0,94.39999999999999,-7.3999999999999915,True,104.0,linear_trend
1476553200,D:\intelligent_transportation\data\lstm_sources\public\kddcup2017_china_tollgate\kdd2017_china_tollgate_20min.csv:kdd2017_t3_d1#segment4,1,87.0,89.26666666666667,-2.2666666666666657,True,87.0,linear_trend
1476554400,D:\intelligent_transportation\data\lstm_sources\public\kddcup2017_china_tollgate\kdd2017_china_tollgate_20min.csv:kdd2017_t3_d1#segment4,1,92.0,89.6,2.4000000000000057,True,87.0,linear_trend
1476555600,D:\intelligent_transportation\data\lstm_sources\public\kddcup2017_china_tollgate\kdd2017_china_tollgate_20min.csv:kdd2017_t3_d1#segment4,1,85.0,88.53333333333332,-3.5333333333333172,True,92.0,linear_trend
1476556800,D:\intelligent_transportation\data\lstm_sources\public\kddcup2017_china_tollgate\kdd2017_china_tollgate_20min.csv:kdd2017_t3_d1#segment4,1,82.0,85.06666666666666,-3.066666666666663,True,85.0,linear_trend
1476558000,D:\intelligent_transportation\data\lstm_sources\public\kddcup2017_china_tollgate\kdd2017_china_tollgate_20min.csv:kdd2017_t3_d1#segment4,1,83.0,78.4,4.599999999999994,True,82.0,linear_trend
1476559200,D:\intelligent_transportation\data\lstm_sources\public\kddcup2017_china_tollgate\kdd2017_china_tollgate_20min.csv:kdd2017_t3_d1#segment4,1,49.0,81.8,-32.8,True,83.0,linear_trend
1476560400,D:\intelligent_transportation\data\lstm_sources\public\kddcup2017_china_tollgate\kdd2017_china_tollgate_20min.csv:kdd2017_t3_d1#segment4,1,63.0,57.666666666666664,5.333333333333336,True,49.0,linear_trend
1476561600,D:\intelligent_transportation\data\lstm_sources\public\kddcup2017_china_tollgate\kdd2017_china_tollgate_20min.csv:kdd2017_t3_d1#segment4,1,73.0,50.46666666666667,22.53333333333333,True,63.0,linear_trend
1476562800,D:\intelligent_transportation\data\lstm_sources\public\kddcup2017_china_tollgate\kdd2017_china_tollgate_20min.csv:kdd2017_t3_d1#segment4,1,55.0,57.39999999999999,-2.3999999999999915,True,73.0,linear_trend
1476564000,D:\intelligent_transportation\data\lstm_sources\public\kddcup2017_china_tollgate\kdd2017_china_tollgate_20min.csv:kdd2017_t3_d1#segment4,1,54.0,52.39999999999999,1.6000000000000085,True,55.0,linear_trend
1476565200,D:\intelligent_transportation\data\lstm_sources\public\kddcup2017_china_tollgate\kdd2017_china_tollgate_20min.csv:kdd2017_t3_d1#segment4,1,43.0,51.13333333333333,-8.133333333333333,True,54.0,linear_trend
1476566400,D:\intelligent_transportation\data\lstm_sources\public\kddcup2017_china_tollgate\kdd2017_china_tollgate_20min.csv:kdd2017_t3_d1#segment4,1,36.0,48.66666666666666,-12.666666666666657,True,43.0,linear_trend
1476567600,D:\intelligent_transportation\data\lstm_sources\public\kddcup2017_china_tollgate\kdd2017_china_tollgate_20min.csv:kdd2017_t3_d1#segment4,1,30.0,31.39999999999999,-1.3999999999999915,True,36.0,linear_trend
1476568800,D:\intelligent_transportation\data\lstm_sources\public\kddcup2017_china_tollgate\kdd2017_china_tollgate_20min.csv:kdd2017_t3_d1#segment4,1,24.0,20.20000000000001,3.79999999999999,True,30.0,linear_trend
1476570000,D:\intelligent_transportation\data\lstm_sources\public\kddcup2017_china_tollgate\kdd2017_china_tollgate_20min.csv:kdd2017_t3_d1#segment4,1,23.0,16.933333333333337,6.066666666666663,True,24.0,linear_trend
1476571200,D:\intelligent_transportation\data\lstm_sources\public\kddcup2017_china_tollgate\kdd2017_china_tollgate_20min.csv:kdd2017_t3_d1#segment4,1,22.0,13.199999999999996,8.800000000000004,True,23.0,linear_trend
1476572400,D:\intelligent_transportation\data\lstm_sources\public\kddcup2017_china_tollgate\kdd2017_china_tollgate_20min.csv:kdd2017_t3_d1#segment4,1,15.0,14.666666666666664,0.3333333333333357,True,22.0,linear_trend
1476573600,D:\intelligent_transportation\data\lstm_sources\public\kddcup2017_china_tollgate\kdd2017_china_tollgate_20min.csv:kdd2017_t3_d1#segment4,1,31.0,12.0,19.0,True,15.0,linear_trend
1476574800,D:\intelligent_transportation\data\lstm_sources\public\kddcup2017_china_tollgate\kdd2017_china_tollgate_20min.csv:kdd2017_t3_d1#segment4,1,9.0,21.866666666666667,-12.866666666666667,True,31.0,linear_trend
1476576000,D:\intelligent_transportation\data\lstm_sources\public\kddcup2017_china_tollgate\kdd2017_china_tollgate_20min.csv:kdd2017_t3_d1#segment4,1,135.0,14.866666666666667,120.13333333333333,True,9.0,linear_trend
1476577200,D:\intelligent_transportation\data\lstm_sources\public\kddcup2017_china_tollgate\kdd2017_china_tollgate_20min.csv:kdd2017_t3_d1#segment4,1,109.0,92.86666666666667,16.133333333333326,True,135.0,linear_trend
1476578400,D:\intelligent_transportation\data\lstm_sources\public\kddcup2017_china_tollgate\kdd2017_china_tollgate_20min.csv:kdd2017_t3_d1#segment4,1,87.0,130.79999999999998,-43.79999999999998,True,109.0,linear_trend
1476579600,D:\intelligent_transportation\data\lstm_sources\public\kddcup2017_china_tollgate\kdd2017_china_tollgate_20min.csv:kdd2017_t3_d1#segment4,1,9.0,136.33333333333334,-127.33333333333334,True,87.0,linear_trend
1476580800,D:\intelligent_transportation\data\lstm_sources\public\kddcup2017_china_tollgate\kdd2017_china_tollgate_20min.csv:kdd2017_t3_d1#segment4,1,5.0,73.13333333333333,-68.13333333333333,True,9.0,linear_trend
1476582000,D:\intelligent_transportation\data\lstm_sources\public\kddcup2017_china_tollgate\kdd2017_china_tollgate_20min.csv:kdd2017_t3_d1#segment4,1,7.0,17.0,-10.0,True,5.0,linear_trend
1476583200,D:\intelligent_transportation\data\lstm_sources\public\kddcup2017_china_tollgate\kdd2017_china_tollgate_20min.csv:kdd2017_t3_d1#segment4,1,4.0,-44.333333333333314,48.333333333333314,True,7.0,linear_trend
1476584400,D:\intelligent_transportation\data\lstm_sources\public\kddcup2017_china_tollgate\kdd2017_china_tollgate_20min.csv:kdd2017_t3_d1#segment4,1,8.0,-40.06666666666666,48.06666666666666,True,4.0,linear_trend
1476585600,D:\intelligent_transportation\data\lstm_sources\public\kddcup2017_china_tollgate\kdd2017_china_tollgate_20min.csv:kdd2017_t3_d1#segment4,1,7.0,-20.799999999999997,27.799999999999997,True,8.0,linear_trend
1476586800,D:\intelligent_transportation\data\lstm_sources\public\kddcup2017_china_tollgate\kdd2017_china_tollgate_20min.csv:kdd2017_t3_d1#segment4,1,8.0,6.266666666666667,1.7333333333333334,True,7.0,linear_trend
1476588000,D:\intelligent_transportation\data\lstm_sources\public\kddcup2017_china_tollgate\kdd2017_china_tollgate_20min.csv:kdd2017_t3_d1#segment4,1,4.0,8.4,-4.4,True,8.0,linear_trend
1476589200,D:\intelligent_transportation\data\lstm_sources\public\kddcup2017_china_tollgate\kdd2017_china_tollgate_20min.csv:kdd2017_t3_d1#segment4,1,5.0,5.933333333333334,-0.9333333333333336,True,4.0,linear_trend
1476590400,D:\intelligent_transportation\data\lstm_sources\public\kddcup2017_china_tollgate\kdd2017_china_tollgate_20min.csv:kdd2017_t3_d1#segment4,1,3.0,5.4,-2.4000000000000004,True,5.0,linear_trend
1476591600,D:\intelligent_transportation\data\lstm_sources\public\kddcup2017_china_tollgate\kdd2017_china_tollgate_20min.csv:kdd2017_t3_d1#segment4,1,5.0,2.333333333333332,2.666666666666668,True,3.0,linear_trend
1476592800,D:\intelligent_transportation\data\lstm_sources\public\kddcup2017_china_tollgate\kdd2017_china_tollgate_20min.csv:kdd2017_t3_d1#segment4,1,7.0,2.9333333333333336,4.066666666666666,True,5.0,linear_trend
1476594000,D:\intelligent_transportation\data\lstm_sources\public\kddcup2017_china_tollgate\kdd2017_china_tollgate_20min.csv:kdd2017_t3_d1#segment4,1,13.0,4.933333333333333,8.066666666666666,True,7.0,linear_trend
1476595200,D:\intelligent_transportation\data\lstm_sources\public\kddcup2017_china_tollgate\kdd2017_china_tollgate_20min.csv:kdd2017_t3_d1#segment4,1,15.0,11.466666666666667,3.533333333333333,True,13.0,linear_trend
1476596400,D:\intelligent_transportation\data\lstm_sources\public\kddcup2017_china_tollgate\kdd2017_china_tollgate_20min.csv:kdd2017_t3_d1#segment4,1,17.0,16.2,0.8000000000000007,True,15.0,linear_trend
1476597600,D:\intelligent_transportation\data\lstm_sources\public\kddcup2017_china_tollgate\kdd2017_china_tollgate_20min.csv:kdd2017_t3_d1#segment4,1,24.0,20.6,3.3999999999999986,True,17.0,linear_trend
1476598800,D:\intelligent_transportation\data\lstm_sources\public\kddcup2017_china_tollgate\kdd2017_china_tollgate_20min.csv:kdd2017_t3_d1#segment4,1,44.0,26.200000000000003,17.799999999999997,True,24.0,linear_trend
1476600000,D:\intelligent_transportation\data\lstm_sources\public\kddcup2017_china_tollgate\kdd2017_china_tollgate_20min.csv:kdd2017_t3_d1#segment4,1,37.0,42.0,-5.0,True,44.0,linear_trend
1476601200,D:\intelligent_transportation\data\lstm_sources\public\kddcup2017_china_tollgate\kdd2017_china_tollgate_20min.csv:kdd2017_t3_d1#segment4,1,40.0,46.4,-6.399999999999999,True,37.0,linear_trend
1476602400,D:\intelligent_transportation\data\lstm_sources\public\kddcup2017_china_tollgate\kdd2017_china_tollgate_20min.csv:kdd2017_t3_d1#segment4,1,50.0,50.0,0.0,True,40.0,linear_trend
1476603600,D:\intelligent_transportation\data\lstm_sources\public\kddcup2017_china_tollgate\kdd2017_china_tollgate_20min.csv:kdd2017_t3_d1#segment4,1,65.0,55.93333333333334,9.066666666666663,True,50.0,linear_trend
1476604800,D:\intelligent_transportation\data\lstm_sources\public\kddcup2017_china_tollgate\kdd2017_china_tollgate_20min.csv:kdd2017_t3_d1#segment4,1,85.0,65.93333333333334,19.066666666666663,True,65.0,linear_trend
1476606000,D:\intelligent_transportation\data\lstm_sources\public\kddcup2017_china_tollgate\kdd2017_china_tollgate_20min.csv:kdd2017_t3_d1#segment4,1,80.0,83.39999999999999,-3.3999999999999915,True,85.0,linear_trend
1476607200,D:\intelligent_transportation\data\lstm_sources\public\kddcup2017_china_tollgate\kdd2017_china_tollgate_20min.csv:kdd2017_t3_d1#segment4,1,86.0,96.0,-10.0,True,80.0,linear_trend
1476608400,D:\intelligent_transportation\data\lstm_sources\public\kddcup2017_china_tollgate\kdd2017_china_tollgate_20min.csv:kdd2017_t3_d1#segment4,1,107.0,101.66666666666666,5.333333333333343,True,86.0,linear_trend
1476609600,D:\intelligent_transportation\data\lstm_sources\public\kddcup2017_china_tollgate\kdd2017_china_tollgate_20min.csv:kdd2017_t3_d1#segment4,1,90.0,113.13333333333333,-23.133333333333326,True,107.0,linear_trend
1476610800,D:\intelligent_transportation\data\lstm_sources\public\kddcup2017_china_tollgate\kdd2017_china_tollgate_20min.csv:kdd2017_t3_d1#segment4,1,98.0,105.2,-7.200000000000003,True,90.0,linear_trend
1476612000,D:\intelligent_transportation\data\lstm_sources\public\kddcup2017_china_tollgate\kdd2017_china_tollgate_20min.csv:kdd2017_t3_d1#segment4,1,107.0,102.6,4.400000000000006,True,98.0,linear_trend
1476613200,D:\intelligent_transportation\data\lstm_sources\public\kddcup2017_china_tollgate\kdd2017_china_tollgate_20min.csv:kdd2017_t3_d1#segment4,1,135.0,110.06666666666668,24.933333333333323,True,107.0,linear_trend
1476614400,D:\intelligent_transportation\data\lstm_sources\public\kddcup2017_china_tollgate\kdd2017_china_tollgate_20min.csv:kdd2017_t3_d1#segment4,1,110.0,129.13333333333333,-19.133333333333326,True,135.0,linear_trend
1476615600,D:\intelligent_transportation\data\lstm_sources\public\kddcup2017_china_tollgate\kdd2017_china_tollgate_20min.csv:kdd2017_t3_d1#segment4,1,81.0,123.73333333333332,-42.73333333333332,True,110.0,linear_trend
1476616800,D:\intelligent_transportation\data\lstm_sources\public\kddcup2017_china_tollgate\kdd2017_china_tollgate_20min.csv:kdd2017_t3_d1#segment4,1,98.0,105.39999999999999,-7.3999999999999915,True,81.0,linear_trend
1476618000,D:\intelligent_transportation\data\lstm_sources\public\kddcup2017_china_tollgate\kdd2017_china_tollgate_20min.csv:kdd2017_t3_d1#segment4,1,64.0,94.53333333333333,-30.53333333333333,True,98.0,linear_trend
1476619200,D:\intelligent_transportation\data\lstm_sources\public\kddcup2017_china_tollgate\kdd2017_china_tollgate_20min.csv:kdd2017_t3_d1#segment4,1,110.0,63.666666666666664,46.333333333333336,True,64.0,linear_trend
1476620400,D:\intelligent_transportation\data\lstm_sources\public\kddcup2017_china_tollgate\kdd2017_china_tollgate_20min.csv:kdd2017_t3_d1#segment4,1,96.0,75.06666666666666,20.933333333333337,True,110.0,linear_trend
1476621600,D:\intelligent_transportation\data\lstm_sources\public\kddcup2017_china_tollgate\kdd2017_china_tollgate_20min.csv:kdd2017_t3_d1#segment4,1,115.0,91.46666666666667,23.53333333333333,True,96.0,linear_trend
1476622800,D:\intelligent_transportation\data\lstm_sources\public\kddcup2017_china_tollgate\kdd2017_china_tollgate_20min.csv:kdd2017_t3_d1#segment4,1,136.0,115.0,21.0,True,115.0,linear_trend
1476624000,D:\intelligent_transportation\data\lstm_sources\public\kddcup2017_china_tollgate\kdd2017_china_tollgate_20min.csv:kdd2017_t3_d1#segment4,1,125.0,136.06666666666666,-11.066666666666663,True,136.0,linear_trend
1476625200,D:\intelligent_transportation\data\lstm_sources\public\kddcup2017_china_tollgate\kdd2017_china_tollgate_20min.csv:kdd2017_t3_d1#segment4,1,146.0,147.86666666666667,-1.8666666666666742,True,125.0,linear_trend
1476626400,D:\intelligent_transportation\data\lstm_sources\public\kddcup2017_china_tollgate\kdd2017_china_tollgate_20min.csv:kdd2017_t3_d1#segment4,1,143.0,150.13333333333333,-7.133333333333326,True,146.0,linear_trend
1476627600,D:\intelligent_transportation\data\lstm_sources\public\kddcup2017_china_tollgate\kdd2017_china_tollgate_20min.csv:kdd2017_t3_d1#segment4,1,133.0,158.53333333333333,-25.53333333333333,True,143.0,linear_trend
1476628800,D:\intelligent_transportation\data\lstm_sources\public\kddcup2017_china_tollgate\kdd2017_china_tollgate_20min.csv:kdd2017_t3_d1#segment4,1,147.0,146.2,0.8000000000000114,True,133.0,linear_trend
1476630000,D:\intelligent_transportation\data\lstm_sources\public\kddcup2017_china_tollgate\kdd2017_china_tollgate_20min.csv:kdd2017_t3_d1#segment4,1,140.0,145.93333333333337,-5.9333333333333655,True,147.0,linear_trend
1476631200,D:\intelligent_transportation\data\lstm_sources\public\kddcup2017_china_tollgate\kdd2017_china_tollgate_20min.csv:kdd2017_t3_d1#segment4,1,134.0,145.79999999999998,-11.799999999999983,True,140.0,linear_trend
1476632400,D:\intelligent_transportation\data\lstm_sources\public\kddcup2017_china_tollgate\kdd2017_china_tollgate_20min.csv:kdd2017_t3_d1#segment4,1,135.0,135.0,0.0,True,134.0,linear_trend
1476633600,D:\intelligent_transportation\data\lstm_sources\public\kddcup2017_china_tollgate\kdd2017_china_tollgate_20min.csv:kdd2017_t3_d1#segment4,1,144.0,134.26666666666665,9.733333333333348,True,135.0,linear_trend
1476634800,D:\intelligent_transportation\data\lstm_sources\public\kddcup2017_china_tollgate\kdd2017_china_tollgate_20min.csv:kdd2017_t3_d1#segment4,1,126.0,140.13333333333335,-14.133333333333354,True,144.0,linear_trend
1476636000,D:\intelligent_transportation\data\lstm_sources\public\kddcup2017_china_tollgate\kdd2017_china_tollgate_20min.csv:kdd2017_t3_d1#segment4,1,105.0,128.46666666666667,-23.46666666666667,True,126.0,linear_trend
1476637200,D:\intelligent_transportation\data\lstm_sources\public\kddcup2017_china_tollgate\kdd2017_china_tollgate_20min.csv:kdd2017_t3_d1#segment4,1,100.0,111.66666666666667,-11.666666666666671,True,105.0,linear_trend
1476638400,D:\intelligent_transportation\data\lstm_sources\public\kddcup2017_china_tollgate\kdd2017_china_tollgate_20min.csv:kdd2017_t3_d1#segment4,1,108.0,96.2,11.799999999999997,True,100.0,linear_trend
1476639600,D:\intelligent_transportation\data\lstm_sources\public\kddcup2017_china_tollgate\kdd2017_china_tollgate_20min.csv:kdd2017_t3_d1#segment4,1,100.0,90.86666666666667,9.133333333333326,True,108.0,linear_trend
1476640800,D:\intelligent_transportation\data\lstm_sources\public\kddcup2017_china_tollgate\kdd2017_china_tollgate_20min.csv:kdd2017_t3_d1#segment4,1,88.0,85.93333333333334,2.066666666666663,True,100.0,linear_trend
1476642000,D:\intelligent_transportation\data\lstm_sources\public\kddcup2017_china_tollgate\kdd2017_china_tollgate_20min.csv:kdd2017_t3_d1#segment4,1,109.0,84.8,24.200000000000003,True,88.0,linear_trend
1476643200,D:\intelligent_transportation\data\lstm_sources\public\kddcup2017_china_tollgate\kdd2017_china_tollgate_20min.csv:kdd2017_t3_d1#segment4,1,82.0,99.26666666666667,-17.266666666666666,True,109.0,linear_trend
1476644400,D:\intelligent_transportation\data\lstm_sources\public\kddcup2017_china_tollgate\kdd2017_china_tollgate_20min.csv:kdd2017_t3_d1#segment4,1,74.0,87.93333333333332,-13.933333333333323,True,82.0,linear_trend
1476645600,D:\intelligent_transportation\data\lstm_sources\public\kddcup2017_china_tollgate\kdd2017_china_tollgate_20min.csv:kdd2017_t3_d1#segment4,1,87.0,73.2,13.799999999999997,True,74.0,linear_trend
1476646800,D:\intelligent_transportation\data\lstm_sources\public\kddcup2017_china_tollgate\kdd2017_china_tollgate_20min.csv:kdd2017_t3_d1#segment4,1,84.0,76.6,7.400000000000006,True,87.0,linear_trend
1476648000,D:\intelligent_transportation\data\lstm_sources\public\kddcup2017_china_tollgate\kdd2017_china_tollgate_20min.csv:kdd2017_t3_d1#segment4,1,66.0,77.93333333333332,-11.933333333333323,True,84.0,linear_trend
1476649200,D:\intelligent_transportation\data\lstm_sources\public\kddcup2017_china_tollgate\kdd2017_china_tollgate_20min.csv:kdd2017_t3_d1#segment4,1,58.0,64.06666666666668,-6.066666666666677,True,66.0,linear_trend
1476650400,D:\intelligent_transportation\data\lstm_sources\public\kddcup2017_china_tollgate\kdd2017_china_tollgate_20min.csv:kdd2017_t3_d1#segment4,1,67.0,60.46666666666667,6.533333333333331,True,58.0,linear_trend
1476651600,D:\intelligent_transportation\data\lstm_sources\public\kddcup2017_china_tollgate\kdd2017_china_tollgate_20min.csv:kdd2017_t3_d1#segment4,1,21.0,58.66666666666667,-37.66666666666667,True,67.0,linear_trend
1476652800,D:\intelligent_transportation\data\lstm_sources\public\kddcup2017_china_tollgate\kdd2017_china_tollgate_20min.csv:kdd2017_t3_d1#segment4,1,41.0,24.933333333333337,16.066666666666663,True,21.0,linear_trend
1476654000,D:\intelligent_transportation\data\lstm_sources\public\kddcup2017_china_tollgate\kdd2017_china_tollgate_20min.csv:kdd2017_t3_d1#segment4,1,32.0,22.066666666666663,9.933333333333337,True,41.0,linear_trend
1476655200,D:\intelligent_transportation\data\lstm_sources\public\kddcup2017_china_tollgate\kdd2017_china_tollgate_20min.csv:kdd2017_t3_d1#segment4,1,21.0,20.799999999999997,0.20000000000000284,True,32.0,linear_trend
1476656400,D:\intelligent_transportation\data\lstm_sources\public\kddcup2017_china_tollgate\kdd2017_china_tollgate_20min.csv:kdd2017_t3_d1#segment4,1,22.0,13.0,9.0,True,21.0,linear_trend
1476657600,D:\intelligent_transportation\data\lstm_sources\public\kddcup2017_china_tollgate\kdd2017_china_tollgate_20min.csv:kdd2017_t3_d1#segment4,1,21.0,10.600000000000001,10.399999999999999,True,22.0,linear_trend
1476658800,D:\intelligent_transportation\data\lstm_sources\public\kddcup2017_china_tollgate\kdd2017_china_tollgate_20min.csv:kdd2017_t3_d1#segment4,1,12.0,19.53333333333333,-7.533333333333331,True,21.0,linear_trend
1476660000,D:\intelligent_transportation\data\lstm_sources\public\kddcup2017_china_tollgate\kdd2017_china_tollgate_20min.csv:kdd2017_t3_d1#segment4,1,12.0,7.133333333333333,4.866666666666667,True,12.0,linear_trend
1476661200,D:\intelligent_transportation\data\lstm_sources\public\kddcup2017_china_tollgate\kdd2017_china_tollgate_20min.csv:kdd2017_t3_d1#segment4,1,11.0,7.199999999999999,3.8000000000000007,True,12.0,linear_trend
1476662400,D:\intelligent_transportation\data\lstm_sources\public\kddcup2017_china_tollgate\kdd2017_china_tollgate_20min.csv:kdd2017_t3_d1#segment4,1,143.0,7.600000000000001,135.4,True,11.0,linear_trend
1476663600,D:\intelligent_transportation\data\lstm_sources\public\kddcup2017_china_tollgate\kdd2017_china_tollgate_20min.csv:kdd2017_t3_d1#segment4,1,107.0,94.33333333333331,12.666666666666686,True,143.0,linear_trend
1476664800,D:\intelligent_transportation\data\lstm_sources\public\kddcup2017_china_tollgate\kdd2017_china_tollgate_20min.csv:kdd2017_t3_d1#segment4,1,88.0,133.2,-45.19999999999999,True,107.0,linear_trend
1476666000,D:\intelligent_transportation\data\lstm_sources\public\kddcup2017_china_tollgate\kdd2017_china_tollgate_20min.csv:kdd2017_t3_d1#segment4,1,10.0,141.86666666666667,-131.86666666666667,True,88.0,linear_trend
1476667200,D:\intelligent_transportation\data\lstm_sources\public\kddcup2017_china_tollgate\kdd2017_china_tollgate_20min.csv:kdd2017_t3_d1#segment4,1,10.0,80.33333333333334,-70.33333333333334,True,10.0,linear_trend
1476668400,D:\intelligent_transportation\data\lstm_sources\public\kddcup2017_china_tollgate\kdd2017_china_tollgate_20min.csv:kdd2017_t3_d1#segment4,1,4.0,19.200000000000017,-15.200000000000017,True,10.0,linear_trend
1476669600,D:\intelligent_transportation\data\lstm_sources\public\kddcup2017_china_tollgate\kdd2017_china_tollgate_20min.csv:kdd2017_t3_d1#segment4,1,5.0,-46.066666666666634,51.066666666666634,True,4.0,linear_trend
1476670800,D:\intelligent_transportation\data\lstm_sources\public\kddcup2017_china_tollgate\kdd2017_china_tollgate_20min.csv:kdd2017_t3_d1#segment4,1,3.0,-38.866666666666674,41.866666666666674,True,5.0,linear_trend
1476672000,D:\intelligent_transportation\data\lstm_sources\public\kddcup2017_china_tollgate\kdd2017_china_tollgate_20min.csv:kdd2017_t3_d1#segment4,1,1.0,-24.6,25.6,True,3.0,linear_trend
1476673200,D:\intelligent_transportation\data\lstm_sources\public\kddcup2017_china_tollgate\kdd2017_china_tollgate_20min.csv:kdd2017_t3_d1#segment4,1,8.0,-1.0,9.0,True,1.0,linear_trend
1476674400,D:\intelligent_transportation\data\lstm_sources\public\kddcup2017_china_tollgate\kdd2017_china_tollgate_20min.csv:kdd2017_t3_d1#segment4,1,1.0,3.0666666666666673,-2.0666666666666673,True,8.0,linear_trend
1476675600,D:\intelligent_transportation\data\lstm_sources\public\kddcup2017_china_tollgate\kdd2017_china_tollgate_20min.csv:kdd2017_t3_d1#segment4,1,7.0,2.866666666666667,4.133333333333333,True,1.0,linear_trend
1476676800,D:\intelligent_transportation\data\lstm_sources\public\kddcup2017_china_tollgate\kdd2017_china_tollgate_20min.csv:kdd2017_t3_d1#segment4,1,7.0,5.2666666666666675,1.7333333333333325,True,7.0,linear_trend
1476678000,D:\intelligent_transportation\data\lstm_sources\public\kddcup2017_china_tollgate\kdd2017_china_tollgate_20min.csv:kdd2017_t3_d1#segment4,1,5.0,7.6,-2.5999999999999996,True,7.0,linear_trend
1476679200,D:\intelligent_transportation\data\lstm_sources\public\kddcup2017_china_tollgate\kdd2017_china_tollgate_20min.csv:kdd2017_t3_d1#segment4,1,6.0,7.133333333333333,-1.1333333333333329,True,5.0,linear_trend
1476680400,D:\intelligent_transportation\data\lstm_sources\public\kddcup2017_china_tollgate\kdd2017_china_tollgate_20min.csv:kdd2017_t3_d1#segment4,1,6.0,5.866666666666666,0.13333333333333375,True,6.0,linear_trend
1476681600,D:\intelligent_transportation\data\lstm_sources\public\kddcup2017_china_tollgate\kdd2017_china_tollgate_20min.csv:kdd2017_t3_d1#segment4,1,10.0,7.333333333333333,2.666666666666667,True,6.0,linear_trend
1476682800,D:\intelligent_transportation\data\lstm_sources\public\kddcup2017_china_tollgate\kdd2017_china_tollgate_20min.csv:kdd2017_t3_d1#segment4,1,15.0,8.133333333333333,6.866666666666667,True,10.0,linear_trend
1476684000,D:\intelligent_transportation\data\lstm_sources\public\kddcup2017_china_tollgate\kdd2017_china_tollgate_20min.csv:kdd2017_t3_d1#segment4,1,32.0,13.666666666666666,18.333333333333336,True,15.0,linear_trend
1476685200,D:\intelligent_transportation\data\lstm_sources\public\kddcup2017_china_tollgate\kdd2017_china_tollgate_20min.csv:kdd2017_t3_d1#segment4,1,41.0,28.93333333333333,12.06666666666667,True,32.0,linear_trend
1476686400,D:\intelligent_transportation\data\lstm_sources\public\kddcup2017_china_tollgate\kdd2017_china_tollgate_20min.csv:kdd2017_t3_d1#segment4,1,49.0,44.13333333333333,4.866666666666667,True,41.0,linear_trend
1476687600,D:\intelligent_transportation\data\lstm_sources\public\kddcup2017_china_tollgate\kdd2017_china_tollgate_20min.csv:kdd2017_t3_d1#segment4,1,87.0,58.00000000000001,28.999999999999993,True,49.0,linear_trend
1476688800,D:\intelligent_transportation\data\lstm_sources\public\kddcup2017_china_tollgate\kdd2017_china_tollgate_20min.csv:kdd2017_t3_d1#segment4,1,111.0,88.6,22.400000000000006,True,87.0,linear_trend
1476690000,D:\intelligent_transportation\data\lstm_sources\public\kddcup2017_china_tollgate\kdd2017_china_tollgate_20min.csv:kdd2017_t3_d1#segment4,1,104.0,121.13333333333334,-17.13333333333334,True,111.0,linear_trend
1476691200,D:\intelligent_transportation\data\lstm_sources\public\kddcup2017_china_tollgate\kdd2017_china_tollgate_20min.csv:kdd2017_t3_d1#segment4,1,123.0,131.46666666666667,-8.466666666666669,True,104.0,linear_trend
1476692400,D:\intelligent_transportation\data\lstm_sources\public\kddcup2017_china_tollgate\kdd2017_china_tollgate_20min.csv:kdd2017_t3_d1#segment4,1,147.0,145.73333333333332,1.26666666666668,True,123.0,linear_trend
1476693600,D:\intelligent_transportation\data\lstm_sources\public\kddcup2017_china_tollgate\kdd2017_china_tollgate_20min.csv:kdd2017_t3_d1#segment4,1,150.0,162.6,-12.599999999999994,True,147.0,linear_trend
1476694800,D:\intelligent_transportation\data\lstm_sources\public\kddcup2017_china_tollgate\kdd2017_china_tollgate_20min.csv:kdd2017_t3_d1#segment4,1,136.0,164.53333333333333,-28.53333333333333,True,150.0,linear_trend
1476696000,D:\intelligent_transportation\data\lstm_sources\public\kddcup2017_china_tollgate\kdd2017_china_tollgate_20min.csv:kdd2017_t3_d1#segment4,1,137.0,157.2,-20.19999999999999,True,136.0,linear_trend
1476697200,D:\intelligent_transportation\data\lstm_sources\public\kddcup2017_china_tollgate\kdd2017_china_tollgate_20min.csv:kdd2017_t3_d1#segment4,1,106.0,153.53333333333333,-47.53333333333333,True,137.0,linear_trend
1476698400,D:\intelligent_transportation\data\lstm_sources\public\kddcup2017_china_tollgate\kdd2017_china_tollgate_20min.csv:kdd2017_t3_d1#segment4,1,78.0,120.26666666666667,-42.266666666666666,True,106.0,linear_trend
1476699600,D:\intelligent_transportation\data\lstm_sources\public\kddcup2017_china_tollgate\kdd2017_china_tollgate_20min.csv:kdd2017_t3_d1#segment4,1,77.0,78.06666666666669,-1.0666666666666913,True,78.0,linear_trend
1476700800,D:\intelligent_transportation\data\lstm_sources\public\kddcup2017_china_tollgate\kdd2017_china_tollgate_20min.csv:kdd2017_t3_d1#segment4,1,84.0,57.000000000000014,26.999999999999986,True,77.0,linear_trend
1476702000,D:\intelligent_transportation\data\lstm_sources\public\kddcup2017_china_tollgate\kdd2017_china_tollgate_20min.csv:kdd2017_t3_d1#segment4,1,79.0,56.20000000000002,22.799999999999983,True,84.0,linear_trend
1476703200,D:\intelligent_transportation\data\lstm_sources\public\kddcup2017_china_tollgate\kdd2017_china_tollgate_20min.csv:kdd2017_t3_d1#segment4,1,79.0,57.800000000000004,21.199999999999996,True,79.0,linear_trend
1476704400,D:\intelligent_transportation\data\lstm_sources\public\kddcup2017_china_tollgate\kdd2017_china_tollgate_20min.csv:kdd2017_t3_d1#segment4,1,71.0,71.33333333333333,-0.3333333333333286,True,79.0,linear_trend
1476705600,D:\intelligent_transportation\data\lstm_sources\public\kddcup2017_china_tollgate\kdd2017_china_tollgate_20min.csv:kdd2017_t3_d1#segment4,1,77.0,74.60000000000001,2.3999999999999915,True,71.0,linear_trend
1476706800,D:\intelligent_transportation\data\lstm_sources\public\kddcup2017_china_tollgate\kdd2017_china_tollgate_20min.csv:kdd2017_t3_d1#segment4,1,75.0,73.93333333333334,1.0666666666666629,True,77.0,linear_trend
1476708000,D:\intelligent_transportation\data\lstm_sources\public\kddcup2017_china_tollgate\kdd2017_china_tollgate_20min.csv:kdd2017_t3_d1#segment4,1,111.0,71.6,39.400000000000006,True,75.0,linear_trend
1476709200,D:\intelligent_transportation\data\lstm_sources\public\kddcup2017_china_tollgate\kdd2017_china_tollgate_20min.csv:kdd2017_t3_d1#segment4,1,127.0,97.4,29.599999999999994,True,111.0,linear_trend
1476710400,D:\intelligent_transportation\data\lstm_sources\public\kddcup2017_china_tollgate\kdd2017_china_tollgate_20min.csv:kdd2017_t3_d1#segment4,1,91.0,125.8,-34.8,True,127.0,linear_trend
1476711600,D:\intelligent_transportation\data\lstm_sources\public\kddcup2017_china_tollgate\kdd2017_china_tollgate_20min.csv:kdd2017_t3_d1#segment4,1,73.0,120.6,-47.599999999999994,True,91.0,linear_trend
1476712800,D:\intelligent_transportation\data\lstm_sources\public\kddcup2017_china_tollgate\kdd2017_china_tollgate_20min.csv:kdd2017_t3_d1#segment4,1,75.0,96.73333333333333,-21.733333333333334,True,73.0,linear_trend
1476714000,D:\intelligent_transportation\data\lstm_sources\public\kddcup2017_china_tollgate\kdd2017_china_tollgate_20min.csv:kdd2017_t3_d1#segment4,1,83.0,77.0,6.0,True,75.0,linear_trend
1476715200,D:\intelligent_transportation\data\lstm_sources\public\kddcup2017_china_tollgate\kdd2017_china_tollgate_20min.csv:kdd2017_t3_d1#segment4,1,100.0,61.93333333333333,38.06666666666667,True,83.0,linear_trend
1476716400,D:\intelligent_transportation\data\lstm_sources\public\kddcup2017_china_tollgate\kdd2017_china_tollgate_20min.csv:kdd2017_t3_d1#segment4,1,93.0,75.80000000000001,17.19999999999999,True,100.0,linear_trend
1476717600,D:\intelligent_transportation\data\lstm_sources\public\kddcup2017_china_tollgate\kdd2017_china_tollgate_20min.csv:kdd2017_t3_d1#segment4,1,122.0,95.73333333333333,26.266666666666666,True,93.0,linear_trend
1476718800,D:\intelligent_transportation\data\lstm_sources\public\kddcup2017_china_tollgate\kdd2017_china_tollgate_20min.csv:kdd2017_t3_d1#segment4,1,90.0,122.6,-32.599999999999994,True,122.0,linear_trend
1476720000,D:\intelligent_transportation\data\lstm_sources\public\kddcup2017_china_tollgate\kdd2017_china_tollgate_20min.csv:kdd2017_t3_d1#segment4,1,91.0,112.33333333333334,-21.333333333333343,True,90.0,linear_trend
1476721200,D:\intelligent_transportation\data\lstm_sources\public\kddcup2017_china_tollgate\kdd2017_china_tollgate_20min.csv:kdd2017_t3_d1#segment4,1,94.0,100.39999999999999,-6.3999999999999915,True,91.0,linear_trend
1476722400,D:\intelligent_transportation\data\lstm_sources\public\kddcup2017_china_tollgate\kdd2017_china_tollgate_20min.csv:kdd2017_t3_d1#segment4,1,90.0,91.53333333333333,-1.5333333333333314,True,94.0,linear_trend
1476723600,D:\intelligent_transportation\data\lstm_sources\public\kddcup2017_china_tollgate\kdd2017_china_tollgate_20min.csv:kdd2017_t3_d1#segment4,1,80.0,86.86666666666667,-6.866666666666674,True,90.0,linear_trend
1476724800,D:\intelligent_transportation\data\lstm_sources\public\kddcup2017_china_tollgate\kdd2017_china_tollgate_20min.csv:kdd2017_t3_d1#segment4,1,82.0,73.80000000000001,8.199999999999989,True,80.0,linear_trend
1476726000,D:\intelligent_transportation\data\lstm_sources\public\kddcup2017_china_tollgate\kdd2017_china_tollgate_20min.csv:kdd2017_t3_d1#segment4,1,84.0,80.13333333333333,3.8666666666666742,True,82.0,linear_trend
1476727200,D:\intelligent_transportation\data\lstm_sources\public\kddcup2017_china_tollgate\kdd2017_china_tollgate_20min.csv:kdd2017_t3_d1#segment4,1,79.0,78.73333333333333,0.2666666666666657,True,84.0,linear_trend
1476728400,D:\intelligent_transportation\data\lstm_sources\public\kddcup2017_china_tollgate\kdd2017_china_tollgate_20min.csv:kdd2017_t3_d1#segment4,1,86.0,75.73333333333332,10.26666666666668,True,79.0,linear_trend
1476729600,D:\intelligent_transportation\data\lstm_sources\public\kddcup2017_china_tollgate\kdd2017_china_tollgate_20min.csv:kdd2017_t3_d1#segment4,1,80.0,81.4,-1.4000000000000057,True,86.0,linear_trend
1476730800,D:\intelligent_transportation\data\lstm_sources\public\kddcup2017_china_tollgate\kdd2017_china_tollgate_20min.csv:kdd2017_t3_d1#segment4,1,54.0,82.53333333333333,-28.53333333333333,True,80.0,linear_trend
1476732000,D:\intelligent_transportation\data\lstm_sources\public\kddcup2017_china_tollgate\kdd2017_china_tollgate_20min.csv:kdd2017_t3_d1#segment4,1,47.0,63.0,-16.0,True,54.0,linear_trend
1476733200,D:\intelligent_transportation\data\lstm_sources\public\kddcup2017_china_tollgate\kdd2017_china_tollgate_20min.csv:kdd2017_t3_d1#segment4,1,54.0,45.06666666666668,8.933333333333323,True,47.0,linear_trend
1476734400,D:\intelligent_transportation\data\lstm_sources\public\kddcup2017_china_tollgate\kdd2017_china_tollgate_20min.csv:kdd2017_t3_d1#segment4,1,51.0,39.86666666666667,11.133333333333333,True,54.0,linear_trend
1476735600,D:\intelligent_transportation\data\lstm_sources\public\kddcup2017_china_tollgate\kdd2017_china_tollgate_20min.csv:kdd2017_t3_d1#segment4,1,25.0,36.0,-11.0,True,51.0,linear_trend
1476736800,D:\intelligent_transportation\data\lstm_sources\public\kddcup2017_china_tollgate\kdd2017_china_tollgate_20min.csv:kdd2017_t3_d1#segment4,1,43.0,24.133333333333333,18.866666666666667,True,25.0,linear_trend
1476738000,D:\intelligent_transportation\data\lstm_sources\public\kddcup2017_china_tollgate\kdd2017_china_tollgate_20min.csv:kdd2017_t3_d1#segment4,1,23.0,33.266666666666666,-10.266666666666666,True,43.0,linear_trend
1476739200,D:\intelligent_transportation\data\lstm_sources\public\kddcup2017_china_tollgate\kdd2017_china_tollgate_20min.csv:kdd2017_t3_d1#segment4,1,25.0,22.6,2.3999999999999986,True,23.0,linear_trend
1476740400,D:\intelligent_transportation\data\lstm_sources\public\kddcup2017_china_tollgate\kdd2017_china_tollgate_20min.csv:kdd2017_t3_d1#segment4,1,22.0,15.733333333333334,6.266666666666666,True,25.0,linear_trend
1476741600,D:\intelligent_transportation\data\lstm_sources\public\kddcup2017_china_tollgate\kdd2017_china_tollgate_20min.csv:kdd2017_t3_d1#segment4,1,16.0,15.0,1.0,True,22.0,linear_trend
1476742800,D:\intelligent_transportation\data\lstm_sources\public\kddcup2017_china_tollgate\kdd2017_china_tollgate_20min.csv:kdd2017_t3_d1#segment4,1,18.0,15.06666666666667,2.93333333333333,True,16.0,linear_trend
1476744000,D:\intelligent_transportation\data\lstm_sources\public\kddcup2017_china_tollgate\kdd2017_china_tollgate_20min.csv:kdd2017_t3_d1#segment4,1,28.0,9.599999999999994,18.400000000000006,True,18.0,linear_trend
1476745200,D:\intelligent_transportation\data\lstm_sources\public\kddcup2017_china_tollgate\kdd2017_china_tollgate_20min.csv:kdd2017_t3_d1#segment4,1,9.0,21.8,-12.8,True,28.0,linear_trend
1476746400,D:\intelligent_transportation\data\lstm_sources\public\kddcup2017_china_tollgate\kdd2017_china_tollgate_20min.csv:kdd2017_t3_d1#segment4,1,12.0,13.666666666666668,-1.6666666666666679,True,9.0,linear_trend
1476747600,D:\intelligent_transportation\data\lstm_sources\public\kddcup2017_china_tollgate\kdd2017_china_tollgate_20min.csv:kdd2017_t3_d1#segment4,1,22.0,11.4,10.6,True,12.0,linear_trend
