sample_id,series_id,horizon_step,residual,absolute_error,squared_error
1476379200,D:\intelligent_transportation\data\lstm_sources\public\kddcup2017_china_tollgate\kdd2017_china_tollgate_20min.csv:kdd2017_t1_d0#segment5,1,-11.333333333333343,11.333333333333343,128.44444444444466
1476380400,D:\intelligent_transportation\data\lstm_sources\public\kddcup2017_china_tollgate\kdd2017_china_tollgate_20min.csv:kdd2017_t1_d0#segment5,1,-15.866666666666667,15.866666666666667,251.75111111111113
1476381600,D:\intelligent_transportation\data\lstm_sources\public\kddcup2017_china_tollgate\kdd2017_china_tollgate_20min.csv:kdd2017_t1_d0#segment5,1,-9.666666666666671,9.666666666666671,93.44444444444454
1476382800,D:\intelligent_transportation\data\lstm_sources\public\kddcup2017_china_tollgate\kdd2017_china_tollgate_20min.csv:kdd2017_t1_d0#segment5,1,-0.7999999999999972,0.7999999999999972,0.6399999999999955
1476384000,D:\intelligent_transportation\data\lstm_sources\public\kddcup2017_china_tollgate\kdd2017_china_tollgate_20min.csv:kdd2017_t1_d0#segment5,1,-4.399999999999999,4.399999999999999,19.35999999999999
1476385200,D:\intelligent_transportation\data\lstm_sources\public\kddcup2017_china_tollgate\kdd2017_china_tollgate_20min.csv:kdd2017_t1_d0#segment5,1,-1.4000000000000057,1.4000000000000057,1.960000000000016
1476386400,D:\intelligent_transportation\data\lstm_sources\public\kddcup2017_china_tollgate\kdd2017_china_tollgate_20min.csv:kdd2017_t1_d0#segment5,1,6.066666666666677,6.066666666666677,36.80444444444457
1476387600,D:\intelligent_transportation\data\lstm_sources\public\kddcup2017_china_tollgate\kdd2017_china_tollgate_20min.csv:kdd2017_t1_d0#segment5,1,9.599999999999998,9.599999999999998,92.15999999999995
1476388800,D:\intelligent_transportation\data\lstm_sources\public\kddcup2017_china_tollgate\kdd2017_china_tollgate_20min.csv:kdd2017_t1_d0#segment5,1,3.8000000000000043,3.8000000000000043,14.440000000000033
1476390000,D:\intelligent_transportation\data\lstm_sources\public\kddcup2017_china_tollgate\kdd2017_china_tollgate_20min.csv:kdd2017_t1_d0#segment5,1,4.733333333333331,4.733333333333331,22.40444444444442
1476391200,D:\intelligent_transportation\data\lstm_sources\public\kddcup2017_china_tollgate\kdd2017_china_tollgate_20min.csv:kdd2017_t1_d0#segment5,1,1.1333333333333329,1.1333333333333329,1.2844444444444434
1476392400,D:\intelligent_transportation\data\lstm_sources\public\kddcup2017_china_tollgate\kdd2017_china_tollgate_20min.csv:kdd2017_t1_d0#segment5,1,-0.13333333333333286,0.13333333333333286,0.017777777777777653
1476393600,D:\intelligent_transportation\data\lstm_sources\public\kddcup2017_china_tollgate\kdd2017_china_tollgate_20min.csv:kdd2017_t1_d0#segment5,1,0.8000000000000007,0.8000000000000007,0.6400000000000011
1476394800,D:\intelligent_transportation\data\lstm_sources\public\kddcup2017_china_tollgate\kdd2017_china_tollgate_20min.csv:kdd2017_t1_d0#segment5,1,-1.1333333333333329,1.1333333333333329,1.2844444444444434
1476396000,D:\intelligent_transportation\data\lstm_sources\public\kddcup2017_china_tollgate\kdd2017_china_tollgate_20min.csv:kdd2017_t1_d0#segment5,1,-8.0,8.0,64.0
1476397200,D:\intelligent_transportation\data\lstm_sources\public\kddcup2017_china_tollgate\kdd2017_china_tollgate_20min.csv:kdd2017_t1_d0#segment5,1,-0.0666666666666682,0.0666666666666682,0.00444444444444465
1476398400,D:\intelligent_transportation\data\lstm_sources\public\kddcup2017_china_tollgate\kdd2017_china_tollgate_20min.csv:kdd2017_t1_d0#segment5,1,-2.599999999999998,2.599999999999998,6.759999999999989
1476399600,D:\intelligent_transportation\data\lstm_sources\public\kddcup2017_china_tollgate\kdd2017_china_tollgate_20min.csv:kdd2017_t1_d0#segment5,1,-1.1999999999999993,1.1999999999999993,1.4399999999999984
1476400800,D:\intelligent_transportation\data\lstm_sources\public\kddcup2017_china_tollgate\kdd2017_china_tollgate_20min.csv:kdd2017_t1_d0#segment5,1,10.8,10.8,116.64000000000001
1476402000,D:\intelligent_transportation\data\lstm_sources\public\kddcup2017_china_tollgate\kdd2017_china_tollgate_20min.csv:kdd2017_t1_d0#segment5,1,4.466666666666665,4.466666666666665,19.951111111111096
1476403200,D:\intelligent_transportation\data\lstm_sources\public\kddcup2017_china_tollgate\kdd2017_china_tollgate_20min.csv:kdd2017_t1_d0#segment5,1,7.133333333333335,7.133333333333335,50.88444444444446
1476404400,D:\intelligent_transportation\data\lstm_sources\public\kddcup2017_china_tollgate\kdd2017_china_tollgate_20min.csv:kdd2017_t1_d0#segment5,1,2.133333333333333,2.133333333333333,4.551111111111109
1476405600,D:\intelligent_transportation\data\lstm_sources\public\kddcup2017_china_tollgate\kdd2017_china_tollgate_20min.csv:kdd2017_t1_d0#segment5,1,-9.733333333333334,9.733333333333334,94.7377777777778
1476406800,D:\intelligent_transportation\data\lstm_sources\public\kddcup2017_china_tollgate\kdd2017_china_tollgate_20min.csv:kdd2017_t1_d0#segment5,1,-8.466666666666667,8.466666666666667,71.68444444444445
1476408000,D:\intelligent_transportation\data\lstm_sources\public\kddcup2017_china_tollgate\kdd2017_china_tollgate_20min.csv:kdd2017_t1_d0#segment5,1,3.1333333333333346,3.1333333333333346,9.817777777777787
1476409200,D:\intelligent_transportation\data\lstm_sources\public\kddcup2017_china_tollgate\kdd2017_china_tollgate_20min.csv:kdd2017_t1_d0#segment5,1,3.7333333333333343,3.7333333333333343,13.937777777777784
1476410400,D:\intelligent_transportation\data\lstm_sources\public\kddcup2017_china_tollgate\kdd2017_china_tollgate_20min.csv:kdd2017_t1_d0#segment5,1,-1.2666666666666657,1.2666666666666657,1.6044444444444421
1476411600,D:\intelligent_transportation\data\lstm_sources\public\kddcup2017_china_tollgate\kdd2017_china_tollgate_20min.csv:kdd2017_t1_d0#segment5,1,-2.533333333333333,2.533333333333333,6.417777777777777
1476412800,D:\intelligent_transportation\data\lstm_sources\public\kddcup2017_china_tollgate\kdd2017_china_tollgate_20min.csv:kdd2017_t1_d0#segment5,1,4.933333333333334,4.933333333333334,24.33777777777778
1476414000,D:\intelligent_transportation\data\lstm_sources\public\kddcup2017_china_tollgate\kdd2017_china_tollgate_20min.csv:kdd2017_t1_d0#segment5,1,-5.533333333333335,5.533333333333335,30.617777777777796
1476415200,D:\intelligent_transportation\data\lstm_sources\public\kddcup2017_china_tollgate\kdd2017_china_tollgate_20min.csv:kdd2017_t1_d0#segment5,1,-1.799999999999999,1.799999999999999,3.239999999999996
1476416400,D:\intelligent_transportation\data\lstm_sources\public\kddcup2017_china_tollgate\kdd2017_china_tollgate_20min.csv:kdd2017_t1_d0#segment5,1,5.533333333333333,5.533333333333333,30.617777777777775
1476417600,D:\intelligent_transportation\data\lstm_sources\public\kddcup2017_china_tollgate\kdd2017_china_tollgate_20min.csv:kdd2017_t1_d0#segment5,1,6.4,6.4,40.96000000000001
1476418800,D:\intelligent_transportation\data\lstm_sources\public\kddcup2017_china_tollgate\kdd2017_china_tollgate_20min.csv:kdd2017_t1_d0#segment5,1,3.466666666666667,3.466666666666667,12.017777777777779
1476420000,D:\intelligent_transportation\data\lstm_sources\public\kddcup2017_china_tollgate\kdd2017_china_tollgate_20min.csv:kdd2017_t1_d0#segment5,1,-6.066666666666666,6.066666666666666,36.80444444444444
1476421200,D:\intelligent_transportation\data\lstm_sources\public\kddcup2017_china_tollgate\kdd2017_china_tollgate_20min.csv:kdd2017_t1_d0#segment5,1,-9.066666666666666,9.066666666666666,82.20444444444443
1476422400,D:\intelligent_transportation\data\lstm_sources\public\kddcup2017_china_tollgate\kdd2017_china_tollgate_20min.csv:kdd2017_t1_d0#segment5,1,0.0,0.0,0.0
1476423600,D:\intelligent_transportation\data\lstm_sources\public\kddcup2017_china_tollgate\kdd2017_china_tollgate_20min.csv:kdd2017_t1_d0#segment5,1,3.7333333333333334,3.7333333333333334,13.937777777777779
1476424800,D:\intelligent_transportation\data\lstm_sources\public\kddcup2017_china_tollgate\kdd2017_china_tollgate_20min.csv:kdd2017_t1_d0#segment5,1,9.933333333333334,9.933333333333334,98.67111111111112
1476426000,D:\intelligent_transportation\data\lstm_sources\public\kddcup2017_china_tollgate\kdd2017_china_tollgate_20min.csv:kdd2017_t1_d0#segment5,1,10.0,10.0,100.0
1476427200,D:\intelligent_transportation\data\lstm_sources\public\kddcup2017_china_tollgate\kdd2017_china_tollgate_20min.csv:kdd2017_t1_d0#segment5,1,-0.06666666666666643,0.06666666666666643,0.004444444444444413
1476428400,D:\intelligent_transportation\data\lstm_sources\public\kddcup2017_china_tollgate\kdd2017_china_tollgate_20min.csv:kdd2017_t1_d0#segment5,1,-2.0,2.0,4.0
1476429600,D:\intelligent_transportation\data\lstm_sources\public\kddcup2017_china_tollgate\kdd2017_china_tollgate_20min.csv:kdd2017_t1_d0#segment5,1,0.46666666666666856,0.46666666666666856,0.21777777777777954
1476430800,D:\intelligent_transportation\data\lstm_sources\public\kddcup2017_china_tollgate\kdd2017_china_tollgate_20min.csv:kdd2017_t1_d0#segment5,1,-1.5333333333333314,1.5333333333333314,2.351111111111105
1476432000,D:\intelligent_transportation\data\lstm_sources\public\kddcup2017_china_tollgate\kdd2017_china_tollgate_20min.csv:kdd2017_t1_d0#segment5,1,0.7999999999999972,0.7999999999999972,0.6399999999999955
1476433200,D:\intelligent_transportation\data\lstm_sources\public\kddcup2017_china_tollgate\kdd2017_china_tollgate_20min.csv:kdd2017_t1_d0#segment5,1,22.66666666666667,22.66666666666667,513.7777777777779
1476434400,D:\intelligent_transportation\data\lstm_sources\public\kddcup2017_china_tollgate\kdd2017_china_tollgate_20min.csv:kdd2017_t1_d0#segment5,1,-9.333333333333343,9.333333333333343,87.11111111111128
1476435600,D:\intelligent_transportation\data\lstm_sources\public\kddcup2017_china_tollgate\kdd2017_china_tollgate_20min.csv:kdd2017_t1_d0#segment5,1,-13.86666666666666,13.86666666666666,192.28444444444426
1476436800,D:\intelligent_transportation\data\lstm_sources\public\kddcup2017_china_tollgate\kdd2017_china_tollgate_20min.csv:kdd2017_t1_d0#segment5,1,-7.466666666666669,7.466666666666669,55.751111111111136
1476438000,D:\intelligent_transportation\data\lstm_sources\public\kddcup2017_china_tollgate\kdd2017_china_tollgate_20min.csv:kdd2017_t1_d0#segment5,1,-9.200000000000003,9.200000000000003,84.64000000000006
1476439200,D:\intelligent_transportation\data\lstm_sources\public\kddcup2017_china_tollgate\kdd2017_china_tollgate_20min.csv:kdd2017_t1_d0#segment5,1,5.0,5.0,25.0
1476440400,D:\intelligent_transportation\data\lstm_sources\public\kddcup2017_china_tollgate\kdd2017_china_tollgate_20min.csv:kdd2017_t1_d0#segment5,1,0.7333333333333343,0.7333333333333343,0.5377777777777791
1476441600,D:\intelligent_transportation\data\lstm_sources\public\kddcup2017_china_tollgate\kdd2017_china_tollgate_20min.csv:kdd2017_t1_d0#segment5,1,-7.066666666666663,7.066666666666663,49.937777777777725
1476442800,D:\intelligent_transportation\data\lstm_sources\public\kddcup2017_china_tollgate\kdd2017_china_tollgate_20min.csv:kdd2017_t1_d0#segment5,1,-3.6666666666666643,3.6666666666666643,13.444444444444427
1476444000,D:\intelligent_transportation\data\lstm_sources\public\kddcup2017_china_tollgate\kdd2017_china_tollgate_20min.csv:kdd2017_t1_d0#segment5,1,-1.8000000000000043,1.8000000000000043,3.2400000000000153
1476445200,D:\intelligent_transportation\data\lstm_sources\public\kddcup2017_china_tollgate\kdd2017_china_tollgate_20min.csv:kdd2017_t1_d0#segment5,1,1.06666666666667,1.06666666666667,1.1377777777777849
1476446400,D:\intelligent_transportation\data\lstm_sources\public\kddcup2017_china_tollgate\kdd2017_china_tollgate_20min.csv:kdd2017_t1_d0#segment5,1,-12.86666666666666,12.86666666666666,165.55111111111094
1476447600,D:\intelligent_transportation\data\lstm_sources\public\kddcup2017_china_tollgate\kdd2017_china_tollgate_20min.csv:kdd2017_t1_d0#segment5,1,14.466666666666665,14.466666666666665,209.2844444444444
1476448800,D:\intelligent_transportation\data\lstm_sources\public\kddcup2017_china_tollgate\kdd2017_china_tollgate_20min.csv:kdd2017_t1_d0#segment5,1,21.199999999999996,21.199999999999996,449.4399999999998
1476450000,D:\intelligent_transportation\data\lstm_sources\public\kddcup2017_china_tollgate\kdd2017_china_tollgate_20min.csv:kdd2017_t1_d0#segment5,1,13.06666666666667,13.06666666666667,170.73777777777786
1476451200,D:\intelligent_transportation\data\lstm_sources\public\kddcup2017_china_tollgate\kdd2017_china_tollgate_20min.csv:kdd2017_t1_d0#segment5,1,-4.533333333333331,4.533333333333331,20.551111111111094
1476452400,D:\intelligent_transportation\data\lstm_sources\public\kddcup2017_china_tollgate\kdd2017_china_tollgate_20min.csv:kdd2017_t1_d0#segment5,1,-18.733333333333334,18.733333333333334,350.9377777777778
1476453600,D:\intelligent_transportation\data\lstm_sources\public\kddcup2017_china_tollgate\kdd2017_china_tollgate_20min.csv:kdd2017_t1_d0#segment5,1,6.466666666666669,6.466666666666669,41.8177777777778
1476454800,D:\intelligent_transportation\data\lstm_sources\public\kddcup2017_china_tollgate\kdd2017_china_tollgate_20min.csv:kdd2017_t1_d0#segment5,1,4.666666666666664,4.666666666666664,21.777777777777757
1476456000,D:\intelligent_transportation\data\lstm_sources\public\kddcup2017_china_tollgate\kdd2017_china_tollgate_20min.csv:kdd2017_t1_d0#segment5,1,-14.333333333333343,14.333333333333343,205.4444444444447
1476457200,D:\intelligent_transportation\data\lstm_sources\public\kddcup2017_china_tollgate\kdd2017_china_tollgate_20min.csv:kdd2017_t1_d0#segment5,1,17.733333333333334,17.733333333333334,314.47111111111116
1476458400,D:\intelligent_transportation\data\lstm_sources\public\kddcup2017_china_tollgate\kdd2017_china_tollgate_20min.csv:kdd2017_t1_d0#segment5,1,-6.466666666666669,6.466666666666669,41.8177777777778
1476459600,D:\intelligent_transportation\data\lstm_sources\public\kddcup2017_china_tollgate\kdd2017_china_tollgate_20min.csv:kdd2017_t1_d0#segment5,1,-3.7333333333333343,3.7333333333333343,13.937777777777784
1476460800,D:\intelligent_transportation\data\lstm_sources\public\kddcup2017_china_tollgate\kdd2017_china_tollgate_20min.csv:kdd2017_t1_d0#segment5,1,-7.26666666666668,7.26666666666668,52.804444444444634
1476462000,D:\intelligent_transportation\data\lstm_sources\public\kddcup2017_china_tollgate\kdd2017_china_tollgate_20min.csv:kdd2017_t1_d0#segment5,1,2.3333333333333286,2.3333333333333286,5.444444444444422
1476463200,D:\intelligent_transportation\data\lstm_sources\public\kddcup2017_china_tollgate\kdd2017_china_tollgate_20min.csv:kdd2017_t1_d0#segment5,1,-11.0,11.0,121.0
1476464400,D:\intelligent_transportation\data\lstm_sources\public\kddcup2017_china_tollgate\kdd2017_china_tollgate_20min.csv:kdd2017_t1_d0#segment5,1,-17.800000000000004,17.800000000000004,316.84000000000015
1476465600,D:\intelligent_transportation\data\lstm_sources\public\kddcup2017_china_tollgate\kdd2017_china_tollgate_20min.csv:kdd2017_t1_d0#segment5,1,-3.0666666666666558,3.0666666666666558,9.404444444444378
1476466800,D:\intelligent_transportation\data\lstm_sources\public\kddcup2017_china_tollgate\kdd2017_china_tollgate_20min.csv:kdd2017_t1_d0#segment5,1,-2.3999999999999986,2.3999999999999986,5.759999999999994
1476468000,D:\intelligent_transportation\data\lstm_sources\public\kddcup2017_china_tollgate\kdd2017_china_tollgate_20min.csv:kdd2017_t1_d0#segment5,1,1.6666666666666572,1.6666666666666572,2.777777777777746
1476469200,D:\intelligent_transportation\data\lstm_sources\public\kddcup2017_china_tollgate\kdd2017_china_tollgate_20min.csv:kdd2017_t1_d0#segment5,1,4.93333333333333,4.93333333333333,24.337777777777745
1476470400,D:\intelligent_transportation\data\lstm_sources\public\kddcup2017_china_tollgate\kdd2017_china_tollgate_20min.csv:kdd2017_t1_d0#segment5,1,19.66666666666667,19.66666666666667,386.77777777777794
1476471600,D:\intelligent_transportation\data\lstm_sources\public\kddcup2017_china_tollgate\kdd2017_china_tollgate_20min.csv:kdd2017_t1_d0#segment5,1,9.333333333333336,9.333333333333336,87.11111111111116
1476472800,D:\intelligent_transportation\data\lstm_sources\public\kddcup2017_china_tollgate\kdd2017_china_tollgate_20min.csv:kdd2017_t1_d0#segment5,1,-2.200000000000003,2.200000000000003,4.840000000000012
1476474000,D:\intelligent_transportation\data\lstm_sources\public\kddcup2017_china_tollgate\kdd2017_china_tollgate_20min.csv:kdd2017_t1_d0#segment5,1,-9.866666666666667,9.866666666666667,97.35111111111112
1476475200,D:\intelligent_transportation\data\lstm_sources\public\kddcup2017_china_tollgate\kdd2017_china_tollgate_20min.csv:kdd2017_t1_d0#segment5,1,-3.4666666666666615,3.4666666666666615,12.017777777777741
1476476400,D:\intelligent_transportation\data\lstm_sources\public\kddcup2017_china_tollgate\kdd2017_china_tollgate_20min.csv:kdd2017_t1_d0#segment5,1,-11.066666666666663,11.066666666666663,122.47111111111103
1476477600,D:\intelligent_transportation\data\lstm_sources\public\kddcup2017_china_tollgate\kdd2017_china_tollgate_20min.csv:kdd2017_t1_d0#segment5,1,9.733333333333334,9.733333333333334,94.7377777777778
1476478800,D:\intelligent_transportation\data\lstm_sources\public\kddcup2017_china_tollgate\kdd2017_china_tollgate_20min.csv:kdd2017_t1_d0#segment5,1,-5.533333333333331,5.533333333333331,30.617777777777757
1476480000,D:\intelligent_transportation\data\lstm_sources\public\kddcup2017_china_tollgate\kdd2017_china_tollgate_20min.csv:kdd2017_t1_d0#segment5,1,2.733333333333327,2.733333333333327,7.471111111111077
1476481200,D:\intelligent_transportation\data\lstm_sources\public\kddcup2017_china_tollgate\kdd2017_china_tollgate_20min.csv:kdd2017_t1_d0#segment5,1,0.13333333333333286,0.13333333333333286,0.017777777777777653
1476482400,D:\intelligent_transportation\data\lstm_sources\public\kddcup2017_china_tollgate\kdd2017_china_tollgate_20min.csv:kdd2017_t1_d0#segment5,1,2.8000000000000043,2.8000000000000043,7.840000000000024
1476483600,D:\intelligent_transportation\data\lstm_sources\public\kddcup2017_china_tollgate\kdd2017_china_tollgate_20min.csv:kdd2017_t1_d0#segment5,1,4.866666666666667,4.866666666666667,23.68444444444445
1476484800,D:\intelligent_transportation\data\lstm_sources\public\kddcup2017_china_tollgate\kdd2017_china_tollgate_20min.csv:kdd2017_t1_d0#segment5,1,0.6666666666666696,0.6666666666666696,0.4444444444444484
1476486000,D:\intelligent_transportation\data\lstm_sources\public\kddcup2017_china_tollgate\kdd2017_china_tollgate_20min.csv:kdd2017_t1_d0#segment5,1,-2.6666666666666643,2.6666666666666643,7.111111111111098
1476487200,D:\intelligent_transportation\data\lstm_sources\public\kddcup2017_china_tollgate\kdd2017_china_tollgate_20min.csv:kdd2017_t1_d0#segment5,1,7.0,7.0,49.0
1476488400,D:\intelligent_transportation\data\lstm_sources\public\kddcup2017_china_tollgate\kdd2017_china_tollgate_20min.csv:kdd2017_t1_d0#segment5,1,-5.333333333333334,5.333333333333334,28.44444444444445
1476489600,D:\intelligent_transportation\data\lstm_sources\public\kddcup2017_china_tollgate\kdd2017_china_tollgate_20min.csv:kdd2017_t1_d0#segment5,1,1.6666666666666679,1.6666666666666679,2.7777777777777817
1476490800,D:\intelligent_transportation\data\lstm_sources\public\kddcup2017_china_tollgate\kdd2017_china_tollgate_20min.csv:kdd2017_t1_d0#segment5,1,3.4000000000000004,3.4000000000000004,11.560000000000002
1476492000,D:\intelligent_transportation\data\lstm_sources\public\kddcup2017_china_tollgate\kdd2017_china_tollgate_20min.csv:kdd2017_t1_d0#segment5,1,2.4000000000000004,2.4000000000000004,5.760000000000002
1476493200,D:\intelligent_transportation\data\lstm_sources\public\kddcup2017_china_tollgate\kdd2017_china_tollgate_20min.csv:kdd2017_t1_d0#segment5,1,0.20000000000000107,0.20000000000000107,0.040000000000000424
1476494400,D:\intelligent_transportation\data\lstm_sources\public\kddcup2017_china_tollgate\kdd2017_china_tollgate_20min.csv:kdd2017_t1_d0#segment5,1,-0.2666666666666657,0.2666666666666657,0.07111111111111061
1476495600,D:\intelligent_transportation\data\lstm_sources\public\kddcup2017_china_tollgate\kdd2017_china_tollgate_20min.csv:kdd2017_t1_d0#segment5,1,-1.0666666666666664,1.0666666666666664,1.1377777777777773
1476496800,D:\intelligent_transportation\data\lstm_sources\public\kddcup2017_china_tollgate\kdd2017_china_tollgate_20min.csv:kdd2017_t1_d0#segment5,1,2.0666666666666664,2.0666666666666664,4.27111111111111
1476498000,D:\intelligent_transportation\data\lstm_sources\public\kddcup2017_china_tollgate\kdd2017_china_tollgate_20min.csv:kdd2017_t1_d0#segment5,1,-1.9333333333333336,1.9333333333333336,3.7377777777777785
1476499200,D:\intelligent_transportation\data\lstm_sources\public\kddcup2017_china_tollgate\kdd2017_china_tollgate_20min.csv:kdd2017_t1_d0#segment5,1,-3.8666666666666654,3.8666666666666654,14.951111111111102
1476500400,D:\intelligent_transportation\data\lstm_sources\public\kddcup2017_china_tollgate\kdd2017_china_tollgate_20min.csv:kdd2017_t1_d0#segment5,1,-0.533333333333335,0.533333333333335,0.2844444444444462
1476501600,D:\intelligent_transportation\data\lstm_sources\public\kddcup2017_china_tollgate\kdd2017_china_tollgate_20min.csv:kdd2017_t1_d0#segment5,1,3.666666666666667,3.666666666666667,13.444444444444446
1476502800,D:\intelligent_transportation\data\lstm_sources\public\kddcup2017_china_tollgate\kdd2017_china_tollgate_20min.csv:kdd2017_t1_d0#segment5,1,2.8000000000000007,2.8000000000000007,7.840000000000004
1476504000,D:\intelligent_transportation\data\lstm_sources\public\kddcup2017_china_tollgate\kdd2017_china_tollgate_20min.csv:kdd2017_t1_d0#segment5,1,1.5999999999999996,1.5999999999999996,2.5599999999999987
1476505200,D:\intelligent_transportation\data\lstm_sources\public\kddcup2017_china_tollgate\kdd2017_china_tollgate_20min.csv:kdd2017_t1_d0#segment5,1,-0.6666666666666679,0.6666666666666679,0.44444444444444603
1476506400,D:\intelligent_transportation\data\lstm_sources\public\kddcup2017_china_tollgate\kdd2017_china_tollgate_20min.csv:kdd2017_t1_d0#segment5,1,0.2666666666666675,0.2666666666666675,0.07111111111111156
1476507600,D:\intelligent_transportation\data\lstm_sources\public\kddcup2017_china_tollgate\kdd2017_china_tollgate_20min.csv:kdd2017_t1_d0#segment5,1,-1.333333333333334,1.333333333333334,1.7777777777777795
1476508800,D:\intelligent_transportation\data\lstm_sources\public\kddcup2017_china_tollgate\kdd2017_china_tollgate_20min.csv:kdd2017_t1_d0#segment5,1,-3.5999999999999996,3.5999999999999996,12.959999999999997
1476510000,D:\intelligent_transportation\data\lstm_sources\public\kddcup2017_china_tollgate\kdd2017_china_tollgate_20min.csv:kdd2017_t1_d0#segment5,1,0.3333333333333339,0.3333333333333339,0.11111111111111151
1476511200,D:\intelligent_transportation\data\lstm_sources\public\kddcup2017_china_tollgate\kdd2017_china_tollgate_20min.csv:kdd2017_t1_d0#segment5,1,1.533333333333335,1.533333333333335,2.3511111111111163
1476512400,D:\intelligent_transportation\data\lstm_sources\public\kddcup2017_china_tollgate\kdd2017_china_tollgate_20min.csv:kdd2017_t1_d0#segment5,1,10.066666666666665,10.066666666666665,101.33777777777773
1476513600,D:\intelligent_transportation\data\lstm_sources\public\kddcup2017_china_tollgate\kdd2017_china_tollgate_20min.csv:kdd2017_t1_d0#segment5,1,15.8,15.8,249.64000000000001
1476514800,D:\intelligent_transportation\data\lstm_sources\public\kddcup2017_china_tollgate\kdd2017_china_tollgate_20min.csv:kdd2017_t1_d0#segment5,1,10.466666666666669,10.466666666666669,109.55111111111115
1476516000,D:\intelligent_transportation\data\lstm_sources\public\kddcup2017_china_tollgate\kdd2017_china_tollgate_20min.csv:kdd2017_t1_d0#segment5,1,10.333333333333329,10.333333333333329,106.77777777777769
1476517200,D:\intelligent_transportation\data\lstm_sources\public\kddcup2017_china_tollgate\kdd2017_china_tollgate_20min.csv:kdd2017_t1_d0#segment5,1,-12.733333333333334,12.733333333333334,162.1377777777778
1476518400,D:\intelligent_transportation\data\lstm_sources\public\kddcup2017_china_tollgate\kdd2017_china_tollgate_20min.csv:kdd2017_t1_d0#segment5,1,-18.000000000000007,18.000000000000007,324.0000000000003
1476519600,D:\intelligent_transportation\data\lstm_sources\public\kddcup2017_china_tollgate\kdd2017_china_tollgate_20min.csv:kdd2017_t1_d0#segment5,1,-10.066666666666663,10.066666666666663,101.3377777777777
1476520800,D:\intelligent_transportation\data\lstm_sources\public\kddcup2017_china_tollgate\kdd2017_china_tollgate_20min.csv:kdd2017_t1_d0#segment5,1,2.86666666666666,2.86666666666666,8.217777777777739
1476522000,D:\intelligent_transportation\data\lstm_sources\public\kddcup2017_china_tollgate\kdd2017_china_tollgate_20min.csv:kdd2017_t1_d0#segment5,1,16.666666666666664,16.666666666666664,277.7777777777777
1476523200,D:\intelligent_transportation\data\lstm_sources\public\kddcup2017_china_tollgate\kdd2017_china_tollgate_20min.csv:kdd2017_t1_d0#segment5,1,8.0,8.0,64.0
1476524400,D:\intelligent_transportation\data\lstm_sources\public\kddcup2017_china_tollgate\kdd2017_china_tollgate_20min.csv:kdd2017_t1_d0#segment5,1,-22.266666666666666,22.266666666666666,495.8044444444444
1476525600,D:\intelligent_transportation\data\lstm_sources\public\kddcup2017_china_tollgate\kdd2017_china_tollgate_20min.csv:kdd2017_t1_d0#segment5,1,-11.666666666666671,11.666666666666671,136.11111111111123
1476526800,D:\intelligent_transportation\data\lstm_sources\public\kddcup2017_china_tollgate\kdd2017_china_tollgate_20min.csv:kdd2017_t1_d0#segment5,1,-1.5333333333333314,1.5333333333333314,2.351111111111105
1476528000,D:\intelligent_transportation\data\lstm_sources\public\kddcup2017_china_tollgate\kdd2017_china_tollgate_20min.csv:kdd2017_t1_d0#segment5,1,-9.133333333333333,9.133333333333333,83.41777777777777
1476529200,D:\intelligent_transportation\data\lstm_sources\public\kddcup2017_china_tollgate\kdd2017_china_tollgate_20min.csv:kdd2017_t1_d0#segment5,1,5.933333333333337,5.933333333333337,35.20444444444449
1476530400,D:\intelligent_transportation\data\lstm_sources\public\kddcup2017_china_tollgate\kdd2017_china_tollgate_20min.csv:kdd2017_t1_d0#segment5,1,-10.533333333333346,10.533333333333346,110.95111111111137
1476531600,D:\intelligent_transportation\data\lstm_sources\public\kddcup2017_china_tollgate\kdd2017_china_tollgate_20min.csv:kdd2017_t1_d0#segment5,1,-4.266666666666666,4.266666666666666,18.204444444444437
1476532800,D:\intelligent_transportation\data\lstm_sources\public\kddcup2017_china_tollgate\kdd2017_china_tollgate_20min.csv:kdd2017_t1_d0#segment5,1,1.7999999999999972,1.7999999999999972,3.2399999999999896
1476534000,D:\intelligent_transportation\data\lstm_sources\public\kddcup2017_china_tollgate\kdd2017_china_tollgate_20min.csv:kdd2017_t1_d0#segment5,1,11.533333333333339,11.533333333333339,133.0177777777779
1476535200,D:\intelligent_transportation\data\lstm_sources\public\kddcup2017_china_tollgate\kdd2017_china_tollgate_20min.csv:kdd2017_t1_d0#segment5,1,-0.13333333333333286,0.13333333333333286,0.017777777777777653
1476536400,D:\intelligent_transportation\data\lstm_sources\public\kddcup2017_china_tollgate\kdd2017_china_tollgate_20min.csv:kdd2017_t1_d0#segment5,1,24.333333333333336,24.333333333333336,592.1111111111112
1476537600,D:\intelligent_transportation\data\lstm_sources\public\kddcup2017_china_tollgate\kdd2017_china_tollgate_20min.csv:kdd2017_t1_d0#segment5,1,-15.13333333333334,15.13333333333334,229.01777777777798
1476538800,D:\intelligent_transportation\data\lstm_sources\public\kddcup2017_china_tollgate\kdd2017_china_tollgate_20min.csv:kdd2017_t1_d0#segment5,1,-15.13333333333334,15.13333333333334,229.01777777777798
1476540000,D:\intelligent_transportation\data\lstm_sources\public\kddcup2017_china_tollgate\kdd2017_china_tollgate_20min.csv:kdd2017_t1_d0#segment5,1,14.733333333333334,14.733333333333334,217.07111111111115
1476541200,D:\intelligent_transportation\data\lstm_sources\public\kddcup2017_china_tollgate\kdd2017_china_tollgate_20min.csv:kdd2017_t1_d0#segment5,1,21.666666666666664,21.666666666666664,469.44444444444434
1476542400,D:\intelligent_transportation\data\lstm_sources\public\kddcup2017_china_tollgate\kdd2017_china_tollgate_20min.csv:kdd2017_t1_d0#segment5,1,1.86666666666666,1.86666666666666,3.48444444444442
1476543600,D:\intelligent_transportation\data\lstm_sources\public\kddcup2017_china_tollgate\kdd2017_china_tollgate_20min.csv:kdd2017_t1_d0#segment5,1,-28.66666666666667,28.66666666666667,821.777777777778
1476544800,D:\intelligent_transportation\data\lstm_sources\public\kddcup2017_china_tollgate\kdd2017_china_tollgate_20min.csv:kdd2017_t1_d0#segment5,1,0.6666666666666643,0.6666666666666643,0.4444444444444413
1476546000,D:\intelligent_transportation\data\lstm_sources\public\kddcup2017_china_tollgate\kdd2017_china_tollgate_20min.csv:kdd2017_t1_d0#segment5,1,-2.133333333333333,2.133333333333333,4.551111111111109
1476547200,D:\intelligent_transportation\data\lstm_sources\public\kddcup2017_china_tollgate\kdd2017_china_tollgate_20min.csv:kdd2017_t1_d0#segment5,1,5.200000000000003,5.200000000000003,27.04000000000003
1476548400,D:\intelligent_transportation\data\lstm_sources\public\kddcup2017_china_tollgate\kdd2017_china_tollgate_20min.csv:kdd2017_t1_d0#segment5,1,14.733333333333334,14.733333333333334,217.07111111111115
1476549600,D:\intelligent_transportation\data\lstm_sources\public\kddcup2017_china_tollgate\kdd2017_china_tollgate_20min.csv:kdd2017_t1_d0#segment5,1,0.5333333333333314,0.5333333333333314,0.28444444444444245
1476550800,D:\intelligent_transportation\data\lstm_sources\public\kddcup2017_china_tollgate\kdd2017_china_tollgate_20min.csv:kdd2017_t1_d0#segment5,1,-6.266666666666666,6.266666666666666,39.2711111111111
1476552000,D:\intelligent_transportation\data\lstm_sources\public\kddcup2017_china_tollgate\kdd2017_china_tollgate_20min.csv:kdd2017_t1_d0#segment5,1,-13.0,13.0,169.0
1476553200,D:\intelligent_transportation\data\lstm_sources\public\kddcup2017_china_tollgate\kdd2017_china_tollgate_20min.csv:kdd2017_t1_d0#segment5,1,-30.333333333333336,30.333333333333336,920.1111111111112
1476554400,D:\intelligent_transportation\data\lstm_sources\public\kddcup2017_china_tollgate\kdd2017_china_tollgate_20min.csv:kdd2017_t1_d0#segment5,1,-8.066666666666663,8.066666666666663,65.07111111111105
1476555600,D:\intelligent_transportation\data\lstm_sources\public\kddcup2017_china_tollgate\kdd2017_china_tollgate_20min.csv:kdd2017_t1_d0#segment5,1,4.5333333333333385,4.5333333333333385,20.551111111111158
1476556800,D:\intelligent_transportation\data\lstm_sources\public\kddcup2017_china_tollgate\kdd2017_china_tollgate_20min.csv:kdd2017_t1_d0#segment5,1,11.533333333333346,11.533333333333346,133.01777777777806
1476558000,D:\intelligent_transportation\data\lstm_sources\public\kddcup2017_china_tollgate\kdd2017_china_tollgate_20min.csv:kdd2017_t1_d0#segment5,1,5.06666666666667,5.06666666666667,25.671111111111145
1476559200,D:\intelligent_transportation\data\lstm_sources\public\kddcup2017_china_tollgate\kdd2017_china_tollgate_20min.csv:kdd2017_t1_d0#segment5,1,5.5333333333333385,5.5333333333333385,30.617777777777835
1476560400,D:\intelligent_transportation\data\lstm_sources\public\kddcup2017_china_tollgate\kdd2017_china_tollgate_20min.csv:kdd2017_t1_d0#segment5,1,8.666666666666668,8.666666666666668,75.11111111111113
1476561600,D:\intelligent_transportation\data\lstm_sources\public\kddcup2017_china_tollgate\kdd2017_china_tollgate_20min.csv:kdd2017_t1_d0#segment5,1,3.06666666666667,3.06666666666667,9.404444444444465
1476562800,D:\intelligent_transportation\data\lstm_sources\public\kddcup2017_china_tollgate\kdd2017_china_tollgate_20min.csv:kdd2017_t1_d0#segment5,1,-2.6000000000000014,2.6000000000000014,6.760000000000008
1476564000,D:\intelligent_transportation\data\lstm_sources\public\kddcup2017_china_tollgate\kdd2017_china_tollgate_20min.csv:kdd2017_t1_d0#segment5,1,5.466666666666669,5.466666666666669,29.884444444444465
1476565200,D:\intelligent_transportation\data\lstm_sources\public\kddcup2017_china_tollgate\kdd2017_china_tollgate_20min.csv:kdd2017_t1_d0#segment5,1,-0.5333333333333314,0.5333333333333314,0.28444444444444245
1476566400,D:\intelligent_transportation\data\lstm_sources\public\kddcup2017_china_tollgate\kdd2017_china_tollgate_20min.csv:kdd2017_t1_d0#segment5,1,-2.6000000000000014,2.6000000000000014,6.760000000000008
1476567600,D:\intelligent_transportation\data\lstm_sources\public\kddcup2017_china_tollgate\kdd2017_china_tollgate_20min.csv:kdd2017_t1_d0#segment5,1,2.5333333333333314,2.5333333333333314,6.4177777777777685
1476568800,D:\intelligent_transportation\data\lstm_sources\public\kddcup2017_china_tollgate\kdd2017_china_tollgate_20min.csv:kdd2017_t1_d0#segment5,1,-3.2666666666666657,3.2666666666666657,10.671111111111104
1476570000,D:\intelligent_transportation\data\lstm_sources\public\kddcup2017_china_tollgate\kdd2017_china_tollgate_20min.csv:kdd2017_t1_d0#segment5,1,-0.46666666666666856,0.46666666666666856,0.21777777777777954
1476571200,D:\intelligent_transportation\data\lstm_sources\public\kddcup2017_china_tollgate\kdd2017_china_tollgate_20min.csv:kdd2017_t1_d0#segment5,1,-10.866666666666669,10.866666666666669,118.0844444444445
1476572400,D:\intelligent_transportation\data\lstm_sources\public\kddcup2017_china_tollgate\kdd2017_china_tollgate_20min.csv:kdd2017_t1_d0#segment5,1,8.200000000000003,8.200000000000003,67.24000000000005
1476573600,D:\intelligent_transportation\data\lstm_sources\public\kddcup2017_china_tollgate\kdd2017_china_tollgate_20min.csv:kdd2017_t1_d0#segment5,1,-3.8000000000000025,3.8000000000000025,14.440000000000019
1476574800,D:\intelligent_transportation\data\lstm_sources\public\kddcup2017_china_tollgate\kdd2017_china_tollgate_20min.csv:kdd2017_t1_d0#segment5,1,5.266666666666666,5.266666666666666,27.73777777777777
1476576000,D:\intelligent_transportation\data\lstm_sources\public\kddcup2017_china_tollgate\kdd2017_china_tollgate_20min.csv:kdd2017_t1_d0#segment5,1,5.0,5.0,25.0
1476577200,D:\intelligent_transportation\data\lstm_sources\public\kddcup2017_china_tollgate\kdd2017_china_tollgate_20min.csv:kdd2017_t1_d0#segment5,1,2.0,2.0,4.0
1476578400,D:\intelligent_transportation\data\lstm_sources\public\kddcup2017_china_tollgate\kdd2017_china_tollgate_20min.csv:kdd2017_t1_d0#segment5,1,-2.0666666666666664,2.0666666666666664,4.27111111111111
1476579600,D:\intelligent_transportation\data\lstm_sources\public\kddcup2017_china_tollgate\kdd2017_china_tollgate_20min.csv:kdd2017_t1_d0#segment5,1,-0.13333333333333375,0.13333333333333375,0.01777777777777789
1476580800,D:\intelligent_transportation\data\lstm_sources\public\kddcup2017_china_tollgate\kdd2017_china_tollgate_20min.csv:kdd2017_t1_d0#segment5,1,1.4000000000000004,1.4000000000000004,1.960000000000001
1476582000,D:\intelligent_transportation\data\lstm_sources\public\kddcup2017_china_tollgate\kdd2017_china_tollgate_20min.csv:kdd2017_t1_d0#segment5,1,-4.333333333333334,4.333333333333334,18.777777777777782
1476583200,D:\intelligent_transportation\data\lstm_sources\public\kddcup2017_china_tollgate\kdd2017_china_tollgate_20min.csv:kdd2017_t1_d0#segment5,1,0.8000000000000007,0.8000000000000007,0.6400000000000011
1476584400,D:\intelligent_transportation\data\lstm_sources\public\kddcup2017_china_tollgate\kdd2017_china_tollgate_20min.csv:kdd2017_t1_d0#segment5,1,1.0666666666666664,1.0666666666666664,1.1377777777777773
1476585600,D:\intelligent_transportation\data\lstm_sources\public\kddcup2017_china_tollgate\kdd2017_china_tollgate_20min.csv:kdd2017_t1_d0#segment5,1,-2.9333333333333327,2.9333333333333327,8.604444444444441
1476586800,D:\intelligent_transportation\data\lstm_sources\public\kddcup2017_china_tollgate\kdd2017_china_tollgate_20min.csv:kdd2017_t1_d0#segment5,1,3.666666666666668,3.666666666666668,13.444444444444454
1476588000,D:\intelligent_transportation\data\lstm_sources\public\kddcup2017_china_tollgate\kdd2017_china_tollgate_20min.csv:kdd2017_t1_d0#segment5,1,1.9333333333333336,1.9333333333333336,3.7377777777777785
1476589200,D:\intelligent_transportation\data\lstm_sources\public\kddcup2017_china_tollgate\kdd2017_china_tollgate_20min.csv:kdd2017_t1_d0#segment5,1,4.066666666666666,4.066666666666666,16.537777777777777
1476590400,D:\intelligent_transportation\data\lstm_sources\public\kddcup2017_china_tollgate\kdd2017_china_tollgate_20min.csv:kdd2017_t1_d0#segment5,1,1.7333333333333334,1.7333333333333334,3.0044444444444447
1476591600,D:\intelligent_transportation\data\lstm_sources\public\kddcup2017_china_tollgate\kdd2017_china_tollgate_20min.csv:kdd2017_t1_d0#segment5,1,1.3333333333333321,1.3333333333333321,1.7777777777777746
1476592800,D:\intelligent_transportation\data\lstm_sources\public\kddcup2017_china_tollgate\kdd2017_china_tollgate_20min.csv:kdd2017_t1_d0#segment5,1,3.1999999999999993,3.1999999999999993,10.239999999999995
1476594000,D:\intelligent_transportation\data\lstm_sources\public\kddcup2017_china_tollgate\kdd2017_china_tollgate_20min.csv:kdd2017_t1_d0#segment5,1,-12.133333333333333,12.133333333333333,147.21777777777777
1476595200,D:\intelligent_transportation\data\lstm_sources\public\kddcup2017_china_tollgate\kdd2017_china_tollgate_20min.csv:kdd2017_t1_d0#segment5,1,-7.800000000000001,7.800000000000001,60.84000000000001
1476596400,D:\intelligent_transportation\data\lstm_sources\public\kddcup2017_china_tollgate\kdd2017_china_tollgate_20min.csv:kdd2017_t1_d0#segment5,1,2.333333333333335,2.333333333333335,5.444444444444452
1476597600,D:\intelligent_transportation\data\lstm_sources\public\kddcup2017_china_tollgate\kdd2017_china_tollgate_20min.csv:kdd2017_t1_d0#segment5,1,2.2666666666666657,2.2666666666666657,5.137777777777774
1476598800,D:\intelligent_transportation\data\lstm_sources\public\kddcup2017_china_tollgate\kdd2017_china_tollgate_20min.csv:kdd2017_t1_d0#segment5,1,4.466666666666669,4.466666666666669,19.95111111111113
1476600000,D:\intelligent_transportation\data\lstm_sources\public\kddcup2017_china_tollgate\kdd2017_china_tollgate_20min.csv:kdd2017_t1_d0#segment5,1,6.333333333333332,6.333333333333332,40.11111111111109
1476601200,D:\intelligent_transportation\data\lstm_sources\public\kddcup2017_china_tollgate\kdd2017_china_tollgate_20min.csv:kdd2017_t1_d0#segment5,1,8.733333333333334,8.733333333333334,76.27111111111113
1476602400,D:\intelligent_transportation\data\lstm_sources\public\kddcup2017_china_tollgate\kdd2017_china_tollgate_20min.csv:kdd2017_t1_d0#segment5,1,10.333333333333332,10.333333333333332,106.77777777777776
1476603600,D:\intelligent_transportation\data\lstm_sources\public\kddcup2017_china_tollgate\kdd2017_china_tollgate_20min.csv:kdd2017_t1_d0#segment5,1,25.46666666666666,25.46666666666666,648.5511111111108
1476604800,D:\intelligent_transportation\data\lstm_sources\public\kddcup2017_china_tollgate\kdd2017_china_tollgate_20min.csv:kdd2017_t1_d0#segment5,1,-22.200000000000003,22.200000000000003,492.84000000000015
1476606000,D:\intelligent_transportation\data\lstm_sources\public\kddcup2017_china_tollgate\kdd2017_china_tollgate_20min.csv:kdd2017_t1_d0#segment5,1,-5.133333333333326,5.133333333333326,26.351111111111035
1476607200,D:\intelligent_transportation\data\lstm_sources\public\kddcup2017_china_tollgate\kdd2017_china_tollgate_20min.csv:kdd2017_t1_d0#segment5,1,-18.0,18.0,324.0
1476608400,D:\intelligent_transportation\data\lstm_sources\public\kddcup2017_china_tollgate\kdd2017_china_tollgate_20min.csv:kdd2017_t1_d0#segment5,1,5.933333333333337,5.933333333333337,35.20444444444449
1476609600,D:\intelligent_transportation\data\lstm_sources\public\kddcup2017_china_tollgate\kdd2017_china_tollgate_20min.csv:kdd2017_t1_d0#segment5,1,-0.5999999999999943,0.5999999999999943,0.35999999999999316
1476610800,D:\intelligent_transportation\data\lstm_sources\public\kddcup2017_china_tollgate\kdd2017_china_tollgate_20min.csv:kdd2017_t1_d0#segment5,1,2.13333333333334,2.13333333333334,4.5511111111111395
1476612000,D:\intelligent_transportation\data\lstm_sources\public\kddcup2017_china_tollgate\kdd2017_china_tollgate_20min.csv:kdd2017_t1_d0#segment5,1,-16.333333333333336,16.333333333333336,266.7777777777778
1476613200,D:\intelligent_transportation\data\lstm_sources\public\kddcup2017_china_tollgate\kdd2017_china_tollgate_20min.csv:kdd2017_t1_d0#segment5,1,15.666666666666664,15.666666666666664,245.44444444444437
1476614400,D:\intelligent_transportation\data\lstm_sources\public\kddcup2017_china_tollgate\kdd2017_china_tollgate_20min.csv:kdd2017_t1_d0#segment5,1,-3.200000000000003,3.200000000000003,10.240000000000018
1476615600,D:\intelligent_transportation\data\lstm_sources\public\kddcup2017_china_tollgate\kdd2017_china_tollgate_20min.csv:kdd2017_t1_d0#segment5,1,-2.7333333333333343,2.7333333333333343,7.471111111111116
1476616800,D:\intelligent_transportation\data\lstm_sources\public\kddcup2017_china_tollgate\kdd2017_china_tollgate_20min.csv:kdd2017_t1_d0#segment5,1,-11.066666666666663,11.066666666666663,122.47111111111103
1476618000,D:\intelligent_transportation\data\lstm_sources\public\kddcup2017_china_tollgate\kdd2017_china_tollgate_20min.csv:kdd2017_t1_d0#segment5,1,-22.799999999999997,22.799999999999997,519.8399999999999
1476619200,D:\intelligent_transportation\data\lstm_sources\public\kddcup2017_china_tollgate\kdd2017_china_tollgate_20min.csv:kdd2017_t1_d0#segment5,1,19.46666666666667,19.46666666666667,378.9511111111112
1476620400,D:\intelligent_transportation\data\lstm_sources\public\kddcup2017_china_tollgate\kdd2017_china_tollgate_20min.csv:kdd2017_t1_d0#segment5,1,12.666666666666664,12.666666666666664,160.44444444444437
1476621600,D:\intelligent_transportation\data\lstm_sources\public\kddcup2017_china_tollgate\kdd2017_china_tollgate_20min.csv:kdd2017_t1_d0#segment5,1,7.466666666666669,7.466666666666669,55.751111111111136
1476622800,D:\intelligent_transportation\data\lstm_sources\public\kddcup2017_china_tollgate\kdd2017_china_tollgate_20min.csv:kdd2017_t1_d0#segment5,1,11.799999999999997,11.799999999999997,139.23999999999992
1476624000,D:\intelligent_transportation\data\lstm_sources\public\kddcup2017_china_tollgate\kdd2017_china_tollgate_20min.csv:kdd2017_t1_d0#segment5,1,-13.533333333333331,13.533333333333331,183.15111111111105
1476625200,D:\intelligent_transportation\data\lstm_sources\public\kddcup2017_china_tollgate\kdd2017_china_tollgate_20min.csv:kdd2017_t1_d0#segment5,1,-13.933333333333337,13.933333333333337,194.13777777777787
1476626400,D:\intelligent_transportation\data\lstm_sources\public\kddcup2017_china_tollgate\kdd2017_china_tollgate_20min.csv:kdd2017_t1_d0#segment5,1,0.6000000000000014,0.6000000000000014,0.3600000000000017
1476627600,D:\intelligent_transportation\data\lstm_sources\public\kddcup2017_china_tollgate\kdd2017_china_tollgate_20min.csv:kdd2017_t1_d0#segment5,1,11.133333333333333,11.133333333333333,123.9511111111111
1476628800,D:\intelligent_transportation\data\lstm_sources\public\kddcup2017_china_tollgate\kdd2017_china_tollgate_20min.csv:kdd2017_t1_d0#segment5,1,1.5999999999999943,1.5999999999999943,2.559999999999982
1476630000,D:\intelligent_transportation\data\lstm_sources\public\kddcup2017_china_tollgate\kdd2017_china_tollgate_20min.csv:kdd2017_t1_d0#segment5,1,0.46666666666666856,0.46666666666666856,0.21777777777777954
1476631200,D:\intelligent_transportation\data\lstm_sources\public\kddcup2017_china_tollgate\kdd2017_china_tollgate_20min.csv:kdd2017_t1_d0#segment5,1,2.066666666666663,2.066666666666663,4.271111111111096
1476632400,D:\intelligent_transportation\data\lstm_sources\public\kddcup2017_china_tollgate\kdd2017_china_tollgate_20min.csv:kdd2017_t1_d0#segment5,1,10.799999999999997,10.799999999999997,116.63999999999994
1476633600,D:\intelligent_transportation\data\lstm_sources\public\kddcup2017_china_tollgate\kdd2017_china_tollgate_20min.csv:kdd2017_t1_d0#segment5,1,-7.400000000000006,7.400000000000006,54.76000000000008
1476634800,D:\intelligent_transportation\data\lstm_sources\public\kddcup2017_china_tollgate\kdd2017_china_tollgate_20min.csv:kdd2017_t1_d0#segment5,1,-10.200000000000003,10.200000000000003,104.04000000000006
1476636000,D:\intelligent_transportation\data\lstm_sources\public\kddcup2017_china_tollgate\kdd2017_china_tollgate_20min.csv:kdd2017_t1_d0#segment5,1,-4.599999999999994,4.599999999999994,21.159999999999947
1476637200,D:\intelligent_transportation\data\lstm_sources\public\kddcup2017_china_tollgate\kdd2017_china_tollgate_20min.csv:kdd2017_t1_d0#segment5,1,-1.933333333333323,1.933333333333323,3.7377777777777377
1476638400,D:\intelligent_transportation\data\lstm_sources\public\kddcup2017_china_tollgate\kdd2017_china_tollgate_20min.csv:kdd2017_t1_d0#segment5,1,-9.733333333333334,9.733333333333334,94.7377777777778
1476639600,D:\intelligent_transportation\data\lstm_sources\public\kddcup2017_china_tollgate\kdd2017_china_tollgate_20min.csv:kdd2017_t1_d0#segment5,1,-22.53333333333333,22.53333333333333,507.751111111111
1476640800,D:\intelligent_transportation\data\lstm_sources\public\kddcup2017_china_tollgate\kdd2017_china_tollgate_20min.csv:kdd2017_t1_d0#segment5,1,-4.799999999999997,4.799999999999997,23.039999999999974
1476642000,D:\intelligent_transportation\data\lstm_sources\public\kddcup2017_china_tollgate\kdd2017_china_tollgate_20min.csv:kdd2017_t1_d0#segment5,1,8.199999999999996,8.199999999999996,67.23999999999992
1476643200,D:\intelligent_transportation\data\lstm_sources\public\kddcup2017_china_tollgate\kdd2017_china_tollgate_20min.csv:kdd2017_t1_d0#segment5,1,10.999999999999993,10.999999999999993,120.99999999999984
1476644400,D:\intelligent_transportation\data\lstm_sources\public\kddcup2017_china_tollgate\kdd2017_china_tollgate_20min.csv:kdd2017_t1_d0#segment5,1,6.86666666666666,6.86666666666666,47.15111111111102
1476645600,D:\intelligent_transportation\data\lstm_sources\public\kddcup2017_china_tollgate\kdd2017_china_tollgate_20min.csv:kdd2017_t1_d0#segment5,1,1.3333333333333357,1.3333333333333357,1.7777777777777841
1476646800,D:\intelligent_transportation\data\lstm_sources\public\kddcup2017_china_tollgate\kdd2017_china_tollgate_20min.csv:kdd2017_t1_d0#segment5,1,3.2666666666666657,3.2666666666666657,10.671111111111104
1476648000,D:\intelligent_transportation\data\lstm_sources\public\kddcup2017_china_tollgate\kdd2017_china_tollgate_20min.csv:kdd2017_t1_d0#segment5,1,2.466666666666665,2.466666666666665,6.084444444444436
1476649200,D:\intelligent_transportation\data\lstm_sources\public\kddcup2017_china_tollgate\kdd2017_china_tollgate_20min.csv:kdd2017_t1_d0#segment5,1,5.333333333333336,5.333333333333336,28.44444444444447
1476650400,D:\intelligent_transportation\data\lstm_sources\public\kddcup2017_china_tollgate\kdd2017_china_tollgate_20min.csv:kdd2017_t1_d0#segment5,1,-10.599999999999998,10.599999999999998,112.35999999999996
1476651600,D:\intelligent_transportation\data\lstm_sources\public\kddcup2017_china_tollgate\kdd2017_china_tollgate_20min.csv:kdd2017_t1_d0#segment5,1,-1.6666666666666714,1.6666666666666714,2.7777777777777937
1476652800,D:\intelligent_transportation\data\lstm_sources\public\kddcup2017_china_tollgate\kdd2017_china_tollgate_20min.csv:kdd2017_t1_d0#segment5,1,7.533333333333331,7.533333333333331,56.75111111111108
1476654000,D:\intelligent_transportation\data\lstm_sources\public\kddcup2017_china_tollgate\kdd2017_china_tollgate_20min.csv:kdd2017_t1_d0#segment5,1,-8.466666666666669,8.466666666666669,71.68444444444448
1476655200,D:\intelligent_transportation\data\lstm_sources\public\kddcup2017_china_tollgate\kdd2017_china_tollgate_20min.csv:kdd2017_t1_d0#segment5,1,1.3999999999999986,1.3999999999999986,1.959999999999996
1476656400,D:\intelligent_transportation\data\lstm_sources\public\kddcup2017_china_tollgate\kdd2017_china_tollgate_20min.csv:kdd2017_t1_d0#segment5,1,-7.466666666666669,7.466666666666669,55.751111111111136
1476657600,D:\intelligent_transportation\data\lstm_sources\public\kddcup2017_china_tollgate\kdd2017_china_tollgate_20min.csv:kdd2017_t1_d0#segment5,1,-5.866666666666667,5.866666666666667,34.417777777777786
1476658800,D:\intelligent_transportation\data\lstm_sources\public\kddcup2017_china_tollgate\kdd2017_china_tollgate_20min.csv:kdd2017_t1_d0#segment5,1,9.933333333333334,9.933333333333334,98.67111111111112
1476660000,D:\intelligent_transportation\data\lstm_sources\public\kddcup2017_china_tollgate\kdd2017_china_tollgate_20min.csv:kdd2017_t1_d0#segment5,1,6.533333333333335,6.533333333333335,42.684444444444466
1476661200,D:\intelligent_transportation\data\lstm_sources\public\kddcup2017_china_tollgate\kdd2017_china_tollgate_20min.csv:kdd2017_t1_d0#segment5,1,3.5999999999999996,3.5999999999999996,12.959999999999997
1476662400,D:\intelligent_transportation\data\lstm_sources\public\kddcup2017_china_tollgate\kdd2017_china_tollgate_20min.csv:kdd2017_t1_d0#segment5,1,11.666666666666666,11.666666666666666,136.1111111111111
1476663600,D:\intelligent_transportation\data\lstm_sources\public\kddcup2017_china_tollgate\kdd2017_china_tollgate_20min.csv:kdd2017_t1_d0#segment5,1,1.8000000000000007,1.8000000000000007,3.2400000000000024
1476664800,D:\intelligent_transportation\data\lstm_sources\public\kddcup2017_china_tollgate\kdd2017_china_tollgate_20min.csv:kdd2017_t1_d0#segment5,1,-6.533333333333335,6.533333333333335,42.684444444444466
1476666000,D:\intelligent_transportation\data\lstm_sources\public\kddcup2017_china_tollgate\kdd2017_china_tollgate_20min.csv:kdd2017_t1_d0#segment5,1,-4.4,4.4,19.360000000000003
1476667200,D:\intelligent_transportation\data\lstm_sources\public\kddcup2017_china_tollgate\kdd2017_china_tollgate_20min.csv:kdd2017_t1_d0#segment5,1,2.0,2.0,4.0
1476668400,D:\intelligent_transportation\data\lstm_sources\public\kddcup2017_china_tollgate\kdd2017_china_tollgate_20min.csv:kdd2017_t1_d0#segment5,1,-4.399999999999999,4.399999999999999,19.35999999999999
1476669600,D:\intelligent_transportation\data\lstm_sources\public\kddcup2017_china_tollgate\kdd2017_china_tollgate_20min.csv:kdd2017_t1_d0#segment5,1,-0.5999999999999996,0.5999999999999996,0.3599999999999996
1476670800,D:\intelligent_transportation\data\lstm_sources\public\kddcup2017_china_tollgate\kdd2017_china_tollgate_20min.csv:kdd2017_t1_d0#segment5,1,2.5999999999999996,2.5999999999999996,6.759999999999998
1476672000,D:\intelligent_transportation\data\lstm_sources\public\kddcup2017_china_tollgate\kdd2017_china_tollgate_20min.csv:kdd2017_t1_d0#segment5,1,2.1999999999999993,2.1999999999999993,4.839999999999997
1476673200,D:\intelligent_transportation\data\lstm_sources\public\kddcup2017_china_tollgate\kdd2017_china_tollgate_20min.csv:kdd2017_t1_d0#segment5,1,1.5999999999999996,1.5999999999999996,2.5599999999999987
1476674400,D:\intelligent_transportation\data\lstm_sources\public\kddcup2017_china_tollgate\kdd2017_china_tollgate_20min.csv:kdd2017_t1_d0#segment5,1,4.533333333333333,4.533333333333333,20.55111111111111
1476675600,D:\intelligent_transportation\data\lstm_sources\public\kddcup2017_china_tollgate\kdd2017_china_tollgate_20min.csv:kdd2017_t1_d0#segment5,1,-3.0,3.0,9.0
1476676800,D:\intelligent_transportation\data\lstm_sources\public\kddcup2017_china_tollgate\kdd2017_china_tollgate_20min.csv:kdd2017_t1_d0#segment5,1,4.466666666666667,4.466666666666667,19.95111111111111
1476678000,D:\intelligent_transportation\data\lstm_sources\public\kddcup2017_china_tollgate\kdd2017_china_tollgate_20min.csv:kdd2017_t1_d0#segment5,1,-0.8000000000000007,0.8000000000000007,0.6400000000000011
1476679200,D:\intelligent_transportation\data\lstm_sources\public\kddcup2017_china_tollgate\kdd2017_china_tollgate_20min.csv:kdd2017_t1_d0#segment5,1,3.1999999999999993,3.1999999999999993,10.239999999999995
1476680400,D:\intelligent_transportation\data\lstm_sources\public\kddcup2017_china_tollgate\kdd2017_china_tollgate_20min.csv:kdd2017_t1_d0#segment5,1,-15.466666666666669,15.466666666666669,239.21777777777783
1476681600,D:\intelligent_transportation\data\lstm_sources\public\kddcup2017_china_tollgate\kdd2017_china_tollgate_20min.csv:kdd2017_t1_d0#segment5,1,-4.133333333333335,4.133333333333335,17.084444444444454
1476682800,D:\intelligent_transportation\data\lstm_sources\public\kddcup2017_china_tollgate\kdd2017_china_tollgate_20min.csv:kdd2017_t1_d0#segment5,1,1.5999999999999996,1.5999999999999996,2.5599999999999987
1476684000,D:\intelligent_transportation\data\lstm_sources\public\kddcup2017_china_tollgate\kdd2017_china_tollgate_20min.csv:kdd2017_t1_d0#segment5,1,10.6,10.6,112.36
1476685200,D:\intelligent_transportation\data\lstm_sources\public\kddcup2017_china_tollgate\kdd2017_china_tollgate_20min.csv:kdd2017_t1_d0#segment5,1,10.866666666666667,10.866666666666667,118.08444444444446
1476686400,D:\intelligent_transportation\data\lstm_sources\public\kddcup2017_china_tollgate\kdd2017_china_tollgate_20min.csv:kdd2017_t1_d0#segment5,1,4.666666666666666,4.666666666666666,21.77777777777777
1476687600,D:\intelligent_transportation\data\lstm_sources\public\kddcup2017_china_tollgate\kdd2017_china_tollgate_20min.csv:kdd2017_t1_d0#segment5,1,21.333333333333336,21.333333333333336,455.1111111111112
1476688800,D:\intelligent_transportation\data\lstm_sources\public\kddcup2017_china_tollgate\kdd2017_china_tollgate_20min.csv:kdd2017_t1_d0#segment5,1,2.066666666666663,2.066666666666663,4.271111111111096
1476690000,D:\intelligent_transportation\data\lstm_sources\public\kddcup2017_china_tollgate\kdd2017_china_tollgate_20min.csv:kdd2017_t1_d0#segment5,1,3.4666666666666686,3.4666666666666686,12.017777777777791
1476691200,D:\intelligent_transportation\data\lstm_sources\public\kddcup2017_china_tollgate\kdd2017_china_tollgate_20min.csv:kdd2017_t1_d0#segment5,1,-14.400000000000006,14.400000000000006,207.36000000000016
1476692400,D:\intelligent_transportation\data\lstm_sources\public\kddcup2017_china_tollgate\kdd2017_china_tollgate_20min.csv:kdd2017_t1_d0#segment5,1,-19.666666666666657,19.666666666666657,386.77777777777743
1476693600,D:\intelligent_transportation\data\lstm_sources\public\kddcup2017_china_tollgate\kdd2017_china_tollgate_20min.csv:kdd2017_t1_d0#segment5,1,-3.5333333333333314,3.5333333333333314,12.484444444444431
1476694800,D:\intelligent_transportation\data\lstm_sources\public\kddcup2017_china_tollgate\kdd2017_china_tollgate_20min.csv:kdd2017_t1_d0#segment5,1,-12.0,12.0,144.0
1476696000,D:\intelligent_transportation\data\lstm_sources\public\kddcup2017_china_tollgate\kdd2017_china_tollgate_20min.csv:kdd2017_t1_d0#segment5,1,5.733333333333334,5.733333333333334,32.87111111111112
1476697200,D:\intelligent_transportation\data\lstm_sources\public\kddcup2017_china_tollgate\kdd2017_china_tollgate_20min.csv:kdd2017_t1_d0#segment5,1,-7.733333333333334,7.733333333333334,59.80444444444446
1476698400,D:\intelligent_transportation\data\lstm_sources\public\kddcup2017_china_tollgate\kdd2017_china_tollgate_20min.csv:kdd2017_t1_d0#segment5,1,1.0666666666666629,1.0666666666666629,1.1377777777777698
1476699600,D:\intelligent_transportation\data\lstm_sources\public\kddcup2017_china_tollgate\kdd2017_china_tollgate_20min.csv:kdd2017_t1_d0#segment5,1,12.733333333333334,12.733333333333334,162.1377777777778
1476700800,D:\intelligent_transportation\data\lstm_sources\public\kddcup2017_china_tollgate\kdd2017_china_tollgate_20min.csv:kdd2017_t1_d0#segment5,1,-11.600000000000001,11.600000000000001,134.56000000000003
1476702000,D:\intelligent_transportation\data\lstm_sources\public\kddcup2017_china_tollgate\kdd2017_china_tollgate_20min.csv:kdd2017_t1_d0#segment5,1,-16.4,16.4,268.96
1476703200,D:\intelligent_transportation\data\lstm_sources\public\kddcup2017_china_tollgate\kdd2017_china_tollgate_20min.csv:kdd2017_t1_d0#segment5,1,7.133333333333336,7.133333333333336,50.88444444444449
1476704400,D:\intelligent_transportation\data\lstm_sources\public\kddcup2017_china_tollgate\kdd2017_china_tollgate_20min.csv:kdd2017_t1_d0#segment5,1,-0.6666666666666643,0.6666666666666643,0.4444444444444413
1476705600,D:\intelligent_transportation\data\lstm_sources\public\kddcup2017_china_tollgate\kdd2017_china_tollgate_20min.csv:kdd2017_t1_d0#segment5,1,4.4666666666666615,4.4666666666666615,19.951111111111064
1476706800,D:\intelligent_transportation\data\lstm_sources\public\kddcup2017_china_tollgate\kdd2017_china_tollgate_20min.csv:kdd2017_t1_d0#segment5,1,22.0,22.0,484.0
1476708000,D:\intelligent_transportation\data\lstm_sources\public\kddcup2017_china_tollgate\kdd2017_china_tollgate_20min.csv:kdd2017_t1_d0#segment5,1,2.866666666666667,2.866666666666667,8.21777777777778
1476709200,D:\intelligent_transportation\data\lstm_sources\public\kddcup2017_china_tollgate\kdd2017_china_tollgate_20min.csv:kdd2017_t1_d0#segment5,1,-12.133333333333333,12.133333333333333,147.21777777777777
1476710400,D:\intelligent_transportation\data\lstm_sources\public\kddcup2017_china_tollgate\kdd2017_china_tollgate_20min.csv:kdd2017_t1_d0#segment5,1,9.86666666666666,9.86666666666666,97.35111111111098
1476711600,D:\intelligent_transportation\data\lstm_sources\public\kddcup2017_china_tollgate\kdd2017_china_tollgate_20min.csv:kdd2017_t1_d0#segment5,1,9.066666666666663,9.066666666666663,82.20444444444438
1476712800,D:\intelligent_transportation\data\lstm_sources\public\kddcup2017_china_tollgate\kdd2017_china_tollgate_20min.csv:kdd2017_t1_d0#segment5,1,-17.46666666666667,17.46666666666667,305.0844444444445
1476714000,D:\intelligent_transportation\data\lstm_sources\public\kddcup2017_china_tollgate\kdd2017_china_tollgate_20min.csv:kdd2017_t1_d0#segment5,1,-2.2666666666666657,2.2666666666666657,5.137777777777774
1476715200,D:\intelligent_transportation\data\lstm_sources\public\kddcup2017_china_tollgate\kdd2017_china_tollgate_20min.csv:kdd2017_t1_d0#segment5,1,1.7333333333333343,1.7333333333333343,3.004444444444448
1476716400,D:\intelligent_transportation\data\lstm_sources\public\kddcup2017_china_tollgate\kdd2017_china_tollgate_20min.csv:kdd2017_t1_d0#segment5,1,-7.0,7.0,49.0
1476717600,D:\intelligent_transportation\data\lstm_sources\public\kddcup2017_china_tollgate\kdd2017_china_tollgate_20min.csv:kdd2017_t1_d0#segment5,1,1.6666666666666643,1.6666666666666643,2.7777777777777697
1476718800,D:\intelligent_transportation\data\lstm_sources\public\kddcup2017_china_tollgate\kdd2017_china_tollgate_20min.csv:kdd2017_t1_d0#segment5,1,-9.666666666666664,9.666666666666664,93.4444444444444
1476720000,D:\intelligent_transportation\data\lstm_sources\public\kddcup2017_china_tollgate\kdd2017_china_tollgate_20min.csv:kdd2017_t1_d0#segment5,1,21.933333333333337,21.933333333333337,481.0711111111113
1476721200,D:\intelligent_transportation\data\lstm_sources\public\kddcup2017_china_tollgate\kdd2017_china_tollgate_20min.csv:kdd2017_t1_d0#segment5,1,4.666666666666671,4.666666666666671,21.77777777777782
1476722400,D:\intelligent_transportation\data\lstm_sources\public\kddcup2017_china_tollgate\kdd2017_china_tollgate_20min.csv:kdd2017_t1_d0#segment5,1,-13.733333333333334,13.733333333333334,188.60444444444448
1476723600,D:\intelligent_transportation\data\lstm_sources\public\kddcup2017_china_tollgate\kdd2017_china_tollgate_20min.csv:kdd2017_t1_d0#segment5,1,-8.666666666666664,8.666666666666664,75.11111111111107
1476724800,D:\intelligent_transportation\data\lstm_sources\public\kddcup2017_china_tollgate\kdd2017_china_tollgate_20min.csv:kdd2017_t1_d0#segment5,1,-13.066666666666663,13.066666666666663,170.73777777777767
1476726000,D:\intelligent_transportation\data\lstm_sources\public\kddcup2017_china_tollgate\kdd2017_china_tollgate_20min.csv:kdd2017_t1_d0#segment5,1,-12.599999999999994,12.599999999999994,158.75999999999985
1476727200,D:\intelligent_transportation\data\lstm_sources\public\kddcup2017_china_tollgate\kdd2017_china_tollgate_20min.csv:kdd2017_t1_d0#segment5,1,3.6666666666666643,3.6666666666666643,13.444444444444427
1476728400,D:\intelligent_transportation\data\lstm_sources\public\kddcup2017_china_tollgate\kdd2017_china_tollgate_20min.csv:kdd2017_t1_d0#segment5,1,10.0,10.0,100.0
1476729600,D:\intelligent_transportation\data\lstm_sources\public\kddcup2017_china_tollgate\kdd2017_china_tollgate_20min.csv:kdd2017_t1_d0#segment5,1,-1.4666666666666686,1.4666666666666686,2.1511111111111165
1476730800,D:\intelligent_transportation\data\lstm_sources\public\kddcup2017_china_tollgate\kdd2017_china_tollgate_20min.csv:kdd2017_t1_d0#segment5,1,16.799999999999997,16.799999999999997,282.2399999999999
1476732000,D:\intelligent_transportation\data\lstm_sources\public\kddcup2017_china_tollgate\kdd2017_china_tollgate_20min.csv:kdd2017_t1_d0#segment5,1,-2.06666666666667,2.06666666666667,4.271111111111125
1476733200,D:\intelligent_transportation\data\lstm_sources\public\kddcup2017_china_tollgate\kdd2017_china_tollgate_20min.csv:kdd2017_t1_d0#segment5,1,-0.20000000000000284,0.20000000000000284,0.04000000000000114
1476734400,D:\intelligent_transportation\data\lstm_sources\public\kddcup2017_china_tollgate\kdd2017_china_tollgate_20min.csv:kdd2017_t1_d0#segment5,1,-4.0,4.0,16.0
1476735600,D:\intelligent_transportation\data\lstm_sources\public\kddcup2017_china_tollgate\kdd2017_china_tollgate_20min.csv:kdd2017_t1_d0#segment5,1,6.333333333333332,6.333333333333332,40.11111111111109
1476736800,D:\intelligent_transportation\data\lstm_sources\public\kddcup2017_china_tollgate\kdd2017_china_tollgate_20min.csv:kdd2017_t1_d0#segment5,1,5.399999999999999,5.399999999999999,29.159999999999986
1476738000,D:\intelligent_transportation\data\lstm_sources\public\kddcup2017_china_tollgate\kdd2017_china_tollgate_20min.csv:kdd2017_t1_d0#segment5,1,3.06666666666667,3.06666666666667,9.404444444444465
1476739200,D:\intelligent_transportation\data\lstm_sources\public\kddcup2017_china_tollgate\kdd2017_china_tollgate_20min.csv:kdd2017_t1_d0#segment5,1,-7.333333333333332,7.333333333333332,53.77777777777776
1476740400,D:\intelligent_transportation\data\lstm_sources\public\kddcup2017_china_tollgate\kdd2017_china_tollgate_20min.csv:kdd2017_t1_d0#segment5,1,3.333333333333332,3.333333333333332,11.111111111111104
1476741600,D:\intelligent_transportation\data\lstm_sources\public\kddcup2017_china_tollgate\kdd2017_china_tollgate_20min.csv:kdd2017_t1_d0#segment5,1,-5.0,5.0,25.0
1476742800,D:\intelligent_transportation\data\lstm_sources\public\kddcup2017_china_tollgate\kdd2017_china_tollgate_20min.csv:kdd2017_t1_d0#segment5,1,-2.2666666666666657,2.2666666666666657,5.137777777777774
1476744000,D:\intelligent_transportation\data\lstm_sources\public\kddcup2017_china_tollgate\kdd2017_china_tollgate_20min.csv:kdd2017_t1_d0#segment5,1,-5.199999999999999,5.199999999999999,27.039999999999992
1476745200,D:\intelligent_transportation\data\lstm_sources\public\kddcup2017_china_tollgate\kdd2017_china_tollgate_20min.csv:kdd2017_t1_d0#segment5,1,-3.599999999999998,3.599999999999998,12.959999999999985
1476746400,D:\intelligent_transportation\data\lstm_sources\public\kddcup2017_china_tollgate\kdd2017_china_tollgate_20min.csv:kdd2017_t1_d0#segment5,1,6.066666666666666,6.066666666666666,36.80444444444444
1476747600,D:\intelligent_transportation\data\lstm_sources\public\kddcup2017_china_tollgate\kdd2017_china_tollgate_20min.csv:kdd2017_t1_d0#segment5,1,3.3999999999999986,3.3999999999999986,11.55999999999999
1476379200,D:\intelligent_transportation\data\lstm_sources\public\kddcup2017_china_tollgate\kdd2017_china_tollgate_20min.csv:kdd2017_t1_d1#segment5,1,-24.66666666666667,24.66666666666667,608.4444444444447
1476380400,D:\intelligent_transportation\data\lstm_sources\public\kddcup2017_china_tollgate\kdd2017_china_tollgate_20min.csv:kdd2017_t1_d1#segment5,1,8.866666666666674,8.866666666666674,78.61777777777792
1476381600,D:\intelligent_transportation\data\lstm_sources\public\kddcup2017_china_tollgate\kdd2017_china_tollgate_20min.csv:kdd2017_t1_d1#segment5,1,-64.4,64.4,4147.360000000001
1476382800,D:\intelligent_transportation\data\lstm_sources\public\kddcup2017_china_tollgate\kdd2017_china_tollgate_20min.csv:kdd2017_t1_d1#segment5,1,0.8666666666666742,0.8666666666666742,0.7511111111111243
1476384000,D:\intelligent_transportation\data\lstm_sources\public\kddcup2017_china_tollgate\kdd2017_china_tollgate_20min.csv:kdd2017_t1_d1#segment5,1,12.533333333333324,12.533333333333324,157.08444444444422
1476385200,D:\intelligent_transportation\data\lstm_sources\public\kddcup2017_china_tollgate\kdd2017_china_tollgate_20min.csv:kdd2017_t1_d1#segment5,1,-8.333333333333321,8.333333333333321,69.44444444444424
1476386400,D:\intelligent_transportation\data\lstm_sources\public\kddcup2017_china_tollgate\kdd2017_china_tollgate_20min.csv:kdd2017_t1_d1#segment5,1,-14.133333333333326,14.133333333333326,199.7511111111109
1476387600,D:\intelligent_transportation\data\lstm_sources\public\kddcup2017_china_tollgate\kdd2017_china_tollgate_20min.csv:kdd2017_t1_d1#segment5,1,33.2,33.2,1102.2400000000002
1476388800,D:\intelligent_transportation\data\lstm_sources\public\kddcup2017_china_tollgate\kdd2017_china_tollgate_20min.csv:kdd2017_t1_d1#segment5,1,3.6666666666666714,3.6666666666666714,13.444444444444478
1476390000,D:\intelligent_transportation\data\lstm_sources\public\kddcup2017_china_tollgate\kdd2017_china_tollgate_20min.csv:kdd2017_t1_d1#segment5,1,8.13333333333334,8.13333333333334,66.15111111111122
1476391200,D:\intelligent_transportation\data\lstm_sources\public\kddcup2017_china_tollgate\kdd2017_china_tollgate_20min.csv:kdd2017_t1_d1#segment5,1,8.266666666666666,8.266666666666666,68.33777777777776
1476392400,D:\intelligent_transportation\data\lstm_sources\public\kddcup2017_china_tollgate\kdd2017_china_tollgate_20min.csv:kdd2017_t1_d1#segment5,1,-9.199999999999996,9.199999999999996,84.63999999999992
1476393600,D:\intelligent_transportation\data\lstm_sources\public\kddcup2017_china_tollgate\kdd2017_china_tollgate_20min.csv:kdd2017_t1_d1#segment5,1,-10.333333333333336,10.333333333333336,106.77777777777783
1476394800,D:\intelligent_transportation\data\lstm_sources\public\kddcup2017_china_tollgate\kdd2017_china_tollgate_20min.csv:kdd2017_t1_d1#segment5,1,6.86666666666666,6.86666666666666,47.15111111111102
1476396000,D:\intelligent_transportation\data\lstm_sources\public\kddcup2017_china_tollgate\kdd2017_china_tollgate_20min.csv:kdd2017_t1_d1#segment5,1,5.733333333333334,5.733333333333334,32.87111111111112
1476397200,D:\intelligent_transportation\data\lstm_sources\public\kddcup2017_china_tollgate\kdd2017_china_tollgate_20min.csv:kdd2017_t1_d1#segment5,1,1.0,1.0,1.0
1476398400,D:\intelligent_transportation\data\lstm_sources\public\kddcup2017_china_tollgate\kdd2017_china_tollgate_20min.csv:kdd2017_t1_d1#segment5,1,9.466666666666672,9.466666666666672,89.61777777777787
1476399600,D:\intelligent_transportation\data\lstm_sources\public\kddcup2017_china_tollgate\kdd2017_china_tollgate_20min.csv:kdd2017_t1_d1#segment5,1,-6.866666666666667,6.866666666666667,47.15111111111112
1476400800,D:\intelligent_transportation\data\lstm_sources\public\kddcup2017_china_tollgate\kdd2017_china_tollgate_20min.csv:kdd2017_t1_d1#segment5,1,-5.666666666666671,5.666666666666671,32.111111111111164
1476402000,D:\intelligent_transportation\data\lstm_sources\public\kddcup2017_china_tollgate\kdd2017_china_tollgate_20min.csv:kdd2017_t1_d1#segment5,1,-2.2666666666666657,2.2666666666666657,5.137777777777774
1476403200,D:\intelligent_transportation\data\lstm_sources\public\kddcup2017_china_tollgate\kdd2017_china_tollgate_20min.csv:kdd2017_t1_d1#segment5,1,116.66666666666667,116.66666666666667,13611.111111111111
1476404400,D:\intelligent_transportation\data\lstm_sources\public\kddcup2017_china_tollgate\kdd2017_china_tollgate_20min.csv:kdd2017_t1_d1#segment5,1,-22.26666666666668,22.26666666666668,495.80444444444504
1476405600,D:\intelligent_transportation\data\lstm_sources\public\kddcup2017_china_tollgate\kdd2017_china_tollgate_20min.csv:kdd2017_t1_d1#segment5,1,-55.599999999999994,55.599999999999994,3091.359999999999
1476406800,D:\intelligent_transportation\data\lstm_sources\public\kddcup2017_china_tollgate\kdd2017_china_tollgate_20min.csv:kdd2017_t1_d1#segment5,1,-68.86666666666667,68.86666666666667,4742.617777777778
1476408000,D:\intelligent_transportation\data\lstm_sources\public\kddcup2017_china_tollgate\kdd2017_china_tollgate_20min.csv:kdd2017_t1_d1#segment5,1,-27.53333333333333,27.53333333333333,758.0844444444443
1476409200,D:\intelligent_transportation\data\lstm_sources\public\kddcup2017_china_tollgate\kdd2017_china_tollgate_20min.csv:kdd2017_t1_d1#segment5,1,4.133333333333326,4.133333333333326,17.084444444444383
1476410400,D:\intelligent_transportation\data\lstm_sources\public\kddcup2017_china_tollgate\kdd2017_china_tollgate_20min.csv:kdd2017_t1_d1#segment5,1,44.19999999999999,44.19999999999999,1953.639999999999
1476411600,D:\intelligent_transportation\data\lstm_sources\public\kddcup2017_china_tollgate\kdd2017_china_tollgate_20min.csv:kdd2017_t1_d1#segment5,1,18.933333333333337,18.933333333333337,358.47111111111127
1476412800,D:\intelligent_transportation\data\lstm_sources\public\kddcup2017_china_tollgate\kdd2017_china_tollgate_20min.csv:kdd2017_t1_d1#segment5,1,5.400000000000002,5.400000000000002,29.16000000000002
1476414000,D:\intelligent_transportation\data\lstm_sources\public\kddcup2017_china_tollgate\kdd2017_china_tollgate_20min.csv:kdd2017_t1_d1#segment5,1,-0.2666666666666666,0.2666666666666666,0.07111111111111108
1476415200,D:\intelligent_transportation\data\lstm_sources\public\kddcup2017_china_tollgate\kdd2017_china_tollgate_20min.csv:kdd2017_t1_d1#segment5,1,2.0666666666666673,2.0666666666666673,4.2711111111111135
1476416400,D:\intelligent_transportation\data\lstm_sources\public\kddcup2017_china_tollgate\kdd2017_china_tollgate_20min.csv:kdd2017_t1_d1#segment5,1,4.8,4.8,23.04
1476417600,D:\intelligent_transportation\data\lstm_sources\public\kddcup2017_china_tollgate\kdd2017_china_tollgate_20min.csv:kdd2017_t1_d1#segment5,1,6.066666666666666,6.066666666666666,36.80444444444444
1476418800,D:\intelligent_transportation\data\lstm_sources\public\kddcup2017_china_tollgate\kdd2017_china_tollgate_20min.csv:kdd2017_t1_d1#segment5,1,1.6000000000000014,1.6000000000000014,2.5600000000000045
1476420000,D:\intelligent_transportation\data\lstm_sources\public\kddcup2017_china_tollgate\kdd2017_china_tollgate_20min.csv:kdd2017_t1_d1#segment5,1,5.399999999999999,5.399999999999999,29.159999999999986
1476421200,D:\intelligent_transportation\data\lstm_sources\public\kddcup2017_china_tollgate\kdd2017_china_tollgate_20min.csv:kdd2017_t1_d1#segment5,1,2.7333333333333343,2.7333333333333343,7.471111111111116
1476422400,D:\intelligent_transportation\data\lstm_sources\public\kddcup2017_china_tollgate\kdd2017_china_tollgate_20min.csv:kdd2017_t1_d1#segment5,1,0.6666666666666643,0.6666666666666643,0.4444444444444413
1476423600,D:\intelligent_transportation\data\lstm_sources\public\kddcup2017_china_tollgate\kdd2017_china_tollgate_20min.csv:kdd2017_t1_d1#segment5,1,3.799999999999997,3.799999999999997,14.439999999999978
1476424800,D:\intelligent_transportation\data\lstm_sources\public\kddcup2017_china_tollgate\kdd2017_china_tollgate_20min.csv:kdd2017_t1_d1#segment5,1,-10.533333333333331,10.533333333333331,110.95111111111108
1476426000,D:\intelligent_transportation\data\lstm_sources\public\kddcup2017_china_tollgate\kdd2017_china_tollgate_20min.csv:kdd2017_t1_d1#segment5,1,4.466666666666669,4.466666666666669,19.95111111111113
1476427200,D:\intelligent_transportation\data\lstm_sources\public\kddcup2017_china_tollgate\kdd2017_china_tollgate_20min.csv:kdd2017_t1_d1#segment5,1,8.200000000000003,8.200000000000003,67.24000000000005
1476428400,D:\intelligent_transportation\data\lstm_sources\public\kddcup2017_china_tollgate\kdd2017_china_tollgate_20min.csv:kdd2017_t1_d1#segment5,1,13.866666666666667,13.866666666666667,192.28444444444446
1476429600,D:\intelligent_transportation\data\lstm_sources\public\kddcup2017_china_tollgate\kdd2017_china_tollgate_20min.csv:kdd2017_t1_d1#segment5,1,4.799999999999997,4.799999999999997,23.039999999999974
1476430800,D:\intelligent_transportation\data\lstm_sources\public\kddcup2017_china_tollgate\kdd2017_china_tollgate_20min.csv:kdd2017_t1_d1#segment5,1,34.19999999999999,34.19999999999999,1169.6399999999992
1476432000,D:\intelligent_transportation\data\lstm_sources\public\kddcup2017_china_tollgate\kdd2017_china_tollgate_20min.csv:kdd2017_t1_d1#segment5,1,-13.666666666666686,13.666666666666686,186.77777777777828
1476433200,D:\intelligent_transportation\data\lstm_sources\public\kddcup2017_china_tollgate\kdd2017_china_tollgate_20min.csv:kdd2017_t1_d1#segment5,1,-23.0,23.0,529.0
1476434400,D:\intelligent_transportation\data\lstm_sources\public\kddcup2017_china_tollgate\kdd2017_china_tollgate_20min.csv:kdd2017_t1_d1#segment5,1,-22.333333333333314,22.333333333333314,498.7777777777769
1476435600,D:\intelligent_transportation\data\lstm_sources\public\kddcup2017_china_tollgate\kdd2017_china_tollgate_20min.csv:kdd2017_t1_d1#segment5,1,1.6666666666666572,1.6666666666666572,2.777777777777746
1476436800,D:\intelligent_transportation\data\lstm_sources\public\kddcup2017_china_tollgate\kdd2017_china_tollgate_20min.csv:kdd2017_t1_d1#segment5,1,-17.133333333333326,17.133333333333326,293.55111111111086
1476438000,D:\intelligent_transportation\data\lstm_sources\public\kddcup2017_china_tollgate\kdd2017_china_tollgate_20min.csv:kdd2017_t1_d1#segment5,1,37.66666666666667,37.66666666666667,1418.777777777778
1476439200,D:\intelligent_transportation\data\lstm_sources\public\kddcup2017_china_tollgate\kdd2017_china_tollgate_20min.csv:kdd2017_t1_d1#segment5,1,-54.666666666666686,54.666666666666686,2988.4444444444466
1476440400,D:\intelligent_transportation\data\lstm_sources\public\kddcup2017_china_tollgate\kdd2017_china_tollgate_20min.csv:kdd2017_t1_d1#segment5,1,18.799999999999997,18.799999999999997,353.4399999999999
1476441600,D:\intelligent_transportation\data\lstm_sources\public\kddcup2017_china_tollgate\kdd2017_china_tollgate_20min.csv:kdd2017_t1_d1#segment5,1,-34.0,34.0,1156.0
1476442800,D:\intelligent_transportation\data\lstm_sources\public\kddcup2017_china_tollgate\kdd2017_china_tollgate_20min.csv:kdd2017_t1_d1#segment5,1,-12.666666666666657,12.666666666666657,160.4444444444442
1476444000,D:\intelligent_transportation\data\lstm_sources\public\kddcup2017_china_tollgate\kdd2017_china_tollgate_20min.csv:kdd2017_t1_d1#segment5,1,8.266666666666666,8.266666666666666,68.33777777777776
1476445200,D:\intelligent_transportation\data\lstm_sources\public\kddcup2017_china_tollgate\kdd2017_china_tollgate_20min.csv:kdd2017_t1_d1#segment5,1,9.533333333333331,9.533333333333331,90.88444444444441
1476446400,D:\intelligent_transportation\data\lstm_sources\public\kddcup2017_china_tollgate\kdd2017_china_tollgate_20min.csv:kdd2017_t1_d1#segment5,1,15.333333333333329,15.333333333333329,235.11111111111097
1476447600,D:\intelligent_transportation\data\lstm_sources\public\kddcup2017_china_tollgate\kdd2017_china_tollgate_20min.csv:kdd2017_t1_d1#segment5,1,8.800000000000011,8.800000000000011,77.4400000000002
1476448800,D:\intelligent_transportation\data\lstm_sources\public\kddcup2017_china_tollgate\kdd2017_china_tollgate_20min.csv:kdd2017_t1_d1#segment5,1,-8.866666666666674,8.866666666666674,78.61777777777792
1476450000,D:\intelligent_transportation\data\lstm_sources\public\kddcup2017_china_tollgate\kdd2017_china_tollgate_20min.csv:kdd2017_t1_d1#segment5,1,6.933333333333337,6.933333333333337,48.071111111111165
1476451200,D:\intelligent_transportation\data\lstm_sources\public\kddcup2017_china_tollgate\kdd2017_china_tollgate_20min.csv:kdd2017_t1_d1#segment5,1,16.799999999999997,16.799999999999997,282.2399999999999
1476452400,D:\intelligent_transportation\data\lstm_sources\public\kddcup2017_china_tollgate\kdd2017_china_tollgate_20min.csv:kdd2017_t1_d1#segment5,1,1.5333333333333314,1.5333333333333314,2.351111111111105
1476453600,D:\intelligent_transportation\data\lstm_sources\public\kddcup2017_china_tollgate\kdd2017_china_tollgate_20min.csv:kdd2017_t1_d1#segment5,1,12.666666666666671,12.666666666666671,160.44444444444457
1476454800,D:\intelligent_transportation\data\lstm_sources\public\kddcup2017_china_tollgate\kdd2017_china_tollgate_20min.csv:kdd2017_t1_d1#segment5,1,-24.200000000000003,24.200000000000003,585.6400000000001
1476456000,D:\intelligent_transportation\data\lstm_sources\public\kddcup2017_china_tollgate\kdd2017_china_tollgate_20min.csv:kdd2017_t1_d1#segment5,1,-17.933333333333323,17.933333333333323,321.6044444444441
1476457200,D:\intelligent_transportation\data\lstm_sources\public\kddcup2017_china_tollgate\kdd2017_china_tollgate_20min.csv:kdd2017_t1_d1#segment5,1,11.266666666666666,11.266666666666666,126.93777777777775
1476458400,D:\intelligent_transportation\data\lstm_sources\public\kddcup2017_china_tollgate\kdd2017_china_tollgate_20min.csv:kdd2017_t1_d1#segment5,1,7.666666666666671,7.666666666666671,58.77777777777785
1476459600,D:\intelligent_transportation\data\lstm_sources\public\kddcup2017_china_tollgate\kdd2017_china_tollgate_20min.csv:kdd2017_t1_d1#segment5,1,2.933333333333323,2.933333333333323,8.604444444444383
1476460800,D:\intelligent_transportation\data\lstm_sources\public\kddcup2017_china_tollgate\kdd2017_china_tollgate_20min.csv:kdd2017_t1_d1#segment5,1,-10.199999999999989,10.199999999999989,104.03999999999976
1476462000,D:\intelligent_transportation\data\lstm_sources\public\kddcup2017_china_tollgate\kdd2017_china_tollgate_20min.csv:kdd2017_t1_d1#segment5,1,9.13333333333334,9.13333333333334,83.4177777777779
1476463200,D:\intelligent_transportation\data\lstm_sources\public\kddcup2017_china_tollgate\kdd2017_china_tollgate_20min.csv:kdd2017_t1_d1#segment5,1,-8.066666666666663,8.066666666666663,65.07111111111105
1476464400,D:\intelligent_transportation\data\lstm_sources\public\kddcup2017_china_tollgate\kdd2017_china_tollgate_20min.csv:kdd2017_t1_d1#segment5,1,6.3999999999999915,6.3999999999999915,40.959999999999894
1476465600,D:\intelligent_transportation\data\lstm_sources\public\kddcup2017_china_tollgate\kdd2017_china_tollgate_20min.csv:kdd2017_t1_d1#segment5,1,11.266666666666666,11.266666666666666,126.93777777777775
1476466800,D:\intelligent_transportation\data\lstm_sources\public\kddcup2017_china_tollgate\kdd2017_china_tollgate_20min.csv:kdd2017_t1_d1#segment5,1,4.0,4.0,16.0
1476468000,D:\intelligent_transportation\data\lstm_sources\public\kddcup2017_china_tollgate\kdd2017_china_tollgate_20min.csv:kdd2017_t1_d1#segment5,1,-51.06666666666666,51.06666666666666,2607.804444444444
1476469200,D:\intelligent_transportation\data\lstm_sources\public\kddcup2017_china_tollgate\kdd2017_china_tollgate_20min.csv:kdd2017_t1_d1#segment5,1,-23.799999999999997,23.799999999999997,566.4399999999998
1476470400,D:\intelligent_transportation\data\lstm_sources\public\kddcup2017_china_tollgate\kdd2017_china_tollgate_20min.csv:kdd2017_t1_d1#segment5,1,-4.73333333333332,4.73333333333332,22.40444444444432
1476471600,D:\intelligent_transportation\data\lstm_sources\public\kddcup2017_china_tollgate\kdd2017_china_tollgate_20min.csv:kdd2017_t1_d1#segment5,1,-12.133333333333326,12.133333333333326,147.2177777777776
1476472800,D:\intelligent_transportation\data\lstm_sources\public\kddcup2017_china_tollgate\kdd2017_china_tollgate_20min.csv:kdd2017_t1_d1#segment5,1,19.533333333333346,19.533333333333346,381.5511111111116
1476474000,D:\intelligent_transportation\data\lstm_sources\public\kddcup2017_china_tollgate\kdd2017_china_tollgate_20min.csv:kdd2017_t1_d1#segment5,1,18.066666666666677,18.066666666666677,326.40444444444483
1476475200,D:\intelligent_transportation\data\lstm_sources\public\kddcup2017_china_tollgate\kdd2017_china_tollgate_20min.csv:kdd2017_t1_d1#segment5,1,5.733333333333327,5.733333333333327,32.87111111111104
1476476400,D:\intelligent_transportation\data\lstm_sources\public\kddcup2017_china_tollgate\kdd2017_china_tollgate_20min.csv:kdd2017_t1_d1#segment5,1,1.4000000000000057,1.4000000000000057,1.960000000000016
1476477600,D:\intelligent_transportation\data\lstm_sources\public\kddcup2017_china_tollgate\kdd2017_china_tollgate_20min.csv:kdd2017_t1_d1#segment5,1,8.733333333333334,8.733333333333334,76.27111111111113
1476478800,D:\intelligent_transportation\data\lstm_sources\public\kddcup2017_china_tollgate\kdd2017_china_tollgate_20min.csv:kdd2017_t1_d1#segment5,1,-9.0,9.0,81.0
1476480000,D:\intelligent_transportation\data\lstm_sources\public\kddcup2017_china_tollgate\kdd2017_china_tollgate_20min.csv:kdd2017_t1_d1#segment5,1,-4.0,4.0,16.0
1476481200,D:\intelligent_transportation\data\lstm_sources\public\kddcup2017_china_tollgate\kdd2017_china_tollgate_20min.csv:kdd2017_t1_d1#segment5,1,11.600000000000009,11.600000000000009,134.5600000000002
1476482400,D:\intelligent_transportation\data\lstm_sources\public\kddcup2017_china_tollgate\kdd2017_china_tollgate_20min.csv:kdd2017_t1_d1#segment5,1,-9.066666666666663,9.066666666666663,82.20444444444438
1476483600,D:\intelligent_transportation\data\lstm_sources\public\kddcup2017_china_tollgate\kdd2017_china_tollgate_20min.csv:kdd2017_t1_d1#segment5,1,12.066666666666663,12.066666666666663,145.60444444444434
1476484800,D:\intelligent_transportation\data\lstm_sources\public\kddcup2017_china_tollgate\kdd2017_china_tollgate_20min.csv:kdd2017_t1_d1#segment5,1,7.4666666666666615,7.4666666666666615,55.75111111111104
1476486000,D:\intelligent_transportation\data\lstm_sources\public\kddcup2017_china_tollgate\kdd2017_china_tollgate_20min.csv:kdd2017_t1_d1#segment5,1,-13.733333333333327,13.733333333333327,188.60444444444428
1476487200,D:\intelligent_transportation\data\lstm_sources\public\kddcup2017_china_tollgate\kdd2017_china_tollgate_20min.csv:kdd2017_t1_d1#segment5,1,6.133333333333333,6.133333333333333,37.617777777777775
1476488400,D:\intelligent_transportation\data\lstm_sources\public\kddcup2017_china_tollgate\kdd2017_china_tollgate_20min.csv:kdd2017_t1_d1#segment5,1,-1.4666666666666686,1.4666666666666686,2.1511111111111165
1476489600,D:\intelligent_transportation\data\lstm_sources\public\kddcup2017_china_tollgate\kdd2017_china_tollgate_20min.csv:kdd2017_t1_d1#segment5,1,113.86666666666667,113.86666666666667,12965.61777777778
1476490800,D:\intelligent_transportation\data\lstm_sources\public\kddcup2017_china_tollgate\kdd2017_china_tollgate_20min.csv:kdd2017_t1_d1#segment5,1,9.133333333333326,9.133333333333326,83.41777777777764
1476492000,D:\intelligent_transportation\data\lstm_sources\public\kddcup2017_china_tollgate\kdd2017_china_tollgate_20min.csv:kdd2017_t1_d1#segment5,1,-54.26666666666668,54.26666666666668,2944.8711111111124
1476493200,D:\intelligent_transportation\data\lstm_sources\public\kddcup2017_china_tollgate\kdd2017_china_tollgate_20min.csv:kdd2017_t1_d1#segment5,1,-97.73333333333333,97.73333333333333,9551.804444444444
1476494400,D:\intelligent_transportation\data\lstm_sources\public\kddcup2017_china_tollgate\kdd2017_china_tollgate_20min.csv:kdd2017_t1_d1#segment5,1,-49.599999999999994,49.599999999999994,2460.1599999999994
1476495600,D:\intelligent_transportation\data\lstm_sources\public\kddcup2017_china_tollgate\kdd2017_china_tollgate_20min.csv:kdd2017_t1_d1#segment5,1,-3.26666666666668,3.26666666666668,10.671111111111198
1476496800,D:\intelligent_transportation\data\lstm_sources\public\kddcup2017_china_tollgate\kdd2017_china_tollgate_20min.csv:kdd2017_t1_d1#segment5,1,42.66666666666666,42.66666666666666,1820.4444444444437
1476498000,D:\intelligent_transportation\data\lstm_sources\public\kddcup2017_china_tollgate\kdd2017_china_tollgate_20min.csv:kdd2017_t1_d1#segment5,1,28.400000000000006,28.400000000000006,806.5600000000003
1476499200,D:\intelligent_transportation\data\lstm_sources\public\kddcup2017_china_tollgate\kdd2017_china_tollgate_20min.csv:kdd2017_t1_d1#segment5,1,23.666666666666664,23.666666666666664,560.111111111111
1476500400,D:\intelligent_transportation\data\lstm_sources\public\kddcup2017_china_tollgate\kdd2017_china_tollgate_20min.csv:kdd2017_t1_d1#segment5,1,3.0666666666666664,3.0666666666666664,9.404444444444444
1476501600,D:\intelligent_transportation\data\lstm_sources\public\kddcup2017_china_tollgate\kdd2017_china_tollgate_20min.csv:kdd2017_t1_d1#segment5,1,0.2666666666666657,0.2666666666666657,0.07111111111111061
1476502800,D:\intelligent_transportation\data\lstm_sources\public\kddcup2017_china_tollgate\kdd2017_china_tollgate_20min.csv:kdd2017_t1_d1#segment5,1,6.600000000000001,6.600000000000001,43.56000000000002
1476504000,D:\intelligent_transportation\data\lstm_sources\public\kddcup2017_china_tollgate\kdd2017_china_tollgate_20min.csv:kdd2017_t1_d1#segment5,1,-2.133333333333333,2.133333333333333,4.551111111111109
1476505200,D:\intelligent_transportation\data\lstm_sources\public\kddcup2017_china_tollgate\kdd2017_china_tollgate_20min.csv:kdd2017_t1_d1#segment5,1,6.733333333333334,6.733333333333334,45.33777777777779
1476506400,D:\intelligent_transportation\data\lstm_sources\public\kddcup2017_china_tollgate\kdd2017_china_tollgate_20min.csv:kdd2017_t1_d1#segment5,1,2.0666666666666664,2.0666666666666664,4.27111111111111
1476507600,D:\intelligent_transportation\data\lstm_sources\public\kddcup2017_china_tollgate\kdd2017_china_tollgate_20min.csv:kdd2017_t1_d1#segment5,1,-2.0666666666666664,2.0666666666666664,4.27111111111111
1476508800,D:\intelligent_transportation\data\lstm_sources\public\kddcup2017_china_tollgate\kdd2017_china_tollgate_20min.csv:kdd2017_t1_d1#segment5,1,-0.6000000000000014,0.6000000000000014,0.3600000000000017
1476510000,D:\intelligent_transportation\data\lstm_sources\public\kddcup2017_china_tollgate\kdd2017_china_tollgate_20min.csv:kdd2017_t1_d1#segment5,1,6.533333333333331,6.533333333333331,42.684444444444416
1476511200,D:\intelligent_transportation\data\lstm_sources\public\kddcup2017_china_tollgate\kdd2017_china_tollgate_20min.csv:kdd2017_t1_d1#segment5,1,4.733333333333334,4.733333333333334,22.404444444444454
1476512400,D:\intelligent_transportation\data\lstm_sources\public\kddcup2017_china_tollgate\kdd2017_china_tollgate_20min.csv:kdd2017_t1_d1#segment5,1,-0.2666666666666728,0.2666666666666728,0.0711111111111144
1476513600,D:\intelligent_transportation\data\lstm_sources\public\kddcup2017_china_tollgate\kdd2017_china_tollgate_20min.csv:kdd2017_t1_d1#segment5,1,8.733333333333334,8.733333333333334,76.27111111111113
1476514800,D:\intelligent_transportation\data\lstm_sources\public\kddcup2017_china_tollgate\kdd2017_china_tollgate_20min.csv:kdd2017_t1_d1#segment5,1,-13.066666666666663,13.066666666666663,170.73777777777767
1476516000,D:\intelligent_transportation\data\lstm_sources\public\kddcup2017_china_tollgate\kdd2017_china_tollgate_20min.csv:kdd2017_t1_d1#segment5,1,14.466666666666661,14.466666666666661,209.2844444444443
1476517200,D:\intelligent_transportation\data\lstm_sources\public\kddcup2017_china_tollgate\kdd2017_china_tollgate_20min.csv:kdd2017_t1_d1#segment5,1,-1.4666666666666686,1.4666666666666686,2.1511111111111165
1476518400,D:\intelligent_transportation\data\lstm_sources\public\kddcup2017_china_tollgate\kdd2017_china_tollgate_20min.csv:kdd2017_t1_d1#segment5,1,-6.800000000000011,6.800000000000011,46.24000000000015
1476519600,D:\intelligent_transportation\data\lstm_sources\public\kddcup2017_china_tollgate\kdd2017_china_tollgate_20min.csv:kdd2017_t1_d1#segment5,1,20.0,20.0,400.0
1476520800,D:\intelligent_transportation\data\lstm_sources\public\kddcup2017_china_tollgate\kdd2017_china_tollgate_20min.csv:kdd2017_t1_d1#segment5,1,22.26666666666668,22.26666666666668,495.80444444444504
1476522000,D:\intelligent_transportation\data\lstm_sources\public\kddcup2017_china_tollgate\kdd2017_china_tollgate_20min.csv:kdd2017_t1_d1#segment5,1,-18.0,18.0,324.0
1476523200,D:\intelligent_transportation\data\lstm_sources\public\kddcup2017_china_tollgate\kdd2017_china_tollgate_20min.csv:kdd2017_t1_d1#segment5,1,-25.46666666666667,25.46666666666667,648.5511111111113
1476524400,D:\intelligent_transportation\data\lstm_sources\public\kddcup2017_china_tollgate\kdd2017_china_tollgate_20min.csv:kdd2017_t1_d1#segment5,1,-4.933333333333323,4.933333333333323,24.337777777777674
1476525600,D:\intelligent_transportation\data\lstm_sources\public\kddcup2017_china_tollgate\kdd2017_china_tollgate_20min.csv:kdd2017_t1_d1#segment5,1,-14.199999999999989,14.199999999999989,201.63999999999967
1476526800,D:\intelligent_transportation\data\lstm_sources\public\kddcup2017_china_tollgate\kdd2017_china_tollgate_20min.csv:kdd2017_t1_d1#segment5,1,-11.533333333333331,11.533333333333331,133.01777777777772
1476528000,D:\intelligent_transportation\data\lstm_sources\public\kddcup2017_china_tollgate\kdd2017_china_tollgate_20min.csv:kdd2017_t1_d1#segment5,1,-2.6666666666666856,2.6666666666666856,7.111111111111212
1476529200,D:\intelligent_transportation\data\lstm_sources\public\kddcup2017_china_tollgate\kdd2017_china_tollgate_20min.csv:kdd2017_t1_d1#segment5,1,-5.3999999999999915,5.3999999999999915,29.159999999999908
1476530400,D:\intelligent_transportation\data\lstm_sources\public\kddcup2017_china_tollgate\kdd2017_china_tollgate_20min.csv:kdd2017_t1_d1#segment5,1,-10.0,10.0,100.0
1476531600,D:\intelligent_transportation\data\lstm_sources\public\kddcup2017_china_tollgate\kdd2017_china_tollgate_20min.csv:kdd2017_t1_d1#segment5,1,4.0,4.0,16.0
1476532800,D:\intelligent_transportation\data\lstm_sources\public\kddcup2017_china_tollgate\kdd2017_china_tollgate_20min.csv:kdd2017_t1_d1#segment5,1,-13.0,13.0,169.0
1476534000,D:\intelligent_transportation\data\lstm_sources\public\kddcup2017_china_tollgate\kdd2017_china_tollgate_20min.csv:kdd2017_t1_d1#segment5,1,14.400000000000006,14.400000000000006,207.36000000000016
1476535200,D:\intelligent_transportation\data\lstm_sources\public\kddcup2017_china_tollgate\kdd2017_china_tollgate_20min.csv:kdd2017_t1_d1#segment5,1,12.199999999999989,12.199999999999989,148.83999999999972
1476536400,D:\intelligent_transportation\data\lstm_sources\public\kddcup2017_china_tollgate\kdd2017_china_tollgate_20min.csv:kdd2017_t1_d1#segment5,1,9.599999999999994,9.599999999999994,92.1599999999999
1476537600,D:\intelligent_transportation\data\lstm_sources\public\kddcup2017_china_tollgate\kdd2017_china_tollgate_20min.csv:kdd2017_t1_d1#segment5,1,3.3333333333333286,3.3333333333333286,11.111111111111079
1476538800,D:\intelligent_transportation\data\lstm_sources\public\kddcup2017_china_tollgate\kdd2017_china_tollgate_20min.csv:kdd2017_t1_d1#segment5,1,19.599999999999994,19.599999999999994,384.1599999999998
1476540000,D:\intelligent_transportation\data\lstm_sources\public\kddcup2017_china_tollgate\kdd2017_china_tollgate_20min.csv:kdd2017_t1_d1#segment5,1,2.73333333333332,2.73333333333332,7.471111111111038
1476541200,D:\intelligent_transportation\data\lstm_sources\public\kddcup2017_china_tollgate\kdd2017_china_tollgate_20min.csv:kdd2017_t1_d1#segment5,1,-10.466666666666669,10.466666666666669,109.55111111111115
1476542400,D:\intelligent_transportation\data\lstm_sources\public\kddcup2017_china_tollgate\kdd2017_china_tollgate_20min.csv:kdd2017_t1_d1#segment5,1,-18.133333333333326,18.133333333333326,328.8177777777775
1476543600,D:\intelligent_transportation\data\lstm_sources\public\kddcup2017_china_tollgate\kdd2017_china_tollgate_20min.csv:kdd2017_t1_d1#segment5,1,4.0,4.0,16.0
1476544800,D:\intelligent_transportation\data\lstm_sources\public\kddcup2017_china_tollgate\kdd2017_china_tollgate_20min.csv:kdd2017_t1_d1#segment5,1,-21.0,21.0,441.0
1476546000,D:\intelligent_transportation\data\lstm_sources\public\kddcup2017_china_tollgate\kdd2017_china_tollgate_20min.csv:kdd2017_t1_d1#segment5,1,7.533333333333331,7.533333333333331,56.75111111111108
1476547200,D:\intelligent_transportation\data\lstm_sources\public\kddcup2017_china_tollgate\kdd2017_china_tollgate_20min.csv:kdd2017_t1_d1#segment5,1,2.6666666666666714,2.6666666666666714,7.1111111111111365
1476548400,D:\intelligent_transportation\data\lstm_sources\public\kddcup2017_china_tollgate\kdd2017_china_tollgate_20min.csv:kdd2017_t1_d1#segment5,1,-1.26666666666668,1.26666666666668,1.604444444444478
1476549600,D:\intelligent_transportation\data\lstm_sources\public\kddcup2017_china_tollgate\kdd2017_china_tollgate_20min.csv:kdd2017_t1_d1#segment5,1,4.866666666666674,4.866666666666674,23.68444444444452
1476550800,D:\intelligent_transportation\data\lstm_sources\public\kddcup2017_china_tollgate\kdd2017_china_tollgate_20min.csv:kdd2017_t1_d1#segment5,1,-2.13333333333334,2.13333333333334,4.5511111111111395
1476552000,D:\intelligent_transportation\data\lstm_sources\public\kddcup2017_china_tollgate\kdd2017_china_tollgate_20min.csv:kdd2017_t1_d1#segment5,1,5.199999999999989,5.199999999999989,27.039999999999882
1476553200,D:\intelligent_transportation\data\lstm_sources\public\kddcup2017_china_tollgate\kdd2017_china_tollgate_20min.csv:kdd2017_t1_d1#segment5,1,1.2000000000000028,1.2000000000000028,1.4400000000000068
1476554400,D:\intelligent_transportation\data\lstm_sources\public\kddcup2017_china_tollgate\kdd2017_china_tollgate_20min.csv:kdd2017_t1_d1#segment5,1,-23.19999999999999,23.19999999999999,538.2399999999994
1476555600,D:\intelligent_transportation\data\lstm_sources\public\kddcup2017_china_tollgate\kdd2017_china_tollgate_20min.csv:kdd2017_t1_d1#segment5,1,-4.333333333333329,4.333333333333329,18.777777777777736
1476556800,D:\intelligent_transportation\data\lstm_sources\public\kddcup2017_china_tollgate\kdd2017_china_tollgate_20min.csv:kdd2017_t1_d1#segment5,1,-5.533333333333331,5.533333333333331,30.617777777777757
1476558000,D:\intelligent_transportation\data\lstm_sources\public\kddcup2017_china_tollgate\kdd2017_china_tollgate_20min.csv:kdd2017_t1_d1#segment5,1,-10.799999999999997,10.799999999999997,116.63999999999994
1476559200,D:\intelligent_transportation\data\lstm_sources\public\kddcup2017_china_tollgate\kdd2017_china_tollgate_20min.csv:kdd2017_t1_d1#segment5,1,15.799999999999997,15.799999999999997,249.6399999999999
1476560400,D:\intelligent_transportation\data\lstm_sources\public\kddcup2017_china_tollgate\kdd2017_china_tollgate_20min.csv:kdd2017_t1_d1#segment5,1,7.79999999999999,7.79999999999999,60.83999999999985
1476561600,D:\intelligent_transportation\data\lstm_sources\public\kddcup2017_china_tollgate\kdd2017_china_tollgate_20min.csv:kdd2017_t1_d1#segment5,1,1.8000000000000114,1.8000000000000114,3.240000000000041
1476562800,D:\intelligent_transportation\data\lstm_sources\public\kddcup2017_china_tollgate\kdd2017_china_tollgate_20min.csv:kdd2017_t1_d1#segment5,1,0.3333333333333357,0.3333333333333357,0.11111111111111269
1476564000,D:\intelligent_transportation\data\lstm_sources\public\kddcup2017_china_tollgate\kdd2017_china_tollgate_20min.csv:kdd2017_t1_d1#segment5,1,4.133333333333333,4.133333333333333,17.08444444444444
1476565200,D:\intelligent_transportation\data\lstm_sources\public\kddcup2017_china_tollgate\kdd2017_china_tollgate_20min.csv:kdd2017_t1_d1#segment5,1,-2.6666666666666643,2.6666666666666643,7.111111111111098
1476566400,D:\intelligent_transportation\data\lstm_sources\public\kddcup2017_china_tollgate\kdd2017_china_tollgate_20min.csv:kdd2017_t1_d1#segment5,1,-1.6666666666666679,1.6666666666666679,2.7777777777777817
1476567600,D:\intelligent_transportation\data\lstm_sources\public\kddcup2017_china_tollgate\kdd2017_china_tollgate_20min.csv:kdd2017_t1_d1#segment5,1,2.133333333333333,2.133333333333333,4.551111111111109
1476568800,D:\intelligent_transportation\data\lstm_sources\public\kddcup2017_china_tollgate\kdd2017_china_tollgate_20min.csv:kdd2017_t1_d1#segment5,1,1.2666666666666657,1.2666666666666657,1.6044444444444421
1476570000,D:\intelligent_transportation\data\lstm_sources\public\kddcup2017_china_tollgate\kdd2017_china_tollgate_20min.csv:kdd2017_t1_d1#segment5,1,-0.46666666666666856,0.46666666666666856,0.21777777777777954
1476571200,D:\intelligent_transportation\data\lstm_sources\public\kddcup2017_china_tollgate\kdd2017_china_tollgate_20min.csv:kdd2017_t1_d1#segment5,1,3.8666666666666636,3.8666666666666636,14.951111111111087
1476572400,D:\intelligent_transportation\data\lstm_sources\public\kddcup2017_china_tollgate\kdd2017_china_tollgate_20min.csv:kdd2017_t1_d1#segment5,1,2.7333333333333307,2.7333333333333307,7.471111111111097
1476573600,D:\intelligent_transportation\data\lstm_sources\public\kddcup2017_china_tollgate\kdd2017_china_tollgate_20min.csv:kdd2017_t1_d1#segment5,1,-4.333333333333332,4.333333333333332,18.777777777777768
1476574800,D:\intelligent_transportation\data\lstm_sources\public\kddcup2017_china_tollgate\kdd2017_china_tollgate_20min.csv:kdd2017_t1_d1#segment5,1,2.6666666666666714,2.6666666666666714,7.1111111111111365
1476576000,D:\intelligent_transportation\data\lstm_sources\public\kddcup2017_china_tollgate\kdd2017_china_tollgate_20min.csv:kdd2017_t1_d1#segment5,1,95.33333333333333,95.33333333333333,9088.444444444443
1476577200,D:\intelligent_transportation\data\lstm_sources\public\kddcup2017_china_tollgate\kdd2017_china_tollgate_20min.csv:kdd2017_t1_d1#segment5,1,-5.333333333333329,5.333333333333329,28.444444444444393
1476578400,D:\intelligent_transportation\data\lstm_sources\public\kddcup2017_china_tollgate\kdd2017_china_tollgate_20min.csv:kdd2017_t1_d1#segment5,1,-55.46666666666667,55.46666666666667,3076.5511111111114
1476579600,D:\intelligent_transportation\data\lstm_sources\public\kddcup2017_china_tollgate\kdd2017_china_tollgate_20min.csv:kdd2017_t1_d1#segment5,1,-72.19999999999999,72.19999999999999,5212.839999999998
1476580800,D:\intelligent_transportation\data\lstm_sources\public\kddcup2017_china_tollgate\kdd2017_china_tollgate_20min.csv:kdd2017_t1_d1#segment5,1,-27.933333333333337,27.933333333333337,780.2711111111113
1476582000,D:\intelligent_transportation\data\lstm_sources\public\kddcup2017_china_tollgate\kdd2017_china_tollgate_20min.csv:kdd2017_t1_d1#segment5,1,7.86666666666666,7.86666666666666,61.88444444444434
1476583200,D:\intelligent_transportation\data\lstm_sources\public\kddcup2017_china_tollgate\kdd2017_china_tollgate_20min.csv:kdd2017_t1_d1#segment5,1,36.33333333333334,36.33333333333334,1320.1111111111118
1476584400,D:\intelligent_transportation\data\lstm_sources\public\kddcup2017_china_tollgate\kdd2017_china_tollgate_20min.csv:kdd2017_t1_d1#segment5,1,20.599999999999994,20.599999999999994,424.3599999999998
1476585600,D:\intelligent_transportation\data\lstm_sources\public\kddcup2017_china_tollgate\kdd2017_china_tollgate_20min.csv:kdd2017_t1_d1#segment5,1,9.333333333333332,9.333333333333332,87.11111111111109
1476586800,D:\intelligent_transportation\data\lstm_sources\public\kddcup2017_china_tollgate\kdd2017_china_tollgate_20min.csv:kdd2017_t1_d1#segment5,1,-1.0666666666666664,1.0666666666666664,1.1377777777777773
1476588000,D:\intelligent_transportation\data\lstm_sources\public\kddcup2017_china_tollgate\kdd2017_china_tollgate_20min.csv:kdd2017_t1_d1#segment5,1,9.333333333333332,9.333333333333332,87.11111111111109
1476589200,D:\intelligent_transportation\data\lstm_sources\public\kddcup2017_china_tollgate\kdd2017_china_tollgate_20min.csv:kdd2017_t1_d1#segment5,1,3.8000000000000007,3.8000000000000007,14.440000000000005
1476590400,D:\intelligent_transportation\data\lstm_sources\public\kddcup2017_china_tollgate\kdd2017_china_tollgate_20min.csv:kdd2017_t1_d1#segment5,1,0.7333333333333343,0.7333333333333343,0.5377777777777791
1476591600,D:\intelligent_transportation\data\lstm_sources\public\kddcup2017_china_tollgate\kdd2017_china_tollgate_20min.csv:kdd2017_t1_d1#segment5,1,-5.733333333333334,5.733333333333334,32.87111111111112
1476592800,D:\intelligent_transportation\data\lstm_sources\public\kddcup2017_china_tollgate\kdd2017_china_tollgate_20min.csv:kdd2017_t1_d1#segment5,1,3.3333333333333357,3.3333333333333357,11.111111111111127
1476594000,D:\intelligent_transportation\data\lstm_sources\public\kddcup2017_china_tollgate\kdd2017_china_tollgate_20min.csv:kdd2017_t1_d1#segment5,1,9.599999999999998,9.599999999999998,92.15999999999995
1476595200,D:\intelligent_transportation\data\lstm_sources\public\kddcup2017_china_tollgate\kdd2017_china_tollgate_20min.csv:kdd2017_t1_d1#segment5,1,3.5333333333333314,3.5333333333333314,12.484444444444431
1476596400,D:\intelligent_transportation\data\lstm_sources\public\kddcup2017_china_tollgate\kdd2017_china_tollgate_20min.csv:kdd2017_t1_d1#segment5,1,0.5333333333333314,0.5333333333333314,0.28444444444444245
1476597600,D:\intelligent_transportation\data\lstm_sources\public\kddcup2017_china_tollgate\kdd2017_china_tollgate_20min.csv:kdd2017_t1_d1#segment5,1,-5.533333333333331,5.533333333333331,30.617777777777757
1476598800,D:\intelligent_transportation\data\lstm_sources\public\kddcup2017_china_tollgate\kdd2017_china_tollgate_20min.csv:kdd2017_t1_d1#segment5,1,-13.266666666666666,13.266666666666666,176.00444444444443
1476600000,D:\intelligent_transportation\data\lstm_sources\public\kddcup2017_china_tollgate\kdd2017_china_tollgate_20min.csv:kdd2017_t1_d1#segment5,1,18.933333333333337,18.933333333333337,358.47111111111127
1476601200,D:\intelligent_transportation\data\lstm_sources\public\kddcup2017_china_tollgate\kdd2017_china_tollgate_20min.csv:kdd2017_t1_d1#segment5,1,-14.866666666666667,14.866666666666667,221.01777777777778
1476602400,D:\intelligent_transportation\data\lstm_sources\public\kddcup2017_china_tollgate\kdd2017_china_tollgate_20min.csv:kdd2017_t1_d1#segment5,1,3.86666666666666,3.86666666666666,14.951111111111059
1476603600,D:\intelligent_transportation\data\lstm_sources\public\kddcup2017_china_tollgate\kdd2017_china_tollgate_20min.csv:kdd2017_t1_d1#segment5,1,-11.466666666666669,11.466666666666669,131.48444444444448
1476604800,D:\intelligent_transportation\data\lstm_sources\public\kddcup2017_china_tollgate\kdd2017_china_tollgate_20min.csv:kdd2017_t1_d1#segment5,1,0.7999999999999972,0.7999999999999972,0.6399999999999955
1476606000,D:\intelligent_transportation\data\lstm_sources\public\kddcup2017_china_tollgate\kdd2017_china_tollgate_20min.csv:kdd2017_t1_d1#segment5,1,25.133333333333333,25.133333333333333,631.6844444444445
1476607200,D:\intelligent_transportation\data\lstm_sources\public\kddcup2017_china_tollgate\kdd2017_china_tollgate_20min.csv:kdd2017_t1_d1#segment5,1,7.4666666666666615,7.4666666666666615,55.75111111111104
1476608400,D:\intelligent_transportation\data\lstm_sources\public\kddcup2017_china_tollgate\kdd2017_china_tollgate_20min.csv:kdd2017_t1_d1#segment5,1,25.266666666666666,25.266666666666666,638.4044444444444
1476609600,D:\intelligent_transportation\data\lstm_sources\public\kddcup2017_china_tollgate\kdd2017_china_tollgate_20min.csv:kdd2017_t1_d1#segment5,1,9.599999999999994,9.599999999999994,92.1599999999999
1476610800,D:\intelligent_transportation\data\lstm_sources\public\kddcup2017_china_tollgate\kdd2017_china_tollgate_20min.csv:kdd2017_t1_d1#segment5,1,-14.066666666666663,14.066666666666663,197.871111111111
1476612000,D:\intelligent_transportation\data\lstm_sources\public\kddcup2017_china_tollgate\kdd2017_china_tollgate_20min.csv:kdd2017_t1_d1#segment5,1,-40.26666666666668,40.26666666666668,1621.4044444444455
1476613200,D:\intelligent_transportation\data\lstm_sources\public\kddcup2017_china_tollgate\kdd2017_china_tollgate_20min.csv:kdd2017_t1_d1#segment5,1,-4.599999999999994,4.599999999999994,21.159999999999947
1476614400,D:\intelligent_transportation\data\lstm_sources\public\kddcup2017_china_tollgate\kdd2017_china_tollgate_20min.csv:kdd2017_t1_d1#segment5,1,-10.733333333333334,10.733333333333334,115.20444444444446
1476615600,D:\intelligent_transportation\data\lstm_sources\public\kddcup2017_china_tollgate\kdd2017_china_tollgate_20min.csv:kdd2017_t1_d1#segment5,1,-4.866666666666674,4.866666666666674,23.68444444444452
1476616800,D:\intelligent_transportation\data\lstm_sources\public\kddcup2017_china_tollgate\kdd2017_china_tollgate_20min.csv:kdd2017_t1_d1#segment5,1,3.4000000000000057,3.4000000000000057,11.560000000000038
1476618000,D:\intelligent_transportation\data\lstm_sources\public\kddcup2017_china_tollgate\kdd2017_china_tollgate_20min.csv:kdd2017_t1_d1#segment5,1,-20.400000000000006,20.400000000000006,416.16000000000025
1476619200,D:\intelligent_transportation\data\lstm_sources\public\kddcup2017_china_tollgate\kdd2017_china_tollgate_20min.csv:kdd2017_t1_d1#segment5,1,7.666666666666671,7.666666666666671,58.77777777777785
1476620400,D:\intelligent_transportation\data\lstm_sources\public\kddcup2017_china_tollgate\kdd2017_china_tollgate_20min.csv:kdd2017_t1_d1#segment5,1,-9.13333333333334,9.13333333333334,83.4177777777779
1476621600,D:\intelligent_transportation\data\lstm_sources\public\kddcup2017_china_tollgate\kdd2017_china_tollgate_20min.csv:kdd2017_t1_d1#segment5,1,16.133333333333326,16.133333333333326,260.2844444444442
1476622800,D:\intelligent_transportation\data\lstm_sources\public\kddcup2017_china_tollgate\kdd2017_china_tollgate_20min.csv:kdd2017_t1_d1#segment5,1,29.599999999999994,29.599999999999994,876.1599999999996
1476624000,D:\intelligent_transportation\data\lstm_sources\public\kddcup2017_china_tollgate\kdd2017_china_tollgate_20min.csv:kdd2017_t1_d1#segment5,1,8.0,8.0,64.0
1476625200,D:\intelligent_transportation\data\lstm_sources\public\kddcup2017_china_tollgate\kdd2017_china_tollgate_20min.csv:kdd2017_t1_d1#segment5,1,-5.133333333333326,5.133333333333326,26.351111111111035
1476626400,D:\intelligent_transportation\data\lstm_sources\public\kddcup2017_china_tollgate\kdd2017_china_tollgate_20min.csv:kdd2017_t1_d1#segment5,1,-0.19999999999998863,0.19999999999998863,0.039999999999995456
1476627600,D:\intelligent_transportation\data\lstm_sources\public\kddcup2017_china_tollgate\kdd2017_china_tollgate_20min.csv:kdd2017_t1_d1#segment5,1,-14.400000000000006,14.400000000000006,207.36000000000016
1476628800,D:\intelligent_transportation\data\lstm_sources\public\kddcup2017_china_tollgate\kdd2017_china_tollgate_20min.csv:kdd2017_t1_d1#segment5,1,-18.13333333333334,18.13333333333334,328.817777777778
1476630000,D:\intelligent_transportation\data\lstm_sources\public\kddcup2017_china_tollgate\kdd2017_china_tollgate_20min.csv:kdd2017_t1_d1#segment5,1,16.933333333333337,16.933333333333337,286.7377777777779
1476631200,D:\intelligent_transportation\data\lstm_sources\public\kddcup2017_china_tollgate\kdd2017_china_tollgate_20min.csv:kdd2017_t1_d1#segment5,1,5.800000000000011,5.800000000000011,33.64000000000013
1476632400,D:\intelligent_transportation\data\lstm_sources\public\kddcup2017_china_tollgate\kdd2017_china_tollgate_20min.csv:kdd2017_t1_d1#segment5,1,-18.33333333333333,18.33333333333333,336.1111111111109
1476633600,D:\intelligent_transportation\data\lstm_sources\public\kddcup2017_china_tollgate\kdd2017_china_tollgate_20min.csv:kdd2017_t1_d1#segment5,1,27.46666666666667,27.46666666666667,754.4177777777779
1476634800,D:\intelligent_transportation\data\lstm_sources\public\kddcup2017_china_tollgate\kdd2017_china_tollgate_20min.csv:kdd2017_t1_d1#segment5,1,-15.666666666666671,15.666666666666671,245.4444444444446
1476636000,D:\intelligent_transportation\data\lstm_sources\public\kddcup2017_china_tollgate\kdd2017_china_tollgate_20min.csv:kdd2017_t1_d1#segment5,1,-18.066666666666677,18.066666666666677,326.40444444444483
1476637200,D:\intelligent_transportation\data\lstm_sources\public\kddcup2017_china_tollgate\kdd2017_china_tollgate_20min.csv:kdd2017_t1_d1#segment5,1,-11.0,11.0,121.0
1476638400,D:\intelligent_transportation\data\lstm_sources\public\kddcup2017_china_tollgate\kdd2017_china_tollgate_20min.csv:kdd2017_t1_d1#segment5,1,33.599999999999994,33.599999999999994,1128.9599999999996
1476639600,D:\intelligent_transportation\data\lstm_sources\public\kddcup2017_china_tollgate\kdd2017_china_tollgate_20min.csv:kdd2017_t1_d1#segment5,1,-8.466666666666669,8.466666666666669,71.68444444444448
1476640800,D:\intelligent_transportation\data\lstm_sources\public\kddcup2017_china_tollgate\kdd2017_china_tollgate_20min.csv:kdd2017_t1_d1#segment5,1,-33.866666666666674,33.866666666666674,1146.9511111111117
1476642000,D:\intelligent_transportation\data\lstm_sources\public\kddcup2017_china_tollgate\kdd2017_china_tollgate_20min.csv:kdd2017_t1_d1#segment5,1,-16.73333333333332,16.73333333333332,280.004444444444
1476643200,D:\intelligent_transportation\data\lstm_sources\public\kddcup2017_china_tollgate\kdd2017_china_tollgate_20min.csv:kdd2017_t1_d1#segment5,1,-21.26666666666668,21.26666666666668,452.2711111111117
1476644400,D:\intelligent_transportation\data\lstm_sources\public\kddcup2017_china_tollgate\kdd2017_china_tollgate_20min.csv:kdd2017_t1_d1#segment5,1,12.599999999999994,12.599999999999994,158.75999999999985
1476645600,D:\intelligent_transportation\data\lstm_sources\public\kddcup2017_china_tollgate\kdd2017_china_tollgate_20min.csv:kdd2017_t1_d1#segment5,1,29.733333333333334,29.733333333333334,884.0711111111111
1476646800,D:\intelligent_transportation\data\lstm_sources\public\kddcup2017_china_tollgate\kdd2017_china_tollgate_20min.csv:kdd2017_t1_d1#segment5,1,19.0,19.0,361.0
1476648000,D:\intelligent_transportation\data\lstm_sources\public\kddcup2017_china_tollgate\kdd2017_china_tollgate_20min.csv:kdd2017_t1_d1#segment5,1,0.5333333333333314,0.5333333333333314,0.28444444444444245
1476649200,D:\intelligent_transportation\data\lstm_sources\public\kddcup2017_china_tollgate\kdd2017_china_tollgate_20min.csv:kdd2017_t1_d1#segment5,1,-3.666666666666657,3.666666666666657,13.444444444444375
1476650400,D:\intelligent_transportation\data\lstm_sources\public\kddcup2017_china_tollgate\kdd2017_china_tollgate_20min.csv:kdd2017_t1_d1#segment5,1,-4.666666666666671,4.666666666666671,21.77777777777782
1476651600,D:\intelligent_transportation\data\lstm_sources\public\kddcup2017_china_tollgate\kdd2017_china_tollgate_20min.csv:kdd2017_t1_d1#segment5,1,-15.599999999999994,15.599999999999994,243.35999999999981
1476652800,D:\intelligent_transportation\data\lstm_sources\public\kddcup2017_china_tollgate\kdd2017_china_tollgate_20min.csv:kdd2017_t1_d1#segment5,1,9.933333333333337,9.933333333333337,98.67111111111119
1476654000,D:\intelligent_transportation\data\lstm_sources\public\kddcup2017_china_tollgate\kdd2017_china_tollgate_20min.csv:kdd2017_t1_d1#segment5,1,-7.200000000000003,7.200000000000003,51.84000000000004
1476655200,D:\intelligent_transportation\data\lstm_sources\public\kddcup2017_china_tollgate\kdd2017_china_tollgate_20min.csv:kdd2017_t1_d1#segment5,1,-8.13333333333334,8.13333333333334,66.15111111111122
1476656400,D:\intelligent_transportation\data\lstm_sources\public\kddcup2017_china_tollgate\kdd2017_china_tollgate_20min.csv:kdd2017_t1_d1#segment5,1,2.3999999999999986,2.3999999999999986,5.759999999999994
1476657600,D:\intelligent_transportation\data\lstm_sources\public\kddcup2017_china_tollgate\kdd2017_china_tollgate_20min.csv:kdd2017_t1_d1#segment5,1,20.066666666666663,20.066666666666663,402.671111111111
1476658800,D:\intelligent_transportation\data\lstm_sources\public\kddcup2017_china_tollgate\kdd2017_china_tollgate_20min.csv:kdd2017_t1_d1#segment5,1,0.5333333333333314,0.5333333333333314,0.28444444444444245
1476660000,D:\intelligent_transportation\data\lstm_sources\public\kddcup2017_china_tollgate\kdd2017_china_tollgate_20min.csv:kdd2017_t1_d1#segment5,1,11.600000000000001,11.600000000000001,134.56000000000003
1476661200,D:\intelligent_transportation\data\lstm_sources\public\kddcup2017_china_tollgate\kdd2017_china_tollgate_20min.csv:kdd2017_t1_d1#segment5,1,-2.0,2.0,4.0
1476662400,D:\intelligent_transportation\data\lstm_sources\public\kddcup2017_china_tollgate\kdd2017_china_tollgate_20min.csv:kdd2017_t1_d1#segment5,1,120.53333333333333,120.53333333333333,14528.284444444444
1476663600,D:\intelligent_transportation\data\lstm_sources\public\kddcup2017_china_tollgate\kdd2017_china_tollgate_20min.csv:kdd2017_t1_d1#segment5,1,-42.80000000000001,42.80000000000001,1831.840000000001
1476664800,D:\intelligent_transportation\data\lstm_sources\public\kddcup2017_china_tollgate\kdd2017_china_tollgate_20min.csv:kdd2017_t1_d1#segment5,1,-63.19999999999999,63.19999999999999,3994.2399999999984
1476666000,D:\intelligent_transportation\data\lstm_sources\public\kddcup2017_china_tollgate\kdd2017_china_tollgate_20min.csv:kdd2017_t1_d1#segment5,1,-71.0,71.0,5041.0
1476667200,D:\intelligent_transportation\data\lstm_sources\public\kddcup2017_china_tollgate\kdd2017_china_tollgate_20min.csv:kdd2017_t1_d1#segment5,1,-27.86666666666666,27.86666666666666,776.5511111111107
1476668400,D:\intelligent_transportation\data\lstm_sources\public\kddcup2017_china_tollgate\kdd2017_china_tollgate_20min.csv:kdd2017_t1_d1#segment5,1,13.466666666666669,13.466666666666669,181.35111111111115
1476669600,D:\intelligent_transportation\data\lstm_sources\public\kddcup2017_china_tollgate\kdd2017_china_tollgate_20min.csv:kdd2017_t1_d1#segment5,1,44.666666666666686,44.666666666666686,1995.111111111113
1476670800,D:\intelligent_transportation\data\lstm_sources\public\kddcup2017_china_tollgate\kdd2017_china_tollgate_20min.csv:kdd2017_t1_d1#segment5,1,21.4,21.4,457.9599999999999
1476672000,D:\intelligent_transportation\data\lstm_sources\public\kddcup2017_china_tollgate\kdd2017_china_tollgate_20min.csv:kdd2017_t1_d1#segment5,1,6.4666666666666615,6.4666666666666615,41.817777777777714
1476673200,D:\intelligent_transportation\data\lstm_sources\public\kddcup2017_china_tollgate\kdd2017_china_tollgate_20min.csv:kdd2017_t1_d1#segment5,1,-0.9333333333333327,0.9333333333333327,0.87111111111111
1476674400,D:\intelligent_transportation\data\lstm_sources\public\kddcup2017_china_tollgate\kdd2017_china_tollgate_20min.csv:kdd2017_t1_d1#segment5,1,5.133333333333334,5.133333333333334,26.351111111111116
1476675600,D:\intelligent_transportation\data\lstm_sources\public\kddcup2017_china_tollgate\kdd2017_china_tollgate_20min.csv:kdd2017_t1_d1#segment5,1,12.666666666666666,12.666666666666666,160.44444444444443
1476676800,D:\intelligent_transportation\data\lstm_sources\public\kddcup2017_china_tollgate\kdd2017_china_tollgate_20min.csv:kdd2017_t1_d1#segment5,1,-5.266666666666666,5.266666666666666,27.73777777777777
1476678000,D:\intelligent_transportation\data\lstm_sources\public\kddcup2017_china_tollgate\kdd2017_china_tollgate_20min.csv:kdd2017_t1_d1#segment5,1,2.0,2.0,4.0
1476679200,D:\intelligent_transportation\data\lstm_sources\public\kddcup2017_china_tollgate\kdd2017_china_tollgate_20min.csv:kdd2017_t1_d1#segment5,1,3.0666666666666664,3.0666666666666664,9.404444444444444
1476680400,D:\intelligent_transportation\data\lstm_sources\public\kddcup2017_china_tollgate\kdd2017_china_tollgate_20min.csv:kdd2017_t1_d1#segment5,1,-1.0666666666666664,1.0666666666666664,1.1377777777777773
1476681600,D:\intelligent_transportation\data\lstm_sources\public\kddcup2017_china_tollgate\kdd2017_china_tollgate_20min.csv:kdd2017_t1_d1#segment5,1,2.133333333333333,2.133333333333333,4.551111111111109
1476682800,D:\intelligent_transportation\data\lstm_sources\public\kddcup2017_china_tollgate\kdd2017_china_tollgate_20min.csv:kdd2017_t1_d1#segment5,1,4.533333333333331,4.533333333333331,20.551111111111094
1476684000,D:\intelligent_transportation\data\lstm_sources\public\kddcup2017_china_tollgate\kdd2017_china_tollgate_20min.csv:kdd2017_t1_d1#segment5,1,2.799999999999997,2.799999999999997,7.839999999999984
1476685200,D:\intelligent_transportation\data\lstm_sources\public\kddcup2017_china_tollgate\kdd2017_china_tollgate_20min.csv:kdd2017_t1_d1#segment5,1,20.06666666666667,20.06666666666667,402.67111111111126
1476686400,D:\intelligent_transportation\data\lstm_sources\public\kddcup2017_china_tollgate\kdd2017_china_tollgate_20min.csv:kdd2017_t1_d1#segment5,1,6.666666666666657,6.666666666666657,44.444444444444315
1476687600,D:\intelligent_transportation\data\lstm_sources\public\kddcup2017_china_tollgate\kdd2017_china_tollgate_20min.csv:kdd2017_t1_d1#segment5,1,24.333333333333343,24.333333333333343,592.1111111111115
1476688800,D:\intelligent_transportation\data\lstm_sources\public\kddcup2017_china_tollgate\kdd2017_china_tollgate_20min.csv:kdd2017_t1_d1#segment5,1,9.866666666666674,9.866666666666674,97.35111111111127
1476690000,D:\intelligent_transportation\data\lstm_sources\public\kddcup2017_china_tollgate\kdd2017_china_tollgate_20min.csv:kdd2017_t1_d1#segment5,1,-4.799999999999983,4.799999999999983,23.039999999999836
1476691200,D:\intelligent_transportation\data\lstm_sources\public\kddcup2017_china_tollgate\kdd2017_china_tollgate_20min.csv:kdd2017_t1_d1#segment5,1,-19.73333333333335,19.73333333333335,389.40444444444506
1476692400,D:\intelligent_transportation\data\lstm_sources\public\kddcup2017_china_tollgate\kdd2017_china_tollgate_20min.csv:kdd2017_t1_d1#segment5,1,-15.333333333333314,15.333333333333314,235.11111111111052
1476693600,D:\intelligent_transportation\data\lstm_sources\public\kddcup2017_china_tollgate\kdd2017_china_tollgate_20min.csv:kdd2017_t1_d1#segment5,1,-18.133333333333326,18.133333333333326,328.8177777777775
1476694800,D:\intelligent_transportation\data\lstm_sources\public\kddcup2017_china_tollgate\kdd2017_china_tollgate_20min.csv:kdd2017_t1_d1#segment5,1,9.133333333333354,9.133333333333354,83.41777777777816
1476696000,D:\intelligent_transportation\data\lstm_sources\public\kddcup2017_china_tollgate\kdd2017_china_tollgate_20min.csv:kdd2017_t1_d1#segment5,1,-41.93333333333334,41.93333333333334,1758.4044444444448
1476697200,D:\intelligent_transportation\data\lstm_sources\public\kddcup2017_china_tollgate\kdd2017_china_tollgate_20min.csv:kdd2017_t1_d1#segment5,1,-20.133333333333326,20.133333333333326,405.3511111111108
1476698400,D:\intelligent_transportation\data\lstm_sources\public\kddcup2017_china_tollgate\kdd2017_china_tollgate_20min.csv:kdd2017_t1_d1#segment5,1,-25.333333333333343,25.333333333333343,641.7777777777783
1476699600,D:\intelligent_transportation\data\lstm_sources\public\kddcup2017_china_tollgate\kdd2017_china_tollgate_20min.csv:kdd2017_t1_d1#segment5,1,-0.06666666666664867,0.06666666666664867,0.0044444444444420445
1476700800,D:\intelligent_transportation\data\lstm_sources\public\kddcup2017_china_tollgate\kdd2017_china_tollgate_20min.csv:kdd2017_t1_d1#segment5,1,3.7333333333333343,3.7333333333333343,13.937777777777784
1476702000,D:\intelligent_transportation\data\lstm_sources\public\kddcup2017_china_tollgate\kdd2017_china_tollgate_20min.csv:kdd2017_t1_d1#segment5,1,-10.466666666666654,10.466666666666654,109.55111111111086
1476703200,D:\intelligent_transportation\data\lstm_sources\public\kddcup2017_china_tollgate\kdd2017_china_tollgate_20min.csv:kdd2017_t1_d1#segment5,1,12.133333333333326,12.133333333333326,147.2177777777776
1476704400,D:\intelligent_transportation\data\lstm_sources\public\kddcup2017_china_tollgate\kdd2017_china_tollgate_20min.csv:kdd2017_t1_d1#segment5,1,52.46666666666667,52.46666666666667,2752.751111111111
1476705600,D:\intelligent_transportation\data\lstm_sources\public\kddcup2017_china_tollgate\kdd2017_china_tollgate_20min.csv:kdd2017_t1_d1#segment5,1,6.199999999999989,6.199999999999989,38.439999999999856
1476706800,D:\intelligent_transportation\data\lstm_sources\public\kddcup2017_china_tollgate\kdd2017_china_tollgate_20min.csv:kdd2017_t1_d1#segment5,1,1.1333333333333258,1.1333333333333258,1.2844444444444272
1476708000,D:\intelligent_transportation\data\lstm_sources\public\kddcup2017_china_tollgate\kdd2017_china_tollgate_20min.csv:kdd2017_t1_d1#segment5,1,-6.733333333333334,6.733333333333334,45.33777777777779
1476709200,D:\intelligent_transportation\data\lstm_sources\public\kddcup2017_china_tollgate\kdd2017_china_tollgate_20min.csv:kdd2017_t1_d1#segment5,1,-10.533333333333331,10.533333333333331,110.95111111111108
1476710400,D:\intelligent_transportation\data\lstm_sources\public\kddcup2017_china_tollgate\kdd2017_china_tollgate_20min.csv:kdd2017_t1_d1#segment5,1,10.333333333333329,10.333333333333329,106.77777777777769
1476711600,D:\intelligent_transportation\data\lstm_sources\public\kddcup2017_china_tollgate\kdd2017_china_tollgate_20min.csv:kdd2017_t1_d1#segment5,1,-4.466666666666683,4.466666666666683,19.951111111111256
1476712800,D:\intelligent_transportation\data\lstm_sources\public\kddcup2017_china_tollgate\kdd2017_china_tollgate_20min.csv:kdd2017_t1_d1#segment5,1,-5.0,5.0,25.0
1476714000,D:\intelligent_transportation\data\lstm_sources\public\kddcup2017_china_tollgate\kdd2017_china_tollgate_20min.csv:kdd2017_t1_d1#segment5,1,3.4000000000000057,3.4000000000000057,11.560000000000038
1476715200,D:\intelligent_transportation\data\lstm_sources\public\kddcup2017_china_tollgate\kdd2017_china_tollgate_20min.csv:kdd2017_t1_d1#segment5,1,17.80000000000001,17.80000000000001,316.84000000000043
1476716400,D:\intelligent_transportation\data\lstm_sources\public\kddcup2017_china_tollgate\kdd2017_china_tollgate_20min.csv:kdd2017_t1_d1#segment5,1,-3.26666666666668,3.26666666666668,10.671111111111198
1476717600,D:\intelligent_transportation\data\lstm_sources\public\kddcup2017_china_tollgate\kdd2017_china_tollgate_20min.csv:kdd2017_t1_d1#segment5,1,-10.800000000000011,10.800000000000011,116.64000000000024
1476718800,D:\intelligent_transportation\data\lstm_sources\public\kddcup2017_china_tollgate\kdd2017_china_tollgate_20min.csv:kdd2017_t1_d1#segment5,1,-13.866666666666674,13.866666666666674,192.28444444444466
1476720000,D:\intelligent_transportation\data\lstm_sources\public\kddcup2017_china_tollgate\kdd2017_china_tollgate_20min.csv:kdd2017_t1_d1#segment5,1,6.466666666666683,6.466666666666683,41.817777777777984
1476721200,D:\intelligent_transportation\data\lstm_sources\public\kddcup2017_china_tollgate\kdd2017_china_tollgate_20min.csv:kdd2017_t1_d1#segment5,1,13.533333333333331,13.533333333333331,183.15111111111105
1476722400,D:\intelligent_transportation\data\lstm_sources\public\kddcup2017_china_tollgate\kdd2017_china_tollgate_20min.csv:kdd2017_t1_d1#segment5,1,4.533333333333331,4.533333333333331,20.551111111111094
1476723600,D:\intelligent_transportation\data\lstm_sources\public\kddcup2017_china_tollgate\kdd2017_china_tollgate_20min.csv:kdd2017_t1_d1#segment5,1,4.666666666666671,4.666666666666671,21.77777777777782
1476724800,D:\intelligent_transportation\data\lstm_sources\public\kddcup2017_china_tollgate\kdd2017_china_tollgate_20min.csv:kdd2017_t1_d1#segment5,1,9.800000000000011,9.800000000000011,96.04000000000022
1476726000,D:\intelligent_transportation\data\lstm_sources\public\kddcup2017_china_tollgate\kdd2017_china_tollgate_20min.csv:kdd2017_t1_d1#segment5,1,1.9333333333333371,1.9333333333333371,3.7377777777777923
1476727200,D:\intelligent_transportation\data\lstm_sources\public\kddcup2017_china_tollgate\kdd2017_china_tollgate_20min.csv:kdd2017_t1_d1#segment5,1,-82.19999999999999,82.19999999999999,6756.839999999998
1476728400,D:\intelligent_transportation\data\lstm_sources\public\kddcup2017_china_tollgate\kdd2017_china_tollgate_20min.csv:kdd2017_t1_d1#segment5,1,-2.5333333333333314,2.5333333333333314,6.4177777777777685
1476729600,D:\intelligent_transportation\data\lstm_sources\public\kddcup2017_china_tollgate\kdd2017_china_tollgate_20min.csv:kdd2017_t1_d1#segment5,1,-24.73333333333332,24.73333333333332,611.7377777777771
1476730800,D:\intelligent_transportation\data\lstm_sources\public\kddcup2017_china_tollgate\kdd2017_china_tollgate_20min.csv:kdd2017_t1_d1#segment5,1,-1.2666666666666657,1.2666666666666657,1.6044444444444421
1476732000,D:\intelligent_transportation\data\lstm_sources\public\kddcup2017_china_tollgate\kdd2017_china_tollgate_20min.csv:kdd2017_t1_d1#segment5,1,30.599999999999994,30.599999999999994,936.3599999999997
1476733200,D:\intelligent_transportation\data\lstm_sources\public\kddcup2017_china_tollgate\kdd2017_china_tollgate_20min.csv:kdd2017_t1_d1#segment5,1,15.73333333333332,15.73333333333332,247.53777777777736
1476734400,D:\intelligent_transportation\data\lstm_sources\public\kddcup2017_china_tollgate\kdd2017_china_tollgate_20min.csv:kdd2017_t1_d1#segment5,1,4.400000000000006,4.400000000000006,19.36000000000005
1476735600,D:\intelligent_transportation\data\lstm_sources\public\kddcup2017_china_tollgate\kdd2017_china_tollgate_20min.csv:kdd2017_t1_d1#segment5,1,15.266666666666666,15.266666666666666,233.0711111111111
1476736800,D:\intelligent_transportation\data\lstm_sources\public\kddcup2017_china_tollgate\kdd2017_china_tollgate_20min.csv:kdd2017_t1_d1#segment5,1,5.266666666666662,5.266666666666662,27.73777777777773
1476738000,D:\intelligent_transportation\data\lstm_sources\public\kddcup2017_china_tollgate\kdd2017_china_tollgate_20min.csv:kdd2017_t1_d1#segment5,1,-5.266666666666666,5.266666666666666,27.73777777777777
1476739200,D:\intelligent_transportation\data\lstm_sources\public\kddcup2017_china_tollgate\kdd2017_china_tollgate_20min.csv:kdd2017_t1_d1#segment5,1,1.3333333333333393,1.3333333333333393,1.7777777777777937
1476740400,D:\intelligent_transportation\data\lstm_sources\public\kddcup2017_china_tollgate\kdd2017_china_tollgate_20min.csv:kdd2017_t1_d1#segment5,1,8.200000000000003,8.200000000000003,67.24000000000005
1476741600,D:\intelligent_transportation\data\lstm_sources\public\kddcup2017_china_tollgate\kdd2017_china_tollgate_20min.csv:kdd2017_t1_d1#segment5,1,-10.06666666666667,10.06666666666667,101.33777777777784
1476742800,D:\intelligent_transportation\data\lstm_sources\public\kddcup2017_china_tollgate\kdd2017_china_tollgate_20min.csv:kdd2017_t1_d1#segment5,1,0.93333333333333,0.93333333333333,0.871111111111105
1476744000,D:\intelligent_transportation\data\lstm_sources\public\kddcup2017_china_tollgate\kdd2017_china_tollgate_20min.csv:kdd2017_t1_d1#segment5,1,4.333333333333329,4.333333333333329,18.777777777777736
1476745200,D:\intelligent_transportation\data\lstm_sources\public\kddcup2017_china_tollgate\kdd2017_china_tollgate_20min.csv:kdd2017_t1_d1#segment5,1,-4.933333333333334,4.933333333333334,24.33777777777778
1476746400,D:\intelligent_transportation\data\lstm_sources\public\kddcup2017_china_tollgate\kdd2017_china_tollgate_20min.csv:kdd2017_t1_d1#segment5,1,3.1333333333333293,3.1333333333333293,9.817777777777753
1476747600,D:\intelligent_transportation\data\lstm_sources\public\kddcup2017_china_tollgate\kdd2017_china_tollgate_20min.csv:kdd2017_t1_d1#segment5,1,2.2666666666666657,2.2666666666666657,5.137777777777774
1476379200,D:\intelligent_transportation\data\lstm_sources\public\kddcup2017_china_tollgate\kdd2017_china_tollgate_20min.csv:kdd2017_t2_d0#segment72,1,3.26666666666668,3.26666666666668,10.671111111111198
1476380400,D:\intelligent_transportation\data\lstm_sources\public\kddcup2017_china_tollgate\kdd2017_china_tollgate_20min.csv:kdd2017_t2_d0#segment72,1,0.5333333333333314,0.5333333333333314,0.28444444444444245
1476381600,D:\intelligent_transportation\data\lstm_sources\public\kddcup2017_china_tollgate\kdd2017_china_tollgate_20min.csv:kdd2017_t2_d0#segment72,1,-5.6000000000000085,5.6000000000000085,31.360000000000095
1476382800,D:\intelligent_transportation\data\lstm_sources\public\kddcup2017_china_tollgate\kdd2017_china_tollgate_20min.csv:kdd2017_t2_d0#segment72,1,-6.266666666666666,6.266666666666666,39.2711111111111
1476384000,D:\intelligent_transportation\data\lstm_sources\public\kddcup2017_china_tollgate\kdd2017_china_tollgate_20min.csv:kdd2017_t2_d0#segment72,1,-20.466666666666683,20.466666666666683,418.8844444444451
1476385200,D:\intelligent_transportation\data\lstm_sources\public\kddcup2017_china_tollgate\kdd2017_china_tollgate_20min.csv:kdd2017_t2_d0#segment72,1,-9.799999999999997,9.799999999999997,96.03999999999995
1476386400,D:\intelligent_transportation\data\lstm_sources\public\kddcup2017_china_tollgate\kdd2017_china_tollgate_20min.csv:kdd2017_t2_d0#segment72,1,3.866666666666667,3.866666666666667,14.951111111111114
1476387600,D:\intelligent_transportation\data\lstm_sources\public\kddcup2017_china_tollgate\kdd2017_china_tollgate_20min.csv:kdd2017_t2_d0#segment72,1,3.3999999999999986,3.3999999999999986,11.55999999999999
1476388800,D:\intelligent_transportation\data\lstm_sources\public\kddcup2017_china_tollgate\kdd2017_china_tollgate_20min.csv:kdd2017_t2_d0#segment72,1,16.266666666666666,16.266666666666666,264.6044444444444
1476390000,D:\intelligent_transportation\data\lstm_sources\public\kddcup2017_china_tollgate\kdd2017_china_tollgate_20min.csv:kdd2017_t2_d0#segment72,1,2.6000000000000014,2.6000000000000014,6.760000000000008
1476391200,D:\intelligent_transportation\data\lstm_sources\public\kddcup2017_china_tollgate\kdd2017_china_tollgate_20min.csv:kdd2017_t2_d0#segment72,1,9.399999999999999,9.399999999999999,88.35999999999997
1476392400,D:\intelligent_transportation\data\lstm_sources\public\kddcup2017_china_tollgate\kdd2017_china_tollgate_20min.csv:kdd2017_t2_d0#segment72,1,-10.733333333333334,10.733333333333334,115.20444444444446
1476393600,D:\intelligent_transportation\data\lstm_sources\public\kddcup2017_china_tollgate\kdd2017_china_tollgate_20min.csv:kdd2017_t2_d0#segment72,1,-4.0,4.0,16.0
1476394800,D:\intelligent_transportation\data\lstm_sources\public\kddcup2017_china_tollgate\kdd2017_china_tollgate_20min.csv:kdd2017_t2_d0#segment72,1,2.933333333333337,2.933333333333337,8.604444444444466
1476396000,D:\intelligent_transportation\data\lstm_sources\public\kddcup2017_china_tollgate\kdd2017_china_tollgate_20min.csv:kdd2017_t2_d0#segment72,1,-3.1999999999999957,3.1999999999999957,10.239999999999974
1476397200,D:\intelligent_transportation\data\lstm_sources\public\kddcup2017_china_tollgate\kdd2017_china_tollgate_20min.csv:kdd2017_t2_d0#segment72,1,-2.4000000000000057,2.4000000000000057,5.760000000000027
1476398400,D:\intelligent_transportation\data\lstm_sources\public\kddcup2017_china_tollgate\kdd2017_china_tollgate_20min.csv:kdd2017_t2_d0#segment72,1,7.0,7.0,49.0
1476399600,D:\intelligent_transportation\data\lstm_sources\public\kddcup2017_china_tollgate\kdd2017_china_tollgate_20min.csv:kdd2017_t2_d0#segment72,1,-4.400000000000002,4.400000000000002,19.360000000000017
1476400800,D:\intelligent_transportation\data\lstm_sources\public\kddcup2017_china_tollgate\kdd2017_china_tollgate_20min.csv:kdd2017_t2_d0#segment72,1,7.333333333333332,7.333333333333332,53.77777777777776
1476402000,D:\intelligent_transportation\data\lstm_sources\public\kddcup2017_china_tollgate\kdd2017_china_tollgate_20min.csv:kdd2017_t2_d0#segment72,1,5.266666666666666,5.266666666666666,27.73777777777777
1476403200,D:\intelligent_transportation\data\lstm_sources\public\kddcup2017_china_tollgate\kdd2017_china_tollgate_20min.csv:kdd2017_t2_d0#segment72,1,-5.333333333333334,5.333333333333334,28.44444444444445
1476404400,D:\intelligent_transportation\data\lstm_sources\public\kddcup2017_china_tollgate\kdd2017_china_tollgate_20min.csv:kdd2017_t2_d0#segment72,1,-0.8666666666666636,0.8666666666666636,0.7511111111111057
1476405600,D:\intelligent_transportation\data\lstm_sources\public\kddcup2017_china_tollgate\kdd2017_china_tollgate_20min.csv:kdd2017_t2_d0#segment72,1,2.533333333333333,2.533333333333333,6.417777777777777
1476426000,D:\intelligent_transportation\data\lstm_sources\public\kddcup2017_china_tollgate\kdd2017_china_tollgate_20min.csv:kdd2017_t2_d0#segment75,1,18.933333333333334,18.933333333333334,358.4711111111111
1476427200,D:\intelligent_transportation\data\lstm_sources\public\kddcup2017_china_tollgate\kdd2017_china_tollgate_20min.csv:kdd2017_t2_d0#segment75,1,5.0,5.0,25.0
1476428400,D:\intelligent_transportation\data\lstm_sources\public\kddcup2017_china_tollgate\kdd2017_china_tollgate_20min.csv:kdd2017_t2_d0#segment75,1,33.86666666666667,33.86666666666667,1146.9511111111112
1476429600,D:\intelligent_transportation\data\lstm_sources\public\kddcup2017_china_tollgate\kdd2017_china_tollgate_20min.csv:kdd2017_t2_d0#segment75,1,9.0,9.0,81.0
1476430800,D:\intelligent_transportation\data\lstm_sources\public\kddcup2017_china_tollgate\kdd2017_china_tollgate_20min.csv:kdd2017_t2_d0#segment75,1,-2.13333333333334,2.13333333333334,4.5511111111111395
1476432000,D:\intelligent_transportation\data\lstm_sources\public\kddcup2017_china_tollgate\kdd2017_china_tollgate_20min.csv:kdd2017_t2_d0#segment75,1,-18.46666666666667,18.46666666666667,341.01777777777784
1476433200,D:\intelligent_transportation\data\lstm_sources\public\kddcup2017_china_tollgate\kdd2017_china_tollgate_20min.csv:kdd2017_t2_d0#segment75,1,-3.1999999999999886,3.1999999999999886,10.239999999999927
1476434400,D:\intelligent_transportation\data\lstm_sources\public\kddcup2017_china_tollgate\kdd2017_china_tollgate_20min.csv:kdd2017_t2_d0#segment75,1,-7.199999999999989,7.199999999999989,51.83999999999983
1476435600,D:\intelligent_transportation\data\lstm_sources\public\kddcup2017_china_tollgate\kdd2017_china_tollgate_20min.csv:kdd2017_t2_d0#segment75,1,-45.866666666666674,45.866666666666674,2103.7511111111116
1476436800,D:\intelligent_transportation\data\lstm_sources\public\kddcup2017_china_tollgate\kdd2017_china_tollgate_20min.csv:kdd2017_t2_d0#segment75,1,-15.066666666666663,15.066666666666663,227.00444444444432
1476438000,D:\intelligent_transportation\data\lstm_sources\public\kddcup2017_china_tollgate\kdd2017_china_tollgate_20min.csv:kdd2017_t2_d0#segment75,1,-45.46666666666667,45.46666666666667,2067.217777777778
1476439200,D:\intelligent_transportation\data\lstm_sources\public\kddcup2017_china_tollgate\kdd2017_china_tollgate_20min.csv:kdd2017_t2_d0#segment75,1,32.60000000000001,32.60000000000001,1062.7600000000004
1476440400,D:\intelligent_transportation\data\lstm_sources\public\kddcup2017_china_tollgate\kdd2017_china_tollgate_20min.csv:kdd2017_t2_d0#segment75,1,-9.0,9.0,81.0
1476441600,D:\intelligent_transportation\data\lstm_sources\public\kddcup2017_china_tollgate\kdd2017_china_tollgate_20min.csv:kdd2017_t2_d0#segment75,1,-3.1333333333333258,3.1333333333333258,9.81777777777773
1476442800,D:\intelligent_transportation\data\lstm_sources\public\kddcup2017_china_tollgate\kdd2017_china_tollgate_20min.csv:kdd2017_t2_d0#segment75,1,-0.20000000000000284,0.20000000000000284,0.04000000000000114
1476444000,D:\intelligent_transportation\data\lstm_sources\public\kddcup2017_china_tollgate\kdd2017_china_tollgate_20min.csv:kdd2017_t2_d0#segment75,1,-1.0666666666666629,1.0666666666666629,1.1377777777777698
1476445200,D:\intelligent_transportation\data\lstm_sources\public\kddcup2017_china_tollgate\kdd2017_china_tollgate_20min.csv:kdd2017_t2_d0#segment75,1,-2.4666666666666686,2.4666666666666686,6.084444444444454
1476446400,D:\intelligent_transportation\data\lstm_sources\public\kddcup2017_china_tollgate\kdd2017_china_tollgate_20min.csv:kdd2017_t2_d0#segment75,1,19.6,19.6,384.1600000000001
1476447600,D:\intelligent_transportation\data\lstm_sources\public\kddcup2017_china_tollgate\kdd2017_china_tollgate_20min.csv:kdd2017_t2_d0#segment75,1,29.33333333333333,29.33333333333333,860.4444444444441
1476448800,D:\intelligent_transportation\data\lstm_sources\public\kddcup2017_china_tollgate\kdd2017_china_tollgate_20min.csv:kdd2017_t2_d0#segment75,1,20.133333333333326,20.133333333333326,405.3511111111108
1476450000,D:\intelligent_transportation\data\lstm_sources\public\kddcup2017_china_tollgate\kdd2017_china_tollgate_20min.csv:kdd2017_t2_d0#segment75,1,-9.400000000000006,9.400000000000006,88.36000000000011
1476451200,D:\intelligent_transportation\data\lstm_sources\public\kddcup2017_china_tollgate\kdd2017_china_tollgate_20min.csv:kdd2017_t2_d0#segment75,1,-10.866666666666674,10.866666666666674,118.08444444444461
1476452400,D:\intelligent_transportation\data\lstm_sources\public\kddcup2017_china_tollgate\kdd2017_china_tollgate_20min.csv:kdd2017_t2_d0#segment75,1,7.799999999999997,7.799999999999997,60.839999999999954
1476453600,D:\intelligent_transportation\data\lstm_sources\public\kddcup2017_china_tollgate\kdd2017_china_tollgate_20min.csv:kdd2017_t2_d0#segment75,1,-4.133333333333326,4.133333333333326,17.084444444444383
1476454800,D:\intelligent_transportation\data\lstm_sources\public\kddcup2017_china_tollgate\kdd2017_china_tollgate_20min.csv:kdd2017_t2_d0#segment75,1,2.3333333333333286,2.3333333333333286,5.444444444444422
1476456000,D:\intelligent_transportation\data\lstm_sources\public\kddcup2017_china_tollgate\kdd2017_china_tollgate_20min.csv:kdd2017_t2_d0#segment75,1,-21.66666666666667,21.66666666666667,469.4444444444446
1476457200,D:\intelligent_transportation\data\lstm_sources\public\kddcup2017_china_tollgate\kdd2017_china_tollgate_20min.csv:kdd2017_t2_d0#segment75,1,-15.733333333333334,15.733333333333334,247.53777777777782
1476458400,D:\intelligent_transportation\data\lstm_sources\public\kddcup2017_china_tollgate\kdd2017_china_tollgate_20min.csv:kdd2017_t2_d0#segment75,1,19.60000000000001,19.60000000000001,384.1600000000003
1476459600,D:\intelligent_transportation\data\lstm_sources\public\kddcup2017_china_tollgate\kdd2017_china_tollgate_20min.csv:kdd2017_t2_d0#segment75,1,5.200000000000003,5.200000000000003,27.04000000000003
1476460800,D:\intelligent_transportation\data\lstm_sources\public\kddcup2017_china_tollgate\kdd2017_china_tollgate_20min.csv:kdd2017_t2_d0#segment75,1,9.533333333333331,9.533333333333331,90.88444444444441
1476462000,D:\intelligent_transportation\data\lstm_sources\public\kddcup2017_china_tollgate\kdd2017_china_tollgate_20min.csv:kdd2017_t2_d0#segment75,1,-6.400000000000006,6.400000000000006,40.96000000000007
1476463200,D:\intelligent_transportation\data\lstm_sources\public\kddcup2017_china_tollgate\kdd2017_china_tollgate_20min.csv:kdd2017_t2_d0#segment75,1,-17.133333333333326,17.133333333333326,293.55111111111086
1476464400,D:\intelligent_transportation\data\lstm_sources\public\kddcup2017_china_tollgate\kdd2017_china_tollgate_20min.csv:kdd2017_t2_d0#segment75,1,-11.466666666666669,11.466666666666669,131.48444444444448
1476465600,D:\intelligent_transportation\data\lstm_sources\public\kddcup2017_china_tollgate\kdd2017_china_tollgate_20min.csv:kdd2017_t2_d0#segment75,1,17.400000000000006,17.400000000000006,302.7600000000002
1476466800,D:\intelligent_transportation\data\lstm_sources\public\kddcup2017_china_tollgate\kdd2017_china_tollgate_20min.csv:kdd2017_t2_d0#segment75,1,-9.599999999999994,9.599999999999994,92.1599999999999
1476468000,D:\intelligent_transportation\data\lstm_sources\public\kddcup2017_china_tollgate\kdd2017_china_tollgate_20min.csv:kdd2017_t2_d0#segment75,1,-8.799999999999997,8.799999999999997,77.43999999999996
1476469200,D:\intelligent_transportation\data\lstm_sources\public\kddcup2017_china_tollgate\kdd2017_china_tollgate_20min.csv:kdd2017_t2_d0#segment75,1,16.066666666666663,16.066666666666663,258.13777777777767
1476470400,D:\intelligent_transportation\data\lstm_sources\public\kddcup2017_china_tollgate\kdd2017_china_tollgate_20min.csv:kdd2017_t2_d0#segment75,1,-11.0,11.0,121.0
1476471600,D:\intelligent_transportation\data\lstm_sources\public\kddcup2017_china_tollgate\kdd2017_china_tollgate_20min.csv:kdd2017_t2_d0#segment75,1,-18.0,18.0,324.0
1476472800,D:\intelligent_transportation\data\lstm_sources\public\kddcup2017_china_tollgate\kdd2017_china_tollgate_20min.csv:kdd2017_t2_d0#segment75,1,-0.8000000000000043,0.8000000000000043,0.6400000000000068
1476474000,D:\intelligent_transportation\data\lstm_sources\public\kddcup2017_china_tollgate\kdd2017_china_tollgate_20min.csv:kdd2017_t2_d0#segment75,1,1.06666666666667,1.06666666666667,1.1377777777777849
1476475200,D:\intelligent_transportation\data\lstm_sources\public\kddcup2017_china_tollgate\kdd2017_china_tollgate_20min.csv:kdd2017_t2_d0#segment75,1,7.866666666666667,7.866666666666667,61.884444444444455
1476476400,D:\intelligent_transportation\data\lstm_sources\public\kddcup2017_china_tollgate\kdd2017_china_tollgate_20min.csv:kdd2017_t2_d0#segment75,1,1.5999999999999943,1.5999999999999943,2.559999999999982
1476477600,D:\intelligent_transportation\data\lstm_sources\public\kddcup2017_china_tollgate\kdd2017_china_tollgate_20min.csv:kdd2017_t2_d0#segment75,1,5.799999999999997,5.799999999999997,33.639999999999965
1476478800,D:\intelligent_transportation\data\lstm_sources\public\kddcup2017_china_tollgate\kdd2017_china_tollgate_20min.csv:kdd2017_t2_d0#segment75,1,-9.133333333333333,9.133333333333333,83.41777777777777
1476480000,D:\intelligent_transportation\data\lstm_sources\public\kddcup2017_china_tollgate\kdd2017_china_tollgate_20min.csv:kdd2017_t2_d0#segment75,1,6.600000000000001,6.600000000000001,43.56000000000002
1476481200,D:\intelligent_transportation\data\lstm_sources\public\kddcup2017_china_tollgate\kdd2017_china_tollgate_20min.csv:kdd2017_t2_d0#segment75,1,16.733333333333334,16.733333333333334,280.00444444444446
1476482400,D:\intelligent_transportation\data\lstm_sources\public\kddcup2017_china_tollgate\kdd2017_china_tollgate_20min.csv:kdd2017_t2_d0#segment75,1,-1.466666666666665,1.466666666666665,2.1511111111111063
1476483600,D:\intelligent_transportation\data\lstm_sources\public\kddcup2017_china_tollgate\kdd2017_china_tollgate_20min.csv:kdd2017_t2_d0#segment75,1,-2.5333333333333314,2.5333333333333314,6.4177777777777685
1476484800,D:\intelligent_transportation\data\lstm_sources\public\kddcup2017_china_tollgate\kdd2017_china_tollgate_20min.csv:kdd2017_t2_d0#segment75,1,-2.6000000000000014,2.6000000000000014,6.760000000000008
1476486000,D:\intelligent_transportation\data\lstm_sources\public\kddcup2017_china_tollgate\kdd2017_china_tollgate_20min.csv:kdd2017_t2_d0#segment75,1,-14.466666666666669,14.466666666666669,209.2844444444445
1476487200,D:\intelligent_transportation\data\lstm_sources\public\kddcup2017_china_tollgate\kdd2017_china_tollgate_20min.csv:kdd2017_t2_d0#segment75,1,3.400000000000002,3.400000000000002,11.560000000000015
1476488400,D:\intelligent_transportation\data\lstm_sources\public\kddcup2017_china_tollgate\kdd2017_china_tollgate_20min.csv:kdd2017_t2_d0#segment75,1,3.7333333333333343,3.7333333333333343,13.937777777777784
1476489600,D:\intelligent_transportation\data\lstm_sources\public\kddcup2017_china_tollgate\kdd2017_china_tollgate_20min.csv:kdd2017_t2_d0#segment75,1,0.7333333333333343,0.7333333333333343,0.5377777777777791
1476490800,D:\intelligent_transportation\data\lstm_sources\public\kddcup2017_china_tollgate\kdd2017_china_tollgate_20min.csv:kdd2017_t2_d0#segment75,1,3.799999999999997,3.799999999999997,14.439999999999978
1476492000,D:\intelligent_transportation\data\lstm_sources\public\kddcup2017_china_tollgate\kdd2017_china_tollgate_20min.csv:kdd2017_t2_d0#segment75,1,3.666666666666668,3.666666666666668,13.444444444444454
1476493200,D:\intelligent_transportation\data\lstm_sources\public\kddcup2017_china_tollgate\kdd2017_china_tollgate_20min.csv:kdd2017_t2_d0#segment75,1,2.4000000000000004,2.4000000000000004,5.760000000000002
1476494400,D:\intelligent_transportation\data\lstm_sources\public\kddcup2017_china_tollgate\kdd2017_china_tollgate_20min.csv:kdd2017_t2_d0#segment75,1,4.066666666666668,4.066666666666668,16.53777777777779
1476495600,D:\intelligent_transportation\data\lstm_sources\public\kddcup2017_china_tollgate\kdd2017_china_tollgate_20min.csv:kdd2017_t2_d0#segment75,1,3.200000000000001,3.200000000000001,10.240000000000007
1476512400,D:\intelligent_transportation\data\lstm_sources\public\kddcup2017_china_tollgate\kdd2017_china_tollgate_20min.csv:kdd2017_t2_d0#segment78,1,-13.799999999999997,13.799999999999997,190.4399999999999
1476523200,D:\intelligent_transportation\data\lstm_sources\public\kddcup2017_china_tollgate\kdd2017_china_tollgate_20min.csv:kdd2017_t2_d0#segment79,1,-6.800000000000011,6.800000000000011,46.24000000000015
1476524400,D:\intelligent_transportation\data\lstm_sources\public\kddcup2017_china_tollgate\kdd2017_china_tollgate_20min.csv:kdd2017_t2_d0#segment79,1,-32.93333333333332,32.93333333333332,1084.6044444444437
1476525600,D:\intelligent_transportation\data\lstm_sources\public\kddcup2017_china_tollgate\kdd2017_china_tollgate_20min.csv:kdd2017_t2_d0#segment79,1,3.5333333333333314,3.5333333333333314,12.484444444444431
1476526800,D:\intelligent_transportation\data\lstm_sources\public\kddcup2017_china_tollgate\kdd2017_china_tollgate_20min.csv:kdd2017_t2_d0#segment79,1,5.466666666666669,5.466666666666669,29.884444444444465
1476528000,D:\intelligent_transportation\data\lstm_sources\public\kddcup2017_china_tollgate\kdd2017_china_tollgate_20min.csv:kdd2017_t2_d0#segment79,1,-9.666666666666671,9.666666666666671,93.44444444444454
1476529200,D:\intelligent_transportation\data\lstm_sources\public\kddcup2017_china_tollgate\kdd2017_china_tollgate_20min.csv:kdd2017_t2_d0#segment79,1,-25.53333333333333,25.53333333333333,651.951111111111
1476530400,D:\intelligent_transportation\data\lstm_sources\public\kddcup2017_china_tollgate\kdd2017_china_tollgate_20min.csv:kdd2017_t2_d0#segment79,1,-5.466666666666669,5.466666666666669,29.884444444444465
1476531600,D:\intelligent_transportation\data\lstm_sources\public\kddcup2017_china_tollgate\kdd2017_china_tollgate_20min.csv:kdd2017_t2_d0#segment79,1,-16.46666666666667,16.46666666666667,271.15111111111116
1476532800,D:\intelligent_transportation\data\lstm_sources\public\kddcup2017_china_tollgate\kdd2017_china_tollgate_20min.csv:kdd2017_t2_d0#segment79,1,12.400000000000006,12.400000000000006,153.76000000000013
1476534000,D:\intelligent_transportation\data\lstm_sources\public\kddcup2017_china_tollgate\kdd2017_china_tollgate_20min.csv:kdd2017_t2_d0#segment79,1,41.66666666666666,41.66666666666666,1736.1111111111104
1476535200,D:\intelligent_transportation\data\lstm_sources\public\kddcup2017_china_tollgate\kdd2017_china_tollgate_20min.csv:kdd2017_t2_d0#segment79,1,15.800000000000004,15.800000000000004,249.64000000000013
1476536400,D:\intelligent_transportation\data\lstm_sources\public\kddcup2017_china_tollgate\kdd2017_china_tollgate_20min.csv:kdd2017_t2_d0#segment79,1,8.73333333333332,8.73333333333332,76.27111111111088
1476537600,D:\intelligent_transportation\data\lstm_sources\public\kddcup2017_china_tollgate\kdd2017_china_tollgate_20min.csv:kdd2017_t2_d0#segment79,1,3.1999999999999886,3.1999999999999886,10.239999999999927
1476538800,D:\intelligent_transportation\data\lstm_sources\public\kddcup2017_china_tollgate\kdd2017_china_tollgate_20min.csv:kdd2017_t2_d0#segment79,1,-5.533333333333331,5.533333333333331,30.617777777777757
1476540000,D:\intelligent_transportation\data\lstm_sources\public\kddcup2017_china_tollgate\kdd2017_china_tollgate_20min.csv:kdd2017_t2_d0#segment79,1,-20.866666666666674,20.866666666666674,435.4177777777781
1476541200,D:\intelligent_transportation\data\lstm_sources\public\kddcup2017_china_tollgate\kdd2017_china_tollgate_20min.csv:kdd2017_t2_d0#segment79,1,1.0,1.0,1.0
1476542400,D:\intelligent_transportation\data\lstm_sources\public\kddcup2017_china_tollgate\kdd2017_china_tollgate_20min.csv:kdd2017_t2_d0#segment79,1,-29.0,29.0,841.0
1476543600,D:\intelligent_transportation\data\lstm_sources\public\kddcup2017_china_tollgate\kdd2017_china_tollgate_20min.csv:kdd2017_t2_d0#segment79,1,4.0,4.0,16.0
1476544800,D:\intelligent_transportation\data\lstm_sources\public\kddcup2017_china_tollgate\kdd2017_china_tollgate_20min.csv:kdd2017_t2_d0#segment79,1,19.66666666666667,19.66666666666667,386.77777777777794
1476546000,D:\intelligent_transportation\data\lstm_sources\public\kddcup2017_china_tollgate\kdd2017_china_tollgate_20min.csv:kdd2017_t2_d0#segment79,1,19.400000000000006,19.400000000000006,376.36000000000024
1476547200,D:\intelligent_transportation\data\lstm_sources\public\kddcup2017_china_tollgate\kdd2017_china_tollgate_20min.csv:kdd2017_t2_d0#segment79,1,2.933333333333337,2.933333333333337,8.604444444444466
1476548400,D:\intelligent_transportation\data\lstm_sources\public\kddcup2017_china_tollgate\kdd2017_china_tollgate_20min.csv:kdd2017_t2_d0#segment79,1,-8.066666666666677,8.066666666666677,65.07111111111128
1476549600,D:\intelligent_transportation\data\lstm_sources\public\kddcup2017_china_tollgate\kdd2017_china_tollgate_20min.csv:kdd2017_t2_d0#segment79,1,-0.6666666666666714,0.6666666666666714,0.44444444444445075
1476550800,D:\intelligent_transportation\data\lstm_sources\public\kddcup2017_china_tollgate\kdd2017_china_tollgate_20min.csv:kdd2017_t2_d0#segment79,1,-19.133333333333326,19.133333333333326,366.08444444444416
1476552000,D:\intelligent_transportation\data\lstm_sources\public\kddcup2017_china_tollgate\kdd2017_china_tollgate_20min.csv:kdd2017_t2_d0#segment79,1,5.866666666666674,5.866666666666674,34.417777777777864
1476553200,D:\intelligent_transportation\data\lstm_sources\public\kddcup2017_china_tollgate\kdd2017_china_tollgate_20min.csv:kdd2017_t2_d0#segment79,1,-28.46666666666667,28.46666666666667,810.3511111111112
1476554400,D:\intelligent_transportation\data\lstm_sources\public\kddcup2017_china_tollgate\kdd2017_china_tollgate_20min.csv:kdd2017_t2_d0#segment79,1,-17.933333333333337,17.933333333333337,321.6044444444446
1476555600,D:\intelligent_transportation\data\lstm_sources\public\kddcup2017_china_tollgate\kdd2017_china_tollgate_20min.csv:kdd2017_t2_d0#segment79,1,-4.400000000000006,4.400000000000006,19.36000000000005
1476556800,D:\intelligent_transportation\data\lstm_sources\public\kddcup2017_china_tollgate\kdd2017_china_tollgate_20min.csv:kdd2017_t2_d0#segment79,1,15.533333333333331,15.533333333333331,241.28444444444438
1476558000,D:\intelligent_transportation\data\lstm_sources\public\kddcup2017_china_tollgate\kdd2017_china_tollgate_20min.csv:kdd2017_t2_d0#segment79,1,19.933333333333337,19.933333333333337,397.33777777777794
1476559200,D:\intelligent_transportation\data\lstm_sources\public\kddcup2017_china_tollgate\kdd2017_china_tollgate_20min.csv:kdd2017_t2_d0#segment79,1,15.666666666666671,15.666666666666671,245.4444444444446
1476560400,D:\intelligent_transportation\data\lstm_sources\public\kddcup2017_china_tollgate\kdd2017_china_tollgate_20min.csv:kdd2017_t2_d0#segment79,1,0.5999999999999943,0.5999999999999943,0.35999999999999316
1476561600,D:\intelligent_transportation\data\lstm_sources\public\kddcup2017_china_tollgate\kdd2017_china_tollgate_20min.csv:kdd2017_t2_d0#segment79,1,1.2666666666666657,1.2666666666666657,1.6044444444444421
1476562800,D:\intelligent_transportation\data\lstm_sources\public\kddcup2017_china_tollgate\kdd2017_china_tollgate_20min.csv:kdd2017_t2_d0#segment79,1,14.200000000000003,14.200000000000003,201.64000000000007
1476564000,D:\intelligent_transportation\data\lstm_sources\public\kddcup2017_china_tollgate\kdd2017_china_tollgate_20min.csv:kdd2017_t2_d0#segment79,1,-12.0,12.0,144.0
1476565200,D:\intelligent_transportation\data\lstm_sources\public\kddcup2017_china_tollgate\kdd2017_china_tollgate_20min.csv:kdd2017_t2_d0#segment79,1,-12.266666666666666,12.266666666666666,150.4711111111111
1476566400,D:\intelligent_transportation\data\lstm_sources\public\kddcup2017_china_tollgate\kdd2017_china_tollgate_20min.csv:kdd2017_t2_d0#segment79,1,-10.133333333333333,10.133333333333333,102.68444444444444
1476567600,D:\intelligent_transportation\data\lstm_sources\public\kddcup2017_china_tollgate\kdd2017_china_tollgate_20min.csv:kdd2017_t2_d0#segment79,1,4.13333333333334,4.13333333333334,17.0844444444445
1476568800,D:\intelligent_transportation\data\lstm_sources\public\kddcup2017_china_tollgate\kdd2017_china_tollgate_20min.csv:kdd2017_t2_d0#segment79,1,-1.5333333333333314,1.5333333333333314,2.351111111111105
1476570000,D:\intelligent_transportation\data\lstm_sources\public\kddcup2017_china_tollgate\kdd2017_china_tollgate_20min.csv:kdd2017_t2_d0#segment79,1,0.8000000000000043,0.8000000000000043,0.6400000000000068
1476571200,D:\intelligent_transportation\data\lstm_sources\public\kddcup2017_china_tollgate\kdd2017_china_tollgate_20min.csv:kdd2017_t2_d0#segment79,1,2.666666666666668,2.666666666666668,7.111111111111118
1476572400,D:\intelligent_transportation\data\lstm_sources\public\kddcup2017_china_tollgate\kdd2017_china_tollgate_20min.csv:kdd2017_t2_d0#segment79,1,-0.5333333333333314,0.5333333333333314,0.28444444444444245
1476573600,D:\intelligent_transportation\data\lstm_sources\public\kddcup2017_china_tollgate\kdd2017_china_tollgate_20min.csv:kdd2017_t2_d0#segment79,1,5.600000000000001,5.600000000000001,31.360000000000017
1476574800,D:\intelligent_transportation\data\lstm_sources\public\kddcup2017_china_tollgate\kdd2017_china_tollgate_20min.csv:kdd2017_t2_d0#segment79,1,6.066666666666663,6.066666666666663,36.8044444444444
1476576000,D:\intelligent_transportation\data\lstm_sources\public\kddcup2017_china_tollgate\kdd2017_china_tollgate_20min.csv:kdd2017_t2_d0#segment79,1,-2.0666666666666647,2.0666666666666647,4.271111111111103
1476601200,D:\intelligent_transportation\data\lstm_sources\public\kddcup2017_china_tollgate\kdd2017_china_tollgate_20min.csv:kdd2017_t2_d0#segment82,1,3.799999999999997,3.799999999999997,14.439999999999978
1476602400,D:\intelligent_transportation\data\lstm_sources\public\kddcup2017_china_tollgate\kdd2017_china_tollgate_20min.csv:kdd2017_t2_d0#segment82,1,22.266666666666666,22.266666666666666,495.8044444444444
1476603600,D:\intelligent_transportation\data\lstm_sources\public\kddcup2017_china_tollgate\kdd2017_china_tollgate_20min.csv:kdd2017_t2_d0#segment82,1,-9.733333333333348,9.733333333333348,94.73777777777808
1476604800,D:\intelligent_transportation\data\lstm_sources\public\kddcup2017_china_tollgate\kdd2017_china_tollgate_20min.csv:kdd2017_t2_d0#segment82,1,5.733333333333334,5.733333333333334,32.87111111111112
1476606000,D:\intelligent_transportation\data\lstm_sources\public\kddcup2017_china_tollgate\kdd2017_china_tollgate_20min.csv:kdd2017_t2_d0#segment82,1,5.7333333333333485,5.7333333333333485,32.87111111111128
1476607200,D:\intelligent_transportation\data\lstm_sources\public\kddcup2017_china_tollgate\kdd2017_china_tollgate_20min.csv:kdd2017_t2_d0#segment82,1,-3.5333333333333314,3.5333333333333314,12.484444444444431
1476608400,D:\intelligent_transportation\data\lstm_sources\public\kddcup2017_china_tollgate\kdd2017_china_tollgate_20min.csv:kdd2017_t2_d0#segment82,1,-16.866666666666674,16.866666666666674,284.4844444444447
1476609600,D:\intelligent_transportation\data\lstm_sources\public\kddcup2017_china_tollgate\kdd2017_china_tollgate_20min.csv:kdd2017_t2_d0#segment82,1,-1.73333333333332,1.73333333333332,3.0044444444443985
1476610800,D:\intelligent_transportation\data\lstm_sources\public\kddcup2017_china_tollgate\kdd2017_china_tollgate_20min.csv:kdd2017_t2_d0#segment82,1,-31.066666666666677,31.066666666666677,965.1377777777784
1476612000,D:\intelligent_transportation\data\lstm_sources\public\kddcup2017_china_tollgate\kdd2017_china_tollgate_20min.csv:kdd2017_t2_d0#segment82,1,-10.599999999999994,10.599999999999994,112.35999999999989
1476613200,D:\intelligent_transportation\data\lstm_sources\public\kddcup2017_china_tollgate\kdd2017_china_tollgate_20min.csv:kdd2017_t2_d0#segment82,1,-16.60000000000001,16.60000000000001,275.5600000000003
1476614400,D:\intelligent_transportation\data\lstm_sources\public\kddcup2017_china_tollgate\kdd2017_china_tollgate_20min.csv:kdd2017_t2_d0#segment82,1,20.33333333333333,20.33333333333333,413.44444444444423
1476615600,D:\intelligent_transportation\data\lstm_sources\public\kddcup2017_china_tollgate\kdd2017_china_tollgate_20min.csv:kdd2017_t2_d0#segment82,1,-16.53333333333333,16.53333333333333,273.35111111111104
1476616800,D:\intelligent_transportation\data\lstm_sources\public\kddcup2017_china_tollgate\kdd2017_china_tollgate_20min.csv:kdd2017_t2_d0#segment82,1,11.333333333333343,11.333333333333343,128.44444444444466
1476618000,D:\intelligent_transportation\data\lstm_sources\public\kddcup2017_china_tollgate\kdd2017_china_tollgate_20min.csv:kdd2017_t2_d0#segment82,1,-17.46666666666667,17.46666666666667,305.0844444444445
1476619200,D:\intelligent_transportation\data\lstm_sources\public\kddcup2017_china_tollgate\kdd2017_china_tollgate_20min.csv:kdd2017_t2_d0#segment82,1,8.333333333333329,8.333333333333329,69.44444444444437
1476620400,D:\intelligent_transportation\data\lstm_sources\public\kddcup2017_china_tollgate\kdd2017_china_tollgate_20min.csv:kdd2017_t2_d0#segment82,1,8.200000000000003,8.200000000000003,67.24000000000005
1476621600,D:\intelligent_transportation\data\lstm_sources\public\kddcup2017_china_tollgate\kdd2017_china_tollgate_20min.csv:kdd2017_t2_d0#segment82,1,6.666666666666664,6.666666666666664,44.444444444444414
1476622800,D:\intelligent_transportation\data\lstm_sources\public\kddcup2017_china_tollgate\kdd2017_china_tollgate_20min.csv:kdd2017_t2_d0#segment82,1,16.333333333333336,16.333333333333336,266.7777777777778
1476624000,D:\intelligent_transportation\data\lstm_sources\public\kddcup2017_china_tollgate\kdd2017_china_tollgate_20min.csv:kdd2017_t2_d0#segment82,1,-9.466666666666669,9.466666666666669,89.61777777777782
1476625200,D:\intelligent_transportation\data\lstm_sources\public\kddcup2017_china_tollgate\kdd2017_china_tollgate_20min.csv:kdd2017_t2_d0#segment82,1,19.200000000000003,19.200000000000003,368.6400000000001
1476626400,D:\intelligent_transportation\data\lstm_sources\public\kddcup2017_china_tollgate\kdd2017_china_tollgate_20min.csv:kdd2017_t2_d0#segment82,1,-16.0,16.0,256.0
1476627600,D:\intelligent_transportation\data\lstm_sources\public\kddcup2017_china_tollgate\kdd2017_china_tollgate_20min.csv:kdd2017_t2_d0#segment82,1,4.533333333333331,4.533333333333331,20.551111111111094
1476628800,D:\intelligent_transportation\data\lstm_sources\public\kddcup2017_china_tollgate\kdd2017_china_tollgate_20min.csv:kdd2017_t2_d0#segment82,1,-18.33333333333333,18.33333333333333,336.1111111111109
1476630000,D:\intelligent_transportation\data\lstm_sources\public\kddcup2017_china_tollgate\kdd2017_china_tollgate_20min.csv:kdd2017_t2_d0#segment82,1,9.066666666666677,9.066666666666677,82.20444444444463
1476631200,D:\intelligent_transportation\data\lstm_sources\public\kddcup2017_china_tollgate\kdd2017_china_tollgate_20min.csv:kdd2017_t2_d0#segment82,1,10.933333333333337,10.933333333333337,119.53777777777786
1476632400,D:\intelligent_transportation\data\lstm_sources\public\kddcup2017_china_tollgate\kdd2017_china_tollgate_20min.csv:kdd2017_t2_d0#segment82,1,-8.133333333333326,8.133333333333326,66.15111111111099
1476633600,D:\intelligent_transportation\data\lstm_sources\public\kddcup2017_china_tollgate\kdd2017_china_tollgate_20min.csv:kdd2017_t2_d0#segment82,1,5.666666666666657,5.666666666666657,32.111111111111
1476634800,D:\intelligent_transportation\data\lstm_sources\public\kddcup2017_china_tollgate\kdd2017_china_tollgate_20min.csv:kdd2017_t2_d0#segment82,1,17.066666666666677,17.066666666666677,291.27111111111145
1476636000,D:\intelligent_transportation\data\lstm_sources\public\kddcup2017_china_tollgate\kdd2017_china_tollgate_20min.csv:kdd2017_t2_d0#segment82,1,-26.26666666666668,26.26666666666668,689.9377777777785
1476637200,D:\intelligent_transportation\data\lstm_sources\public\kddcup2017_china_tollgate\kdd2017_china_tollgate_20min.csv:kdd2017_t2_d0#segment82,1,-0.6000000000000085,0.6000000000000085,0.36000000000001026
1476638400,D:\intelligent_transportation\data\lstm_sources\public\kddcup2017_china_tollgate\kdd2017_china_tollgate_20min.csv:kdd2017_t2_d0#segment82,1,-16.66666666666667,16.66666666666667,277.77777777777794
1476639600,D:\intelligent_transportation\data\lstm_sources\public\kddcup2017_china_tollgate\kdd2017_china_tollgate_20min.csv:kdd2017_t2_d0#segment82,1,1.1333333333333258,1.1333333333333258,1.2844444444444272
1476640800,D:\intelligent_transportation\data\lstm_sources\public\kddcup2017_china_tollgate\kdd2017_china_tollgate_20min.csv:kdd2017_t2_d0#segment82,1,-19.200000000000003,19.200000000000003,368.6400000000001
1476642000,D:\intelligent_transportation\data\lstm_sources\public\kddcup2017_china_tollgate\kdd2017_china_tollgate_20min.csv:kdd2017_t2_d0#segment82,1,8.133333333333333,8.133333333333333,66.1511111111111
1476643200,D:\intelligent_transportation\data\lstm_sources\public\kddcup2017_china_tollgate\kdd2017_china_tollgate_20min.csv:kdd2017_t2_d0#segment82,1,-14.933333333333323,14.933333333333323,223.00444444444415
1476644400,D:\intelligent_transportation\data\lstm_sources\public\kddcup2017_china_tollgate\kdd2017_china_tollgate_20min.csv:kdd2017_t2_d0#segment82,1,16.266666666666666,16.266666666666666,264.6044444444444
1476645600,D:\intelligent_transportation\data\lstm_sources\public\kddcup2017_china_tollgate\kdd2017_china_tollgate_20min.csv:kdd2017_t2_d0#segment82,1,4.799999999999997,4.799999999999997,23.039999999999974
1476646800,D:\intelligent_transportation\data\lstm_sources\public\kddcup2017_china_tollgate\kdd2017_china_tollgate_20min.csv:kdd2017_t2_d0#segment82,1,12.799999999999997,12.799999999999997,163.83999999999992
1476648000,D:\intelligent_transportation\data\lstm_sources\public\kddcup2017_china_tollgate\kdd2017_china_tollgate_20min.csv:kdd2017_t2_d0#segment82,1,-2.0,2.0,4.0
1476649200,D:\intelligent_transportation\data\lstm_sources\public\kddcup2017_china_tollgate\kdd2017_china_tollgate_20min.csv:kdd2017_t2_d0#segment82,1,17.6,17.6,309.76000000000005
1476650400,D:\intelligent_transportation\data\lstm_sources\public\kddcup2017_china_tollgate\kdd2017_china_tollgate_20min.csv:kdd2017_t2_d0#segment82,1,-8.066666666666663,8.066666666666663,65.07111111111105
1476651600,D:\intelligent_transportation\data\lstm_sources\public\kddcup2017_china_tollgate\kdd2017_china_tollgate_20min.csv:kdd2017_t2_d0#segment82,1,-12.933333333333337,12.933333333333337,167.2711111111112
1476652800,D:\intelligent_transportation\data\lstm_sources\public\kddcup2017_china_tollgate\kdd2017_china_tollgate_20min.csv:kdd2017_t2_d0#segment82,1,-4.666666666666668,4.666666666666668,21.77777777777779
1476654000,D:\intelligent_transportation\data\lstm_sources\public\kddcup2017_china_tollgate\kdd2017_china_tollgate_20min.csv:kdd2017_t2_d0#segment82,1,0.3333333333333357,0.3333333333333357,0.11111111111111269
1476655200,D:\intelligent_transportation\data\lstm_sources\public\kddcup2017_china_tollgate\kdd2017_china_tollgate_20min.csv:kdd2017_t2_d0#segment82,1,-2.3333333333333357,2.3333333333333357,5.444444444444455
1476656400,D:\intelligent_transportation\data\lstm_sources\public\kddcup2017_china_tollgate\kdd2017_china_tollgate_20min.csv:kdd2017_t2_d0#segment82,1,4.0,4.0,16.0
1476657600,D:\intelligent_transportation\data\lstm_sources\public\kddcup2017_china_tollgate\kdd2017_china_tollgate_20min.csv:kdd2017_t2_d0#segment82,1,-1.0666666666666664,1.0666666666666664,1.1377777777777773
1476658800,D:\intelligent_transportation\data\lstm_sources\public\kddcup2017_china_tollgate\kdd2017_china_tollgate_20min.csv:kdd2017_t2_d0#segment82,1,0.13333333333333286,0.13333333333333286,0.017777777777777653
1476660000,D:\intelligent_transportation\data\lstm_sources\public\kddcup2017_china_tollgate\kdd2017_china_tollgate_20min.csv:kdd2017_t2_d0#segment82,1,7.133333333333333,7.133333333333333,50.88444444444444
1476661200,D:\intelligent_transportation\data\lstm_sources\public\kddcup2017_china_tollgate\kdd2017_china_tollgate_20min.csv:kdd2017_t2_d0#segment82,1,4.666666666666668,4.666666666666668,21.77777777777779
1476662400,D:\intelligent_transportation\data\lstm_sources\public\kddcup2017_china_tollgate\kdd2017_china_tollgate_20min.csv:kdd2017_t2_d0#segment82,1,2.200000000000001,2.200000000000001,4.840000000000004
1476663600,D:\intelligent_transportation\data\lstm_sources\public\kddcup2017_china_tollgate\kdd2017_china_tollgate_20min.csv:kdd2017_t2_d0#segment82,1,-0.2666666666666675,0.2666666666666675,0.07111111111111156
1476664800,D:\intelligent_transportation\data\lstm_sources\public\kddcup2017_china_tollgate\kdd2017_china_tollgate_20min.csv:kdd2017_t2_d0#segment82,1,3.0,3.0,9.0
1476666000,D:\intelligent_transportation\data\lstm_sources\public\kddcup2017_china_tollgate\kdd2017_china_tollgate_20min.csv:kdd2017_t2_d0#segment82,1,-0.06666666666666643,0.06666666666666643,0.004444444444444413
1476667200,D:\intelligent_transportation\data\lstm_sources\public\kddcup2017_china_tollgate\kdd2017_china_tollgate_20min.csv:kdd2017_t2_d0#segment82,1,-0.13333333333333375,0.13333333333333375,0.01777777777777789
1476687600,D:\intelligent_transportation\data\lstm_sources\public\kddcup2017_china_tollgate\kdd2017_china_tollgate_20min.csv:kdd2017_t2_d0#segment85,1,25.733333333333334,25.733333333333334,662.2044444444444
1476688800,D:\intelligent_transportation\data\lstm_sources\public\kddcup2017_china_tollgate\kdd2017_china_tollgate_20min.csv:kdd2017_t2_d0#segment85,1,40.06666666666666,40.06666666666666,1605.3377777777775
1476690000,D:\intelligent_transportation\data\lstm_sources\public\kddcup2017_china_tollgate\kdd2017_china_tollgate_20min.csv:kdd2017_t2_d0#segment85,1,-8.599999999999994,8.599999999999994,73.95999999999991
1476691200,D:\intelligent_transportation\data\lstm_sources\public\kddcup2017_china_tollgate\kdd2017_china_tollgate_20min.csv:kdd2017_t2_d0#segment85,1,-17.19999999999999,17.19999999999999,295.83999999999963
1476692400,D:\intelligent_transportation\data\lstm_sources\public\kddcup2017_china_tollgate\kdd2017_china_tollgate_20min.csv:kdd2017_t2_d0#segment85,1,-26.19999999999999,26.19999999999999,686.4399999999994
1476693600,D:\intelligent_transportation\data\lstm_sources\public\kddcup2017_china_tollgate\kdd2017_china_tollgate_20min.csv:kdd2017_t2_d0#segment85,1,-51.866666666666674,51.866666666666674,2690.1511111111117
1476694800,D:\intelligent_transportation\data\lstm_sources\public\kddcup2017_china_tollgate\kdd2017_china_tollgate_20min.csv:kdd2017_t2_d0#segment85,1,-18.666666666666657,18.666666666666657,348.4444444444441
1476696000,D:\intelligent_transportation\data\lstm_sources\public\kddcup2017_china_tollgate\kdd2017_china_tollgate_20min.csv:kdd2017_t2_d0#segment85,1,-11.466666666666669,11.466666666666669,131.48444444444448
1476697200,D:\intelligent_transportation\data\lstm_sources\public\kddcup2017_china_tollgate\kdd2017_china_tollgate_20min.csv:kdd2017_t2_d0#segment85,1,-11.133333333333326,11.133333333333326,123.95111111111095
1476698400,D:\intelligent_transportation\data\lstm_sources\public\kddcup2017_china_tollgate\kdd2017_china_tollgate_20min.csv:kdd2017_t2_d0#segment85,1,-19.866666666666674,19.866666666666674,394.68444444444475
1476699600,D:\intelligent_transportation\data\lstm_sources\public\kddcup2017_china_tollgate\kdd2017_china_tollgate_20min.csv:kdd2017_t2_d0#segment85,1,3.26666666666668,3.26666666666668,10.671111111111198
1476700800,D:\intelligent_transportation\data\lstm_sources\public\kddcup2017_china_tollgate\kdd2017_china_tollgate_20min.csv:kdd2017_t2_d0#segment85,1,4.800000000000011,4.800000000000011,23.04000000000011
1476702000,D:\intelligent_transportation\data\lstm_sources\public\kddcup2017_china_tollgate\kdd2017_china_tollgate_20min.csv:kdd2017_t2_d0#segment85,1,22.200000000000017,22.200000000000017,492.84000000000077
1476703200,D:\intelligent_transportation\data\lstm_sources\public\kddcup2017_china_tollgate\kdd2017_china_tollgate_20min.csv:kdd2017_t2_d0#segment85,1,9.400000000000006,9.400000000000006,88.36000000000011
1476704400,D:\intelligent_transportation\data\lstm_sources\public\kddcup2017_china_tollgate\kdd2017_china_tollgate_20min.csv:kdd2017_t2_d0#segment85,1,3.8000000000000043,3.8000000000000043,14.440000000000033
1476705600,D:\intelligent_transportation\data\lstm_sources\public\kddcup2017_china_tollgate\kdd2017_china_tollgate_20min.csv:kdd2017_t2_d0#segment85,1,17.13333333333334,17.13333333333334,293.5511111111113
1476706800,D:\intelligent_transportation\data\lstm_sources\public\kddcup2017_china_tollgate\kdd2017_china_tollgate_20min.csv:kdd2017_t2_d0#segment85,1,-2.5333333333333314,2.5333333333333314,6.4177777777777685
1476708000,D:\intelligent_transportation\data\lstm_sources\public\kddcup2017_china_tollgate\kdd2017_china_tollgate_20min.csv:kdd2017_t2_d0#segment85,1,14.0,14.0,196.0
1476709200,D:\intelligent_transportation\data\lstm_sources\public\kddcup2017_china_tollgate\kdd2017_china_tollgate_20min.csv:kdd2017_t2_d0#segment85,1,-2.5999999999999943,2.5999999999999943,6.7599999999999705
1476710400,D:\intelligent_transportation\data\lstm_sources\public\kddcup2017_china_tollgate\kdd2017_china_tollgate_20min.csv:kdd2017_t2_d0#segment85,1,2.86666666666666,2.86666666666666,8.217777777777739
1476711600,D:\intelligent_transportation\data\lstm_sources\public\kddcup2017_china_tollgate\kdd2017_china_tollgate_20min.csv:kdd2017_t2_d0#segment85,1,-7.066666666666663,7.066666666666663,49.937777777777725
1476712800,D:\intelligent_transportation\data\lstm_sources\public\kddcup2017_china_tollgate\kdd2017_china_tollgate_20min.csv:kdd2017_t2_d0#segment85,1,12.866666666666674,12.866666666666674,165.5511111111113
1476714000,D:\intelligent_transportation\data\lstm_sources\public\kddcup2017_china_tollgate\kdd2017_china_tollgate_20min.csv:kdd2017_t2_d0#segment85,1,-9.200000000000003,9.200000000000003,84.64000000000006
1476715200,D:\intelligent_transportation\data\lstm_sources\public\kddcup2017_china_tollgate\kdd2017_china_tollgate_20min.csv:kdd2017_t2_d0#segment85,1,-21.0,21.0,441.0
1476716400,D:\intelligent_transportation\data\lstm_sources\public\kddcup2017_china_tollgate\kdd2017_china_tollgate_20min.csv:kdd2017_t2_d0#segment85,1,-14.066666666666677,14.066666666666677,197.87111111111142
1476717600,D:\intelligent_transportation\data\lstm_sources\public\kddcup2017_china_tollgate\kdd2017_china_tollgate_20min.csv:kdd2017_t2_d0#segment85,1,30.33333333333332,30.33333333333332,920.1111111111104
1476718800,D:\intelligent_transportation\data\lstm_sources\public\kddcup2017_china_tollgate\kdd2017_china_tollgate_20min.csv:kdd2017_t2_d0#segment85,1,8.466666666666669,8.466666666666669,71.68444444444448
1476720000,D:\intelligent_transportation\data\lstm_sources\public\kddcup2017_china_tollgate\kdd2017_china_tollgate_20min.csv:kdd2017_t2_d0#segment85,1,-2.8000000000000114,2.8000000000000114,7.840000000000064
1476721200,D:\intelligent_transportation\data\lstm_sources\public\kddcup2017_china_tollgate\kdd2017_china_tollgate_20min.csv:kdd2017_t2_d0#segment85,1,16.73333333333332,16.73333333333332,280.004444444444
1476722400,D:\intelligent_transportation\data\lstm_sources\public\kddcup2017_china_tollgate\kdd2017_china_tollgate_20min.csv:kdd2017_t2_d0#segment85,1,-21.200000000000003,21.200000000000003,449.4400000000001
1476723600,D:\intelligent_transportation\data\lstm_sources\public\kddcup2017_china_tollgate\kdd2017_china_tollgate_20min.csv:kdd2017_t2_d0#segment85,1,0.7333333333333343,0.7333333333333343,0.5377777777777791
1476724800,D:\intelligent_transportation\data\lstm_sources\public\kddcup2017_china_tollgate\kdd2017_china_tollgate_20min.csv:kdd2017_t2_d0#segment85,1,1.1333333333333258,1.1333333333333258,1.2844444444444272
1476726000,D:\intelligent_transportation\data\lstm_sources\public\kddcup2017_china_tollgate\kdd2017_china_tollgate_20min.csv:kdd2017_t2_d0#segment85,1,-28.400000000000006,28.400000000000006,806.5600000000003
1476727200,D:\intelligent_transportation\data\lstm_sources\public\kddcup2017_china_tollgate\kdd2017_china_tollgate_20min.csv:kdd2017_t2_d0#segment85,1,-14.200000000000003,14.200000000000003,201.64000000000007
1476728400,D:\intelligent_transportation\data\lstm_sources\public\kddcup2017_china_tollgate\kdd2017_china_tollgate_20min.csv:kdd2017_t2_d0#segment85,1,1.0,1.0,1.0
1476729600,D:\intelligent_transportation\data\lstm_sources\public\kddcup2017_china_tollgate\kdd2017_china_tollgate_20min.csv:kdd2017_t2_d0#segment85,1,6.0,6.0,36.0
1476730800,D:\intelligent_transportation\data\lstm_sources\public\kddcup2017_china_tollgate\kdd2017_china_tollgate_20min.csv:kdd2017_t2_d0#segment85,1,-1.1333333333333329,1.1333333333333329,1.2844444444444434
1476732000,D:\intelligent_transportation\data\lstm_sources\public\kddcup2017_china_tollgate\kdd2017_china_tollgate_20min.csv:kdd2017_t2_d0#segment85,1,15.466666666666669,15.466666666666669,239.21777777777783
1476733200,D:\intelligent_transportation\data\lstm_sources\public\kddcup2017_china_tollgate\kdd2017_china_tollgate_20min.csv:kdd2017_t2_d0#segment85,1,-14.600000000000001,14.600000000000001,213.16000000000005
1476734400,D:\intelligent_transportation\data\lstm_sources\public\kddcup2017_china_tollgate\kdd2017_china_tollgate_20min.csv:kdd2017_t2_d0#segment85,1,1.3333333333333428,1.3333333333333428,1.777777777777803
1476735600,D:\intelligent_transportation\data\lstm_sources\public\kddcup2017_china_tollgate\kdd2017_china_tollgate_20min.csv:kdd2017_t2_d0#segment85,1,10.933333333333337,10.933333333333337,119.53777777777786
1476736800,D:\intelligent_transportation\data\lstm_sources\public\kddcup2017_china_tollgate\kdd2017_china_tollgate_20min.csv:kdd2017_t2_d0#segment85,1,3.066666666666663,3.066666666666663,9.40444444444442
1476738000,D:\intelligent_transportation\data\lstm_sources\public\kddcup2017_china_tollgate\kdd2017_china_tollgate_20min.csv:kdd2017_t2_d0#segment85,1,4.866666666666664,4.866666666666664,23.684444444444413
1476739200,D:\intelligent_transportation\data\lstm_sources\public\kddcup2017_china_tollgate\kdd2017_china_tollgate_20min.csv:kdd2017_t2_d0#segment85,1,-2.06666666666667,2.06666666666667,4.271111111111125
1476740400,D:\intelligent_transportation\data\lstm_sources\public\kddcup2017_china_tollgate\kdd2017_china_tollgate_20min.csv:kdd2017_t2_d0#segment85,1,-6.0,6.0,36.0
1476741600,D:\intelligent_transportation\data\lstm_sources\public\kddcup2017_china_tollgate\kdd2017_china_tollgate_20min.csv:kdd2017_t2_d0#segment85,1,5.199999999999996,5.199999999999996,27.039999999999957
1476742800,D:\intelligent_transportation\data\lstm_sources\public\kddcup2017_china_tollgate\kdd2017_china_tollgate_20min.csv:kdd2017_t2_d0#segment85,1,6.333333333333329,6.333333333333329,40.11111111111105
1476744000,D:\intelligent_transportation\data\lstm_sources\public\kddcup2017_china_tollgate\kdd2017_china_tollgate_20min.csv:kdd2017_t2_d0#segment85,1,5.733333333333331,5.733333333333331,32.871111111111084
1476745200,D:\intelligent_transportation\data\lstm_sources\public\kddcup2017_china_tollgate\kdd2017_china_tollgate_20min.csv:kdd2017_t2_d0#segment85,1,-10.866666666666667,10.866666666666667,118.08444444444446
1476746400,D:\intelligent_transportation\data\lstm_sources\public\kddcup2017_china_tollgate\kdd2017_china_tollgate_20min.csv:kdd2017_t2_d0#segment85,1,-4.799999999999999,4.799999999999999,23.03999999999999
1476747600,D:\intelligent_transportation\data\lstm_sources\public\kddcup2017_china_tollgate\kdd2017_china_tollgate_20min.csv:kdd2017_t2_d0#segment85,1,8.06666666666667,8.06666666666667,65.07111111111116
1476379200,D:\intelligent_transportation\data\lstm_sources\public\kddcup2017_china_tollgate\kdd2017_china_tollgate_20min.csv:kdd2017_t3_d0#segment3,1,-5.533333333333331,5.533333333333331,30.617777777777757
1476380400,D:\intelligent_transportation\data\lstm_sources\public\kddcup2017_china_tollgate\kdd2017_china_tollgate_20min.csv:kdd2017_t3_d0#segment3,1,-10.73333333333332,10.73333333333332,115.20444444444416
1476381600,D:\intelligent_transportation\data\lstm_sources\public\kddcup2017_china_tollgate\kdd2017_china_tollgate_20min.csv:kdd2017_t3_d0#segment3,1,-31.133333333333326,31.133333333333326,969.2844444444439
1476382800,D:\intelligent_transportation\data\lstm_sources\public\kddcup2017_china_tollgate\kdd2017_china_tollgate_20min.csv:kdd2017_t3_d0#segment3,1,-21.933333333333323,21.933333333333323,481.07111111111067
1476384000,D:\intelligent_transportation\data\lstm_sources\public\kddcup2017_china_tollgate\kdd2017_china_tollgate_20min.csv:kdd2017_t3_d0#segment3,1,2.3333333333333144,2.3333333333333144,5.444444444444356
1476385200,D:\intelligent_transportation\data\lstm_sources\public\kddcup2017_china_tollgate\kdd2017_china_tollgate_20min.csv:kdd2017_t3_d0#segment3,1,-3.200000000000003,3.200000000000003,10.240000000000018
1476386400,D:\intelligent_transportation\data\lstm_sources\public\kddcup2017_china_tollgate\kdd2017_china_tollgate_20min.csv:kdd2017_t3_d0#segment3,1,19.933333333333323,19.933333333333323,397.3377777777774
1476387600,D:\intelligent_transportation\data\lstm_sources\public\kddcup2017_china_tollgate\kdd2017_china_tollgate_20min.csv:kdd2017_t3_d0#segment3,1,21.933333333333337,21.933333333333337,481.0711111111113
1476388800,D:\intelligent_transportation\data\lstm_sources\public\kddcup2017_china_tollgate\kdd2017_china_tollgate_20min.csv:kdd2017_t3_d0#segment3,1,28.86666666666666,28.86666666666666,833.284444444444
1476390000,D:\intelligent_transportation\data\lstm_sources\public\kddcup2017_china_tollgate\kdd2017_china_tollgate_20min.csv:kdd2017_t3_d0#segment3,1,-5.13333333333334,5.13333333333334,26.35111111111118
1476391200,D:\intelligent_transportation\data\lstm_sources\public\kddcup2017_china_tollgate\kdd2017_china_tollgate_20min.csv:kdd2017_t3_d0#segment3,1,-16.800000000000004,16.800000000000004,282.2400000000001
1476392400,D:\intelligent_transportation\data\lstm_sources\public\kddcup2017_china_tollgate\kdd2017_china_tollgate_20min.csv:kdd2017_t3_d0#segment3,1,-5.200000000000003,5.200000000000003,27.04000000000003
1476393600,D:\intelligent_transportation\data\lstm_sources\public\kddcup2017_china_tollgate\kdd2017_china_tollgate_20min.csv:kdd2017_t3_d0#segment3,1,-2.6000000000000014,2.6000000000000014,6.760000000000008
1476394800,D:\intelligent_transportation\data\lstm_sources\public\kddcup2017_china_tollgate\kdd2017_china_tollgate_20min.csv:kdd2017_t3_d0#segment3,1,2.5333333333333314,2.5333333333333314,6.4177777777777685
1476396000,D:\intelligent_transportation\data\lstm_sources\public\kddcup2017_china_tollgate\kdd2017_china_tollgate_20min.csv:kdd2017_t3_d0#segment3,1,6.333333333333336,6.333333333333336,40.11111111111114
1476397200,D:\intelligent_transportation\data\lstm_sources\public\kddcup2017_china_tollgate\kdd2017_china_tollgate_20min.csv:kdd2017_t3_d0#segment3,1,3.5333333333333385,3.5333333333333385,12.484444444444481
1476398400,D:\intelligent_transportation\data\lstm_sources\public\kddcup2017_china_tollgate\kdd2017_china_tollgate_20min.csv:kdd2017_t3_d0#segment3,1,-1.3999999999999986,1.3999999999999986,1.959999999999996
1476399600,D:\intelligent_transportation\data\lstm_sources\public\kddcup2017_china_tollgate\kdd2017_china_tollgate_20min.csv:kdd2017_t3_d0#segment3,1,-9.06666666666667,9.06666666666667,82.2044444444445
1476400800,D:\intelligent_transportation\data\lstm_sources\public\kddcup2017_china_tollgate\kdd2017_china_tollgate_20min.csv:kdd2017_t3_d0#segment3,1,10.93333333333333,10.93333333333333,119.5377777777777
1476402000,D:\intelligent_transportation\data\lstm_sources\public\kddcup2017_china_tollgate\kdd2017_china_tollgate_20min.csv:kdd2017_t3_d0#segment3,1,10.2,10.2,104.03999999999999
1476403200,D:\intelligent_transportation\data\lstm_sources\public\kddcup2017_china_tollgate\kdd2017_china_tollgate_20min.csv:kdd2017_t3_d0#segment3,1,6.733333333333334,6.733333333333334,45.33777777777779
1476404400,D:\intelligent_transportation\data\lstm_sources\public\kddcup2017_china_tollgate\kdd2017_china_tollgate_20min.csv:kdd2017_t3_d0#segment3,1,3.1999999999999993,3.1999999999999993,10.239999999999995
1476405600,D:\intelligent_transportation\data\lstm_sources\public\kddcup2017_china_tollgate\kdd2017_china_tollgate_20min.csv:kdd2017_t3_d0#segment3,1,0.7999999999999972,0.7999999999999972,0.6399999999999955
1476406800,D:\intelligent_transportation\data\lstm_sources\public\kddcup2017_china_tollgate\kdd2017_china_tollgate_20min.csv:kdd2017_t3_d0#segment3,1,0.5333333333333314,0.5333333333333314,0.28444444444444245
1476408000,D:\intelligent_transportation\data\lstm_sources\public\kddcup2017_china_tollgate\kdd2017_china_tollgate_20min.csv:kdd2017_t3_d0#segment3,1,-5.266666666666666,5.266666666666666,27.73777777777777
1476409200,D:\intelligent_transportation\data\lstm_sources\public\kddcup2017_china_tollgate\kdd2017_china_tollgate_20min.csv:kdd2017_t3_d0#segment3,1,-4.333333333333332,4.333333333333332,18.777777777777768
1476410400,D:\intelligent_transportation\data\lstm_sources\public\kddcup2017_china_tollgate\kdd2017_china_tollgate_20min.csv:kdd2017_t3_d0#segment3,1,-5.06666666666667,5.06666666666667,25.671111111111145
1476411600,D:\intelligent_transportation\data\lstm_sources\public\kddcup2017_china_tollgate\kdd2017_china_tollgate_20min.csv:kdd2017_t3_d0#segment3,1,1.0,1.0,1.0
1476412800,D:\intelligent_transportation\data\lstm_sources\public\kddcup2017_china_tollgate\kdd2017_china_tollgate_20min.csv:kdd2017_t3_d0#segment3,1,4.933333333333332,4.933333333333332,24.337777777777763
1476414000,D:\intelligent_transportation\data\lstm_sources\public\kddcup2017_china_tollgate\kdd2017_china_tollgate_20min.csv:kdd2017_t3_d0#segment3,1,1.0666666666666664,1.0666666666666664,1.1377777777777773
1476415200,D:\intelligent_transportation\data\lstm_sources\public\kddcup2017_china_tollgate\kdd2017_china_tollgate_20min.csv:kdd2017_t3_d0#segment3,1,-1.333333333333334,1.333333333333334,1.7777777777777795
1476416400,D:\intelligent_transportation\data\lstm_sources\public\kddcup2017_china_tollgate\kdd2017_china_tollgate_20min.csv:kdd2017_t3_d0#segment3,1,-5.666666666666666,5.666666666666666,32.11111111111111
1476417600,D:\intelligent_transportation\data\lstm_sources\public\kddcup2017_china_tollgate\kdd2017_china_tollgate_20min.csv:kdd2017_t3_d0#segment3,1,2.0666666666666664,2.0666666666666664,4.27111111111111
1476418800,D:\intelligent_transportation\data\lstm_sources\public\kddcup2017_china_tollgate\kdd2017_china_tollgate_20min.csv:kdd2017_t3_d0#segment3,1,5.133333333333335,5.133333333333335,26.351111111111123
1476420000,D:\intelligent_transportation\data\lstm_sources\public\kddcup2017_china_tollgate\kdd2017_china_tollgate_20min.csv:kdd2017_t3_d0#segment3,1,4.6,4.6,21.159999999999997
1476421200,D:\intelligent_transportation\data\lstm_sources\public\kddcup2017_china_tollgate\kdd2017_china_tollgate_20min.csv:kdd2017_t3_d0#segment3,1,2.1333333333333346,2.1333333333333346,4.551111111111116
1476422400,D:\intelligent_transportation\data\lstm_sources\public\kddcup2017_china_tollgate\kdd2017_china_tollgate_20min.csv:kdd2017_t3_d0#segment3,1,0.1999999999999993,0.1999999999999993,0.039999999999999716
1476423600,D:\intelligent_transportation\data\lstm_sources\public\kddcup2017_china_tollgate\kdd2017_china_tollgate_20min.csv:kdd2017_t3_d0#segment3,1,-0.466666666666665,0.466666666666665,0.21777777777777624
1476424800,D:\intelligent_transportation\data\lstm_sources\public\kddcup2017_china_tollgate\kdd2017_china_tollgate_20min.csv:kdd2017_t3_d0#segment3,1,0.0,0.0,0.0
1476426000,D:\intelligent_transportation\data\lstm_sources\public\kddcup2017_china_tollgate\kdd2017_china_tollgate_20min.csv:kdd2017_t3_d0#segment3,1,17.866666666666667,17.866666666666667,319.21777777777777
1476427200,D:\intelligent_transportation\data\lstm_sources\public\kddcup2017_china_tollgate\kdd2017_china_tollgate_20min.csv:kdd2017_t3_d0#segment3,1,44.6,44.6,1989.16
1476428400,D:\intelligent_transportation\data\lstm_sources\public\kddcup2017_china_tollgate\kdd2017_china_tollgate_20min.csv:kdd2017_t3_d0#segment3,1,24.133333333333326,24.133333333333326,582.4177777777774
1476429600,D:\intelligent_transportation\data\lstm_sources\public\kddcup2017_china_tollgate\kdd2017_china_tollgate_20min.csv:kdd2017_t3_d0#segment3,1,23.933333333333323,23.933333333333323,572.8044444444439
1476430800,D:\intelligent_transportation\data\lstm_sources\public\kddcup2017_china_tollgate\kdd2017_china_tollgate_20min.csv:kdd2017_t3_d0#segment3,1,9.799999999999983,9.799999999999983,96.03999999999967
1476432000,D:\intelligent_transportation\data\lstm_sources\public\kddcup2017_china_tollgate\kdd2017_china_tollgate_20min.csv:kdd2017_t3_d0#segment3,1,-20.73333333333332,20.73333333333332,429.87111111111057
1476433200,D:\intelligent_transportation\data\lstm_sources\public\kddcup2017_china_tollgate\kdd2017_china_tollgate_20min.csv:kdd2017_t3_d0#segment3,1,-13.0,13.0,169.0
1476434400,D:\intelligent_transportation\data\lstm_sources\public\kddcup2017_china_tollgate\kdd2017_china_tollgate_20min.csv:kdd2017_t3_d0#segment3,1,-58.26666666666665,58.26666666666665,3395.0044444444425
1476435600,D:\intelligent_transportation\data\lstm_sources\public\kddcup2017_china_tollgate\kdd2017_china_tollgate_20min.csv:kdd2017_t3_d0#segment3,1,-24.80000000000001,24.80000000000001,615.0400000000005
1476436800,D:\intelligent_transportation\data\lstm_sources\public\kddcup2017_china_tollgate\kdd2017_china_tollgate_20min.csv:kdd2017_t3_d0#segment3,1,-31.73333333333335,31.73333333333335,1007.0044444444454
1476438000,D:\intelligent_transportation\data\lstm_sources\public\kddcup2017_china_tollgate\kdd2017_china_tollgate_20min.csv:kdd2017_t3_d0#segment3,1,-18.666666666666686,18.666666666666686,348.44444444444514
1476439200,D:\intelligent_transportation\data\lstm_sources\public\kddcup2017_china_tollgate\kdd2017_china_tollgate_20min.csv:kdd2017_t3_d0#segment3,1,4.666666666666657,4.666666666666657,21.77777777777769
1476440400,D:\intelligent_transportation\data\lstm_sources\public\kddcup2017_china_tollgate\kdd2017_china_tollgate_20min.csv:kdd2017_t3_d0#segment3,1,23.200000000000017,23.200000000000017,538.2400000000008
1476441600,D:\intelligent_transportation\data\lstm_sources\public\kddcup2017_china_tollgate\kdd2017_china_tollgate_20min.csv:kdd2017_t3_d0#segment3,1,4.466666666666669,4.466666666666669,19.95111111111113
1476442800,D:\intelligent_transportation\data\lstm_sources\public\kddcup2017_china_tollgate\kdd2017_china_tollgate_20min.csv:kdd2017_t3_d0#segment3,1,-1.4666666666666544,1.4666666666666544,2.151111111111075
1476444000,D:\intelligent_transportation\data\lstm_sources\public\kddcup2017_china_tollgate\kdd2017_china_tollgate_20min.csv:kdd2017_t3_d0#segment3,1,-30.0,30.0,900.0
1476445200,D:\intelligent_transportation\data\lstm_sources\public\kddcup2017_china_tollgate\kdd2017_china_tollgate_20min.csv:kdd2017_t3_d0#segment3,1,-13.733333333333334,13.733333333333334,188.60444444444448
1476446400,D:\intelligent_transportation\data\lstm_sources\public\kddcup2017_china_tollgate\kdd2017_china_tollgate_20min.csv:kdd2017_t3_d0#segment3,1,12.466666666666669,12.466666666666669,155.41777777777781
1476447600,D:\intelligent_transportation\data\lstm_sources\public\kddcup2017_china_tollgate\kdd2017_china_tollgate_20min.csv:kdd2017_t3_d0#segment3,1,15.86666666666666,15.86666666666666,251.7511111111109
1476448800,D:\intelligent_transportation\data\lstm_sources\public\kddcup2017_china_tollgate\kdd2017_china_tollgate_20min.csv:kdd2017_t3_d0#segment3,1,25.066666666666677,25.066666666666677,628.3377777777783
1476450000,D:\intelligent_transportation\data\lstm_sources\public\kddcup2017_china_tollgate\kdd2017_china_tollgate_20min.csv:kdd2017_t3_d0#segment3,1,31.333333333333314,31.333333333333314,981.7777777777766
1476451200,D:\intelligent_transportation\data\lstm_sources\public\kddcup2017_china_tollgate\kdd2017_china_tollgate_20min.csv:kdd2017_t3_d0#segment3,1,-10.866666666666674,10.866666666666674,118.08444444444461
1476452400,D:\intelligent_transportation\data\lstm_sources\public\kddcup2017_china_tollgate\kdd2017_china_tollgate_20min.csv:kdd2017_t3_d0#segment3,1,-9.0,9.0,81.0
1476453600,D:\intelligent_transportation\data\lstm_sources\public\kddcup2017_china_tollgate\kdd2017_china_tollgate_20min.csv:kdd2017_t3_d0#segment3,1,2.200000000000003,2.200000000000003,4.840000000000012
1476454800,D:\intelligent_transportation\data\lstm_sources\public\kddcup2017_china_tollgate\kdd2017_china_tollgate_20min.csv:kdd2017_t3_d0#segment3,1,-29.866666666666674,29.866666666666674,892.0177777777782
1476456000,D:\intelligent_transportation\data\lstm_sources\public\kddcup2017_china_tollgate\kdd2017_china_tollgate_20min.csv:kdd2017_t3_d0#segment3,1,25.599999999999994,25.599999999999994,655.3599999999997
1476457200,D:\intelligent_transportation\data\lstm_sources\public\kddcup2017_china_tollgate\kdd2017_china_tollgate_20min.csv:kdd2017_t3_d0#segment3,1,25.53333333333333,25.53333333333333,651.951111111111
1476458400,D:\intelligent_transportation\data\lstm_sources\public\kddcup2017_china_tollgate\kdd2017_china_tollgate_20min.csv:kdd2017_t3_d0#segment3,1,1.6666666666666856,1.6666666666666856,2.7777777777778407
1476459600,D:\intelligent_transportation\data\lstm_sources\public\kddcup2017_china_tollgate\kdd2017_china_tollgate_20min.csv:kdd2017_t3_d0#segment3,1,-8.133333333333326,8.133333333333326,66.15111111111099
1476460800,D:\intelligent_transportation\data\lstm_sources\public\kddcup2017_china_tollgate\kdd2017_china_tollgate_20min.csv:kdd2017_t3_d0#segment3,1,-9.866666666666674,9.866666666666674,97.35111111111127
1476462000,D:\intelligent_transportation\data\lstm_sources\public\kddcup2017_china_tollgate\kdd2017_china_tollgate_20min.csv:kdd2017_t3_d0#segment3,1,-19.066666666666663,19.066666666666663,363.53777777777765
1476463200,D:\intelligent_transportation\data\lstm_sources\public\kddcup2017_china_tollgate\kdd2017_china_tollgate_20min.csv:kdd2017_t3_d0#segment3,1,9.400000000000006,9.400000000000006,88.36000000000011
1476464400,D:\intelligent_transportation\data\lstm_sources\public\kddcup2017_china_tollgate\kdd2017_china_tollgate_20min.csv:kdd2017_t3_d0#segment3,1,3.200000000000017,3.200000000000017,10.240000000000109
1476465600,D:\intelligent_transportation\data\lstm_sources\public\kddcup2017_china_tollgate\kdd2017_china_tollgate_20min.csv:kdd2017_t3_d0#segment3,1,-25.400000000000006,25.400000000000006,645.1600000000003
1476466800,D:\intelligent_transportation\data\lstm_sources\public\kddcup2017_china_tollgate\kdd2017_china_tollgate_20min.csv:kdd2017_t3_d0#segment3,1,-21.73333333333332,21.73333333333332,472.3377777777772
1476468000,D:\intelligent_transportation\data\lstm_sources\public\kddcup2017_china_tollgate\kdd2017_china_tollgate_20min.csv:kdd2017_t3_d0#segment3,1,-42.06666666666666,42.06666666666666,1769.6044444444442
1476469200,D:\intelligent_transportation\data\lstm_sources\public\kddcup2017_china_tollgate\kdd2017_china_tollgate_20min.csv:kdd2017_t3_d0#segment3,1,-11.133333333333326,11.133333333333326,123.95111111111095
1476470400,D:\intelligent_transportation\data\lstm_sources\public\kddcup2017_china_tollgate\kdd2017_china_tollgate_20min.csv:kdd2017_t3_d0#segment3,1,7.933333333333337,7.933333333333337,62.93777777777784
1476471600,D:\intelligent_transportation\data\lstm_sources\public\kddcup2017_china_tollgate\kdd2017_china_tollgate_20min.csv:kdd2017_t3_d0#segment3,1,33.0,33.0,1089.0
1476472800,D:\intelligent_transportation\data\lstm_sources\public\kddcup2017_china_tollgate\kdd2017_china_tollgate_20min.csv:kdd2017_t3_d0#segment3,1,41.60000000000001,41.60000000000001,1730.5600000000006
1476474000,D:\intelligent_transportation\data\lstm_sources\public\kddcup2017_china_tollgate\kdd2017_china_tollgate_20min.csv:kdd2017_t3_d0#segment3,1,1.4666666666666686,1.4666666666666686,2.1511111111111165
1476475200,D:\intelligent_transportation\data\lstm_sources\public\kddcup2017_china_tollgate\kdd2017_china_tollgate_20min.csv:kdd2017_t3_d0#segment3,1,-9.266666666666666,9.266666666666666,85.87111111111109
1476476400,D:\intelligent_transportation\data\lstm_sources\public\kddcup2017_china_tollgate\kdd2017_china_tollgate_20min.csv:kdd2017_t3_d0#segment3,1,-10.066666666666663,10.066666666666663,101.3377777777777
1476477600,D:\intelligent_transportation\data\lstm_sources\public\kddcup2017_china_tollgate\kdd2017_china_tollgate_20min.csv:kdd2017_t3_d0#segment3,1,4.13333333333334,4.13333333333334,17.0844444444445
1476478800,D:\intelligent_transportation\data\lstm_sources\public\kddcup2017_china_tollgate\kdd2017_china_tollgate_20min.csv:kdd2017_t3_d0#segment3,1,-3.0,3.0,9.0
1476480000,D:\intelligent_transportation\data\lstm_sources\public\kddcup2017_china_tollgate\kdd2017_china_tollgate_20min.csv:kdd2017_t3_d0#segment3,1,-2.5333333333333385,2.5333333333333385,6.417777777777804
1476481200,D:\intelligent_transportation\data\lstm_sources\public\kddcup2017_china_tollgate\kdd2017_china_tollgate_20min.csv:kdd2017_t3_d0#segment3,1,4.4666666666666615,4.4666666666666615,19.951111111111064
1476482400,D:\intelligent_transportation\data\lstm_sources\public\kddcup2017_china_tollgate\kdd2017_china_tollgate_20min.csv:kdd2017_t3_d0#segment3,1,8.933333333333337,8.933333333333337,79.80444444444451
1476483600,D:\intelligent_transportation\data\lstm_sources\public\kddcup2017_china_tollgate\kdd2017_china_tollgate_20min.csv:kdd2017_t3_d0#segment3,1,-7.199999999999996,7.199999999999996,51.83999999999994
1476484800,D:\intelligent_transportation\data\lstm_sources\public\kddcup2017_china_tollgate\kdd2017_china_tollgate_20min.csv:kdd2017_t3_d0#segment3,1,-0.33333333333333215,0.33333333333333215,0.11111111111111033
1476486000,D:\intelligent_transportation\data\lstm_sources\public\kddcup2017_china_tollgate\kdd2017_china_tollgate_20min.csv:kdd2017_t3_d0#segment3,1,0.6666666666666714,0.6666666666666714,0.44444444444445075
1476487200,D:\intelligent_transportation\data\lstm_sources\public\kddcup2017_china_tollgate\kdd2017_china_tollgate_20min.csv:kdd2017_t3_d0#segment3,1,0.6666666666666643,0.6666666666666643,0.4444444444444413
1476488400,D:\intelligent_transportation\data\lstm_sources\public\kddcup2017_china_tollgate\kdd2017_china_tollgate_20min.csv:kdd2017_t3_d0#segment3,1,-1.7333333333333343,1.7333333333333343,3.004444444444448
1476489600,D:\intelligent_transportation\data\lstm_sources\public\kddcup2017_china_tollgate\kdd2017_china_tollgate_20min.csv:kdd2017_t3_d0#segment3,1,10.066666666666663,10.066666666666663,101.3377777777777
1476490800,D:\intelligent_transportation\data\lstm_sources\public\kddcup2017_china_tollgate\kdd2017_china_tollgate_20min.csv:kdd2017_t3_d0#segment3,1,8.4,8.4,70.56
1476492000,D:\intelligent_transportation\data\lstm_sources\public\kddcup2017_china_tollgate\kdd2017_china_tollgate_20min.csv:kdd2017_t3_d0#segment3,1,4.133333333333335,4.133333333333335,17.084444444444454
1476493200,D:\intelligent_transportation\data\lstm_sources\public\kddcup2017_china_tollgate\kdd2017_china_tollgate_20min.csv:kdd2017_t3_d0#segment3,1,9.6,9.6,92.16
1476494400,D:\intelligent_transportation\data\lstm_sources\public\kddcup2017_china_tollgate\kdd2017_china_tollgate_20min.csv:kdd2017_t3_d0#segment3,1,-0.5333333333333314,0.5333333333333314,0.28444444444444245
1476495600,D:\intelligent_transportation\data\lstm_sources\public\kddcup2017_china_tollgate\kdd2017_china_tollgate_20min.csv:kdd2017_t3_d0#segment3,1,-14.73333333333333,14.73333333333333,217.07111111111104
1476496800,D:\intelligent_transportation\data\lstm_sources\public\kddcup2017_china_tollgate\kdd2017_china_tollgate_20min.csv:kdd2017_t3_d0#segment3,1,-5.800000000000001,5.800000000000001,33.64000000000001
1476498000,D:\intelligent_transportation\data\lstm_sources\public\kddcup2017_china_tollgate\kdd2017_china_tollgate_20min.csv:kdd2017_t3_d0#segment3,1,7.06666666666667,7.06666666666667,49.937777777777825
1476499200,D:\intelligent_transportation\data\lstm_sources\public\kddcup2017_china_tollgate\kdd2017_china_tollgate_20min.csv:kdd2017_t3_d0#segment3,1,-5.199999999999999,5.199999999999999,27.039999999999992
1476500400,D:\intelligent_transportation\data\lstm_sources\public\kddcup2017_china_tollgate\kdd2017_china_tollgate_20min.csv:kdd2017_t3_d0#segment3,1,-0.4666666666666668,0.4666666666666668,0.21777777777777788
1476501600,D:\intelligent_transportation\data\lstm_sources\public\kddcup2017_china_tollgate\kdd2017_china_tollgate_20min.csv:kdd2017_t3_d0#segment3,1,5.666666666666666,5.666666666666666,32.11111111111111
1476502800,D:\intelligent_transportation\data\lstm_sources\public\kddcup2017_china_tollgate\kdd2017_china_tollgate_20min.csv:kdd2017_t3_d0#segment3,1,-1.2666666666666675,1.2666666666666675,1.6044444444444466
1476504000,D:\intelligent_transportation\data\lstm_sources\public\kddcup2017_china_tollgate\kdd2017_china_tollgate_20min.csv:kdd2017_t3_d0#segment3,1,2.7333333333333343,2.7333333333333343,7.471111111111116
1476505200,D:\intelligent_transportation\data\lstm_sources\public\kddcup2017_china_tollgate\kdd2017_china_tollgate_20min.csv:kdd2017_t3_d0#segment3,1,0.8666666666666671,0.8666666666666671,0.751111111111112
1476506400,D:\intelligent_transportation\data\lstm_sources\public\kddcup2017_china_tollgate\kdd2017_china_tollgate_20min.csv:kdd2017_t3_d0#segment3,1,3.2666666666666657,3.2666666666666657,10.671111111111104
1476507600,D:\intelligent_transportation\data\lstm_sources\public\kddcup2017_china_tollgate\kdd2017_china_tollgate_20min.csv:kdd2017_t3_d0#segment3,1,1.8666666666666671,1.8666666666666671,3.484444444444446
1476508800,D:\intelligent_transportation\data\lstm_sources\public\kddcup2017_china_tollgate\kdd2017_china_tollgate_20min.csv:kdd2017_t3_d0#segment3,1,-7.466666666666669,7.466666666666669,55.751111111111136
1476510000,D:\intelligent_transportation\data\lstm_sources\public\kddcup2017_china_tollgate\kdd2017_china_tollgate_20min.csv:kdd2017_t3_d0#segment3,1,7.466666666666665,7.466666666666665,55.751111111111086
1476511200,D:\intelligent_transportation\data\lstm_sources\public\kddcup2017_china_tollgate\kdd2017_china_tollgate_20min.csv:kdd2017_t3_d0#segment3,1,0.0,0.0,0.0
1476512400,D:\intelligent_transportation\data\lstm_sources\public\kddcup2017_china_tollgate\kdd2017_china_tollgate_20min.csv:kdd2017_t3_d0#segment3,1,21.46666666666667,21.46666666666667,460.81777777777785
1476513600,D:\intelligent_transportation\data\lstm_sources\public\kddcup2017_china_tollgate\kdd2017_china_tollgate_20min.csv:kdd2017_t3_d0#segment3,1,44.66666666666667,44.66666666666667,1995.1111111111115
1476514800,D:\intelligent_transportation\data\lstm_sources\public\kddcup2017_china_tollgate\kdd2017_china_tollgate_20min.csv:kdd2017_t3_d0#segment3,1,30.86666666666666,30.86666666666666,952.7511111111107
1476516000,D:\intelligent_transportation\data\lstm_sources\public\kddcup2017_china_tollgate\kdd2017_china_tollgate_20min.csv:kdd2017_t3_d0#segment3,1,-5.200000000000017,5.200000000000017,27.040000000000177
1476517200,D:\intelligent_transportation\data\lstm_sources\public\kddcup2017_china_tollgate\kdd2017_china_tollgate_20min.csv:kdd2017_t3_d0#segment3,1,-41.66666666666666,41.66666666666666,1736.1111111111104
1476518400,D:\intelligent_transportation\data\lstm_sources\public\kddcup2017_china_tollgate\kdd2017_china_tollgate_20min.csv:kdd2017_t3_d0#segment3,1,-27.133333333333326,27.133333333333326,736.2177777777773
1476519600,D:\intelligent_transportation\data\lstm_sources\public\kddcup2017_china_tollgate\kdd2017_china_tollgate_20min.csv:kdd2017_t3_d0#segment3,1,-26.66666666666667,26.66666666666667,711.1111111111113
1476520800,D:\intelligent_transportation\data\lstm_sources\public\kddcup2017_china_tollgate\kdd2017_china_tollgate_20min.csv:kdd2017_t3_d0#segment3,1,23.066666666666677,23.066666666666677,532.0711111111116
1476522000,D:\intelligent_transportation\data\lstm_sources\public\kddcup2017_china_tollgate\kdd2017_china_tollgate_20min.csv:kdd2017_t3_d0#segment3,1,10.86666666666666,10.86666666666666,118.0844444444443
1476523200,D:\intelligent_transportation\data\lstm_sources\public\kddcup2017_china_tollgate\kdd2017_china_tollgate_20min.csv:kdd2017_t3_d0#segment3,1,-14.333333333333314,14.333333333333314,205.4444444444439
1476524400,D:\intelligent_transportation\data\lstm_sources\public\kddcup2017_china_tollgate\kdd2017_china_tollgate_20min.csv:kdd2017_t3_d0#segment3,1,-10.866666666666674,10.866666666666674,118.08444444444461
1476525600,D:\intelligent_transportation\data\lstm_sources\public\kddcup2017_china_tollgate\kdd2017_china_tollgate_20min.csv:kdd2017_t3_d0#segment3,1,-9.800000000000011,9.800000000000011,96.04000000000022
1476526800,D:\intelligent_transportation\data\lstm_sources\public\kddcup2017_china_tollgate\kdd2017_china_tollgate_20min.csv:kdd2017_t3_d0#segment3,1,9.466666666666669,9.466666666666669,89.61777777777782
1476528000,D:\intelligent_transportation\data\lstm_sources\public\kddcup2017_china_tollgate\kdd2017_china_tollgate_20min.csv:kdd2017_t3_d0#segment3,1,-31.866666666666674,31.866666666666674,1015.4844444444449
1476529200,D:\intelligent_transportation\data\lstm_sources\public\kddcup2017_china_tollgate\kdd2017_china_tollgate_20min.csv:kdd2017_t3_d0#segment3,1,14.200000000000003,14.200000000000003,201.64000000000007
1476530400,D:\intelligent_transportation\data\lstm_sources\public\kddcup2017_china_tollgate\kdd2017_china_tollgate_20min.csv:kdd2017_t3_d0#segment3,1,-11.666666666666671,11.666666666666671,136.11111111111123
1476531600,D:\intelligent_transportation\data\lstm_sources\public\kddcup2017_china_tollgate\kdd2017_china_tollgate_20min.csv:kdd2017_t3_d0#segment3,1,5.533333333333331,5.533333333333331,30.617777777777757
1476532800,D:\intelligent_transportation\data\lstm_sources\public\kddcup2017_china_tollgate\kdd2017_china_tollgate_20min.csv:kdd2017_t3_d0#segment3,1,-12.866666666666674,12.866666666666674,165.5511111111113
1476534000,D:\intelligent_transportation\data\lstm_sources\public\kddcup2017_china_tollgate\kdd2017_china_tollgate_20min.csv:kdd2017_t3_d0#segment3,1,15.73333333333332,15.73333333333332,247.53777777777736
1476535200,D:\intelligent_transportation\data\lstm_sources\public\kddcup2017_china_tollgate\kdd2017_china_tollgate_20min.csv:kdd2017_t3_d0#segment3,1,2.799999999999997,2.799999999999997,7.839999999999984
1476536400,D:\intelligent_transportation\data\lstm_sources\public\kddcup2017_china_tollgate\kdd2017_china_tollgate_20min.csv:kdd2017_t3_d0#segment3,1,16.866666666666674,16.866666666666674,284.4844444444447
1476537600,D:\intelligent_transportation\data\lstm_sources\public\kddcup2017_china_tollgate\kdd2017_china_tollgate_20min.csv:kdd2017_t3_d0#segment3,1,22.266666666666666,22.266666666666666,495.8044444444444
1476538800,D:\intelligent_transportation\data\lstm_sources\public\kddcup2017_china_tollgate\kdd2017_china_tollgate_20min.csv:kdd2017_t3_d0#segment3,1,12.399999999999991,12.399999999999991,153.7599999999998
1476540000,D:\intelligent_transportation\data\lstm_sources\public\kddcup2017_china_tollgate\kdd2017_china_tollgate_20min.csv:kdd2017_t3_d0#segment3,1,-34.333333333333314,34.333333333333314,1178.7777777777765
1476541200,D:\intelligent_transportation\data\lstm_sources\public\kddcup2017_china_tollgate\kdd2017_china_tollgate_20min.csv:kdd2017_t3_d0#segment3,1,-14.200000000000017,14.200000000000017,201.6400000000005
1476542400,D:\intelligent_transportation\data\lstm_sources\public\kddcup2017_china_tollgate\kdd2017_china_tollgate_20min.csv:kdd2017_t3_d0#segment3,1,-4.266666666666666,4.266666666666666,18.204444444444437
1476543600,D:\intelligent_transportation\data\lstm_sources\public\kddcup2017_china_tollgate\kdd2017_china_tollgate_20min.csv:kdd2017_t3_d0#segment3,1,-6.933333333333323,6.933333333333323,48.071111111110966
1476544800,D:\intelligent_transportation\data\lstm_sources\public\kddcup2017_china_tollgate\kdd2017_china_tollgate_20min.csv:kdd2017_t3_d0#segment3,1,54.333333333333314,54.333333333333314,2952.111111111109
1476546000,D:\intelligent_transportation\data\lstm_sources\public\kddcup2017_china_tollgate\kdd2017_china_tollgate_20min.csv:kdd2017_t3_d0#segment3,1,-9.533333333333331,9.533333333333331,90.88444444444441
1476547200,D:\intelligent_transportation\data\lstm_sources\public\kddcup2017_china_tollgate\kdd2017_china_tollgate_20min.csv:kdd2017_t3_d0#segment3,1,-7.600000000000023,7.600000000000023,57.760000000000346
1476548400,D:\intelligent_transportation\data\lstm_sources\public\kddcup2017_china_tollgate\kdd2017_china_tollgate_20min.csv:kdd2017_t3_d0#segment3,1,-21.53333333333333,21.53333333333333,463.68444444444435
1476549600,D:\intelligent_transportation\data\lstm_sources\public\kddcup2017_china_tollgate\kdd2017_china_tollgate_20min.csv:kdd2017_t3_d0#segment3,1,-13.866666666666674,13.866666666666674,192.28444444444466
1476550800,D:\intelligent_transportation\data\lstm_sources\public\kddcup2017_china_tollgate\kdd2017_china_tollgate_20min.csv:kdd2017_t3_d0#segment3,1,-23.46666666666667,23.46666666666667,550.6844444444446
1476552000,D:\intelligent_transportation\data\lstm_sources\public\kddcup2017_china_tollgate\kdd2017_china_tollgate_20min.csv:kdd2017_t3_d0#segment3,1,26.60000000000001,26.60000000000001,707.5600000000004
1476553200,D:\intelligent_transportation\data\lstm_sources\public\kddcup2017_china_tollgate\kdd2017_china_tollgate_20min.csv:kdd2017_t3_d0#segment3,1,-10.466666666666669,10.466666666666669,109.55111111111115
1476554400,D:\intelligent_transportation\data\lstm_sources\public\kddcup2017_china_tollgate\kdd2017_china_tollgate_20min.csv:kdd2017_t3_d0#segment3,1,-20.53333333333333,20.53333333333333,421.6177777777777
1476555600,D:\intelligent_transportation\data\lstm_sources\public\kddcup2017_china_tollgate\kdd2017_china_tollgate_20min.csv:kdd2017_t3_d0#segment3,1,-15.866666666666674,15.866666666666674,251.75111111111136
1476556800,D:\intelligent_transportation\data\lstm_sources\public\kddcup2017_china_tollgate\kdd2017_china_tollgate_20min.csv:kdd2017_t3_d0#segment3,1,-3.799999999999997,3.799999999999997,14.439999999999978
1476558000,D:\intelligent_transportation\data\lstm_sources\public\kddcup2017_china_tollgate\kdd2017_china_tollgate_20min.csv:kdd2017_t3_d0#segment3,1,13.133333333333326,13.133333333333326,172.48444444444425
1476559200,D:\intelligent_transportation\data\lstm_sources\public\kddcup2017_china_tollgate\kdd2017_china_tollgate_20min.csv:kdd2017_t3_d0#segment3,1,27.46666666666667,27.46666666666667,754.4177777777779
1476560400,D:\intelligent_transportation\data\lstm_sources\public\kddcup2017_china_tollgate\kdd2017_china_tollgate_20min.csv:kdd2017_t3_d0#segment3,1,22.866666666666674,22.866666666666674,522.8844444444447
1476561600,D:\intelligent_transportation\data\lstm_sources\public\kddcup2017_china_tollgate\kdd2017_china_tollgate_20min.csv:kdd2017_t3_d0#segment3,1,-9.466666666666669,9.466666666666669,89.61777777777782
1476562800,D:\intelligent_transportation\data\lstm_sources\public\kddcup2017_china_tollgate\kdd2017_china_tollgate_20min.csv:kdd2017_t3_d0#segment3,1,-13.26666666666668,13.26666666666668,176.0044444444448
1476564000,D:\intelligent_transportation\data\lstm_sources\public\kddcup2017_china_tollgate\kdd2017_china_tollgate_20min.csv:kdd2017_t3_d0#segment3,1,0.6000000000000014,0.6000000000000014,0.3600000000000017
1476565200,D:\intelligent_transportation\data\lstm_sources\public\kddcup2017_china_tollgate\kdd2017_china_tollgate_20min.csv:kdd2017_t3_d0#segment3,1,-2.000000000000007,2.000000000000007,4.000000000000028
1476566400,D:\intelligent_transportation\data\lstm_sources\public\kddcup2017_china_tollgate\kdd2017_china_tollgate_20min.csv:kdd2017_t3_d0#segment3,1,2.86666666666666,2.86666666666666,8.217777777777739
1476567600,D:\intelligent_transportation\data\lstm_sources\public\kddcup2017_china_tollgate\kdd2017_china_tollgate_20min.csv:kdd2017_t3_d0#segment3,1,-3.666666666666657,3.666666666666657,13.444444444444375
1476568800,D:\intelligent_transportation\data\lstm_sources\public\kddcup2017_china_tollgate\kdd2017_china_tollgate_20min.csv:kdd2017_t3_d0#segment3,1,-9.066666666666663,9.066666666666663,82.20444444444438
1476570000,D:\intelligent_transportation\data\lstm_sources\public\kddcup2017_china_tollgate\kdd2017_china_tollgate_20min.csv:kdd2017_t3_d0#segment3,1,1.7333333333333343,1.7333333333333343,3.004444444444448
1476571200,D:\intelligent_transportation\data\lstm_sources\public\kddcup2017_china_tollgate\kdd2017_china_tollgate_20min.csv:kdd2017_t3_d0#segment3,1,7.666666666666664,7.666666666666664,58.77777777777774
1476572400,D:\intelligent_transportation\data\lstm_sources\public\kddcup2017_china_tollgate\kdd2017_china_tollgate_20min.csv:kdd2017_t3_d0#segment3,1,-1.9333333333333371,1.9333333333333371,3.7377777777777923
1476573600,D:\intelligent_transportation\data\lstm_sources\public\kddcup2017_china_tollgate\kdd2017_china_tollgate_20min.csv:kdd2017_t3_d0#segment3,1,4.466666666666669,4.466666666666669,19.95111111111113
1476574800,D:\intelligent_transportation\data\lstm_sources\public\kddcup2017_china_tollgate\kdd2017_china_tollgate_20min.csv:kdd2017_t3_d0#segment3,1,9.26666666666667,9.26666666666667,85.87111111111116
1476576000,D:\intelligent_transportation\data\lstm_sources\public\kddcup2017_china_tollgate\kdd2017_china_tollgate_20min.csv:kdd2017_t3_d0#segment3,1,17.666666666666664,17.666666666666664,312.11111111111103
1476577200,D:\intelligent_transportation\data\lstm_sources\public\kddcup2017_china_tollgate\kdd2017_china_tollgate_20min.csv:kdd2017_t3_d0#segment3,1,2.9333333333333336,2.9333333333333336,8.604444444444447
1476578400,D:\intelligent_transportation\data\lstm_sources\public\kddcup2017_china_tollgate\kdd2017_china_tollgate_20min.csv:kdd2017_t3_d0#segment3,1,0.5999999999999979,0.5999999999999979,0.35999999999999743
1476579600,D:\intelligent_transportation\data\lstm_sources\public\kddcup2017_china_tollgate\kdd2017_china_tollgate_20min.csv:kdd2017_t3_d0#segment3,1,-5.800000000000001,5.800000000000001,33.64000000000001
1476580800,D:\intelligent_transportation\data\lstm_sources\public\kddcup2017_china_tollgate\kdd2017_china_tollgate_20min.csv:kdd2017_t3_d0#segment3,1,-4.666666666666668,4.666666666666668,21.77777777777779
1476582000,D:\intelligent_transportation\data\lstm_sources\public\kddcup2017_china_tollgate\kdd2017_china_tollgate_20min.csv:kdd2017_t3_d0#segment3,1,-3.5333333333333314,3.5333333333333314,12.484444444444431
1476583200,D:\intelligent_transportation\data\lstm_sources\public\kddcup2017_china_tollgate\kdd2017_china_tollgate_20min.csv:kdd2017_t3_d0#segment3,1,-6.200000000000003,6.200000000000003,38.44000000000003
1476584400,D:\intelligent_transportation\data\lstm_sources\public\kddcup2017_china_tollgate\kdd2017_china_tollgate_20min.csv:kdd2017_t3_d0#segment3,1,-0.26666666666666927,0.26666666666666927,0.0711111111111125
1476585600,D:\intelligent_transportation\data\lstm_sources\public\kddcup2017_china_tollgate\kdd2017_china_tollgate_20min.csv:kdd2017_t3_d0#segment3,1,9.733333333333334,9.733333333333334,94.7377777777778
1476586800,D:\intelligent_transportation\data\lstm_sources\public\kddcup2017_china_tollgate\kdd2017_china_tollgate_20min.csv:kdd2017_t3_d0#segment3,1,-4.199999999999999,4.199999999999999,17.639999999999993
1476588000,D:\intelligent_transportation\data\lstm_sources\public\kddcup2017_china_tollgate\kdd2017_china_tollgate_20min.csv:kdd2017_t3_d0#segment3,1,3.8666666666666636,3.8666666666666636,14.951111111111087
1476589200,D:\intelligent_transportation\data\lstm_sources\public\kddcup2017_china_tollgate\kdd2017_china_tollgate_20min.csv:kdd2017_t3_d0#segment3,1,-0.40000000000000036,0.40000000000000036,0.16000000000000028
1476590400,D:\intelligent_transportation\data\lstm_sources\public\kddcup2017_china_tollgate\kdd2017_china_tollgate_20min.csv:kdd2017_t3_d0#segment3,1,-2.2666666666666657,2.2666666666666657,5.137777777777774
1476591600,D:\intelligent_transportation\data\lstm_sources\public\kddcup2017_china_tollgate\kdd2017_china_tollgate_20min.csv:kdd2017_t3_d0#segment3,1,3.2666666666666657,3.2666666666666657,10.671111111111104
1476592800,D:\intelligent_transportation\data\lstm_sources\public\kddcup2017_china_tollgate\kdd2017_china_tollgate_20min.csv:kdd2017_t3_d0#segment3,1,5.933333333333334,5.933333333333334,35.20444444444445
1476594000,D:\intelligent_transportation\data\lstm_sources\public\kddcup2017_china_tollgate\kdd2017_china_tollgate_20min.csv:kdd2017_t3_d0#segment3,1,-8.733333333333334,8.733333333333334,76.27111111111113
1476595200,D:\intelligent_transportation\data\lstm_sources\public\kddcup2017_china_tollgate\kdd2017_china_tollgate_20min.csv:kdd2017_t3_d0#segment3,1,1.5333333333333332,1.5333333333333332,2.351111111111111
1476596400,D:\intelligent_transportation\data\lstm_sources\public\kddcup2017_china_tollgate\kdd2017_china_tollgate_20min.csv:kdd2017_t3_d0#segment3,1,-0.40000000000000036,0.40000000000000036,0.16000000000000028
1476597600,D:\intelligent_transportation\data\lstm_sources\public\kddcup2017_china_tollgate\kdd2017_china_tollgate_20min.csv:kdd2017_t3_d0#segment3,1,16.2,16.2,262.44
1476598800,D:\intelligent_transportation\data\lstm_sources\public\kddcup2017_china_tollgate\kdd2017_china_tollgate_20min.csv:kdd2017_t3_d0#segment3,1,17.666666666666668,17.666666666666668,312.11111111111114
1476600000,D:\intelligent_transportation\data\lstm_sources\public\kddcup2017_china_tollgate\kdd2017_china_tollgate_20min.csv:kdd2017_t3_d0#segment3,1,25.6,25.6,655.3600000000001
1476601200,D:\intelligent_transportation\data\lstm_sources\public\kddcup2017_china_tollgate\kdd2017_china_tollgate_20min.csv:kdd2017_t3_d0#segment3,1,1.5999999999999943,1.5999999999999943,2.559999999999982
1476602400,D:\intelligent_transportation\data\lstm_sources\public\kddcup2017_china_tollgate\kdd2017_china_tollgate_20min.csv:kdd2017_t3_d0#segment3,1,-0.6000000000000085,0.6000000000000085,0.36000000000001026
1476603600,D:\intelligent_transportation\data\lstm_sources\public\kddcup2017_china_tollgate\kdd2017_china_tollgate_20min.csv:kdd2017_t3_d0#segment3,1,-19.733333333333334,19.733333333333334,389.4044444444445
1476604800,D:\intelligent_transportation\data\lstm_sources\public\kddcup2017_china_tollgate\kdd2017_china_tollgate_20min.csv:kdd2017_t3_d0#segment3,1,-7.666666666666657,7.666666666666657,58.77777777777763
1476606000,D:\intelligent_transportation\data\lstm_sources\public\kddcup2017_china_tollgate\kdd2017_china_tollgate_20min.csv:kdd2017_t3_d0#segment3,1,18.933333333333337,18.933333333333337,358.47111111111127
1476607200,D:\intelligent_transportation\data\lstm_sources\public\kddcup2017_china_tollgate\kdd2017_china_tollgate_20min.csv:kdd2017_t3_d0#segment3,1,-9.26666666666668,9.26666666666668,85.87111111111136
1476608400,D:\intelligent_transportation\data\lstm_sources\public\kddcup2017_china_tollgate\kdd2017_china_tollgate_20min.csv:kdd2017_t3_d0#segment3,1,-11.733333333333334,11.733333333333334,137.67111111111114
1476609600,D:\intelligent_transportation\data\lstm_sources\public\kddcup2017_china_tollgate\kdd2017_china_tollgate_20min.csv:kdd2017_t3_d0#segment3,1,-23.799999999999983,23.799999999999983,566.4399999999991
1476610800,D:\intelligent_transportation\data\lstm_sources\public\kddcup2017_china_tollgate\kdd2017_china_tollgate_20min.csv:kdd2017_t3_d0#segment3,1,-38.46666666666667,38.46666666666667,1479.6844444444446
1476612000,D:\intelligent_transportation\data\lstm_sources\public\kddcup2017_china_tollgate\kdd2017_china_tollgate_20min.csv:kdd2017_t3_d0#segment3,1,18.866666666666674,18.866666666666674,355.9511111111114
1476613200,D:\intelligent_transportation\data\lstm_sources\public\kddcup2017_china_tollgate\kdd2017_china_tollgate_20min.csv:kdd2017_t3_d0#segment3,1,-13.066666666666677,13.066666666666677,170.73777777777806
1476614400,D:\intelligent_transportation\data\lstm_sources\public\kddcup2017_china_tollgate\kdd2017_china_tollgate_20min.csv:kdd2017_t3_d0#segment3,1,-3.066666666666677,3.066666666666677,9.404444444444508
1476615600,D:\intelligent_transportation\data\lstm_sources\public\kddcup2017_china_tollgate\kdd2017_china_tollgate_20min.csv:kdd2017_t3_d0#segment3,1,-9.0,9.0,81.0
1476616800,D:\intelligent_transportation\data\lstm_sources\public\kddcup2017_china_tollgate\kdd2017_china_tollgate_20min.csv:kdd2017_t3_d0#segment3,1,6.666666666666671,6.666666666666671,44.44444444444451
1476618000,D:\intelligent_transportation\data\lstm_sources\public\kddcup2017_china_tollgate\kdd2017_china_tollgate_20min.csv:kdd2017_t3_d0#segment3,1,44.466666666666676,44.466666666666676,1977.2844444444452
1476619200,D:\intelligent_transportation\data\lstm_sources\public\kddcup2017_china_tollgate\kdd2017_china_tollgate_20min.csv:kdd2017_t3_d0#segment3,1,31.466666666666683,31.466666666666683,990.1511111111121
1476620400,D:\intelligent_transportation\data\lstm_sources\public\kddcup2017_china_tollgate\kdd2017_china_tollgate_20min.csv:kdd2017_t3_d0#segment3,1,-2.3333333333333286,2.3333333333333286,5.444444444444422
1476621600,D:\intelligent_transportation\data\lstm_sources\public\kddcup2017_china_tollgate\kdd2017_china_tollgate_20min.csv:kdd2017_t3_d0#segment3,1,-1.0666666666666629,1.0666666666666629,1.1377777777777698
1476622800,D:\intelligent_transportation\data\lstm_sources\public\kddcup2017_china_tollgate\kdd2017_china_tollgate_20min.csv:kdd2017_t3_d0#segment3,1,-4.666666666666686,4.666666666666686,21.777777777777956
1476624000,D:\intelligent_transportation\data\lstm_sources\public\kddcup2017_china_tollgate\kdd2017_china_tollgate_20min.csv:kdd2017_t3_d0#segment3,1,-3.7333333333333343,3.7333333333333343,13.937777777777784
1476625200,D:\intelligent_transportation\data\lstm_sources\public\kddcup2017_china_tollgate\kdd2017_china_tollgate_20min.csv:kdd2017_t3_d0#segment3,1,2.7333333333333343,2.7333333333333343,7.471111111111116
1476626400,D:\intelligent_transportation\data\lstm_sources\public\kddcup2017_china_tollgate\kdd2017_china_tollgate_20min.csv:kdd2017_t3_d0#segment3,1,-7.066666666666663,7.066666666666663,49.937777777777725
1476627600,D:\intelligent_transportation\data\lstm_sources\public\kddcup2017_china_tollgate\kdd2017_china_tollgate_20min.csv:kdd2017_t3_d0#segment3,1,-12.866666666666674,12.866666666666674,165.5511111111113
1476628800,D:\intelligent_transportation\data\lstm_sources\public\kddcup2017_china_tollgate\kdd2017_china_tollgate_20min.csv:kdd2017_t3_d0#segment3,1,9.133333333333326,9.133333333333326,83.41777777777764
1476630000,D:\intelligent_transportation\data\lstm_sources\public\kddcup2017_china_tollgate\kdd2017_china_tollgate_20min.csv:kdd2017_t3_d0#segment3,1,-3.666666666666657,3.666666666666657,13.444444444444375
1476631200,D:\intelligent_transportation\data\lstm_sources\public\kddcup2017_china_tollgate\kdd2017_china_tollgate_20min.csv:kdd2017_t3_d0#segment3,1,-34.66666666666666,34.66666666666666,1201.7777777777771
1476632400,D:\intelligent_transportation\data\lstm_sources\public\kddcup2017_china_tollgate\kdd2017_china_tollgate_20min.csv:kdd2017_t3_d0#segment3,1,-15.73333333333332,15.73333333333332,247.53777777777736
1476633600,D:\intelligent_transportation\data\lstm_sources\public\kddcup2017_china_tollgate\kdd2017_china_tollgate_20min.csv:kdd2017_t3_d0#segment3,1,32.8,32.8,1075.84
1476634800,D:\intelligent_transportation\data\lstm_sources\public\kddcup2017_china_tollgate\kdd2017_china_tollgate_20min.csv:kdd2017_t3_d0#segment3,1,2.5999999999999943,2.5999999999999943,6.7599999999999705
1476636000,D:\intelligent_transportation\data\lstm_sources\public\kddcup2017_china_tollgate\kdd2017_china_tollgate_20min.csv:kdd2017_t3_d0#segment3,1,10.866666666666674,10.866666666666674,118.08444444444461
1476637200,D:\intelligent_transportation\data\lstm_sources\public\kddcup2017_china_tollgate\kdd2017_china_tollgate_20min.csv:kdd2017_t3_d0#segment3,1,-1.0666666666666629,1.0666666666666629,1.1377777777777698
1476638400,D:\intelligent_transportation\data\lstm_sources\public\kddcup2017_china_tollgate\kdd2017_china_tollgate_20min.csv:kdd2017_t3_d0#segment3,1,-26.666666666666686,26.666666666666686,711.1111111111121
1476639600,D:\intelligent_transportation\data\lstm_sources\public\kddcup2017_china_tollgate\kdd2017_china_tollgate_20min.csv:kdd2017_t3_d0#segment3,1,-7.333333333333329,7.333333333333329,53.77777777777771
1476640800,D:\intelligent_transportation\data\lstm_sources\public\kddcup2017_china_tollgate\kdd2017_china_tollgate_20min.csv:kdd2017_t3_d0#segment3,1,-8.266666666666652,8.266666666666652,68.33777777777753
1476642000,D:\intelligent_transportation\data\lstm_sources\public\kddcup2017_china_tollgate\kdd2017_china_tollgate_20min.csv:kdd2017_t3_d0#segment3,1,-12.666666666666686,12.666666666666686,160.4444444444449
1476643200,D:\intelligent_transportation\data\lstm_sources\public\kddcup2017_china_tollgate\kdd2017_china_tollgate_20min.csv:kdd2017_t3_d0#segment3,1,-8.799999999999983,8.799999999999983,77.4399999999997
1476644400,D:\intelligent_transportation\data\lstm_sources\public\kddcup2017_china_tollgate\kdd2017_china_tollgate_20min.csv:kdd2017_t3_d0#segment3,1,7.733333333333334,7.733333333333334,59.80444444444446
1476645600,D:\intelligent_transportation\data\lstm_sources\public\kddcup2017_china_tollgate\kdd2017_china_tollgate_20min.csv:kdd2017_t3_d0#segment3,1,5.533333333333331,5.533333333333331,30.617777777777757
1476646800,D:\intelligent_transportation\data\lstm_sources\public\kddcup2017_china_tollgate\kdd2017_china_tollgate_20min.csv:kdd2017_t3_d0#segment3,1,15.333333333333329,15.333333333333329,235.11111111111097
1476648000,D:\intelligent_transportation\data\lstm_sources\public\kddcup2017_china_tollgate\kdd2017_china_tollgate_20min.csv:kdd2017_t3_d0#segment3,1,-5.733333333333334,5.733333333333334,32.87111111111112
1476649200,D:\intelligent_transportation\data\lstm_sources\public\kddcup2017_china_tollgate\kdd2017_china_tollgate_20min.csv:kdd2017_t3_d0#segment3,1,-2.2666666666666657,2.2666666666666657,5.137777777777774
1476650400,D:\intelligent_transportation\data\lstm_sources\public\kddcup2017_china_tollgate\kdd2017_china_tollgate_20min.csv:kdd2017_t3_d0#segment3,1,-2.5999999999999943,2.5999999999999943,6.7599999999999705
1476651600,D:\intelligent_transportation\data\lstm_sources\public\kddcup2017_china_tollgate\kdd2017_china_tollgate_20min.csv:kdd2017_t3_d0#segment3,1,-1.3999999999999915,1.3999999999999915,1.9599999999999762
1476652800,D:\intelligent_transportation\data\lstm_sources\public\kddcup2017_china_tollgate\kdd2017_china_tollgate_20min.csv:kdd2017_t3_d0#segment3,1,3.5999999999999943,3.5999999999999943,12.959999999999958
1476654000,D:\intelligent_transportation\data\lstm_sources\public\kddcup2017_china_tollgate\kdd2017_china_tollgate_20min.csv:kdd2017_t3_d0#segment3,1,2.5333333333333385,2.5333333333333385,6.417777777777804
1476655200,D:\intelligent_transportation\data\lstm_sources\public\kddcup2017_china_tollgate\kdd2017_china_tollgate_20min.csv:kdd2017_t3_d0#segment3,1,4.066666666666663,4.066666666666663,16.537777777777748
1476656400,D:\intelligent_transportation\data\lstm_sources\public\kddcup2017_china_tollgate\kdd2017_china_tollgate_20min.csv:kdd2017_t3_d0#segment3,1,2.5333333333333385,2.5333333333333385,6.417777777777804
1476657600,D:\intelligent_transportation\data\lstm_sources\public\kddcup2017_china_tollgate\kdd2017_china_tollgate_20min.csv:kdd2017_t3_d0#segment3,1,-4.666666666666661,4.666666666666661,21.77777777777772
1476658800,D:\intelligent_transportation\data\lstm_sources\public\kddcup2017_china_tollgate\kdd2017_china_tollgate_20min.csv:kdd2017_t3_d0#segment3,1,3.0,3.0,9.0
1476660000,D:\intelligent_transportation\data\lstm_sources\public\kddcup2017_china_tollgate\kdd2017_china_tollgate_20min.csv:kdd2017_t3_d0#segment3,1,10.466666666666669,10.466666666666669,109.55111111111115
1476661200,D:\intelligent_transportation\data\lstm_sources\public\kddcup2017_china_tollgate\kdd2017_china_tollgate_20min.csv:kdd2017_t3_d0#segment3,1,3.866666666666667,3.866666666666667,14.951111111111114
1476662400,D:\intelligent_transportation\data\lstm_sources\public\kddcup2017_china_tollgate\kdd2017_china_tollgate_20min.csv:kdd2017_t3_d0#segment3,1,4.066666666666666,4.066666666666666,16.537777777777777
1476663600,D:\intelligent_transportation\data\lstm_sources\public\kddcup2017_china_tollgate\kdd2017_china_tollgate_20min.csv:kdd2017_t3_d0#segment3,1,5.799999999999999,5.799999999999999,33.639999999999986
1476664800,D:\intelligent_transportation\data\lstm_sources\public\kddcup2017_china_tollgate\kdd2017_china_tollgate_20min.csv:kdd2017_t3_d0#segment3,1,-2.2666666666666657,2.2666666666666657,5.137777777777774
1476666000,D:\intelligent_transportation\data\lstm_sources\public\kddcup2017_china_tollgate\kdd2017_china_tollgate_20min.csv:kdd2017_t3_d0#segment3,1,4.0,4.0,16.0
1476667200,D:\intelligent_transportation\data\lstm_sources\public\kddcup2017_china_tollgate\kdd2017_china_tollgate_20min.csv:kdd2017_t3_d0#segment3,1,-2.1999999999999993,2.1999999999999993,4.839999999999997
1476668400,D:\intelligent_transportation\data\lstm_sources\public\kddcup2017_china_tollgate\kdd2017_china_tollgate_20min.csv:kdd2017_t3_d0#segment3,1,-11.666666666666668,11.666666666666668,136.11111111111114
1476669600,D:\intelligent_transportation\data\lstm_sources\public\kddcup2017_china_tollgate\kdd2017_china_tollgate_20min.csv:kdd2017_t3_d0#segment3,1,-3.3999999999999986,3.3999999999999986,11.55999999999999
1476670800,D:\intelligent_transportation\data\lstm_sources\public\kddcup2017_china_tollgate\kdd2017_china_tollgate_20min.csv:kdd2017_t3_d0#segment3,1,4.8000000000000025,4.8000000000000025,23.040000000000024
1476672000,D:\intelligent_transportation\data\lstm_sources\public\kddcup2017_china_tollgate\kdd2017_china_tollgate_20min.csv:kdd2017_t3_d0#segment3,1,3.6666666666666643,3.6666666666666643,13.444444444444427
1476673200,D:\intelligent_transportation\data\lstm_sources\public\kddcup2017_china_tollgate\kdd2017_china_tollgate_20min.csv:kdd2017_t3_d0#segment3,1,7.400000000000002,7.400000000000002,54.76000000000003
1476674400,D:\intelligent_transportation\data\lstm_sources\public\kddcup2017_china_tollgate\kdd2017_china_tollgate_20min.csv:kdd2017_t3_d0#segment3,1,1.4666666666666668,1.4666666666666668,2.1511111111111116
1476675600,D:\intelligent_transportation\data\lstm_sources\public\kddcup2017_china_tollgate\kdd2017_china_tollgate_20min.csv:kdd2017_t3_d0#segment3,1,-10.066666666666666,10.066666666666666,101.33777777777777
1476676800,D:\intelligent_transportation\data\lstm_sources\public\kddcup2017_china_tollgate\kdd2017_china_tollgate_20min.csv:kdd2017_t3_d0#segment3,1,3.7333333333333343,3.7333333333333343,13.937777777777784
1476678000,D:\intelligent_transportation\data\lstm_sources\public\kddcup2017_china_tollgate\kdd2017_china_tollgate_20min.csv:kdd2017_t3_d0#segment3,1,0.06666666666666643,0.06666666666666643,0.004444444444444413
1476679200,D:\intelligent_transportation\data\lstm_sources\public\kddcup2017_china_tollgate\kdd2017_china_tollgate_20min.csv:kdd2017_t3_d0#segment3,1,-0.3999999999999986,0.3999999999999986,0.15999999999999887
1476680400,D:\intelligent_transportation\data\lstm_sources\public\kddcup2017_china_tollgate\kdd2017_china_tollgate_20min.csv:kdd2017_t3_d0#segment3,1,3.9333333333333336,3.9333333333333336,15.471111111111114
1476681600,D:\intelligent_transportation\data\lstm_sources\public\kddcup2017_china_tollgate\kdd2017_china_tollgate_20min.csv:kdd2017_t3_d0#segment3,1,2.2666666666666675,2.2666666666666675,5.1377777777777816
1476682800,D:\intelligent_transportation\data\lstm_sources\public\kddcup2017_china_tollgate\kdd2017_china_tollgate_20min.csv:kdd2017_t3_d0#segment3,1,7.066666666666666,7.066666666666666,49.937777777777775
1476684000,D:\intelligent_transportation\data\lstm_sources\public\kddcup2017_china_tollgate\kdd2017_china_tollgate_20min.csv:kdd2017_t3_d0#segment3,1,19.8,19.8,392.04
1476685200,D:\intelligent_transportation\data\lstm_sources\public\kddcup2017_china_tollgate\kdd2017_china_tollgate_20min.csv:kdd2017_t3_d0#segment3,1,22.133333333333333,22.133333333333333,489.8844444444444
1476686400,D:\intelligent_transportation\data\lstm_sources\public\kddcup2017_china_tollgate\kdd2017_china_tollgate_20min.csv:kdd2017_t3_d0#segment3,1,35.400000000000006,35.400000000000006,1253.1600000000003
1476687600,D:\intelligent_transportation\data\lstm_sources\public\kddcup2017_china_tollgate\kdd2017_china_tollgate_20min.csv:kdd2017_t3_d0#segment3,1,48.599999999999994,48.599999999999994,2361.9599999999996
1476688800,D:\intelligent_transportation\data\lstm_sources\public\kddcup2017_china_tollgate\kdd2017_china_tollgate_20min.csv:kdd2017_t3_d0#segment3,1,10.666666666666657,10.666666666666657,113.77777777777757
1476690000,D:\intelligent_transportation\data\lstm_sources\public\kddcup2017_china_tollgate\kdd2017_china_tollgate_20min.csv:kdd2017_t3_d0#segment3,1,-26.933333333333337,26.933333333333337,725.4044444444446
1476691200,D:\intelligent_transportation\data\lstm_sources\public\kddcup2017_china_tollgate\kdd2017_china_tollgate_20min.csv:kdd2017_t3_d0#segment3,1,-34.400000000000006,34.400000000000006,1183.3600000000004
1476692400,D:\intelligent_transportation\data\lstm_sources\public\kddcup2017_china_tollgate\kdd2017_china_tollgate_20min.csv:kdd2017_t3_d0#segment3,1,-32.20000000000002,32.20000000000002,1036.840000000001
1476693600,D:\intelligent_transportation\data\lstm_sources\public\kddcup2017_china_tollgate\kdd2017_china_tollgate_20min.csv:kdd2017_t3_d0#segment3,1,-26.799999999999983,26.799999999999983,718.2399999999991
1476694800,D:\intelligent_transportation\data\lstm_sources\public\kddcup2017_china_tollgate\kdd2017_china_tollgate_20min.csv:kdd2017_t3_d0#segment3,1,-54.66666666666666,54.66666666666666,2988.4444444444434
1476696000,D:\intelligent_transportation\data\lstm_sources\public\kddcup2017_china_tollgate\kdd2017_china_tollgate_20min.csv:kdd2017_t3_d0#segment3,1,-10.200000000000017,10.200000000000017,104.04000000000035
1476697200,D:\intelligent_transportation\data\lstm_sources\public\kddcup2017_china_tollgate\kdd2017_china_tollgate_20min.csv:kdd2017_t3_d0#segment3,1,-29.19999999999999,29.19999999999999,852.6399999999993
1476698400,D:\intelligent_transportation\data\lstm_sources\public\kddcup2017_china_tollgate\kdd2017_china_tollgate_20min.csv:kdd2017_t3_d0#segment3,1,12.800000000000011,12.800000000000011,163.8400000000003
1476699600,D:\intelligent_transportation\data\lstm_sources\public\kddcup2017_china_tollgate\kdd2017_china_tollgate_20min.csv:kdd2017_t3_d0#segment3,1,4.200000000000017,4.200000000000017,17.640000000000143
1476700800,D:\intelligent_transportation\data\lstm_sources\public\kddcup2017_china_tollgate\kdd2017_china_tollgate_20min.csv:kdd2017_t3_d0#segment3,1,-8.066666666666649,8.066666666666649,65.07111111111082
1476702000,D:\intelligent_transportation\data\lstm_sources\public\kddcup2017_china_tollgate\kdd2017_china_tollgate_20min.csv:kdd2017_t3_d0#segment3,1,18.599999999999994,18.599999999999994,345.9599999999998
1476703200,D:\intelligent_transportation\data\lstm_sources\public\kddcup2017_china_tollgate\kdd2017_china_tollgate_20min.csv:kdd2017_t3_d0#segment3,1,9.200000000000003,9.200000000000003,84.64000000000006
1476704400,D:\intelligent_transportation\data\lstm_sources\public\kddcup2017_china_tollgate\kdd2017_china_tollgate_20min.csv:kdd2017_t3_d0#segment3,1,6.866666666666674,6.866666666666674,47.15111111111121
1476705600,D:\intelligent_transportation\data\lstm_sources\public\kddcup2017_china_tollgate\kdd2017_china_tollgate_20min.csv:kdd2017_t3_d0#segment3,1,12.599999999999994,12.599999999999994,158.75999999999985
1476706800,D:\intelligent_transportation\data\lstm_sources\public\kddcup2017_china_tollgate\kdd2017_china_tollgate_20min.csv:kdd2017_t3_d0#segment3,1,-5.466666666666683,5.466666666666683,29.884444444444622
1476708000,D:\intelligent_transportation\data\lstm_sources\public\kddcup2017_china_tollgate\kdd2017_china_tollgate_20min.csv:kdd2017_t3_d0#segment3,1,9.333333333333329,9.333333333333329,87.11111111111103
1476709200,D:\intelligent_transportation\data\lstm_sources\public\kddcup2017_china_tollgate\kdd2017_china_tollgate_20min.csv:kdd2017_t3_d0#segment3,1,27.866666666666674,27.866666666666674,776.5511111111115
1476710400,D:\intelligent_transportation\data\lstm_sources\public\kddcup2017_china_tollgate\kdd2017_china_tollgate_20min.csv:kdd2017_t3_d0#segment3,1,-6.333333333333329,6.333333333333329,40.11111111111105
1476711600,D:\intelligent_transportation\data\lstm_sources\public\kddcup2017_china_tollgate\kdd2017_china_tollgate_20min.csv:kdd2017_t3_d0#segment3,1,-5.400000000000006,5.400000000000006,29.16000000000006
1476712800,D:\intelligent_transportation\data\lstm_sources\public\kddcup2017_china_tollgate\kdd2017_china_tollgate_20min.csv:kdd2017_t3_d0#segment3,1,12.533333333333331,12.533333333333331,157.0844444444444
1476714000,D:\intelligent_transportation\data\lstm_sources\public\kddcup2017_china_tollgate\kdd2017_china_tollgate_20min.csv:kdd2017_t3_d0#segment3,1,3.6666666666666714,3.6666666666666714,13.444444444444478
1476715200,D:\intelligent_transportation\data\lstm_sources\public\kddcup2017_china_tollgate\kdd2017_china_tollgate_20min.csv:kdd2017_t3_d0#segment3,1,-34.0,34.0,1156.0
1476716400,D:\intelligent_transportation\data\lstm_sources\public\kddcup2017_china_tollgate\kdd2017_china_tollgate_20min.csv:kdd2017_t3_d0#segment3,1,16.933333333333323,16.933333333333323,286.7377777777774
1476717600,D:\intelligent_transportation\data\lstm_sources\public\kddcup2017_china_tollgate\kdd2017_china_tollgate_20min.csv:kdd2017_t3_d0#segment3,1,-8.066666666666677,8.066666666666677,65.07111111111128
1476718800,D:\intelligent_transportation\data\lstm_sources\public\kddcup2017_china_tollgate\kdd2017_china_tollgate_20min.csv:kdd2017_t3_d0#segment3,1,-0.2666666666666657,0.2666666666666657,0.07111111111111061
1476720000,D:\intelligent_transportation\data\lstm_sources\public\kddcup2017_china_tollgate\kdd2017_china_tollgate_20min.csv:kdd2017_t3_d0#segment3,1,9.866666666666674,9.866666666666674,97.35111111111127
1476721200,D:\intelligent_transportation\data\lstm_sources\public\kddcup2017_china_tollgate\kdd2017_china_tollgate_20min.csv:kdd2017_t3_d0#segment3,1,0.46666666666666856,0.46666666666666856,0.21777777777777954
1476722400,D:\intelligent_transportation\data\lstm_sources\public\kddcup2017_china_tollgate\kdd2017_china_tollgate_20min.csv:kdd2017_t3_d0#segment3,1,-23.733333333333334,23.733333333333334,563.2711111111112
1476723600,D:\intelligent_transportation\data\lstm_sources\public\kddcup2017_china_tollgate\kdd2017_china_tollgate_20min.csv:kdd2017_t3_d0#segment3,1,39.133333333333326,39.133333333333326,1531.4177777777772
1476724800,D:\intelligent_transportation\data\lstm_sources\public\kddcup2017_china_tollgate\kdd2017_china_tollgate_20min.csv:kdd2017_t3_d0#segment3,1,5.799999999999997,5.799999999999997,33.639999999999965
1476726000,D:\intelligent_transportation\data\lstm_sources\public\kddcup2017_china_tollgate\kdd2017_china_tollgate_20min.csv:kdd2017_t3_d0#segment3,1,-22.19999999999999,22.19999999999999,492.8399999999995
1476727200,D:\intelligent_transportation\data\lstm_sources\public\kddcup2017_china_tollgate\kdd2017_china_tollgate_20min.csv:kdd2017_t3_d0#segment3,1,-37.733333333333334,37.733333333333334,1423.8044444444445
1476728400,D:\intelligent_transportation\data\lstm_sources\public\kddcup2017_china_tollgate\kdd2017_china_tollgate_20min.csv:kdd2017_t3_d0#segment3,1,-14.13333333333334,14.13333333333334,199.7511111111113
1476729600,D:\intelligent_transportation\data\lstm_sources\public\kddcup2017_china_tollgate\kdd2017_china_tollgate_20min.csv:kdd2017_t3_d0#segment3,1,-27.266666666666666,27.266666666666666,743.4711111111111
1476730800,D:\intelligent_transportation\data\lstm_sources\public\kddcup2017_china_tollgate\kdd2017_china_tollgate_20min.csv:kdd2017_t3_d0#segment3,1,-3.0,3.0,9.0
1476732000,D:\intelligent_transportation\data\lstm_sources\public\kddcup2017_china_tollgate\kdd2017_china_tollgate_20min.csv:kdd2017_t3_d0#segment3,1,9.933333333333309,9.933333333333309,98.67111111111062
1476733200,D:\intelligent_transportation\data\lstm_sources\public\kddcup2017_china_tollgate\kdd2017_china_tollgate_20min.csv:kdd2017_t3_d0#segment3,1,24.666666666666657,24.666666666666657,608.444444444444
1476734400,D:\intelligent_transportation\data\lstm_sources\public\kddcup2017_china_tollgate\kdd2017_china_tollgate_20min.csv:kdd2017_t3_d0#segment3,1,13.666666666666657,13.666666666666657,186.77777777777752
1476735600,D:\intelligent_transportation\data\lstm_sources\public\kddcup2017_china_tollgate\kdd2017_china_tollgate_20min.csv:kdd2017_t3_d0#segment3,1,13.599999999999994,13.599999999999994,184.95999999999984
1476736800,D:\intelligent_transportation\data\lstm_sources\public\kddcup2017_china_tollgate\kdd2017_china_tollgate_20min.csv:kdd2017_t3_d0#segment3,1,-1.2000000000000028,1.2000000000000028,1.4400000000000068
1476738000,D:\intelligent_transportation\data\lstm_sources\public\kddcup2017_china_tollgate\kdd2017_china_tollgate_20min.csv:kdd2017_t3_d0#segment3,1,-2.6666666666666643,2.6666666666666643,7.111111111111098
1476739200,D:\intelligent_transportation\data\lstm_sources\public\kddcup2017_china_tollgate\kdd2017_china_tollgate_20min.csv:kdd2017_t3_d0#segment3,1,-4.533333333333331,4.533333333333331,20.551111111111094
1476740400,D:\intelligent_transportation\data\lstm_sources\public\kddcup2017_china_tollgate\kdd2017_china_tollgate_20min.csv:kdd2017_t3_d0#segment3,1,-1.5333333333333385,1.5333333333333385,2.351111111111127
1476741600,D:\intelligent_transportation\data\lstm_sources\public\kddcup2017_china_tollgate\kdd2017_china_tollgate_20min.csv:kdd2017_t3_d0#segment3,1,-5.933333333333337,5.933333333333337,35.20444444444449
1476742800,D:\intelligent_transportation\data\lstm_sources\public\kddcup2017_china_tollgate\kdd2017_china_tollgate_20min.csv:kdd2017_t3_d0#segment3,1,6.0,6.0,36.0
1476744000,D:\intelligent_transportation\data\lstm_sources\public\kddcup2017_china_tollgate\kdd2017_china_tollgate_20min.csv:kdd2017_t3_d0#segment3,1,6.666666666666668,6.666666666666668,44.44444444444446
1476745200,D:\intelligent_transportation\data\lstm_sources\public\kddcup2017_china_tollgate\kdd2017_china_tollgate_20min.csv:kdd2017_t3_d0#segment3,1,-9.800000000000004,9.800000000000004,96.04000000000008
1476746400,D:\intelligent_transportation\data\lstm_sources\public\kddcup2017_china_tollgate\kdd2017_china_tollgate_20min.csv:kdd2017_t3_d0#segment3,1,5.133333333333333,5.133333333333333,26.351111111111106
1476747600,D:\intelligent_transportation\data\lstm_sources\public\kddcup2017_china_tollgate\kdd2017_china_tollgate_20min.csv:kdd2017_t3_d0#segment3,1,13.266666666666666,13.266666666666666,176.00444444444443
1476379200,D:\intelligent_transportation\data\lstm_sources\public\kddcup2017_china_tollgate\kdd2017_china_tollgate_20min.csv:kdd2017_t3_d1#segment4,1,-0.3999999999999915,0.3999999999999915,0.15999999999999318
1476380400,D:\intelligent_transportation\data\lstm_sources\public\kddcup2017_china_tollgate\kdd2017_china_tollgate_20min.csv:kdd2017_t3_d1#segment4,1,16.39999999999999,16.39999999999999,268.9599999999997
1476381600,D:\intelligent_transportation\data\lstm_sources\public\kddcup2017_china_tollgate\kdd2017_china_tollgate_20min.csv:kdd2017_t3_d1#segment4,1,-1.6000000000000085,1.6000000000000085,2.560000000000027
1476382800,D:\intelligent_transportation\data\lstm_sources\public\kddcup2017_china_tollgate\kdd2017_china_tollgate_20min.csv:kdd2017_t3_d1#segment4,1,-4.599999999999994,4.599999999999994,21.159999999999947
1476384000,D:\intelligent_transportation\data\lstm_sources\public\kddcup2017_china_tollgate\kdd2017_china_tollgate_20min.csv:kdd2017_t3_d1#segment4,1,-8.600000000000009,8.600000000000009,73.96000000000015
1476385200,D:\intelligent_transportation\data\lstm_sources\public\kddcup2017_china_tollgate\kdd2017_china_tollgate_20min.csv:kdd2017_t3_d1#segment4,1,-26.400000000000006,26.400000000000006,696.9600000000003
1476386400,D:\intelligent_transportation\data\lstm_sources\public\kddcup2017_china_tollgate\kdd2017_china_tollgate_20min.csv:kdd2017_t3_d1#segment4,1,8.199999999999989,8.199999999999989,67.23999999999981
1476387600,D:\intelligent_transportation\data\lstm_sources\public\kddcup2017_china_tollgate\kdd2017_china_tollgate_20min.csv:kdd2017_t3_d1#segment4,1,28.400000000000006,28.400000000000006,806.5600000000003
1476388800,D:\intelligent_transportation\data\lstm_sources\public\kddcup2017_china_tollgate\kdd2017_china_tollgate_20min.csv:kdd2017_t3_d1#segment4,1,-0.3333333333333286,0.3333333333333286,0.11111111111110795
1476390000,D:\intelligent_transportation\data\lstm_sources\public\kddcup2017_china_tollgate\kdd2017_china_tollgate_20min.csv:kdd2017_t3_d1#segment4,1,-4.866666666666667,4.866666666666667,23.68444444444445
1476391200,D:\intelligent_transportation\data\lstm_sources\public\kddcup2017_china_tollgate\kdd2017_china_tollgate_20min.csv:kdd2017_t3_d1#segment4,1,8.266666666666666,8.266666666666666,68.33777777777776
1476392400,D:\intelligent_transportation\data\lstm_sources\public\kddcup2017_china_tollgate\kdd2017_china_tollgate_20min.csv:kdd2017_t3_d1#segment4,1,-8.866666666666667,8.866666666666667,78.61777777777779
1476393600,D:\intelligent_transportation\data\lstm_sources\public\kddcup2017_china_tollgate\kdd2017_china_tollgate_20min.csv:kdd2017_t3_d1#segment4,1,-0.13333333333333997,0.13333333333333997,0.017777777777779547
1476394800,D:\intelligent_transportation\data\lstm_sources\public\kddcup2017_china_tollgate\kdd2017_china_tollgate_20min.csv:kdd2017_t3_d1#segment4,1,17.13333333333334,17.13333333333334,293.5511111111113
1476396000,D:\intelligent_transportation\data\lstm_sources\public\kddcup2017_china_tollgate\kdd2017_china_tollgate_20min.csv:kdd2017_t3_d1#segment4,1,-1.5333333333333385,1.5333333333333385,2.351111111111127
1476397200,D:\intelligent_transportation\data\lstm_sources\public\kddcup2017_china_tollgate\kdd2017_china_tollgate_20min.csv:kdd2017_t3_d1#segment4,1,-3.200000000000003,3.200000000000003,10.240000000000018
1476398400,D:\intelligent_transportation\data\lstm_sources\public\kddcup2017_china_tollgate\kdd2017_china_tollgate_20min.csv:kdd2017_t3_d1#segment4,1,-6.399999999999999,6.399999999999999,40.95999999999998
1476399600,D:\intelligent_transportation\data\lstm_sources\public\kddcup2017_china_tollgate\kdd2017_china_tollgate_20min.csv:kdd2017_t3_d1#segment4,1,-12.333333333333336,12.333333333333336,152.11111111111117
1476400800,D:\intelligent_transportation\data\lstm_sources\public\kddcup2017_china_tollgate\kdd2017_china_tollgate_20min.csv:kdd2017_t3_d1#segment4,1,-0.20000000000000284,0.20000000000000284,0.04000000000000114
1476402000,D:\intelligent_transportation\data\lstm_sources\public\kddcup2017_china_tollgate\kdd2017_china_tollgate_20min.csv:kdd2017_t3_d1#segment4,1,6.933333333333337,6.933333333333337,48.071111111111165
1476403200,D:\intelligent_transportation\data\lstm_sources\public\kddcup2017_china_tollgate\kdd2017_china_tollgate_20min.csv:kdd2017_t3_d1#segment4,1,123.06666666666666,123.06666666666666,15145.404444444444
1476404400,D:\intelligent_transportation\data\lstm_sources\public\kddcup2017_china_tollgate\kdd2017_china_tollgate_20min.csv:kdd2017_t3_d1#segment4,1,29.933333333333337,29.933333333333337,896.0044444444446
1476405600,D:\intelligent_transportation\data\lstm_sources\public\kddcup2017_china_tollgate\kdd2017_china_tollgate_20min.csv:kdd2017_t3_d1#segment4,1,-47.53333333333336,47.53333333333336,2259.4177777777804
1476406800,D:\intelligent_transportation\data\lstm_sources\public\kddcup2017_china_tollgate\kdd2017_china_tollgate_20min.csv:kdd2017_t3_d1#segment4,1,-120.26666666666668,120.26666666666668,14464.071111111114
1476408000,D:\intelligent_transportation\data\lstm_sources\public\kddcup2017_china_tollgate\kdd2017_china_tollgate_20min.csv:kdd2017_t3_d1#segment4,1,-66.80000000000001,66.80000000000001,4462.240000000002
1476409200,D:\intelligent_transportation\data\lstm_sources\public\kddcup2017_china_tollgate\kdd2017_china_tollgate_20min.csv:kdd2017_t3_d1#segment4,1,-8.199999999999989,8.199999999999989,67.23999999999981
1476410400,D:\intelligent_transportation\data\lstm_sources\public\kddcup2017_china_tollgate\kdd2017_china_tollgate_20min.csv:kdd2017_t3_d1#segment4,1,39.53333333333333,39.53333333333333,1562.8844444444444
1476411600,D:\intelligent_transportation\data\lstm_sources\public\kddcup2017_china_tollgate\kdd2017_china_tollgate_20min.csv:kdd2017_t3_d1#segment4,1,38.466666666666654,38.466666666666654,1479.6844444444434
1476412800,D:\intelligent_transportation\data\lstm_sources\public\kddcup2017_china_tollgate\kdd2017_china_tollgate_20min.csv:kdd2017_t3_d1#segment4,1,27.199999999999996,27.199999999999996,739.8399999999998
1476414000,D:\intelligent_transportation\data\lstm_sources\public\kddcup2017_china_tollgate\kdd2017_china_tollgate_20min.csv:kdd2017_t3_d1#segment4,1,-2.5999999999999996,2.5999999999999996,6.759999999999998
1476415200,D:\intelligent_transportation\data\lstm_sources\public\kddcup2017_china_tollgate\kdd2017_china_tollgate_20min.csv:kdd2017_t3_d1#segment4,1,4.599999999999998,4.599999999999998,21.15999999999998
1476416400,D:\intelligent_transportation\data\lstm_sources\public\kddcup2017_china_tollgate\kdd2017_china_tollgate_20min.csv:kdd2017_t3_d1#segment4,1,-0.20000000000000107,0.20000000000000107,0.040000000000000424
1476417600,D:\intelligent_transportation\data\lstm_sources\public\kddcup2017_china_tollgate\kdd2017_china_tollgate_20min.csv:kdd2017_t3_d1#segment4,1,0.39999999999999947,0.39999999999999947,0.1599999999999996
1476418800,D:\intelligent_transportation\data\lstm_sources\public\kddcup2017_china_tollgate\kdd2017_china_tollgate_20min.csv:kdd2017_t3_d1#segment4,1,7.2,7.2,51.84
1476420000,D:\intelligent_transportation\data\lstm_sources\public\kddcup2017_china_tollgate\kdd2017_china_tollgate_20min.csv:kdd2017_t3_d1#segment4,1,5.933333333333334,5.933333333333334,35.20444444444445
1476421200,D:\intelligent_transportation\data\lstm_sources\public\kddcup2017_china_tollgate\kdd2017_china_tollgate_20min.csv:kdd2017_t3_d1#segment4,1,0.0,0.0,0.0
1476422400,D:\intelligent_transportation\data\lstm_sources\public\kddcup2017_china_tollgate\kdd2017_china_tollgate_20min.csv:kdd2017_t3_d1#segment4,1,-7.800000000000001,7.800000000000001,60.84000000000001
1476423600,D:\intelligent_transportation\data\lstm_sources\public\kddcup2017_china_tollgate\kdd2017_china_tollgate_20min.csv:kdd2017_t3_d1#segment4,1,2.0666666666666664,2.0666666666666664,4.27111111111111
1476424800,D:\intelligent_transportation\data\lstm_sources\public\kddcup2017_china_tollgate\kdd2017_china_tollgate_20min.csv:kdd2017_t3_d1#segment4,1,4.533333333333333,4.533333333333333,20.55111111111111
1476426000,D:\intelligent_transportation\data\lstm_sources\public\kddcup2017_china_tollgate\kdd2017_china_tollgate_20min.csv:kdd2017_t3_d1#segment4,1,19.0,19.0,361.0
1476427200,D:\intelligent_transportation\data\lstm_sources\public\kddcup2017_china_tollgate\kdd2017_china_tollgate_20min.csv:kdd2017_t3_d1#segment4,1,24.733333333333334,24.733333333333334,611.7377777777779
1476428400,D:\intelligent_transportation\data\lstm_sources\public\kddcup2017_china_tollgate\kdd2017_china_tollgate_20min.csv:kdd2017_t3_d1#segment4,1,20.066666666666663,20.066666666666663,402.671111111111
1476429600,D:\intelligent_transportation\data\lstm_sources\public\kddcup2017_china_tollgate\kdd2017_china_tollgate_20min.csv:kdd2017_t3_d1#segment4,1,-9.666666666666657,9.666666666666657,93.44444444444426
1476430800,D:\intelligent_transportation\data\lstm_sources\public\kddcup2017_china_tollgate\kdd2017_china_tollgate_20min.csv:kdd2017_t3_d1#segment4,1,-14.466666666666669,14.466666666666669,209.2844444444445
1476432000,D:\intelligent_transportation\data\lstm_sources\public\kddcup2017_china_tollgate\kdd2017_china_tollgate_20min.csv:kdd2017_t3_d1#segment4,1,1.6666666666666572,1.6666666666666572,2.777777777777746
1476433200,D:\intelligent_transportation\data\lstm_sources\public\kddcup2017_china_tollgate\kdd2017_china_tollgate_20min.csv:kdd2017_t3_d1#segment4,1,26.80000000000001,26.80000000000001,718.2400000000006
1476434400,D:\intelligent_transportation\data\lstm_sources\public\kddcup2017_china_tollgate\kdd2017_china_tollgate_20min.csv:kdd2017_t3_d1#segment4,1,-6.066666666666663,6.066666666666663,36.8044444444444
1476435600,D:\intelligent_transportation\data\lstm_sources\public\kddcup2017_china_tollgate\kdd2017_china_tollgate_20min.csv:kdd2017_t3_d1#segment4,1,-19.933333333333337,19.933333333333337,397.33777777777794
1476436800,D:\intelligent_transportation\data\lstm_sources\public\kddcup2017_china_tollgate\kdd2017_china_tollgate_20min.csv:kdd2017_t3_d1#segment4,1,-51.0,51.0,2601.0
1476438000,D:\intelligent_transportation\data\lstm_sources\public\kddcup2017_china_tollgate\kdd2017_china_tollgate_20min.csv:kdd2017_t3_d1#segment4,1,-23.933333333333337,23.933333333333337,572.8044444444446
1476439200,D:\intelligent_transportation\data\lstm_sources\public\kddcup2017_china_tollgate\kdd2017_china_tollgate_20min.csv:kdd2017_t3_d1#segment4,1,-15.600000000000009,15.600000000000009,243.36000000000027
1476440400,D:\intelligent_transportation\data\lstm_sources\public\kddcup2017_china_tollgate\kdd2017_china_tollgate_20min.csv:kdd2017_t3_d1#segment4,1,1.26666666666668,1.26666666666668,1.604444444444478
1476441600,D:\intelligent_transportation\data\lstm_sources\public\kddcup2017_china_tollgate\kdd2017_china_tollgate_20min.csv:kdd2017_t3_d1#segment4,1,0.7333333333333343,0.7333333333333343,0.5377777777777791
1476442800,D:\intelligent_transportation\data\lstm_sources\public\kddcup2017_china_tollgate\kdd2017_china_tollgate_20min.csv:kdd2017_t3_d1#segment4,1,10.133333333333326,10.133333333333326,102.6844444444443
1476444000,D:\intelligent_transportation\data\lstm_sources\public\kddcup2017_china_tollgate\kdd2017_china_tollgate_20min.csv:kdd2017_t3_d1#segment4,1,20.73333333333332,20.73333333333332,429.87111111111057
1476445200,D:\intelligent_transportation\data\lstm_sources\public\kddcup2017_china_tollgate\kdd2017_china_tollgate_20min.csv:kdd2017_t3_d1#segment4,1,11.066666666666677,11.066666666666677,122.47111111111134
1476446400,D:\intelligent_transportation\data\lstm_sources\public\kddcup2017_china_tollgate\kdd2017_china_tollgate_20min.csv:kdd2017_t3_d1#segment4,1,13.200000000000003,13.200000000000003,174.24000000000007
1476447600,D:\intelligent_transportation\data\lstm_sources\public\kddcup2017_china_tollgate\kdd2017_china_tollgate_20min.csv:kdd2017_t3_d1#segment4,1,13.600000000000009,13.600000000000009,184.96000000000024
1476448800,D:\intelligent_transportation\data\lstm_sources\public\kddcup2017_china_tollgate\kdd2017_china_tollgate_20min.csv:kdd2017_t3_d1#segment4,1,-14.666666666666671,14.666666666666671,215.11111111111126
1476450000,D:\intelligent_transportation\data\lstm_sources\public\kddcup2017_china_tollgate\kdd2017_china_tollgate_20min.csv:kdd2017_t3_d1#segment4,1,34.93333333333332,34.93333333333332,1220.337777777777
1476451200,D:\intelligent_transportation\data\lstm_sources\public\kddcup2017_china_tollgate\kdd2017_china_tollgate_20min.csv:kdd2017_t3_d1#segment4,1,-2.73333333333332,2.73333333333332,7.471111111111038
1476452400,D:\intelligent_transportation\data\lstm_sources\public\kddcup2017_china_tollgate\kdd2017_china_tollgate_20min.csv:kdd2017_t3_d1#segment4,1,-20.0,20.0,400.0
1476453600,D:\intelligent_transportation\data\lstm_sources\public\kddcup2017_china_tollgate\kdd2017_china_tollgate_20min.csv:kdd2017_t3_d1#segment4,1,-19.133333333333326,19.133333333333326,366.08444444444416
1476454800,D:\intelligent_transportation\data\lstm_sources\public\kddcup2017_china_tollgate\kdd2017_china_tollgate_20min.csv:kdd2017_t3_d1#segment4,1,-17.666666666666686,17.666666666666686,312.11111111111177
1476456000,D:\intelligent_transportation\data\lstm_sources\public\kddcup2017_china_tollgate\kdd2017_china_tollgate_20min.csv:kdd2017_t3_d1#segment4,1,-12.066666666666677,12.066666666666677,145.6044444444447
1476457200,D:\intelligent_transportation\data\lstm_sources\public\kddcup2017_china_tollgate\kdd2017_china_tollgate_20min.csv:kdd2017_t3_d1#segment4,1,-5.73333333333332,5.73333333333332,32.871111111110956
1476458400,D:\intelligent_transportation\data\lstm_sources\public\kddcup2017_china_tollgate\kdd2017_china_tollgate_20min.csv:kdd2017_t3_d1#segment4,1,7.0,7.0,49.0
1476459600,D:\intelligent_transportation\data\lstm_sources\public\kddcup2017_china_tollgate\kdd2017_china_tollgate_20min.csv:kdd2017_t3_d1#segment4,1,10.933333333333323,10.933333333333323,119.53777777777755
1476460800,D:\intelligent_transportation\data\lstm_sources\public\kddcup2017_china_tollgate\kdd2017_china_tollgate_20min.csv:kdd2017_t3_d1#segment4,1,14.466666666666669,14.466666666666669,209.2844444444445
1476462000,D:\intelligent_transportation\data\lstm_sources\public\kddcup2017_china_tollgate\kdd2017_china_tollgate_20min.csv:kdd2017_t3_d1#segment4,1,-19.733333333333334,19.733333333333334,389.4044444444445
1476463200,D:\intelligent_transportation\data\lstm_sources\public\kddcup2017_china_tollgate\kdd2017_china_tollgate_20min.csv:kdd2017_t3_d1#segment4,1,4.866666666666674,4.866666666666674,23.68444444444452
1476464400,D:\intelligent_transportation\data\lstm_sources\public\kddcup2017_china_tollgate\kdd2017_china_tollgate_20min.csv:kdd2017_t3_d1#segment4,1,11.333333333333329,11.333333333333329,128.44444444444434
1476465600,D:\intelligent_transportation\data\lstm_sources\public\kddcup2017_china_tollgate\kdd2017_china_tollgate_20min.csv:kdd2017_t3_d1#segment4,1,2.7333333333333343,2.7333333333333343,7.471111111111116
1476466800,D:\intelligent_transportation\data\lstm_sources\public\kddcup2017_china_tollgate\kdd2017_china_tollgate_20min.csv:kdd2017_t3_d1#segment4,1,22.66666666666667,22.66666666666667,513.7777777777779
1476468000,D:\intelligent_transportation\data\lstm_sources\public\kddcup2017_china_tollgate\kdd2017_china_tollgate_20min.csv:kdd2017_t3_d1#segment4,1,3.1999999999999886,3.1999999999999886,10.239999999999927
1476469200,D:\intelligent_transportation\data\lstm_sources\public\kddcup2017_china_tollgate\kdd2017_china_tollgate_20min.csv:kdd2017_t3_d1#segment4,1,-68.66666666666669,68.66666666666669,4715.111111111114
1476470400,D:\intelligent_transportation\data\lstm_sources\public\kddcup2017_china_tollgate\kdd2017_china_tollgate_20min.csv:kdd2017_t3_d1#segment4,1,-57.0,57.0,3249.0
1476471600,D:\intelligent_transportation\data\lstm_sources\public\kddcup2017_china_tollgate\kdd2017_china_tollgate_20min.csv:kdd2017_t3_d1#segment4,1,7.133333333333326,7.133333333333326,50.884444444444334
1476472800,D:\intelligent_transportation\data\lstm_sources\public\kddcup2017_china_tollgate\kdd2017_china_tollgate_20min.csv:kdd2017_t3_d1#segment4,1,23.799999999999997,23.799999999999997,566.4399999999998
1476474000,D:\intelligent_transportation\data\lstm_sources\public\kddcup2017_china_tollgate\kdd2017_china_tollgate_20min.csv:kdd2017_t3_d1#segment4,1,37.53333333333333,37.53333333333333,1408.751111111111
1476475200,D:\intelligent_transportation\data\lstm_sources\public\kddcup2017_china_tollgate\kdd2017_china_tollgate_20min.csv:kdd2017_t3_d1#segment4,1,26.200000000000003,26.200000000000003,686.4400000000002
1476476400,D:\intelligent_transportation\data\lstm_sources\public\kddcup2017_china_tollgate\kdd2017_china_tollgate_20min.csv:kdd2017_t3_d1#segment4,1,-4.066666666666663,4.066666666666663,16.537777777777748
1476477600,D:\intelligent_transportation\data\lstm_sources\public\kddcup2017_china_tollgate\kdd2017_china_tollgate_20min.csv:kdd2017_t3_d1#segment4,1,-0.5333333333333385,0.5333333333333385,0.28444444444445
1476478800,D:\intelligent_transportation\data\lstm_sources\public\kddcup2017_china_tollgate\kdd2017_china_tollgate_20min.csv:kdd2017_t3_d1#segment4,1,-3.13333333333334,3.13333333333334,9.817777777777819
1476480000,D:\intelligent_transportation\data\lstm_sources\public\kddcup2017_china_tollgate\kdd2017_china_tollgate_20min.csv:kdd2017_t3_d1#segment4,1,0.7999999999999972,0.7999999999999972,0.6399999999999955
1476481200,D:\intelligent_transportation\data\lstm_sources\public\kddcup2017_china_tollgate\kdd2017_china_tollgate_20min.csv:kdd2017_t3_d1#segment4,1,-2.5333333333333385,2.5333333333333385,6.417777777777804
1476482400,D:\intelligent_transportation\data\lstm_sources\public\kddcup2017_china_tollgate\kdd2017_china_tollgate_20min.csv:kdd2017_t3_d1#segment4,1,-11.466666666666661,11.466666666666661,131.48444444444434
1476483600,D:\intelligent_transportation\data\lstm_sources\public\kddcup2017_china_tollgate\kdd2017_china_tollgate_20min.csv:kdd2017_t3_d1#segment4,1,7.5333333333333385,7.5333333333333385,56.75111111111119
1476484800,D:\intelligent_transportation\data\lstm_sources\public\kddcup2017_china_tollgate\kdd2017_china_tollgate_20min.csv:kdd2017_t3_d1#segment4,1,0.7999999999999972,0.7999999999999972,0.6399999999999955
1476486000,D:\intelligent_transportation\data\lstm_sources\public\kddcup2017_china_tollgate\kdd2017_china_tollgate_20min.csv:kdd2017_t3_d1#segment4,1,-7.200000000000003,7.200000000000003,51.84000000000004
1476487200,D:\intelligent_transportation\data\lstm_sources\public\kddcup2017_china_tollgate\kdd2017_china_tollgate_20min.csv:kdd2017_t3_d1#segment4,1,8.0,8.0,64.0
1476488400,D:\intelligent_transportation\data\lstm_sources\public\kddcup2017_china_tollgate\kdd2017_china_tollgate_20min.csv:kdd2017_t3_d1#segment4,1,-7.800000000000004,7.800000000000004,60.84000000000007
1476489600,D:\intelligent_transportation\data\lstm_sources\public\kddcup2017_china_tollgate\kdd2017_china_tollgate_20min.csv:kdd2017_t3_d1#segment4,1,157.8,157.8,24900.840000000004
1476490800,D:\intelligent_transportation\data\lstm_sources\public\kddcup2017_china_tollgate\kdd2017_china_tollgate_20min.csv:kdd2017_t3_d1#segment4,1,-11.599999999999994,11.599999999999994,134.55999999999986
1476492000,D:\intelligent_transportation\data\lstm_sources\public\kddcup2017_china_tollgate\kdd2017_china_tollgate_20min.csv:kdd2017_t3_d1#segment4,1,-56.19999999999999,56.19999999999999,3158.4399999999987
1476493200,D:\intelligent_transportation\data\lstm_sources\public\kddcup2017_china_tollgate\kdd2017_china_tollgate_20min.csv:kdd2017_t3_d1#segment4,1,-127.60000000000002,127.60000000000002,16281.760000000006
1476494400,D:\intelligent_transportation\data\lstm_sources\public\kddcup2017_china_tollgate\kdd2017_china_tollgate_20min.csv:kdd2017_t3_d1#segment4,1,-66.86666666666667,66.86666666666667,4471.151111111112
1476495600,D:\intelligent_transportation\data\lstm_sources\public\kddcup2017_china_tollgate\kdd2017_china_tollgate_20min.csv:kdd2017_t3_d1#segment4,1,-4.799999999999983,4.799999999999983,23.039999999999836
1476496800,D:\intelligent_transportation\data\lstm_sources\public\kddcup2017_china_tollgate\kdd2017_china_tollgate_20min.csv:kdd2017_t3_d1#segment4,1,59.93333333333334,59.93333333333334,3592.0044444444447
1476498000,D:\intelligent_transportation\data\lstm_sources\public\kddcup2017_china_tollgate\kdd2017_china_tollgate_20min.csv:kdd2017_t3_d1#segment4,1,41.533333333333346,41.533333333333346,1725.0177777777787
1476499200,D:\intelligent_transportation\data\lstm_sources\public\kddcup2017_china_tollgate\kdd2017_china_tollgate_20min.csv:kdd2017_t3_d1#segment4,1,24.333333333333343,24.333333333333343,592.1111111111115
1476500400,D:\intelligent_transportation\data\lstm_sources\public\kddcup2017_china_tollgate\kdd2017_china_tollgate_20min.csv:kdd2017_t3_d1#segment4,1,0.9333333333333327,0.9333333333333327,0.87111111111111
1476501600,D:\intelligent_transportation\data\lstm_sources\public\kddcup2017_china_tollgate\kdd2017_china_tollgate_20min.csv:kdd2017_t3_d1#segment4,1,0.33333333333333304,0.33333333333333304,0.11111111111111091
1476502800,D:\intelligent_transportation\data\lstm_sources\public\kddcup2017_china_tollgate\kdd2017_china_tollgate_20min.csv:kdd2017_t3_d1#segment4,1,-0.33333333333333304,0.33333333333333304,0.11111111111111091
1476504000,D:\intelligent_transportation\data\lstm_sources\public\kddcup2017_china_tollgate\kdd2017_china_tollgate_20min.csv:kdd2017_t3_d1#segment4,1,1.2666666666666666,1.2666666666666666,1.6044444444444443
1476505200,D:\intelligent_transportation\data\lstm_sources\public\kddcup2017_china_tollgate\kdd2017_china_tollgate_20min.csv:kdd2017_t3_d1#segment4,1,2.133333333333333,2.133333333333333,4.551111111111109
1476506400,D:\intelligent_transportation\data\lstm_sources\public\kddcup2017_china_tollgate\kdd2017_china_tollgate_20min.csv:kdd2017_t3_d1#segment4,1,0.5999999999999996,0.5999999999999996,0.3599999999999996
1476507600,D:\intelligent_transportation\data\lstm_sources\public\kddcup2017_china_tollgate\kdd2017_china_tollgate_20min.csv:kdd2017_t3_d1#segment4,1,6.933333333333334,6.933333333333334,48.071111111111115
1476508800,D:\intelligent_transportation\data\lstm_sources\public\kddcup2017_china_tollgate\kdd2017_china_tollgate_20min.csv:kdd2017_t3_d1#segment4,1,0.8000000000000007,0.8000000000000007,0.6400000000000011
1476510000,D:\intelligent_transportation\data\lstm_sources\public\kddcup2017_china_tollgate\kdd2017_china_tollgate_20min.csv:kdd2017_t3_d1#segment4,1,5.933333333333334,5.933333333333334,35.20444444444445
1476511200,D:\intelligent_transportation\data\lstm_sources\public\kddcup2017_china_tollgate\kdd2017_china_tollgate_20min.csv:kdd2017_t3_d1#segment4,1,-4.333333333333332,4.333333333333332,18.777777777777768
1476512400,D:\intelligent_transportation\data\lstm_sources\public\kddcup2017_china_tollgate\kdd2017_china_tollgate_20min.csv:kdd2017_t3_d1#segment4,1,17.733333333333334,17.733333333333334,314.47111111111116
1476513600,D:\intelligent_transportation\data\lstm_sources\public\kddcup2017_china_tollgate\kdd2017_china_tollgate_20min.csv:kdd2017_t3_d1#segment4,1,27.133333333333326,27.133333333333326,736.2177777777773
1476514800,D:\intelligent_transportation\data\lstm_sources\public\kddcup2017_china_tollgate\kdd2017_china_tollgate_20min.csv:kdd2017_t3_d1#segment4,1,-0.8666666666666742,0.8666666666666742,0.7511111111111243
1476516000,D:\intelligent_transportation\data\lstm_sources\public\kddcup2017_china_tollgate\kdd2017_china_tollgate_20min.csv:kdd2017_t3_d1#segment4,1,-11.533333333333331,11.533333333333331,133.01777777777772
1476517200,D:\intelligent_transportation\data\lstm_sources\public\kddcup2017_china_tollgate\kdd2017_china_tollgate_20min.csv:kdd2017_t3_d1#segment4,1,-2.4666666666666686,2.4666666666666686,6.084444444444454
1476518400,D:\intelligent_transportation\data\lstm_sources\public\kddcup2017_china_tollgate\kdd2017_china_tollgate_20min.csv:kdd2017_t3_d1#segment4,1,-9.666666666666671,9.666666666666671,93.44444444444454
1476519600,D:\intelligent_transportation\data\lstm_sources\public\kddcup2017_china_tollgate\kdd2017_china_tollgate_20min.csv:kdd2017_t3_d1#segment4,1,-8.333333333333343,8.333333333333343,69.4444444444446
1476520800,D:\intelligent_transportation\data\lstm_sources\public\kddcup2017_china_tollgate\kdd2017_china_tollgate_20min.csv:kdd2017_t3_d1#segment4,1,34.53333333333333,34.53333333333333,1192.551111111111
1476522000,D:\intelligent_transportation\data\lstm_sources\public\kddcup2017_china_tollgate\kdd2017_china_tollgate_20min.csv:kdd2017_t3_d1#segment4,1,-26.53333333333333,26.53333333333333,704.0177777777777
1476523200,D:\intelligent_transportation\data\lstm_sources\public\kddcup2017_china_tollgate\kdd2017_china_tollgate_20min.csv:kdd2017_t3_d1#segment4,1,-15.199999999999989,15.199999999999989,231.03999999999965
1476524400,D:\intelligent_transportation\data\lstm_sources\public\kddcup2017_china_tollgate\kdd2017_china_tollgate_20min.csv:kdd2017_t3_d1#segment4,1,-2.933333333333337,2.933333333333337,8.604444444444466
1476525600,D:\intelligent_transportation\data\lstm_sources\public\kddcup2017_china_tollgate\kdd2017_china_tollgate_20min.csv:kdd2017_t3_d1#segment4,1,-13.0,13.0,169.0
1476526800,D:\intelligent_transportation\data\lstm_sources\public\kddcup2017_china_tollgate\kdd2017_china_tollgate_20min.csv:kdd2017_t3_d1#segment4,1,-11.733333333333334,11.733333333333334,137.67111111111114
1476528000,D:\intelligent_transportation\data\lstm_sources\public\kddcup2017_china_tollgate\kdd2017_china_tollgate_20min.csv:kdd2017_t3_d1#segment4,1,18.933333333333337,18.933333333333337,358.47111111111127
1476529200,D:\intelligent_transportation\data\lstm_sources\public\kddcup2017_china_tollgate\kdd2017_china_tollgate_20min.csv:kdd2017_t3_d1#segment4,1,-19.733333333333334,19.733333333333334,389.4044444444445
1476530400,D:\intelligent_transportation\data\lstm_sources\public\kddcup2017_china_tollgate\kdd2017_china_tollgate_20min.csv:kdd2017_t3_d1#segment4,1,3.6666666666666714,3.6666666666666714,13.444444444444478
1476531600,D:\intelligent_transportation\data\lstm_sources\public\kddcup2017_china_tollgate\kdd2017_china_tollgate_20min.csv:kdd2017_t3_d1#segment4,1,-7.533333333333331,7.533333333333331,56.75111111111108
1476532800,D:\intelligent_transportation\data\lstm_sources\public\kddcup2017_china_tollgate\kdd2017_china_tollgate_20min.csv:kdd2017_t3_d1#segment4,1,20.066666666666677,20.066666666666677,402.67111111111154
1476534000,D:\intelligent_transportation\data\lstm_sources\public\kddcup2017_china_tollgate\kdd2017_china_tollgate_20min.csv:kdd2017_t3_d1#segment4,1,-8.533333333333331,8.533333333333331,72.81777777777775
1476535200,D:\intelligent_transportation\data\lstm_sources\public\kddcup2017_china_tollgate\kdd2017_china_tollgate_20min.csv:kdd2017_t3_d1#segment4,1,-9.066666666666663,9.066666666666663,82.20444444444438
1476536400,D:\intelligent_transportation\data\lstm_sources\public\kddcup2017_china_tollgate\kdd2017_china_tollgate_20min.csv:kdd2017_t3_d1#segment4,1,32.8,32.8,1075.84
1476537600,D:\intelligent_transportation\data\lstm_sources\public\kddcup2017_china_tollgate\kdd2017_china_tollgate_20min.csv:kdd2017_t3_d1#segment4,1,17.73333333333332,17.73333333333332,314.47111111111064
1476538800,D:\intelligent_transportation\data\lstm_sources\public\kddcup2017_china_tollgate\kdd2017_china_tollgate_20min.csv:kdd2017_t3_d1#segment4,1,-7.799999999999997,7.799999999999997,60.839999999999954
1476540000,D:\intelligent_transportation\data\lstm_sources\public\kddcup2017_china_tollgate\kdd2017_china_tollgate_20min.csv:kdd2017_t3_d1#segment4,1,-13.466666666666669,13.466666666666669,181.35111111111115
1476541200,D:\intelligent_transportation\data\lstm_sources\public\kddcup2017_china_tollgate\kdd2017_china_tollgate_20min.csv:kdd2017_t3_d1#segment4,1,-23.933333333333323,23.933333333333323,572.8044444444439
1476542400,D:\intelligent_transportation\data\lstm_sources\public\kddcup2017_china_tollgate\kdd2017_china_tollgate_20min.csv:kdd2017_t3_d1#segment4,1,-6.400000000000006,6.400000000000006,40.96000000000007
1476543600,D:\intelligent_transportation\data\lstm_sources\public\kddcup2017_china_tollgate\kdd2017_china_tollgate_20min.csv:kdd2017_t3_d1#segment4,1,24.0,24.0,576.0
1476544800,D:\intelligent_transportation\data\lstm_sources\public\kddcup2017_china_tollgate\kdd2017_china_tollgate_20min.csv:kdd2017_t3_d1#segment4,1,-5.666666666666671,5.666666666666671,32.111111111111164
1476546000,D:\intelligent_transportation\data\lstm_sources\public\kddcup2017_china_tollgate\kdd2017_china_tollgate_20min.csv:kdd2017_t3_d1#segment4,1,-0.5999999999999943,0.5999999999999943,0.35999999999999316
1476547200,D:\intelligent_transportation\data\lstm_sources\public\kddcup2017_china_tollgate\kdd2017_china_tollgate_20min.csv:kdd2017_t3_d1#segment4,1,-18.80000000000001,18.80000000000001,353.44000000000045
1476548400,D:\intelligent_transportation\data\lstm_sources\public\kddcup2017_china_tollgate\kdd2017_china_tollgate_20min.csv:kdd2017_t3_d1#segment4,1,-3.2666666666666657,3.2666666666666657,10.671111111111104
1476549600,D:\intelligent_transportation\data\lstm_sources\public\kddcup2017_china_tollgate\kdd2017_china_tollgate_20min.csv:kdd2017_t3_d1#segment4,1,-1.1333333333333258,1.1333333333333258,1.2844444444444272
1476550800,D:\intelligent_transportation\data\lstm_sources\public\kddcup2017_china_tollgate\kdd2017_china_tollgate_20min.csv:kdd2017_t3_d1#segment4,1,22.400000000000006,22.400000000000006,501.7600000000003
1476552000,D:\intelligent_transportation\data\lstm_sources\public\kddcup2017_china_tollgate\kdd2017_china_tollgate_20min.csv:kdd2017_t3_d1#segment4,1,-7.3999999999999915,7.3999999999999915,54.75999999999988
1476553200,D:\intelligent_transportation\data\lstm_sources\public\kddcup2017_china_tollgate\kdd2017_china_tollgate_20min.csv:kdd2017_t3_d1#segment4,1,-2.2666666666666657,2.2666666666666657,5.137777777777774
1476554400,D:\intelligent_transportation\data\lstm_sources\public\kddcup2017_china_tollgate\kdd2017_china_tollgate_20min.csv:kdd2017_t3_d1#segment4,1,2.4000000000000057,2.4000000000000057,5.760000000000027
1476555600,D:\intelligent_transportation\data\lstm_sources\public\kddcup2017_china_tollgate\kdd2017_china_tollgate_20min.csv:kdd2017_t3_d1#segment4,1,-3.5333333333333172,3.5333333333333172,12.48444444444433
1476556800,D:\intelligent_transportation\data\lstm_sources\public\kddcup2017_china_tollgate\kdd2017_china_tollgate_20min.csv:kdd2017_t3_d1#segment4,1,-3.066666666666663,3.066666666666663,9.40444444444442
1476558000,D:\intelligent_transportation\data\lstm_sources\public\kddcup2017_china_tollgate\kdd2017_china_tollgate_20min.csv:kdd2017_t3_d1#segment4,1,4.599999999999994,4.599999999999994,21.159999999999947
1476559200,D:\intelligent_transportation\data\lstm_sources\public\kddcup2017_china_tollgate\kdd2017_china_tollgate_20min.csv:kdd2017_t3_d1#segment4,1,-32.8,32.8,1075.84
1476560400,D:\intelligent_transportation\data\lstm_sources\public\kddcup2017_china_tollgate\kdd2017_china_tollgate_20min.csv:kdd2017_t3_d1#segment4,1,5.333333333333336,5.333333333333336,28.44444444444447
1476561600,D:\intelligent_transportation\data\lstm_sources\public\kddcup2017_china_tollgate\kdd2017_china_tollgate_20min.csv:kdd2017_t3_d1#segment4,1,22.53333333333333,22.53333333333333,507.751111111111
1476562800,D:\intelligent_transportation\data\lstm_sources\public\kddcup2017_china_tollgate\kdd2017_china_tollgate_20min.csv:kdd2017_t3_d1#segment4,1,-2.3999999999999915,2.3999999999999915,5.759999999999959
1476564000,D:\intelligent_transportation\data\lstm_sources\public\kddcup2017_china_tollgate\kdd2017_china_tollgate_20min.csv:kdd2017_t3_d1#segment4,1,1.6000000000000085,1.6000000000000085,2.560000000000027
1476565200,D:\intelligent_transportation\data\lstm_sources\public\kddcup2017_china_tollgate\kdd2017_china_tollgate_20min.csv:kdd2017_t3_d1#segment4,1,-8.133333333333333,8.133333333333333,66.1511111111111
1476566400,D:\intelligent_transportation\data\lstm_sources\public\kddcup2017_china_tollgate\kdd2017_china_tollgate_20min.csv:kdd2017_t3_d1#segment4,1,-12.666666666666657,12.666666666666657,160.4444444444442
1476567600,D:\intelligent_transportation\data\lstm_sources\public\kddcup2017_china_tollgate\kdd2017_china_tollgate_20min.csv:kdd2017_t3_d1#segment4,1,-1.3999999999999915,1.3999999999999915,1.9599999999999762
1476568800,D:\intelligent_transportation\data\lstm_sources\public\kddcup2017_china_tollgate\kdd2017_china_tollgate_20min.csv:kdd2017_t3_d1#segment4,1,3.79999999999999,3.79999999999999,14.439999999999925
1476570000,D:\intelligent_transportation\data\lstm_sources\public\kddcup2017_china_tollgate\kdd2017_china_tollgate_20min.csv:kdd2017_t3_d1#segment4,1,6.066666666666663,6.066666666666663,36.8044444444444
1476571200,D:\intelligent_transportation\data\lstm_sources\public\kddcup2017_china_tollgate\kdd2017_china_tollgate_20min.csv:kdd2017_t3_d1#segment4,1,8.800000000000004,8.800000000000004,77.44000000000007
1476572400,D:\intelligent_transportation\data\lstm_sources\public\kddcup2017_china_tollgate\kdd2017_china_tollgate_20min.csv:kdd2017_t3_d1#segment4,1,0.3333333333333357,0.3333333333333357,0.11111111111111269
1476573600,D:\intelligent_transportation\data\lstm_sources\public\kddcup2017_china_tollgate\kdd2017_china_tollgate_20min.csv:kdd2017_t3_d1#segment4,1,19.0,19.0,361.0
1476574800,D:\intelligent_transportation\data\lstm_sources\public\kddcup2017_china_tollgate\kdd2017_china_tollgate_20min.csv:kdd2017_t3_d1#segment4,1,-12.866666666666667,12.866666666666667,165.5511111111111
1476576000,D:\intelligent_transportation\data\lstm_sources\public\kddcup2017_china_tollgate\kdd2017_china_tollgate_20min.csv:kdd2017_t3_d1#segment4,1,120.13333333333333,120.13333333333333,14432.017777777775
1476577200,D:\intelligent_transportation\data\lstm_sources\public\kddcup2017_china_tollgate\kdd2017_china_tollgate_20min.csv:kdd2017_t3_d1#segment4,1,16.133333333333326,16.133333333333326,260.2844444444442
1476578400,D:\intelligent_transportation\data\lstm_sources\public\kddcup2017_china_tollgate\kdd2017_china_tollgate_20min.csv:kdd2017_t3_d1#segment4,1,-43.79999999999998,43.79999999999998,1918.4399999999985
1476579600,D:\intelligent_transportation\data\lstm_sources\public\kddcup2017_china_tollgate\kdd2017_china_tollgate_20min.csv:kdd2017_t3_d1#segment4,1,-127.33333333333334,127.33333333333334,16213.777777777781
1476580800,D:\intelligent_transportation\data\lstm_sources\public\kddcup2017_china_tollgate\kdd2017_china_tollgate_20min.csv:kdd2017_t3_d1#segment4,1,-68.13333333333333,68.13333333333333,4642.15111111111
1476582000,D:\intelligent_transportation\data\lstm_sources\public\kddcup2017_china_tollgate\kdd2017_china_tollgate_20min.csv:kdd2017_t3_d1#segment4,1,-10.0,10.0,100.0
1476583200,D:\intelligent_transportation\data\lstm_sources\public\kddcup2017_china_tollgate\kdd2017_china_tollgate_20min.csv:kdd2017_t3_d1#segment4,1,48.333333333333314,48.333333333333314,2336.1111111111095
1476584400,D:\intelligent_transportation\data\lstm_sources\public\kddcup2017_china_tollgate\kdd2017_china_tollgate_20min.csv:kdd2017_t3_d1#segment4,1,48.06666666666666,48.06666666666666,2310.404444444444
1476585600,D:\intelligent_transportation\data\lstm_sources\public\kddcup2017_china_tollgate\kdd2017_china_tollgate_20min.csv:kdd2017_t3_d1#segment4,1,27.799999999999997,27.799999999999997,772.8399999999998
1476586800,D:\intelligent_transportation\data\lstm_sources\public\kddcup2017_china_tollgate\kdd2017_china_tollgate_20min.csv:kdd2017_t3_d1#segment4,1,1.7333333333333334,1.7333333333333334,3.0044444444444447
1476588000,D:\intelligent_transportation\data\lstm_sources\public\kddcup2017_china_tollgate\kdd2017_china_tollgate_20min.csv:kdd2017_t3_d1#segment4,1,-4.4,4.4,19.360000000000003
1476589200,D:\intelligent_transportation\data\lstm_sources\public\kddcup2017_china_tollgate\kdd2017_china_tollgate_20min.csv:kdd2017_t3_d1#segment4,1,-0.9333333333333336,0.9333333333333336,0.8711111111111115
1476590400,D:\intelligent_transportation\data\lstm_sources\public\kddcup2017_china_tollgate\kdd2017_china_tollgate_20min.csv:kdd2017_t3_d1#segment4,1,-2.4000000000000004,2.4000000000000004,5.760000000000002
1476591600,D:\intelligent_transportation\data\lstm_sources\public\kddcup2017_china_tollgate\kdd2017_china_tollgate_20min.csv:kdd2017_t3_d1#segment4,1,2.666666666666668,2.666666666666668,7.111111111111118
1476592800,D:\intelligent_transportation\data\lstm_sources\public\kddcup2017_china_tollgate\kdd2017_china_tollgate_20min.csv:kdd2017_t3_d1#segment4,1,4.066666666666666,4.066666666666666,16.537777777777777
1476594000,D:\intelligent_transportation\data\lstm_sources\public\kddcup2017_china_tollgate\kdd2017_china_tollgate_20min.csv:kdd2017_t3_d1#segment4,1,8.066666666666666,8.066666666666666,65.07111111111111
1476595200,D:\intelligent_transportation\data\lstm_sources\public\kddcup2017_china_tollgate\kdd2017_china_tollgate_20min.csv:kdd2017_t3_d1#segment4,1,3.533333333333333,3.533333333333333,12.484444444444444
1476596400,D:\intelligent_transportation\data\lstm_sources\public\kddcup2017_china_tollgate\kdd2017_china_tollgate_20min.csv:kdd2017_t3_d1#segment4,1,0.8000000000000007,0.8000000000000007,0.6400000000000011
1476597600,D:\intelligent_transportation\data\lstm_sources\public\kddcup2017_china_tollgate\kdd2017_china_tollgate_20min.csv:kdd2017_t3_d1#segment4,1,3.3999999999999986,3.3999999999999986,11.55999999999999
1476598800,D:\intelligent_transportation\data\lstm_sources\public\kddcup2017_china_tollgate\kdd2017_china_tollgate_20min.csv:kdd2017_t3_d1#segment4,1,17.799999999999997,17.799999999999997,316.8399999999999
1476600000,D:\intelligent_transportation\data\lstm_sources\public\kddcup2017_china_tollgate\kdd2017_china_tollgate_20min.csv:kdd2017_t3_d1#segment4,1,-5.0,5.0,25.0
1476601200,D:\intelligent_transportation\data\lstm_sources\public\kddcup2017_china_tollgate\kdd2017_china_tollgate_20min.csv:kdd2017_t3_d1#segment4,1,-6.399999999999999,6.399999999999999,40.95999999999998
1476602400,D:\intelligent_transportation\data\lstm_sources\public\kddcup2017_china_tollgate\kdd2017_china_tollgate_20min.csv:kdd2017_t3_d1#segment4,1,0.0,0.0,0.0
1476603600,D:\intelligent_transportation\data\lstm_sources\public\kddcup2017_china_tollgate\kdd2017_china_tollgate_20min.csv:kdd2017_t3_d1#segment4,1,9.066666666666663,9.066666666666663,82.20444444444438
1476604800,D:\intelligent_transportation\data\lstm_sources\public\kddcup2017_china_tollgate\kdd2017_china_tollgate_20min.csv:kdd2017_t3_d1#segment4,1,19.066666666666663,19.066666666666663,363.53777777777765
1476606000,D:\intelligent_transportation\data\lstm_sources\public\kddcup2017_china_tollgate\kdd2017_china_tollgate_20min.csv:kdd2017_t3_d1#segment4,1,-3.3999999999999915,3.3999999999999915,11.559999999999942
1476607200,D:\intelligent_transportation\data\lstm_sources\public\kddcup2017_china_tollgate\kdd2017_china_tollgate_20min.csv:kdd2017_t3_d1#segment4,1,-10.0,10.0,100.0
1476608400,D:\intelligent_transportation\data\lstm_sources\public\kddcup2017_china_tollgate\kdd2017_china_tollgate_20min.csv:kdd2017_t3_d1#segment4,1,5.333333333333343,5.333333333333343,28.444444444444546
1476609600,D:\intelligent_transportation\data\lstm_sources\public\kddcup2017_china_tollgate\kdd2017_china_tollgate_20min.csv:kdd2017_t3_d1#segment4,1,-23.133333333333326,23.133333333333326,535.1511111111107
1476610800,D:\intelligent_transportation\data\lstm_sources\public\kddcup2017_china_tollgate\kdd2017_china_tollgate_20min.csv:kdd2017_t3_d1#segment4,1,-7.200000000000003,7.200000000000003,51.84000000000004
1476612000,D:\intelligent_transportation\data\lstm_sources\public\kddcup2017_china_tollgate\kdd2017_china_tollgate_20min.csv:kdd2017_t3_d1#segment4,1,4.400000000000006,4.400000000000006,19.36000000000005
1476613200,D:\intelligent_transportation\data\lstm_sources\public\kddcup2017_china_tollgate\kdd2017_china_tollgate_20min.csv:kdd2017_t3_d1#segment4,1,24.933333333333323,24.933333333333323,621.6711111111106
1476614400,D:\intelligent_transportation\data\lstm_sources\public\kddcup2017_china_tollgate\kdd2017_china_tollgate_20min.csv:kdd2017_t3_d1#segment4,1,-19.133333333333326,19.133333333333326,366.08444444444416
1476615600,D:\intelligent_transportation\data\lstm_sources\public\kddcup2017_china_tollgate\kdd2017_china_tollgate_20min.csv:kdd2017_t3_d1#segment4,1,-42.73333333333332,42.73333333333332,1826.1377777777766
1476616800,D:\intelligent_transportation\data\lstm_sources\public\kddcup2017_china_tollgate\kdd2017_china_tollgate_20min.csv:kdd2017_t3_d1#segment4,1,-7.3999999999999915,7.3999999999999915,54.75999999999988
1476618000,D:\intelligent_transportation\data\lstm_sources\public\kddcup2017_china_tollgate\kdd2017_china_tollgate_20min.csv:kdd2017_t3_d1#segment4,1,-30.53333333333333,30.53333333333333,932.2844444444444
1476619200,D:\intelligent_transportation\data\lstm_sources\public\kddcup2017_china_tollgate\kdd2017_china_tollgate_20min.csv:kdd2017_t3_d1#segment4,1,46.333333333333336,46.333333333333336,2146.777777777778
1476620400,D:\intelligent_transportation\data\lstm_sources\public\kddcup2017_china_tollgate\kdd2017_china_tollgate_20min.csv:kdd2017_t3_d1#segment4,1,20.933333333333337,20.933333333333337,438.2044444444446
1476621600,D:\intelligent_transportation\data\lstm_sources\public\kddcup2017_china_tollgate\kdd2017_china_tollgate_20min.csv:kdd2017_t3_d1#segment4,1,23.53333333333333,23.53333333333333,553.8177777777777
1476622800,D:\intelligent_transportation\data\lstm_sources\public\kddcup2017_china_tollgate\kdd2017_china_tollgate_20min.csv:kdd2017_t3_d1#segment4,1,21.0,21.0,441.0
1476624000,D:\intelligent_transportation\data\lstm_sources\public\kddcup2017_china_tollgate\kdd2017_china_tollgate_20min.csv:kdd2017_t3_d1#segment4,1,-11.066666666666663,11.066666666666663,122.47111111111103
1476625200,D:\intelligent_transportation\data\lstm_sources\public\kddcup2017_china_tollgate\kdd2017_china_tollgate_20min.csv:kdd2017_t3_d1#segment4,1,-1.8666666666666742,1.8666666666666742,3.4844444444444727
1476626400,D:\intelligent_transportation\data\lstm_sources\public\kddcup2017_china_tollgate\kdd2017_china_tollgate_20min.csv:kdd2017_t3_d1#segment4,1,-7.133333333333326,7.133333333333326,50.884444444444334
1476627600,D:\intelligent_transportation\data\lstm_sources\public\kddcup2017_china_tollgate\kdd2017_china_tollgate_20min.csv:kdd2017_t3_d1#segment4,1,-25.53333333333333,25.53333333333333,651.951111111111
1476628800,D:\intelligent_transportation\data\lstm_sources\public\kddcup2017_china_tollgate\kdd2017_china_tollgate_20min.csv:kdd2017_t3_d1#segment4,1,0.8000000000000114,0.8000000000000114,0.6400000000000182
1476630000,D:\intelligent_transportation\data\lstm_sources\public\kddcup2017_china_tollgate\kdd2017_china_tollgate_20min.csv:kdd2017_t3_d1#segment4,1,-5.9333333333333655,5.9333333333333655,35.204444444444825
1476631200,D:\intelligent_transportation\data\lstm_sources\public\kddcup2017_china_tollgate\kdd2017_china_tollgate_20min.csv:kdd2017_t3_d1#segment4,1,-11.799999999999983,11.799999999999983,139.2399999999996
1476632400,D:\intelligent_transportation\data\lstm_sources\public\kddcup2017_china_tollgate\kdd2017_china_tollgate_20min.csv:kdd2017_t3_d1#segment4,1,0.0,0.0,0.0
1476633600,D:\intelligent_transportation\data\lstm_sources\public\kddcup2017_china_tollgate\kdd2017_china_tollgate_20min.csv:kdd2017_t3_d1#segment4,1,9.733333333333348,9.733333333333348,94.73777777777808
1476634800,D:\intelligent_transportation\data\lstm_sources\public\kddcup2017_china_tollgate\kdd2017_china_tollgate_20min.csv:kdd2017_t3_d1#segment4,1,-14.133333333333354,14.133333333333354,199.7511111111117
1476636000,D:\intelligent_transportation\data\lstm_sources\public\kddcup2017_china_tollgate\kdd2017_china_tollgate_20min.csv:kdd2017_t3_d1#segment4,1,-23.46666666666667,23.46666666666667,550.6844444444446
1476637200,D:\intelligent_transportation\data\lstm_sources\public\kddcup2017_china_tollgate\kdd2017_china_tollgate_20min.csv:kdd2017_t3_d1#segment4,1,-11.666666666666671,11.666666666666671,136.11111111111123
1476638400,D:\intelligent_transportation\data\lstm_sources\public\kddcup2017_china_tollgate\kdd2017_china_tollgate_20min.csv:kdd2017_t3_d1#segment4,1,11.799999999999997,11.799999999999997,139.23999999999992
1476639600,D:\intelligent_transportation\data\lstm_sources\public\kddcup2017_china_tollgate\kdd2017_china_tollgate_20min.csv:kdd2017_t3_d1#segment4,1,9.133333333333326,9.133333333333326,83.41777777777764
1476640800,D:\intelligent_transportation\data\lstm_sources\public\kddcup2017_china_tollgate\kdd2017_china_tollgate_20min.csv:kdd2017_t3_d1#segment4,1,2.066666666666663,2.066666666666663,4.271111111111096
1476642000,D:\intelligent_transportation\data\lstm_sources\public\kddcup2017_china_tollgate\kdd2017_china_tollgate_20min.csv:kdd2017_t3_d1#segment4,1,24.200000000000003,24.200000000000003,585.6400000000001
1476643200,D:\intelligent_transportation\data\lstm_sources\public\kddcup2017_china_tollgate\kdd2017_china_tollgate_20min.csv:kdd2017_t3_d1#segment4,1,-17.266666666666666,17.266666666666666,298.1377777777777
1476644400,D:\intelligent_transportation\data\lstm_sources\public\kddcup2017_china_tollgate\kdd2017_china_tollgate_20min.csv:kdd2017_t3_d1#segment4,1,-13.933333333333323,13.933333333333323,194.1377777777775
1476645600,D:\intelligent_transportation\data\lstm_sources\public\kddcup2017_china_tollgate\kdd2017_china_tollgate_20min.csv:kdd2017_t3_d1#segment4,1,13.799999999999997,13.799999999999997,190.4399999999999
1476646800,D:\intelligent_transportation\data\lstm_sources\public\kddcup2017_china_tollgate\kdd2017_china_tollgate_20min.csv:kdd2017_t3_d1#segment4,1,7.400000000000006,7.400000000000006,54.76000000000008
1476648000,D:\intelligent_transportation\data\lstm_sources\public\kddcup2017_china_tollgate\kdd2017_china_tollgate_20min.csv:kdd2017_t3_d1#segment4,1,-11.933333333333323,11.933333333333323,142.4044444444442
1476649200,D:\intelligent_transportation\data\lstm_sources\public\kddcup2017_china_tollgate\kdd2017_china_tollgate_20min.csv:kdd2017_t3_d1#segment4,1,-6.066666666666677,6.066666666666677,36.80444444444457
1476650400,D:\intelligent_transportation\data\lstm_sources\public\kddcup2017_china_tollgate\kdd2017_china_tollgate_20min.csv:kdd2017_t3_d1#segment4,1,6.533333333333331,6.533333333333331,42.684444444444416
1476651600,D:\intelligent_transportation\data\lstm_sources\public\kddcup2017_china_tollgate\kdd2017_china_tollgate_20min.csv:kdd2017_t3_d1#segment4,1,-37.66666666666667,37.66666666666667,1418.777777777778
1476652800,D:\intelligent_transportation\data\lstm_sources\public\kddcup2017_china_tollgate\kdd2017_china_tollgate_20min.csv:kdd2017_t3_d1#segment4,1,16.066666666666663,16.066666666666663,258.13777777777767
1476654000,D:\intelligent_transportation\data\lstm_sources\public\kddcup2017_china_tollgate\kdd2017_china_tollgate_20min.csv:kdd2017_t3_d1#segment4,1,9.933333333333337,9.933333333333337,98.67111111111119
1476655200,D:\intelligent_transportation\data\lstm_sources\public\kddcup2017_china_tollgate\kdd2017_china_tollgate_20min.csv:kdd2017_t3_d1#segment4,1,0.20000000000000284,0.20000000000000284,0.04000000000000114
1476656400,D:\intelligent_transportation\data\lstm_sources\public\kddcup2017_china_tollgate\kdd2017_china_tollgate_20min.csv:kdd2017_t3_d1#segment4,1,9.0,9.0,81.0
1476657600,D:\intelligent_transportation\data\lstm_sources\public\kddcup2017_china_tollgate\kdd2017_china_tollgate_20min.csv:kdd2017_t3_d1#segment4,1,10.399999999999999,10.399999999999999,108.15999999999997
1476658800,D:\intelligent_transportation\data\lstm_sources\public\kddcup2017_china_tollgate\kdd2017_china_tollgate_20min.csv:kdd2017_t3_d1#segment4,1,-7.533333333333331,7.533333333333331,56.75111111111108
1476660000,D:\intelligent_transportation\data\lstm_sources\public\kddcup2017_china_tollgate\kdd2017_china_tollgate_20min.csv:kdd2017_t3_d1#segment4,1,4.866666666666667,4.866666666666667,23.68444444444445
1476661200,D:\intelligent_transportation\data\lstm_sources\public\kddcup2017_china_tollgate\kdd2017_china_tollgate_20min.csv:kdd2017_t3_d1#segment4,1,3.8000000000000007,3.8000000000000007,14.440000000000005
1476662400,D:\intelligent_transportation\data\lstm_sources\public\kddcup2017_china_tollgate\kdd2017_china_tollgate_20min.csv:kdd2017_t3_d1#segment4,1,135.4,135.4,18333.16
1476663600,D:\intelligent_transportation\data\lstm_sources\public\kddcup2017_china_tollgate\kdd2017_china_tollgate_20min.csv:kdd2017_t3_d1#segment4,1,12.666666666666686,12.666666666666686,160.4444444444449
1476664800,D:\intelligent_transportation\data\lstm_sources\public\kddcup2017_china_tollgate\kdd2017_china_tollgate_20min.csv:kdd2017_t3_d1#segment4,1,-45.19999999999999,45.19999999999999,2043.039999999999
1476666000,D:\intelligent_transportation\data\lstm_sources\public\kddcup2017_china_tollgate\kdd2017_china_tollgate_20min.csv:kdd2017_t3_d1#segment4,1,-131.86666666666667,131.86666666666667,17388.81777777778
1476667200,D:\intelligent_transportation\data\lstm_sources\public\kddcup2017_china_tollgate\kdd2017_china_tollgate_20min.csv:kdd2017_t3_d1#segment4,1,-70.33333333333334,70.33333333333334,4946.777777777779
1476668400,D:\intelligent_transportation\data\lstm_sources\public\kddcup2017_china_tollgate\kdd2017_china_tollgate_20min.csv:kdd2017_t3_d1#segment4,1,-15.200000000000017,15.200000000000017,231.04000000000053
1476669600,D:\intelligent_transportation\data\lstm_sources\public\kddcup2017_china_tollgate\kdd2017_china_tollgate_20min.csv:kdd2017_t3_d1#segment4,1,51.066666666666634,51.066666666666634,2607.8044444444413
1476670800,D:\intelligent_transportation\data\lstm_sources\public\kddcup2017_china_tollgate\kdd2017_china_tollgate_20min.csv:kdd2017_t3_d1#segment4,1,41.866666666666674,41.866666666666674,1752.8177777777785
1476672000,D:\intelligent_transportation\data\lstm_sources\public\kddcup2017_china_tollgate\kdd2017_china_tollgate_20min.csv:kdd2017_t3_d1#segment4,1,25.6,25.6,655.3600000000001
1476673200,D:\intelligent_transportation\data\lstm_sources\public\kddcup2017_china_tollgate\kdd2017_china_tollgate_20min.csv:kdd2017_t3_d1#segment4,1,9.0,9.0,81.0
1476674400,D:\intelligent_transportation\data\lstm_sources\public\kddcup2017_china_tollgate\kdd2017_china_tollgate_20min.csv:kdd2017_t3_d1#segment4,1,-2.0666666666666673,2.0666666666666673,4.2711111111111135
1476675600,D:\intelligent_transportation\data\lstm_sources\public\kddcup2017_china_tollgate\kdd2017_china_tollgate_20min.csv:kdd2017_t3_d1#segment4,1,4.133333333333333,4.133333333333333,17.08444444444444
1476676800,D:\intelligent_transportation\data\lstm_sources\public\kddcup2017_china_tollgate\kdd2017_china_tollgate_20min.csv:kdd2017_t3_d1#segment4,1,1.7333333333333325,1.7333333333333325,3.0044444444444416
1476678000,D:\intelligent_transportation\data\lstm_sources\public\kddcup2017_china_tollgate\kdd2017_china_tollgate_20min.csv:kdd2017_t3_d1#segment4,1,-2.5999999999999996,2.5999999999999996,6.759999999999998
1476679200,D:\intelligent_transportation\data\lstm_sources\public\kddcup2017_china_tollgate\kdd2017_china_tollgate_20min.csv:kdd2017_t3_d1#segment4,1,-1.1333333333333329,1.1333333333333329,1.2844444444444434
1476680400,D:\intelligent_transportation\data\lstm_sources\public\kddcup2017_china_tollgate\kdd2017_china_tollgate_20min.csv:kdd2017_t3_d1#segment4,1,0.13333333333333375,0.13333333333333375,0.01777777777777789
1476681600,D:\intelligent_transportation\data\lstm_sources\public\kddcup2017_china_tollgate\kdd2017_china_tollgate_20min.csv:kdd2017_t3_d1#segment4,1,2.666666666666667,2.666666666666667,7.1111111111111125
1476682800,D:\intelligent_transportation\data\lstm_sources\public\kddcup2017_china_tollgate\kdd2017_china_tollgate_20min.csv:kdd2017_t3_d1#segment4,1,6.866666666666667,6.866666666666667,47.15111111111112
1476684000,D:\intelligent_transportation\data\lstm_sources\public\kddcup2017_china_tollgate\kdd2017_china_tollgate_20min.csv:kdd2017_t3_d1#segment4,1,18.333333333333336,18.333333333333336,336.1111111111112
1476685200,D:\intelligent_transportation\data\lstm_sources\public\kddcup2017_china_tollgate\kdd2017_china_tollgate_20min.csv:kdd2017_t3_d1#segment4,1,12.06666666666667,12.06666666666667,145.6044444444445
1476686400,D:\intelligent_transportation\data\lstm_sources\public\kddcup2017_china_tollgate\kdd2017_china_tollgate_20min.csv:kdd2017_t3_d1#segment4,1,4.866666666666667,4.866666666666667,23.68444444444445
1476687600,D:\intelligent_transportation\data\lstm_sources\public\kddcup2017_china_tollgate\kdd2017_china_tollgate_20min.csv:kdd2017_t3_d1#segment4,1,28.999999999999993,28.999999999999993,840.9999999999995
1476688800,D:\intelligent_transportation\data\lstm_sources\public\kddcup2017_china_tollgate\kdd2017_china_tollgate_20min.csv:kdd2017_t3_d1#segment4,1,22.400000000000006,22.400000000000006,501.7600000000003
1476690000,D:\intelligent_transportation\data\lstm_sources\public\kddcup2017_china_tollgate\kdd2017_china_tollgate_20min.csv:kdd2017_t3_d1#segment4,1,-17.13333333333334,17.13333333333334,293.5511111111113
1476691200,D:\intelligent_transportation\data\lstm_sources\public\kddcup2017_china_tollgate\kdd2017_china_tollgate_20min.csv:kdd2017_t3_d1#segment4,1,-8.466666666666669,8.466666666666669,71.68444444444448
1476692400,D:\intelligent_transportation\data\lstm_sources\public\kddcup2017_china_tollgate\kdd2017_china_tollgate_20min.csv:kdd2017_t3_d1#segment4,1,1.26666666666668,1.26666666666668,1.604444444444478
1476693600,D:\intelligent_transportation\data\lstm_sources\public\kddcup2017_china_tollgate\kdd2017_china_tollgate_20min.csv:kdd2017_t3_d1#segment4,1,-12.599999999999994,12.599999999999994,158.75999999999985
1476694800,D:\intelligent_transportation\data\lstm_sources\public\kddcup2017_china_tollgate\kdd2017_china_tollgate_20min.csv:kdd2017_t3_d1#segment4,1,-28.53333333333333,28.53333333333333,814.151111111111
1476696000,D:\intelligent_transportation\data\lstm_sources\public\kddcup2017_china_tollgate\kdd2017_china_tollgate_20min.csv:kdd2017_t3_d1#segment4,1,-20.19999999999999,20.19999999999999,408.03999999999957
1476697200,D:\intelligent_transportation\data\lstm_sources\public\kddcup2017_china_tollgate\kdd2017_china_tollgate_20min.csv:kdd2017_t3_d1#segment4,1,-47.53333333333333,47.53333333333333,2259.4177777777777
1476698400,D:\intelligent_transportation\data\lstm_sources\public\kddcup2017_china_tollgate\kdd2017_china_tollgate_20min.csv:kdd2017_t3_d1#segment4,1,-42.266666666666666,42.266666666666666,1786.471111111111
1476699600,D:\intelligent_transportation\data\lstm_sources\public\kddcup2017_china_tollgate\kdd2017_china_tollgate_20min.csv:kdd2017_t3_d1#segment4,1,-1.0666666666666913,1.0666666666666913,1.1377777777778304
1476700800,D:\intelligent_transportation\data\lstm_sources\public\kddcup2017_china_tollgate\kdd2017_china_tollgate_20min.csv:kdd2017_t3_d1#segment4,1,26.999999999999986,26.999999999999986,728.9999999999992
1476702000,D:\intelligent_transportation\data\lstm_sources\public\kddcup2017_china_tollgate\kdd2017_china_tollgate_20min.csv:kdd2017_t3_d1#segment4,1,22.799999999999983,22.799999999999983,519.8399999999992
1476703200,D:\intelligent_transportation\data\lstm_sources\public\kddcup2017_china_tollgate\kdd2017_china_tollgate_20min.csv:kdd2017_t3_d1#segment4,1,21.199999999999996,21.199999999999996,449.4399999999998
1476704400,D:\intelligent_transportation\data\lstm_sources\public\kddcup2017_china_tollgate\kdd2017_china_tollgate_20min.csv:kdd2017_t3_d1#segment4,1,-0.3333333333333286,0.3333333333333286,0.11111111111110795
1476705600,D:\intelligent_transportation\data\lstm_sources\public\kddcup2017_china_tollgate\kdd2017_china_tollgate_20min.csv:kdd2017_t3_d1#segment4,1,2.3999999999999915,2.3999999999999915,5.759999999999959
1476706800,D:\intelligent_transportation\data\lstm_sources\public\kddcup2017_china_tollgate\kdd2017_china_tollgate_20min.csv:kdd2017_t3_d1#segment4,1,1.0666666666666629,1.0666666666666629,1.1377777777777698
1476708000,D:\intelligent_transportation\data\lstm_sources\public\kddcup2017_china_tollgate\kdd2017_china_tollgate_20min.csv:kdd2017_t3_d1#segment4,1,39.400000000000006,39.400000000000006,1552.3600000000004
1476709200,D:\intelligent_transportation\data\lstm_sources\public\kddcup2017_china_tollgate\kdd2017_china_tollgate_20min.csv:kdd2017_t3_d1#segment4,1,29.599999999999994,29.599999999999994,876.1599999999996
1476710400,D:\intelligent_transportation\data\lstm_sources\public\kddcup2017_china_tollgate\kdd2017_china_tollgate_20min.csv:kdd2017_t3_d1#segment4,1,-34.8,34.8,1211.0399999999997
1476711600,D:\intelligent_transportation\data\lstm_sources\public\kddcup2017_china_tollgate\kdd2017_china_tollgate_20min.csv:kdd2017_t3_d1#segment4,1,-47.599999999999994,47.599999999999994,2265.7599999999993
1476712800,D:\intelligent_transportation\data\lstm_sources\public\kddcup2017_china_tollgate\kdd2017_china_tollgate_20min.csv:kdd2017_t3_d1#segment4,1,-21.733333333333334,21.733333333333334,472.33777777777783
1476714000,D:\intelligent_transportation\data\lstm_sources\public\kddcup2017_china_tollgate\kdd2017_china_tollgate_20min.csv:kdd2017_t3_d1#segment4,1,6.0,6.0,36.0
1476715200,D:\intelligent_transportation\data\lstm_sources\public\kddcup2017_china_tollgate\kdd2017_china_tollgate_20min.csv:kdd2017_t3_d1#segment4,1,38.06666666666667,38.06666666666667,1449.0711111111113
1476716400,D:\intelligent_transportation\data\lstm_sources\public\kddcup2017_china_tollgate\kdd2017_china_tollgate_20min.csv:kdd2017_t3_d1#segment4,1,17.19999999999999,17.19999999999999,295.83999999999963
1476717600,D:\intelligent_transportation\data\lstm_sources\public\kddcup2017_china_tollgate\kdd2017_china_tollgate_20min.csv:kdd2017_t3_d1#segment4,1,26.266666666666666,26.266666666666666,689.9377777777777
1476718800,D:\intelligent_transportation\data\lstm_sources\public\kddcup2017_china_tollgate\kdd2017_china_tollgate_20min.csv:kdd2017_t3_d1#segment4,1,-32.599999999999994,32.599999999999994,1062.7599999999995
1476720000,D:\intelligent_transportation\data\lstm_sources\public\kddcup2017_china_tollgate\kdd2017_china_tollgate_20min.csv:kdd2017_t3_d1#segment4,1,-21.333333333333343,21.333333333333343,455.11111111111154
1476721200,D:\intelligent_transportation\data\lstm_sources\public\kddcup2017_china_tollgate\kdd2017_china_tollgate_20min.csv:kdd2017_t3_d1#segment4,1,-6.3999999999999915,6.3999999999999915,40.959999999999894
1476722400,D:\intelligent_transportation\data\lstm_sources\public\kddcup2017_china_tollgate\kdd2017_china_tollgate_20min.csv:kdd2017_t3_d1#segment4,1,-1.5333333333333314,1.5333333333333314,2.351111111111105
1476723600,D:\intelligent_transportation\data\lstm_sources\public\kddcup2017_china_tollgate\kdd2017_china_tollgate_20min.csv:kdd2017_t3_d1#segment4,1,-6.866666666666674,6.866666666666674,47.15111111111121
1476724800,D:\intelligent_transportation\data\lstm_sources\public\kddcup2017_china_tollgate\kdd2017_china_tollgate_20min.csv:kdd2017_t3_d1#segment4,1,8.199999999999989,8.199999999999989,67.23999999999981
1476726000,D:\intelligent_transportation\data\lstm_sources\public\kddcup2017_china_tollgate\kdd2017_china_tollgate_20min.csv:kdd2017_t3_d1#segment4,1,3.8666666666666742,3.8666666666666742,14.95111111111117
1476727200,D:\intelligent_transportation\data\lstm_sources\public\kddcup2017_china_tollgate\kdd2017_china_tollgate_20min.csv:kdd2017_t3_d1#segment4,1,0.2666666666666657,0.2666666666666657,0.07111111111111061
1476728400,D:\intelligent_transportation\data\lstm_sources\public\kddcup2017_china_tollgate\kdd2017_china_tollgate_20min.csv:kdd2017_t3_d1#segment4,1,10.26666666666668,10.26666666666668,105.40444444444472
1476729600,D:\intelligent_transportation\data\lstm_sources\public\kddcup2017_china_tollgate\kdd2017_china_tollgate_20min.csv:kdd2017_t3_d1#segment4,1,-1.4000000000000057,1.4000000000000057,1.960000000000016
1476730800,D:\intelligent_transportation\data\lstm_sources\public\kddcup2017_china_tollgate\kdd2017_china_tollgate_20min.csv:kdd2017_t3_d1#segment4,1,-28.53333333333333,28.53333333333333,814.151111111111
1476732000,D:\intelligent_transportation\data\lstm_sources\public\kddcup2017_china_tollgate\kdd2017_china_tollgate_20min.csv:kdd2017_t3_d1#segment4,1,-16.0,16.0,256.0
1476733200,D:\intelligent_transportation\data\lstm_sources\public\kddcup2017_china_tollgate\kdd2017_china_tollgate_20min.csv:kdd2017_t3_d1#segment4,1,8.933333333333323,8.933333333333323,79.80444444444426
1476734400,D:\intelligent_transportation\data\lstm_sources\public\kddcup2017_china_tollgate\kdd2017_china_tollgate_20min.csv:kdd2017_t3_d1#segment4,1,11.133333333333333,11.133333333333333,123.9511111111111
1476735600,D:\intelligent_transportation\data\lstm_sources\public\kddcup2017_china_tollgate\kdd2017_china_tollgate_20min.csv:kdd2017_t3_d1#segment4,1,-11.0,11.0,121.0
1476736800,D:\intelligent_transportation\data\lstm_sources\public\kddcup2017_china_tollgate\kdd2017_china_tollgate_20min.csv:kdd2017_t3_d1#segment4,1,18.866666666666667,18.866666666666667,355.9511111111111
1476738000,D:\intelligent_transportation\data\lstm_sources\public\kddcup2017_china_tollgate\kdd2017_china_tollgate_20min.csv:kdd2017_t3_d1#segment4,1,-10.266666666666666,10.266666666666666,105.40444444444442
1476739200,D:\intelligent_transportation\data\lstm_sources\public\kddcup2017_china_tollgate\kdd2017_china_tollgate_20min.csv:kdd2017_t3_d1#segment4,1,2.3999999999999986,2.3999999999999986,5.759999999999994
1476740400,D:\intelligent_transportation\data\lstm_sources\public\kddcup2017_china_tollgate\kdd2017_china_tollgate_20min.csv:kdd2017_t3_d1#segment4,1,6.266666666666666,6.266666666666666,39.2711111111111
1476741600,D:\intelligent_transportation\data\lstm_sources\public\kddcup2017_china_tollgate\kdd2017_china_tollgate_20min.csv:kdd2017_t3_d1#segment4,1,1.0,1.0,1.0
1476742800,D:\intelligent_transportation\data\lstm_sources\public\kddcup2017_china_tollgate\kdd2017_china_tollgate_20min.csv:kdd2017_t3_d1#segment4,1,2.93333333333333,2.93333333333333,8.604444444444425
1476744000,D:\intelligent_transportation\data\lstm_sources\public\kddcup2017_china_tollgate\kdd2017_china_tollgate_20min.csv:kdd2017_t3_d1#segment4,1,18.400000000000006,18.400000000000006,338.56000000000023
1476745200,D:\intelligent_transportation\data\lstm_sources\public\kddcup2017_china_tollgate\kdd2017_china_tollgate_20min.csv:kdd2017_t3_d1#segment4,1,-12.8,12.8,163.84000000000003
1476746400,D:\intelligent_transportation\data\lstm_sources\public\kddcup2017_china_tollgate\kdd2017_china_tollgate_20min.csv:kdd2017_t3_d1#segment4,1,-1.6666666666666679,1.6666666666666679,2.7777777777777817
1476747600,D:\intelligent_transportation\data\lstm_sources\public\kddcup2017_china_tollgate\kdd2017_china_tollgate_20min.csv:kdd2017_t3_d1#segment4,1,10.6,10.6,112.36
