sample_id,series_id,horizon_step,residual,absolute_error,squared_error
1476379200,D:\intelligent_transportation\data\lstm_sources\public\kddcup2017_china_tollgate\kdd2017_china_tollgate_20min.csv:kdd2017_t1_d0#segment5,1,-9.0,9.0,81.0
1476380400,D:\intelligent_transportation\data\lstm_sources\public\kddcup2017_china_tollgate\kdd2017_china_tollgate_20min.csv:kdd2017_t1_d0#segment5,1,-6.0,6.0,36.0
1476381600,D:\intelligent_transportation\data\lstm_sources\public\kddcup2017_china_tollgate\kdd2017_china_tollgate_20min.csv:kdd2017_t1_d0#segment5,1,-5.0,5.0,25.0
1476382800,D:\intelligent_transportation\data\lstm_sources\public\kddcup2017_china_tollgate\kdd2017_china_tollgate_20min.csv:kdd2017_t1_d0#segment5,1,-1.0,1.0,1.0
1476384000,D:\intelligent_transportation\data\lstm_sources\public\kddcup2017_china_tollgate\kdd2017_china_tollgate_20min.csv:kdd2017_t1_d0#segment5,1,-10.0,10.0,100.0
1476385200,D:\intelligent_transportation\data\lstm_sources\public\kddcup2017_china_tollgate\kdd2017_china_tollgate_20min.csv:kdd2017_t1_d0#segment5,1,-6.0,6.0,36.0
1476386400,D:\intelligent_transportation\data\lstm_sources\public\kddcup2017_china_tollgate\kdd2017_china_tollgate_20min.csv:kdd2017_t1_d0#segment5,1,2.0,2.0,4.0
1476387600,D:\intelligent_transportation\data\lstm_sources\public\kddcup2017_china_tollgate\kdd2017_china_tollgate_20min.csv:kdd2017_t1_d0#segment5,1,2.0,2.0,4.0
1476388800,D:\intelligent_transportation\data\lstm_sources\public\kddcup2017_china_tollgate\kdd2017_china_tollgate_20min.csv:kdd2017_t1_d0#segment5,1,-4.0,4.0,16.0
1476390000,D:\intelligent_transportation\data\lstm_sources\public\kddcup2017_china_tollgate\kdd2017_china_tollgate_20min.csv:kdd2017_t1_d0#segment5,1,1.0,1.0,1.0
1476391200,D:\intelligent_transportation\data\lstm_sources\public\kddcup2017_china_tollgate\kdd2017_china_tollgate_20min.csv:kdd2017_t1_d0#segment5,1,0.0,0.0,0.0
1476392400,D:\intelligent_transportation\data\lstm_sources\public\kddcup2017_china_tollgate\kdd2017_china_tollgate_20min.csv:kdd2017_t1_d0#segment5,1,0.0,0.0,0.0
1476393600,D:\intelligent_transportation\data\lstm_sources\public\kddcup2017_china_tollgate\kdd2017_china_tollgate_20min.csv:kdd2017_t1_d0#segment5,1,0.0,0.0,0.0
1476394800,D:\intelligent_transportation\data\lstm_sources\public\kddcup2017_china_tollgate\kdd2017_china_tollgate_20min.csv:kdd2017_t1_d0#segment5,1,-2.0,2.0,4.0
1476396000,D:\intelligent_transportation\data\lstm_sources\public\kddcup2017_china_tollgate\kdd2017_china_tollgate_20min.csv:kdd2017_t1_d0#segment5,1,-7.0,7.0,49.0
1476397200,D:\intelligent_transportation\data\lstm_sources\public\kddcup2017_china_tollgate\kdd2017_china_tollgate_20min.csv:kdd2017_t1_d0#segment5,1,2.0,2.0,4.0
1476398400,D:\intelligent_transportation\data\lstm_sources\public\kddcup2017_china_tollgate\kdd2017_china_tollgate_20min.csv:kdd2017_t1_d0#segment5,1,-5.0,5.0,25.0
1476399600,D:\intelligent_transportation\data\lstm_sources\public\kddcup2017_china_tollgate\kdd2017_china_tollgate_20min.csv:kdd2017_t1_d0#segment5,1,-3.0,3.0,9.0
1476400800,D:\intelligent_transportation\data\lstm_sources\public\kddcup2017_china_tollgate\kdd2017_china_tollgate_20min.csv:kdd2017_t1_d0#segment5,1,8.0,8.0,64.0
1476402000,D:\intelligent_transportation\data\lstm_sources\public\kddcup2017_china_tollgate\kdd2017_china_tollgate_20min.csv:kdd2017_t1_d0#segment5,1,-2.0,2.0,4.0
1476403200,D:\intelligent_transportation\data\lstm_sources\public\kddcup2017_china_tollgate\kdd2017_china_tollgate_20min.csv:kdd2017_t1_d0#segment5,1,6.0,6.0,36.0
1476404400,D:\intelligent_transportation\data\lstm_sources\public\kddcup2017_china_tollgate\kdd2017_china_tollgate_20min.csv:kdd2017_t1_d0#segment5,1,0.0,0.0,0.0
1476405600,D:\intelligent_transportation\data\lstm_sources\public\kddcup2017_china_tollgate\kdd2017_china_tollgate_20min.csv:kdd2017_t1_d0#segment5,1,-7.0,7.0,49.0
1476406800,D:\intelligent_transportation\data\lstm_sources\public\kddcup2017_china_tollgate\kdd2017_china_tollgate_20min.csv:kdd2017_t1_d0#segment5,1,-2.0,2.0,4.0
1476408000,D:\intelligent_transportation\data\lstm_sources\public\kddcup2017_china_tollgate\kdd2017_china_tollgate_20min.csv:kdd2017_t1_d0#segment5,1,5.0,5.0,25.0
1476409200,D:\intelligent_transportation\data\lstm_sources\public\kddcup2017_china_tollgate\kdd2017_china_tollgate_20min.csv:kdd2017_t1_d0#segment5,1,1.0,1.0,1.0
1476410400,D:\intelligent_transportation\data\lstm_sources\public\kddcup2017_china_tollgate\kdd2017_china_tollgate_20min.csv:kdd2017_t1_d0#segment5,1,-5.0,5.0,25.0
1476411600,D:\intelligent_transportation\data\lstm_sources\public\kddcup2017_china_tollgate\kdd2017_china_tollgate_20min.csv:kdd2017_t1_d0#segment5,1,-2.0,2.0,4.0
1476412800,D:\intelligent_transportation\data\lstm_sources\public\kddcup2017_china_tollgate\kdd2017_china_tollgate_20min.csv:kdd2017_t1_d0#segment5,1,7.0,7.0,49.0
1476414000,D:\intelligent_transportation\data\lstm_sources\public\kddcup2017_china_tollgate\kdd2017_china_tollgate_20min.csv:kdd2017_t1_d0#segment5,1,-8.0,8.0,64.0
1476415200,D:\intelligent_transportation\data\lstm_sources\public\kddcup2017_china_tollgate\kdd2017_china_tollgate_20min.csv:kdd2017_t1_d0#segment5,1,-1.0,1.0,1.0
1476416400,D:\intelligent_transportation\data\lstm_sources\public\kddcup2017_china_tollgate\kdd2017_china_tollgate_20min.csv:kdd2017_t1_d0#segment5,1,5.0,5.0,25.0
1476417600,D:\intelligent_transportation\data\lstm_sources\public\kddcup2017_china_tollgate\kdd2017_china_tollgate_20min.csv:kdd2017_t1_d0#segment5,1,4.0,4.0,16.0
1476418800,D:\intelligent_transportation\data\lstm_sources\public\kddcup2017_china_tollgate\kdd2017_china_tollgate_20min.csv:kdd2017_t1_d0#segment5,1,1.0,1.0,1.0
1476420000,D:\intelligent_transportation\data\lstm_sources\public\kddcup2017_china_tollgate\kdd2017_china_tollgate_20min.csv:kdd2017_t1_d0#segment5,1,-7.0,7.0,49.0
1476421200,D:\intelligent_transportation\data\lstm_sources\public\kddcup2017_china_tollgate\kdd2017_china_tollgate_20min.csv:kdd2017_t1_d0#segment5,1,-3.0,3.0,9.0
1476422400,D:\intelligent_transportation\data\lstm_sources\public\kddcup2017_china_tollgate\kdd2017_china_tollgate_20min.csv:kdd2017_t1_d0#segment5,1,4.0,4.0,16.0
1476423600,D:\intelligent_transportation\data\lstm_sources\public\kddcup2017_china_tollgate\kdd2017_china_tollgate_20min.csv:kdd2017_t1_d0#segment5,1,1.0,1.0,1.0
1476424800,D:\intelligent_transportation\data\lstm_sources\public\kddcup2017_china_tollgate\kdd2017_china_tollgate_20min.csv:kdd2017_t1_d0#segment5,1,6.0,6.0,36.0
1476426000,D:\intelligent_transportation\data\lstm_sources\public\kddcup2017_china_tollgate\kdd2017_china_tollgate_20min.csv:kdd2017_t1_d0#segment5,1,6.0,6.0,36.0
1476427200,D:\intelligent_transportation\data\lstm_sources\public\kddcup2017_china_tollgate\kdd2017_china_tollgate_20min.csv:kdd2017_t1_d0#segment5,1,0.0,0.0,0.0
1476428400,D:\intelligent_transportation\data\lstm_sources\public\kddcup2017_china_tollgate\kdd2017_china_tollgate_20min.csv:kdd2017_t1_d0#segment5,1,3.0,3.0,9.0
1476429600,D:\intelligent_transportation\data\lstm_sources\public\kddcup2017_china_tollgate\kdd2017_china_tollgate_20min.csv:kdd2017_t1_d0#segment5,1,5.0,5.0,25.0
1476430800,D:\intelligent_transportation\data\lstm_sources\public\kddcup2017_china_tollgate\kdd2017_china_tollgate_20min.csv:kdd2017_t1_d0#segment5,1,2.0,2.0,4.0
1476432000,D:\intelligent_transportation\data\lstm_sources\public\kddcup2017_china_tollgate\kdd2017_china_tollgate_20min.csv:kdd2017_t1_d0#segment5,1,4.0,4.0,16.0
1476433200,D:\intelligent_transportation\data\lstm_sources\public\kddcup2017_china_tollgate\kdd2017_china_tollgate_20min.csv:kdd2017_t1_d0#segment5,1,25.0,25.0,625.0
1476434400,D:\intelligent_transportation\data\lstm_sources\public\kddcup2017_china_tollgate\kdd2017_china_tollgate_20min.csv:kdd2017_t1_d0#segment5,1,-13.0,13.0,169.0
1476435600,D:\intelligent_transportation\data\lstm_sources\public\kddcup2017_china_tollgate\kdd2017_china_tollgate_20min.csv:kdd2017_t1_d0#segment5,1,-2.0,2.0,4.0
1476436800,D:\intelligent_transportation\data\lstm_sources\public\kddcup2017_china_tollgate\kdd2017_china_tollgate_20min.csv:kdd2017_t1_d0#segment5,1,4.0,4.0,16.0
1476438000,D:\intelligent_transportation\data\lstm_sources\public\kddcup2017_china_tollgate\kdd2017_china_tollgate_20min.csv:kdd2017_t1_d0#segment5,1,-3.0,3.0,9.0
1476439200,D:\intelligent_transportation\data\lstm_sources\public\kddcup2017_china_tollgate\kdd2017_china_tollgate_20min.csv:kdd2017_t1_d0#segment5,1,8.0,8.0,64.0
1476440400,D:\intelligent_transportation\data\lstm_sources\public\kddcup2017_china_tollgate\kdd2017_china_tollgate_20min.csv:kdd2017_t1_d0#segment5,1,-6.0,6.0,36.0
1476441600,D:\intelligent_transportation\data\lstm_sources\public\kddcup2017_china_tollgate\kdd2017_china_tollgate_20min.csv:kdd2017_t1_d0#segment5,1,-4.0,4.0,16.0
1476442800,D:\intelligent_transportation\data\lstm_sources\public\kddcup2017_china_tollgate\kdd2017_china_tollgate_20min.csv:kdd2017_t1_d0#segment5,1,0.0,0.0,0.0
1476444000,D:\intelligent_transportation\data\lstm_sources\public\kddcup2017_china_tollgate\kdd2017_china_tollgate_20min.csv:kdd2017_t1_d0#segment5,1,-2.0,2.0,4.0
1476445200,D:\intelligent_transportation\data\lstm_sources\public\kddcup2017_china_tollgate\kdd2017_china_tollgate_20min.csv:kdd2017_t1_d0#segment5,1,0.0,0.0,0.0
1476446400,D:\intelligent_transportation\data\lstm_sources\public\kddcup2017_china_tollgate\kdd2017_china_tollgate_20min.csv:kdd2017_t1_d0#segment5,1,-17.0,17.0,289.0
1476447600,D:\intelligent_transportation\data\lstm_sources\public\kddcup2017_china_tollgate\kdd2017_china_tollgate_20min.csv:kdd2017_t1_d0#segment5,1,18.0,18.0,324.0
1476448800,D:\intelligent_transportation\data\lstm_sources\public\kddcup2017_china_tollgate\kdd2017_china_tollgate_20min.csv:kdd2017_t1_d0#segment5,1,12.0,12.0,144.0
1476450000,D:\intelligent_transportation\data\lstm_sources\public\kddcup2017_china_tollgate\kdd2017_china_tollgate_20min.csv:kdd2017_t1_d0#segment5,1,4.0,4.0,16.0
1476451200,D:\intelligent_transportation\data\lstm_sources\public\kddcup2017_china_tollgate\kdd2017_china_tollgate_20min.csv:kdd2017_t1_d0#segment5,1,-5.0,5.0,25.0
1476452400,D:\intelligent_transportation\data\lstm_sources\public\kddcup2017_china_tollgate\kdd2017_china_tollgate_20min.csv:kdd2017_t1_d0#segment5,1,-9.0,9.0,81.0
1476453600,D:\intelligent_transportation\data\lstm_sources\public\kddcup2017_china_tollgate\kdd2017_china_tollgate_20min.csv:kdd2017_t1_d0#segment5,1,22.0,22.0,484.0
1476454800,D:\intelligent_transportation\data\lstm_sources\public\kddcup2017_china_tollgate\kdd2017_china_tollgate_20min.csv:kdd2017_t1_d0#segment5,1,0.0,0.0,0.0
1476456000,D:\intelligent_transportation\data\lstm_sources\public\kddcup2017_china_tollgate\kdd2017_china_tollgate_20min.csv:kdd2017_t1_d0#segment5,1,-16.0,16.0,256.0
1476457200,D:\intelligent_transportation\data\lstm_sources\public\kddcup2017_china_tollgate\kdd2017_china_tollgate_20min.csv:kdd2017_t1_d0#segment5,1,26.0,26.0,676.0
1476458400,D:\intelligent_transportation\data\lstm_sources\public\kddcup2017_china_tollgate\kdd2017_china_tollgate_20min.csv:kdd2017_t1_d0#segment5,1,-10.0,10.0,100.0
1476459600,D:\intelligent_transportation\data\lstm_sources\public\kddcup2017_china_tollgate\kdd2017_china_tollgate_20min.csv:kdd2017_t1_d0#segment5,1,4.0,4.0,16.0
1476460800,D:\intelligent_transportation\data\lstm_sources\public\kddcup2017_china_tollgate\kdd2017_china_tollgate_20min.csv:kdd2017_t1_d0#segment5,1,-7.0,7.0,49.0
1476462000,D:\intelligent_transportation\data\lstm_sources\public\kddcup2017_china_tollgate\kdd2017_china_tollgate_20min.csv:kdd2017_t1_d0#segment5,1,8.0,8.0,64.0
1476463200,D:\intelligent_transportation\data\lstm_sources\public\kddcup2017_china_tollgate\kdd2017_china_tollgate_20min.csv:kdd2017_t1_d0#segment5,1,-9.0,9.0,81.0
1476464400,D:\intelligent_transportation\data\lstm_sources\public\kddcup2017_china_tollgate\kdd2017_china_tollgate_20min.csv:kdd2017_t1_d0#segment5,1,-18.0,18.0,324.0
1476465600,D:\intelligent_transportation\data\lstm_sources\public\kddcup2017_china_tollgate\kdd2017_china_tollgate_20min.csv:kdd2017_t1_d0#segment5,1,3.0,3.0,9.0
1476466800,D:\intelligent_transportation\data\lstm_sources\public\kddcup2017_china_tollgate\kdd2017_china_tollgate_20min.csv:kdd2017_t1_d0#segment5,1,-8.0,8.0,64.0
1476468000,D:\intelligent_transportation\data\lstm_sources\public\kddcup2017_china_tollgate\kdd2017_china_tollgate_20min.csv:kdd2017_t1_d0#segment5,1,-4.0,4.0,16.0
1476469200,D:\intelligent_transportation\data\lstm_sources\public\kddcup2017_china_tollgate\kdd2017_china_tollgate_20min.csv:kdd2017_t1_d0#segment5,1,-5.0,5.0,25.0
1476470400,D:\intelligent_transportation\data\lstm_sources\public\kddcup2017_china_tollgate\kdd2017_china_tollgate_20min.csv:kdd2017_t1_d0#segment5,1,13.0,13.0,169.0
1476471600,D:\intelligent_transportation\data\lstm_sources\public\kddcup2017_china_tollgate\kdd2017_china_tollgate_20min.csv:kdd2017_t1_d0#segment5,1,0.0,0.0,0.0
1476472800,D:\intelligent_transportation\data\lstm_sources\public\kddcup2017_china_tollgate\kdd2017_china_tollgate_20min.csv:kdd2017_t1_d0#segment5,1,-7.0,7.0,49.0
1476474000,D:\intelligent_transportation\data\lstm_sources\public\kddcup2017_china_tollgate\kdd2017_china_tollgate_20min.csv:kdd2017_t1_d0#segment5,1,-6.0,6.0,36.0
1476475200,D:\intelligent_transportation\data\lstm_sources\public\kddcup2017_china_tollgate\kdd2017_china_tollgate_20min.csv:kdd2017_t1_d0#segment5,1,2.0,2.0,4.0
1476476400,D:\intelligent_transportation\data\lstm_sources\public\kddcup2017_china_tollgate\kdd2017_china_tollgate_20min.csv:kdd2017_t1_d0#segment5,1,-11.0,11.0,121.0
1476477600,D:\intelligent_transportation\data\lstm_sources\public\kddcup2017_china_tollgate\kdd2017_china_tollgate_20min.csv:kdd2017_t1_d0#segment5,1,8.0,8.0,64.0
1476478800,D:\intelligent_transportation\data\lstm_sources\public\kddcup2017_china_tollgate\kdd2017_china_tollgate_20min.csv:kdd2017_t1_d0#segment5,1,-14.0,14.0,196.0
1476480000,D:\intelligent_transportation\data\lstm_sources\public\kddcup2017_china_tollgate\kdd2017_china_tollgate_20min.csv:kdd2017_t1_d0#segment5,1,3.0,3.0,9.0
1476481200,D:\intelligent_transportation\data\lstm_sources\public\kddcup2017_china_tollgate\kdd2017_china_tollgate_20min.csv:kdd2017_t1_d0#segment5,1,-4.0,4.0,16.0
1476482400,D:\intelligent_transportation\data\lstm_sources\public\kddcup2017_china_tollgate\kdd2017_china_tollgate_20min.csv:kdd2017_t1_d0#segment5,1,-1.0,1.0,1.0
1476483600,D:\intelligent_transportation\data\lstm_sources\public\kddcup2017_china_tollgate\kdd2017_china_tollgate_20min.csv:kdd2017_t1_d0#segment5,1,2.0,2.0,4.0
1476484800,D:\intelligent_transportation\data\lstm_sources\public\kddcup2017_china_tollgate\kdd2017_china_tollgate_20min.csv:kdd2017_t1_d0#segment5,1,-5.0,5.0,25.0
1476486000,D:\intelligent_transportation\data\lstm_sources\public\kddcup2017_china_tollgate\kdd2017_china_tollgate_20min.csv:kdd2017_t1_d0#segment5,1,-2.0,2.0,4.0
1476487200,D:\intelligent_transportation\data\lstm_sources\public\kddcup2017_china_tollgate\kdd2017_china_tollgate_20min.csv:kdd2017_t1_d0#segment5,1,6.0,6.0,36.0
1476488400,D:\intelligent_transportation\data\lstm_sources\public\kddcup2017_china_tollgate\kdd2017_china_tollgate_20min.csv:kdd2017_t1_d0#segment5,1,-9.0,9.0,81.0
1476489600,D:\intelligent_transportation\data\lstm_sources\public\kddcup2017_china_tollgate\kdd2017_china_tollgate_20min.csv:kdd2017_t1_d0#segment5,1,3.0,3.0,9.0
1476490800,D:\intelligent_transportation\data\lstm_sources\public\kddcup2017_china_tollgate\kdd2017_china_tollgate_20min.csv:kdd2017_t1_d0#segment5,1,1.0,1.0,1.0
1476492000,D:\intelligent_transportation\data\lstm_sources\public\kddcup2017_china_tollgate\kdd2017_china_tollgate_20min.csv:kdd2017_t1_d0#segment5,1,1.0,1.0,1.0
1476493200,D:\intelligent_transportation\data\lstm_sources\public\kddcup2017_china_tollgate\kdd2017_china_tollgate_20min.csv:kdd2017_t1_d0#segment5,1,-1.0,1.0,1.0
1476494400,D:\intelligent_transportation\data\lstm_sources\public\kddcup2017_china_tollgate\kdd2017_china_tollgate_20min.csv:kdd2017_t1_d0#segment5,1,-1.0,1.0,1.0
1476495600,D:\intelligent_transportation\data\lstm_sources\public\kddcup2017_china_tollgate\kdd2017_china_tollgate_20min.csv:kdd2017_t1_d0#segment5,1,1.0,1.0,1.0
1476496800,D:\intelligent_transportation\data\lstm_sources\public\kddcup2017_china_tollgate\kdd2017_china_tollgate_20min.csv:kdd2017_t1_d0#segment5,1,2.0,2.0,4.0
1476498000,D:\intelligent_transportation\data\lstm_sources\public\kddcup2017_china_tollgate\kdd2017_china_tollgate_20min.csv:kdd2017_t1_d0#segment5,1,-3.0,3.0,9.0
1476499200,D:\intelligent_transportation\data\lstm_sources\public\kddcup2017_china_tollgate\kdd2017_china_tollgate_20min.csv:kdd2017_t1_d0#segment5,1,-3.0,3.0,9.0
1476500400,D:\intelligent_transportation\data\lstm_sources\public\kddcup2017_china_tollgate\kdd2017_china_tollgate_20min.csv:kdd2017_t1_d0#segment5,1,1.0,1.0,1.0
1476501600,D:\intelligent_transportation\data\lstm_sources\public\kddcup2017_china_tollgate\kdd2017_china_tollgate_20min.csv:kdd2017_t1_d0#segment5,1,3.0,3.0,9.0
1476502800,D:\intelligent_transportation\data\lstm_sources\public\kddcup2017_china_tollgate\kdd2017_china_tollgate_20min.csv:kdd2017_t1_d0#segment5,1,0.0,0.0,0.0
1476504000,D:\intelligent_transportation\data\lstm_sources\public\kddcup2017_china_tollgate\kdd2017_china_tollgate_20min.csv:kdd2017_t1_d0#segment5,1,0.0,0.0,0.0
1476505200,D:\intelligent_transportation\data\lstm_sources\public\kddcup2017_china_tollgate\kdd2017_china_tollgate_20min.csv:kdd2017_t1_d0#segment5,1,0.0,0.0,0.0
1476506400,D:\intelligent_transportation\data\lstm_sources\public\kddcup2017_china_tollgate\kdd2017_china_tollgate_20min.csv:kdd2017_t1_d0#segment5,1,2.0,2.0,4.0
1476507600,D:\intelligent_transportation\data\lstm_sources\public\kddcup2017_china_tollgate\kdd2017_china_tollgate_20min.csv:kdd2017_t1_d0#segment5,1,-1.0,1.0,1.0
1476508800,D:\intelligent_transportation\data\lstm_sources\public\kddcup2017_china_tollgate\kdd2017_china_tollgate_20min.csv:kdd2017_t1_d0#segment5,1,-3.0,3.0,9.0
1476510000,D:\intelligent_transportation\data\lstm_sources\public\kddcup2017_china_tollgate\kdd2017_china_tollgate_20min.csv:kdd2017_t1_d0#segment5,1,2.0,2.0,4.0
1476511200,D:\intelligent_transportation\data\lstm_sources\public\kddcup2017_china_tollgate\kdd2017_china_tollgate_20min.csv:kdd2017_t1_d0#segment5,1,1.0,1.0,1.0
1476512400,D:\intelligent_transportation\data\lstm_sources\public\kddcup2017_china_tollgate\kdd2017_china_tollgate_20min.csv:kdd2017_t1_d0#segment5,1,9.0,9.0,81.0
1476513600,D:\intelligent_transportation\data\lstm_sources\public\kddcup2017_china_tollgate\kdd2017_china_tollgate_20min.csv:kdd2017_t1_d0#segment5,1,12.0,12.0,144.0
1476514800,D:\intelligent_transportation\data\lstm_sources\public\kddcup2017_china_tollgate\kdd2017_china_tollgate_20min.csv:kdd2017_t1_d0#segment5,1,8.0,8.0,64.0
1476516000,D:\intelligent_transportation\data\lstm_sources\public\kddcup2017_china_tollgate\kdd2017_china_tollgate_20min.csv:kdd2017_t1_d0#segment5,1,14.0,14.0,196.0
1476517200,D:\intelligent_transportation\data\lstm_sources\public\kddcup2017_china_tollgate\kdd2017_china_tollgate_20min.csv:kdd2017_t1_d0#segment5,1,-7.0,7.0,49.0
1476518400,D:\intelligent_transportation\data\lstm_sources\public\kddcup2017_china_tollgate\kdd2017_china_tollgate_20min.csv:kdd2017_t1_d0#segment5,1,-2.0,2.0,4.0
1476519600,D:\intelligent_transportation\data\lstm_sources\public\kddcup2017_china_tollgate\kdd2017_china_tollgate_20min.csv:kdd2017_t1_d0#segment5,1,3.0,3.0,9.0
1476520800,D:\intelligent_transportation\data\lstm_sources\public\kddcup2017_china_tollgate\kdd2017_china_tollgate_20min.csv:kdd2017_t1_d0#segment5,1,8.0,8.0,64.0
1476522000,D:\intelligent_transportation\data\lstm_sources\public\kddcup2017_china_tollgate\kdd2017_china_tollgate_20min.csv:kdd2017_t1_d0#segment5,1,15.0,15.0,225.0
1476523200,D:\intelligent_transportation\data\lstm_sources\public\kddcup2017_china_tollgate\kdd2017_china_tollgate_20min.csv:kdd2017_t1_d0#segment5,1,2.0,2.0,4.0
1476524400,D:\intelligent_transportation\data\lstm_sources\public\kddcup2017_china_tollgate\kdd2017_china_tollgate_20min.csv:kdd2017_t1_d0#segment5,1,-17.0,17.0,289.0
1476525600,D:\intelligent_transportation\data\lstm_sources\public\kddcup2017_china_tollgate\kdd2017_china_tollgate_20min.csv:kdd2017_t1_d0#segment5,1,5.0,5.0,25.0
1476526800,D:\intelligent_transportation\data\lstm_sources\public\kddcup2017_china_tollgate\kdd2017_china_tollgate_20min.csv:kdd2017_t1_d0#segment5,1,5.0,5.0,25.0
1476528000,D:\intelligent_transportation\data\lstm_sources\public\kddcup2017_china_tollgate\kdd2017_china_tollgate_20min.csv:kdd2017_t1_d0#segment5,1,-11.0,11.0,121.0
1476529200,D:\intelligent_transportation\data\lstm_sources\public\kddcup2017_china_tollgate\kdd2017_china_tollgate_20min.csv:kdd2017_t1_d0#segment5,1,5.0,5.0,25.0
1476530400,D:\intelligent_transportation\data\lstm_sources\public\kddcup2017_china_tollgate\kdd2017_china_tollgate_20min.csv:kdd2017_t1_d0#segment5,1,-15.0,15.0,225.0
1476531600,D:\intelligent_transportation\data\lstm_sources\public\kddcup2017_china_tollgate\kdd2017_china_tollgate_20min.csv:kdd2017_t1_d0#segment5,1,1.0,1.0,1.0
1476532800,D:\intelligent_transportation\data\lstm_sources\public\kddcup2017_china_tollgate\kdd2017_china_tollgate_20min.csv:kdd2017_t1_d0#segment5,1,-2.0,2.0,4.0
1476534000,D:\intelligent_transportation\data\lstm_sources\public\kddcup2017_china_tollgate\kdd2017_china_tollgate_20min.csv:kdd2017_t1_d0#segment5,1,5.0,5.0,25.0
1476535200,D:\intelligent_transportation\data\lstm_sources\public\kddcup2017_china_tollgate\kdd2017_china_tollgate_20min.csv:kdd2017_t1_d0#segment5,1,-7.0,7.0,49.0
1476536400,D:\intelligent_transportation\data\lstm_sources\public\kddcup2017_china_tollgate\kdd2017_china_tollgate_20min.csv:kdd2017_t1_d0#segment5,1,22.0,22.0,484.0
1476537600,D:\intelligent_transportation\data\lstm_sources\public\kddcup2017_china_tollgate\kdd2017_china_tollgate_20min.csv:kdd2017_t1_d0#segment5,1,-22.0,22.0,484.0
1476538800,D:\intelligent_transportation\data\lstm_sources\public\kddcup2017_china_tollgate\kdd2017_china_tollgate_20min.csv:kdd2017_t1_d0#segment5,1,-6.0,6.0,36.0
1476540000,D:\intelligent_transportation\data\lstm_sources\public\kddcup2017_china_tollgate\kdd2017_china_tollgate_20min.csv:kdd2017_t1_d0#segment5,1,21.0,21.0,441.0
1476541200,D:\intelligent_transportation\data\lstm_sources\public\kddcup2017_china_tollgate\kdd2017_china_tollgate_20min.csv:kdd2017_t1_d0#segment5,1,13.0,13.0,169.0
1476542400,D:\intelligent_transportation\data\lstm_sources\public\kddcup2017_china_tollgate\kdd2017_china_tollgate_20min.csv:kdd2017_t1_d0#segment5,1,-5.0,5.0,25.0
1476543600,D:\intelligent_transportation\data\lstm_sources\public\kddcup2017_china_tollgate\kdd2017_china_tollgate_20min.csv:kdd2017_t1_d0#segment5,1,-27.0,27.0,729.0
1476544800,D:\intelligent_transportation\data\lstm_sources\public\kddcup2017_china_tollgate\kdd2017_china_tollgate_20min.csv:kdd2017_t1_d0#segment5,1,22.0,22.0,484.0
1476546000,D:\intelligent_transportation\data\lstm_sources\public\kddcup2017_china_tollgate\kdd2017_china_tollgate_20min.csv:kdd2017_t1_d0#segment5,1,-2.0,2.0,4.0
1476547200,D:\intelligent_transportation\data\lstm_sources\public\kddcup2017_china_tollgate\kdd2017_china_tollgate_20min.csv:kdd2017_t1_d0#segment5,1,0.0,0.0,0.0
1476548400,D:\intelligent_transportation\data\lstm_sources\public\kddcup2017_china_tollgate\kdd2017_china_tollgate_20min.csv:kdd2017_t1_d0#segment5,1,9.0,9.0,81.0
1476549600,D:\intelligent_transportation\data\lstm_sources\public\kddcup2017_china_tollgate\kdd2017_china_tollgate_20min.csv:kdd2017_t1_d0#segment5,1,-2.0,2.0,4.0
1476550800,D:\intelligent_transportation\data\lstm_sources\public\kddcup2017_china_tollgate\kdd2017_china_tollgate_20min.csv:kdd2017_t1_d0#segment5,1,2.0,2.0,4.0
1476552000,D:\intelligent_transportation\data\lstm_sources\public\kddcup2017_china_tollgate\kdd2017_china_tollgate_20min.csv:kdd2017_t1_d0#segment5,1,-11.0,11.0,121.0
1476553200,D:\intelligent_transportation\data\lstm_sources\public\kddcup2017_china_tollgate\kdd2017_china_tollgate_20min.csv:kdd2017_t1_d0#segment5,1,-23.0,23.0,529.0
1476554400,D:\intelligent_transportation\data\lstm_sources\public\kddcup2017_china_tollgate\kdd2017_china_tollgate_20min.csv:kdd2017_t1_d0#segment5,1,1.0,1.0,1.0
1476555600,D:\intelligent_transportation\data\lstm_sources\public\kddcup2017_china_tollgate\kdd2017_china_tollgate_20min.csv:kdd2017_t1_d0#segment5,1,-3.0,3.0,9.0
1476556800,D:\intelligent_transportation\data\lstm_sources\public\kddcup2017_china_tollgate\kdd2017_china_tollgate_20min.csv:kdd2017_t1_d0#segment5,1,-1.0,1.0,1.0
1476558000,D:\intelligent_transportation\data\lstm_sources\public\kddcup2017_china_tollgate\kdd2017_china_tollgate_20min.csv:kdd2017_t1_d0#segment5,1,-9.0,9.0,81.0
1476559200,D:\intelligent_transportation\data\lstm_sources\public\kddcup2017_china_tollgate\kdd2017_china_tollgate_20min.csv:kdd2017_t1_d0#segment5,1,0.0,0.0,0.0
1476560400,D:\intelligent_transportation\data\lstm_sources\public\kddcup2017_china_tollgate\kdd2017_china_tollgate_20min.csv:kdd2017_t1_d0#segment5,1,6.0,6.0,36.0
1476561600,D:\intelligent_transportation\data\lstm_sources\public\kddcup2017_china_tollgate\kdd2017_china_tollgate_20min.csv:kdd2017_t1_d0#segment5,1,-4.0,4.0,16.0
1476562800,D:\intelligent_transportation\data\lstm_sources\public\kddcup2017_china_tollgate\kdd2017_china_tollgate_20min.csv:kdd2017_t1_d0#segment5,1,-5.0,5.0,25.0
1476564000,D:\intelligent_transportation\data\lstm_sources\public\kddcup2017_china_tollgate\kdd2017_china_tollgate_20min.csv:kdd2017_t1_d0#segment5,1,6.0,6.0,36.0
1476565200,D:\intelligent_transportation\data\lstm_sources\public\kddcup2017_china_tollgate\kdd2017_china_tollgate_20min.csv:kdd2017_t1_d0#segment5,1,-2.0,2.0,4.0
1476566400,D:\intelligent_transportation\data\lstm_sources\public\kddcup2017_china_tollgate\kdd2017_china_tollgate_20min.csv:kdd2017_t1_d0#segment5,1,-3.0,3.0,9.0
1476567600,D:\intelligent_transportation\data\lstm_sources\public\kddcup2017_china_tollgate\kdd2017_china_tollgate_20min.csv:kdd2017_t1_d0#segment5,1,2.0,2.0,4.0
1476568800,D:\intelligent_transportation\data\lstm_sources\public\kddcup2017_china_tollgate\kdd2017_china_tollgate_20min.csv:kdd2017_t1_d0#segment5,1,-4.0,4.0,16.0
1476570000,D:\intelligent_transportation\data\lstm_sources\public\kddcup2017_china_tollgate\kdd2017_china_tollgate_20min.csv:kdd2017_t1_d0#segment5,1,1.0,1.0,1.0
1476571200,D:\intelligent_transportation\data\lstm_sources\public\kddcup2017_china_tollgate\kdd2017_china_tollgate_20min.csv:kdd2017_t1_d0#segment5,1,-13.0,13.0,169.0
1476572400,D:\intelligent_transportation\data\lstm_sources\public\kddcup2017_china_tollgate\kdd2017_china_tollgate_20min.csv:kdd2017_t1_d0#segment5,1,11.0,11.0,121.0
1476573600,D:\intelligent_transportation\data\lstm_sources\public\kddcup2017_china_tollgate\kdd2017_china_tollgate_20min.csv:kdd2017_t1_d0#segment5,1,-10.0,10.0,100.0
1476574800,D:\intelligent_transportation\data\lstm_sources\public\kddcup2017_china_tollgate\kdd2017_china_tollgate_20min.csv:kdd2017_t1_d0#segment5,1,4.0,4.0,16.0
1476576000,D:\intelligent_transportation\data\lstm_sources\public\kddcup2017_china_tollgate\kdd2017_china_tollgate_20min.csv:kdd2017_t1_d0#segment5,1,1.0,1.0,1.0
1476577200,D:\intelligent_transportation\data\lstm_sources\public\kddcup2017_china_tollgate\kdd2017_china_tollgate_20min.csv:kdd2017_t1_d0#segment5,1,-1.0,1.0,1.0
1476578400,D:\intelligent_transportation\data\lstm_sources\public\kddcup2017_china_tollgate\kdd2017_china_tollgate_20min.csv:kdd2017_t1_d0#segment5,1,-1.0,1.0,1.0
1476579600,D:\intelligent_transportation\data\lstm_sources\public\kddcup2017_china_tollgate\kdd2017_china_tollgate_20min.csv:kdd2017_t1_d0#segment5,1,-1.0,1.0,1.0
1476580800,D:\intelligent_transportation\data\lstm_sources\public\kddcup2017_china_tollgate\kdd2017_china_tollgate_20min.csv:kdd2017_t1_d0#segment5,1,3.0,3.0,9.0
1476582000,D:\intelligent_transportation\data\lstm_sources\public\kddcup2017_china_tollgate\kdd2017_china_tollgate_20min.csv:kdd2017_t1_d0#segment5,1,-6.0,6.0,36.0
1476583200,D:\intelligent_transportation\data\lstm_sources\public\kddcup2017_china_tollgate\kdd2017_china_tollgate_20min.csv:kdd2017_t1_d0#segment5,1,2.0,2.0,4.0
1476584400,D:\intelligent_transportation\data\lstm_sources\public\kddcup2017_china_tollgate\kdd2017_china_tollgate_20min.csv:kdd2017_t1_d0#segment5,1,0.0,0.0,0.0
1476585600,D:\intelligent_transportation\data\lstm_sources\public\kddcup2017_china_tollgate\kdd2017_china_tollgate_20min.csv:kdd2017_t1_d0#segment5,1,-4.0,4.0,16.0
1476586800,D:\intelligent_transportation\data\lstm_sources\public\kddcup2017_china_tollgate\kdd2017_china_tollgate_20min.csv:kdd2017_t1_d0#segment5,1,4.0,4.0,16.0
1476588000,D:\intelligent_transportation\data\lstm_sources\public\kddcup2017_china_tollgate\kdd2017_china_tollgate_20min.csv:kdd2017_t1_d0#segment5,1,-1.0,1.0,1.0
1476589200,D:\intelligent_transportation\data\lstm_sources\public\kddcup2017_china_tollgate\kdd2017_china_tollgate_20min.csv:kdd2017_t1_d0#segment5,1,4.0,4.0,16.0
1476590400,D:\intelligent_transportation\data\lstm_sources\public\kddcup2017_china_tollgate\kdd2017_china_tollgate_20min.csv:kdd2017_t1_d0#segment5,1,0.0,0.0,0.0
1476591600,D:\intelligent_transportation\data\lstm_sources\public\kddcup2017_china_tollgate\kdd2017_china_tollgate_20min.csv:kdd2017_t1_d0#segment5,1,2.0,2.0,4.0
1476592800,D:\intelligent_transportation\data\lstm_sources\public\kddcup2017_china_tollgate\kdd2017_china_tollgate_20min.csv:kdd2017_t1_d0#segment5,1,5.0,5.0,25.0
1476594000,D:\intelligent_transportation\data\lstm_sources\public\kddcup2017_china_tollgate\kdd2017_china_tollgate_20min.csv:kdd2017_t1_d0#segment5,1,-12.0,12.0,144.0
1476595200,D:\intelligent_transportation\data\lstm_sources\public\kddcup2017_china_tollgate\kdd2017_china_tollgate_20min.csv:kdd2017_t1_d0#segment5,1,-1.0,1.0,1.0
1476596400,D:\intelligent_transportation\data\lstm_sources\public\kddcup2017_china_tollgate\kdd2017_china_tollgate_20min.csv:kdd2017_t1_d0#segment5,1,4.0,4.0,16.0
1476597600,D:\intelligent_transportation\data\lstm_sources\public\kddcup2017_china_tollgate\kdd2017_china_tollgate_20min.csv:kdd2017_t1_d0#segment5,1,-1.0,1.0,1.0
1476598800,D:\intelligent_transportation\data\lstm_sources\public\kddcup2017_china_tollgate\kdd2017_china_tollgate_20min.csv:kdd2017_t1_d0#segment5,1,1.0,1.0,1.0
1476600000,D:\intelligent_transportation\data\lstm_sources\public\kddcup2017_china_tollgate\kdd2017_china_tollgate_20min.csv:kdd2017_t1_d0#segment5,1,3.0,3.0,9.0
1476601200,D:\intelligent_transportation\data\lstm_sources\public\kddcup2017_china_tollgate\kdd2017_china_tollgate_20min.csv:kdd2017_t1_d0#segment5,1,9.0,9.0,81.0
1476602400,D:\intelligent_transportation\data\lstm_sources\public\kddcup2017_china_tollgate\kdd2017_china_tollgate_20min.csv:kdd2017_t1_d0#segment5,1,9.0,9.0,81.0
1476603600,D:\intelligent_transportation\data\lstm_sources\public\kddcup2017_china_tollgate\kdd2017_china_tollgate_20min.csv:kdd2017_t1_d0#segment5,1,25.0,25.0,625.0
1476604800,D:\intelligent_transportation\data\lstm_sources\public\kddcup2017_china_tollgate\kdd2017_china_tollgate_20min.csv:kdd2017_t1_d0#segment5,1,-24.0,24.0,576.0
1476606000,D:\intelligent_transportation\data\lstm_sources\public\kddcup2017_china_tollgate\kdd2017_china_tollgate_20min.csv:kdd2017_t1_d0#segment5,1,15.0,15.0,225.0
1476607200,D:\intelligent_transportation\data\lstm_sources\public\kddcup2017_china_tollgate\kdd2017_china_tollgate_20min.csv:kdd2017_t1_d0#segment5,1,-9.0,9.0,81.0
1476608400,D:\intelligent_transportation\data\lstm_sources\public\kddcup2017_china_tollgate\kdd2017_china_tollgate_20min.csv:kdd2017_t1_d0#segment5,1,16.0,16.0,256.0
1476609600,D:\intelligent_transportation\data\lstm_sources\public\kddcup2017_china_tollgate\kdd2017_china_tollgate_20min.csv:kdd2017_t1_d0#segment5,1,-4.0,4.0,16.0
1476610800,D:\intelligent_transportation\data\lstm_sources\public\kddcup2017_china_tollgate\kdd2017_china_tollgate_20min.csv:kdd2017_t1_d0#segment5,1,1.0,1.0,1.0
1476612000,D:\intelligent_transportation\data\lstm_sources\public\kddcup2017_china_tollgate\kdd2017_china_tollgate_20min.csv:kdd2017_t1_d0#segment5,1,-10.0,10.0,100.0
1476613200,D:\intelligent_transportation\data\lstm_sources\public\kddcup2017_china_tollgate\kdd2017_china_tollgate_20min.csv:kdd2017_t1_d0#segment5,1,22.0,22.0,484.0
1476614400,D:\intelligent_transportation\data\lstm_sources\public\kddcup2017_china_tollgate\kdd2017_china_tollgate_20min.csv:kdd2017_t1_d0#segment5,1,-8.0,8.0,64.0
1476615600,D:\intelligent_transportation\data\lstm_sources\public\kddcup2017_china_tollgate\kdd2017_china_tollgate_20min.csv:kdd2017_t1_d0#segment5,1,-2.0,2.0,4.0
1476616800,D:\intelligent_transportation\data\lstm_sources\public\kddcup2017_china_tollgate\kdd2017_china_tollgate_20min.csv:kdd2017_t1_d0#segment5,1,-7.0,7.0,49.0
1476618000,D:\intelligent_transportation\data\lstm_sources\public\kddcup2017_china_tollgate\kdd2017_china_tollgate_20min.csv:kdd2017_t1_d0#segment5,1,-17.0,17.0,289.0
1476619200,D:\intelligent_transportation\data\lstm_sources\public\kddcup2017_china_tollgate\kdd2017_china_tollgate_20min.csv:kdd2017_t1_d0#segment5,1,27.0,27.0,729.0
1476620400,D:\intelligent_transportation\data\lstm_sources\public\kddcup2017_china_tollgate\kdd2017_china_tollgate_20min.csv:kdd2017_t1_d0#segment5,1,-5.0,5.0,25.0
1476621600,D:\intelligent_transportation\data\lstm_sources\public\kddcup2017_china_tollgate\kdd2017_china_tollgate_20min.csv:kdd2017_t1_d0#segment5,1,2.0,2.0,4.0
1476622800,D:\intelligent_transportation\data\lstm_sources\public\kddcup2017_china_tollgate\kdd2017_china_tollgate_20min.csv:kdd2017_t1_d0#segment5,1,11.0,11.0,121.0
1476624000,D:\intelligent_transportation\data\lstm_sources\public\kddcup2017_china_tollgate\kdd2017_china_tollgate_20min.csv:kdd2017_t1_d0#segment5,1,-12.0,12.0,144.0
1476625200,D:\intelligent_transportation\data\lstm_sources\public\kddcup2017_china_tollgate\kdd2017_china_tollgate_20min.csv:kdd2017_t1_d0#segment5,1,-1.0,1.0,1.0
1476626400,D:\intelligent_transportation\data\lstm_sources\public\kddcup2017_china_tollgate\kdd2017_china_tollgate_20min.csv:kdd2017_t1_d0#segment5,1,3.0,3.0,9.0
1476627600,D:\intelligent_transportation\data\lstm_sources\public\kddcup2017_china_tollgate\kdd2017_china_tollgate_20min.csv:kdd2017_t1_d0#segment5,1,11.0,11.0,121.0
1476628800,D:\intelligent_transportation\data\lstm_sources\public\kddcup2017_china_tollgate\kdd2017_china_tollgate_20min.csv:kdd2017_t1_d0#segment5,1,-4.0,4.0,16.0
1476630000,D:\intelligent_transportation\data\lstm_sources\public\kddcup2017_china_tollgate\kdd2017_china_tollgate_20min.csv:kdd2017_t1_d0#segment5,1,0.0,0.0,0.0
1476631200,D:\intelligent_transportation\data\lstm_sources\public\kddcup2017_china_tollgate\kdd2017_china_tollgate_20min.csv:kdd2017_t1_d0#segment5,1,7.0,7.0,49.0
1476632400,D:\intelligent_transportation\data\lstm_sources\public\kddcup2017_china_tollgate\kdd2017_china_tollgate_20min.csv:kdd2017_t1_d0#segment5,1,13.0,13.0,169.0
1476633600,D:\intelligent_transportation\data\lstm_sources\public\kddcup2017_china_tollgate\kdd2017_china_tollgate_20min.csv:kdd2017_t1_d0#segment5,1,-9.0,9.0,81.0
1476634800,D:\intelligent_transportation\data\lstm_sources\public\kddcup2017_china_tollgate\kdd2017_china_tollgate_20min.csv:kdd2017_t1_d0#segment5,1,-4.0,4.0,16.0
1476636000,D:\intelligent_transportation\data\lstm_sources\public\kddcup2017_china_tollgate\kdd2017_china_tollgate_20min.csv:kdd2017_t1_d0#segment5,1,4.0,4.0,16.0
1476637200,D:\intelligent_transportation\data\lstm_sources\public\kddcup2017_china_tollgate\kdd2017_china_tollgate_20min.csv:kdd2017_t1_d0#segment5,1,1.0,1.0,1.0
1476638400,D:\intelligent_transportation\data\lstm_sources\public\kddcup2017_china_tollgate\kdd2017_china_tollgate_20min.csv:kdd2017_t1_d0#segment5,1,-11.0,11.0,121.0
1476639600,D:\intelligent_transportation\data\lstm_sources\public\kddcup2017_china_tollgate\kdd2017_china_tollgate_20min.csv:kdd2017_t1_d0#segment5,1,-22.0,22.0,484.0
1476640800,D:\intelligent_transportation\data\lstm_sources\public\kddcup2017_china_tollgate\kdd2017_china_tollgate_20min.csv:kdd2017_t1_d0#segment5,1,2.0,2.0,4.0
1476642000,D:\intelligent_transportation\data\lstm_sources\public\kddcup2017_china_tollgate\kdd2017_china_tollgate_20min.csv:kdd2017_t1_d0#segment5,1,2.0,2.0,4.0
1476643200,D:\intelligent_transportation\data\lstm_sources\public\kddcup2017_china_tollgate\kdd2017_china_tollgate_20min.csv:kdd2017_t1_d0#segment5,1,-3.0,3.0,9.0
1476644400,D:\intelligent_transportation\data\lstm_sources\public\kddcup2017_china_tollgate\kdd2017_china_tollgate_20min.csv:kdd2017_t1_d0#segment5,1,-5.0,5.0,25.0
1476645600,D:\intelligent_transportation\data\lstm_sources\public\kddcup2017_china_tollgate\kdd2017_china_tollgate_20min.csv:kdd2017_t1_d0#segment5,1,-3.0,3.0,9.0
1476646800,D:\intelligent_transportation\data\lstm_sources\public\kddcup2017_china_tollgate\kdd2017_china_tollgate_20min.csv:kdd2017_t1_d0#segment5,1,4.0,4.0,16.0
1476648000,D:\intelligent_transportation\data\lstm_sources\public\kddcup2017_china_tollgate\kdd2017_china_tollgate_20min.csv:kdd2017_t1_d0#segment5,1,-2.0,2.0,4.0
1476649200,D:\intelligent_transportation\data\lstm_sources\public\kddcup2017_china_tollgate\kdd2017_china_tollgate_20min.csv:kdd2017_t1_d0#segment5,1,2.0,2.0,4.0
1476650400,D:\intelligent_transportation\data\lstm_sources\public\kddcup2017_china_tollgate\kdd2017_china_tollgate_20min.csv:kdd2017_t1_d0#segment5,1,-13.0,13.0,169.0
1476651600,D:\intelligent_transportation\data\lstm_sources\public\kddcup2017_china_tollgate\kdd2017_china_tollgate_20min.csv:kdd2017_t1_d0#segment5,1,3.0,3.0,9.0
1476652800,D:\intelligent_transportation\data\lstm_sources\public\kddcup2017_china_tollgate\kdd2017_china_tollgate_20min.csv:kdd2017_t1_d0#segment5,1,6.0,6.0,36.0
1476654000,D:\intelligent_transportation\data\lstm_sources\public\kddcup2017_china_tollgate\kdd2017_china_tollgate_20min.csv:kdd2017_t1_d0#segment5,1,-15.0,15.0,225.0
1476655200,D:\intelligent_transportation\data\lstm_sources\public\kddcup2017_china_tollgate\kdd2017_china_tollgate_20min.csv:kdd2017_t1_d0#segment5,1,3.0,3.0,9.0
1476656400,D:\intelligent_transportation\data\lstm_sources\public\kddcup2017_china_tollgate\kdd2017_china_tollgate_20min.csv:kdd2017_t1_d0#segment5,1,-11.0,11.0,121.0
1476657600,D:\intelligent_transportation\data\lstm_sources\public\kddcup2017_china_tollgate\kdd2017_china_tollgate_20min.csv:kdd2017_t1_d0#segment5,1,-4.0,4.0,16.0
1476658800,D:\intelligent_transportation\data\lstm_sources\public\kddcup2017_china_tollgate\kdd2017_china_tollgate_20min.csv:kdd2017_t1_d0#segment5,1,6.0,6.0,36.0
1476660000,D:\intelligent_transportation\data\lstm_sources\public\kddcup2017_china_tollgate\kdd2017_china_tollgate_20min.csv:kdd2017_t1_d0#segment5,1,-4.0,4.0,16.0
1476661200,D:\intelligent_transportation\data\lstm_sources\public\kddcup2017_china_tollgate\kdd2017_china_tollgate_20min.csv:kdd2017_t1_d0#segment5,1,0.0,0.0,0.0
1476662400,D:\intelligent_transportation\data\lstm_sources\public\kddcup2017_china_tollgate\kdd2017_china_tollgate_20min.csv:kdd2017_t1_d0#segment5,1,8.0,8.0,64.0
1476663600,D:\intelligent_transportation\data\lstm_sources\public\kddcup2017_china_tollgate\kdd2017_china_tollgate_20min.csv:kdd2017_t1_d0#segment5,1,-1.0,1.0,1.0
1476664800,D:\intelligent_transportation\data\lstm_sources\public\kddcup2017_china_tollgate\kdd2017_china_tollgate_20min.csv:kdd2017_t1_d0#segment5,1,-5.0,5.0,25.0
1476666000,D:\intelligent_transportation\data\lstm_sources\public\kddcup2017_china_tollgate\kdd2017_china_tollgate_20min.csv:kdd2017_t1_d0#segment5,1,-1.0,1.0,1.0
1476667200,D:\intelligent_transportation\data\lstm_sources\public\kddcup2017_china_tollgate\kdd2017_china_tollgate_20min.csv:kdd2017_t1_d0#segment5,1,5.0,5.0,25.0
1476668400,D:\intelligent_transportation\data\lstm_sources\public\kddcup2017_china_tollgate\kdd2017_china_tollgate_20min.csv:kdd2017_t1_d0#segment5,1,-6.0,6.0,36.0
1476669600,D:\intelligent_transportation\data\lstm_sources\public\kddcup2017_china_tollgate\kdd2017_china_tollgate_20min.csv:kdd2017_t1_d0#segment5,1,-1.0,1.0,1.0
1476670800,D:\intelligent_transportation\data\lstm_sources\public\kddcup2017_china_tollgate\kdd2017_china_tollgate_20min.csv:kdd2017_t1_d0#segment5,1,2.0,2.0,4.0
1476672000,D:\intelligent_transportation\data\lstm_sources\public\kddcup2017_china_tollgate\kdd2017_china_tollgate_20min.csv:kdd2017_t1_d0#segment5,1,1.0,1.0,1.0
1476673200,D:\intelligent_transportation\data\lstm_sources\public\kddcup2017_china_tollgate\kdd2017_china_tollgate_20min.csv:kdd2017_t1_d0#segment5,1,0.0,0.0,0.0
1476674400,D:\intelligent_transportation\data\lstm_sources\public\kddcup2017_china_tollgate\kdd2017_china_tollgate_20min.csv:kdd2017_t1_d0#segment5,1,3.0,3.0,9.0
1476675600,D:\intelligent_transportation\data\lstm_sources\public\kddcup2017_china_tollgate\kdd2017_china_tollgate_20min.csv:kdd2017_t1_d0#segment5,1,-3.0,3.0,9.0
1476676800,D:\intelligent_transportation\data\lstm_sources\public\kddcup2017_china_tollgate\kdd2017_china_tollgate_20min.csv:kdd2017_t1_d0#segment5,1,7.0,7.0,49.0
1476678000,D:\intelligent_transportation\data\lstm_sources\public\kddcup2017_china_tollgate\kdd2017_china_tollgate_20min.csv:kdd2017_t1_d0#segment5,1,-2.0,2.0,4.0
1476679200,D:\intelligent_transportation\data\lstm_sources\public\kddcup2017_china_tollgate\kdd2017_china_tollgate_20min.csv:kdd2017_t1_d0#segment5,1,5.0,5.0,25.0
1476680400,D:\intelligent_transportation\data\lstm_sources\public\kddcup2017_china_tollgate\kdd2017_china_tollgate_20min.csv:kdd2017_t1_d0#segment5,1,-15.0,15.0,225.0
1476681600,D:\intelligent_transportation\data\lstm_sources\public\kddcup2017_china_tollgate\kdd2017_china_tollgate_20min.csv:kdd2017_t1_d0#segment5,1,3.0,3.0,9.0
1476682800,D:\intelligent_transportation\data\lstm_sources\public\kddcup2017_china_tollgate\kdd2017_china_tollgate_20min.csv:kdd2017_t1_d0#segment5,1,2.0,2.0,4.0
1476684000,D:\intelligent_transportation\data\lstm_sources\public\kddcup2017_china_tollgate\kdd2017_china_tollgate_20min.csv:kdd2017_t1_d0#segment5,1,6.0,6.0,36.0
1476685200,D:\intelligent_transportation\data\lstm_sources\public\kddcup2017_china_tollgate\kdd2017_china_tollgate_20min.csv:kdd2017_t1_d0#segment5,1,5.0,5.0,25.0
1476686400,D:\intelligent_transportation\data\lstm_sources\public\kddcup2017_china_tollgate\kdd2017_china_tollgate_20min.csv:kdd2017_t1_d0#segment5,1,1.0,1.0,1.0
1476687600,D:\intelligent_transportation\data\lstm_sources\public\kddcup2017_china_tollgate\kdd2017_china_tollgate_20min.csv:kdd2017_t1_d0#segment5,1,26.0,26.0,676.0
1476688800,D:\intelligent_transportation\data\lstm_sources\public\kddcup2017_china_tollgate\kdd2017_china_tollgate_20min.csv:kdd2017_t1_d0#segment5,1,-1.0,1.0,1.0
1476690000,D:\intelligent_transportation\data\lstm_sources\public\kddcup2017_china_tollgate\kdd2017_china_tollgate_20min.csv:kdd2017_t1_d0#segment5,1,12.0,12.0,144.0
1476691200,D:\intelligent_transportation\data\lstm_sources\public\kddcup2017_china_tollgate\kdd2017_china_tollgate_20min.csv:kdd2017_t1_d0#segment5,1,-6.0,6.0,36.0
1476692400,D:\intelligent_transportation\data\lstm_sources\public\kddcup2017_china_tollgate\kdd2017_china_tollgate_20min.csv:kdd2017_t1_d0#segment5,1,-4.0,4.0,16.0
1476693600,D:\intelligent_transportation\data\lstm_sources\public\kddcup2017_china_tollgate\kdd2017_china_tollgate_20min.csv:kdd2017_t1_d0#segment5,1,10.0,10.0,100.0
1476694800,D:\intelligent_transportation\data\lstm_sources\public\kddcup2017_china_tollgate\kdd2017_china_tollgate_20min.csv:kdd2017_t1_d0#segment5,1,-13.0,13.0,169.0
1476696000,D:\intelligent_transportation\data\lstm_sources\public\kddcup2017_china_tollgate\kdd2017_china_tollgate_20min.csv:kdd2017_t1_d0#segment5,1,11.0,11.0,121.0
1476697200,D:\intelligent_transportation\data\lstm_sources\public\kddcup2017_china_tollgate\kdd2017_china_tollgate_20min.csv:kdd2017_t1_d0#segment5,1,-13.0,13.0,169.0
1476698400,D:\intelligent_transportation\data\lstm_sources\public\kddcup2017_china_tollgate\kdd2017_china_tollgate_20min.csv:kdd2017_t1_d0#segment5,1,5.0,5.0,25.0
1476699600,D:\intelligent_transportation\data\lstm_sources\public\kddcup2017_china_tollgate\kdd2017_china_tollgate_20min.csv:kdd2017_t1_d0#segment5,1,11.0,11.0,121.0
1476700800,D:\intelligent_transportation\data\lstm_sources\public\kddcup2017_china_tollgate\kdd2017_china_tollgate_20min.csv:kdd2017_t1_d0#segment5,1,-19.0,19.0,361.0
1476702000,D:\intelligent_transportation\data\lstm_sources\public\kddcup2017_china_tollgate\kdd2017_china_tollgate_20min.csv:kdd2017_t1_d0#segment5,1,-9.0,9.0,81.0
1476703200,D:\intelligent_transportation\data\lstm_sources\public\kddcup2017_china_tollgate\kdd2017_china_tollgate_20min.csv:kdd2017_t1_d0#segment5,1,10.0,10.0,100.0
1476704400,D:\intelligent_transportation\data\lstm_sources\public\kddcup2017_china_tollgate\kdd2017_china_tollgate_20min.csv:kdd2017_t1_d0#segment5,1,-6.0,6.0,36.0
1476705600,D:\intelligent_transportation\data\lstm_sources\public\kddcup2017_china_tollgate\kdd2017_china_tollgate_20min.csv:kdd2017_t1_d0#segment5,1,-1.0,1.0,1.0
1476706800,D:\intelligent_transportation\data\lstm_sources\public\kddcup2017_china_tollgate\kdd2017_china_tollgate_20min.csv:kdd2017_t1_d0#segment5,1,15.0,15.0,225.0
1476708000,D:\intelligent_transportation\data\lstm_sources\public\kddcup2017_china_tollgate\kdd2017_china_tollgate_20min.csv:kdd2017_t1_d0#segment5,1,-3.0,3.0,9.0
1476709200,D:\intelligent_transportation\data\lstm_sources\public\kddcup2017_china_tollgate\kdd2017_china_tollgate_20min.csv:kdd2017_t1_d0#segment5,1,-9.0,9.0,81.0
1476710400,D:\intelligent_transportation\data\lstm_sources\public\kddcup2017_china_tollgate\kdd2017_china_tollgate_20min.csv:kdd2017_t1_d0#segment5,1,16.0,16.0,256.0
1476711600,D:\intelligent_transportation\data\lstm_sources\public\kddcup2017_china_tollgate\kdd2017_china_tollgate_20min.csv:kdd2017_t1_d0#segment5,1,8.0,8.0,64.0
1476712800,D:\intelligent_transportation\data\lstm_sources\public\kddcup2017_china_tollgate\kdd2017_china_tollgate_20min.csv:kdd2017_t1_d0#segment5,1,-18.0,18.0,324.0
1476714000,D:\intelligent_transportation\data\lstm_sources\public\kddcup2017_china_tollgate\kdd2017_china_tollgate_20min.csv:kdd2017_t1_d0#segment5,1,6.0,6.0,36.0
1476715200,D:\intelligent_transportation\data\lstm_sources\public\kddcup2017_china_tollgate\kdd2017_china_tollgate_20min.csv:kdd2017_t1_d0#segment5,1,5.0,5.0,25.0
1476716400,D:\intelligent_transportation\data\lstm_sources\public\kddcup2017_china_tollgate\kdd2017_china_tollgate_20min.csv:kdd2017_t1_d0#segment5,1,-6.0,6.0,36.0
1476717600,D:\intelligent_transportation\data\lstm_sources\public\kddcup2017_china_tollgate\kdd2017_china_tollgate_20min.csv:kdd2017_t1_d0#segment5,1,1.0,1.0,1.0
1476718800,D:\intelligent_transportation\data\lstm_sources\public\kddcup2017_china_tollgate\kdd2017_china_tollgate_20min.csv:kdd2017_t1_d0#segment5,1,-12.0,12.0,144.0
1476720000,D:\intelligent_transportation\data\lstm_sources\public\kddcup2017_china_tollgate\kdd2017_china_tollgate_20min.csv:kdd2017_t1_d0#segment5,1,28.0,28.0,784.0
1476721200,D:\intelligent_transportation\data\lstm_sources\public\kddcup2017_china_tollgate\kdd2017_china_tollgate_20min.csv:kdd2017_t1_d0#segment5,1,-7.0,7.0,49.0
1476722400,D:\intelligent_transportation\data\lstm_sources\public\kddcup2017_china_tollgate\kdd2017_china_tollgate_20min.csv:kdd2017_t1_d0#segment5,1,-14.0,14.0,196.0
1476723600,D:\intelligent_transportation\data\lstm_sources\public\kddcup2017_china_tollgate\kdd2017_china_tollgate_20min.csv:kdd2017_t1_d0#segment5,1,1.0,1.0,1.0
1476724800,D:\intelligent_transportation\data\lstm_sources\public\kddcup2017_china_tollgate\kdd2017_china_tollgate_20min.csv:kdd2017_t1_d0#segment5,1,-9.0,9.0,81.0
1476726000,D:\intelligent_transportation\data\lstm_sources\public\kddcup2017_china_tollgate\kdd2017_china_tollgate_20min.csv:kdd2017_t1_d0#segment5,1,-9.0,9.0,81.0
1476727200,D:\intelligent_transportation\data\lstm_sources\public\kddcup2017_china_tollgate\kdd2017_china_tollgate_20min.csv:kdd2017_t1_d0#segment5,1,-3.0,3.0,9.0
1476728400,D:\intelligent_transportation\data\lstm_sources\public\kddcup2017_china_tollgate\kdd2017_china_tollgate_20min.csv:kdd2017_t1_d0#segment5,1,2.0,2.0,4.0
1476729600,D:\intelligent_transportation\data\lstm_sources\public\kddcup2017_china_tollgate\kdd2017_china_tollgate_20min.csv:kdd2017_t1_d0#segment5,1,-10.0,10.0,100.0
1476730800,D:\intelligent_transportation\data\lstm_sources\public\kddcup2017_china_tollgate\kdd2017_china_tollgate_20min.csv:kdd2017_t1_d0#segment5,1,12.0,12.0,144.0
1476732000,D:\intelligent_transportation\data\lstm_sources\public\kddcup2017_china_tollgate\kdd2017_china_tollgate_20min.csv:kdd2017_t1_d0#segment5,1,-11.0,11.0,121.0
1476733200,D:\intelligent_transportation\data\lstm_sources\public\kddcup2017_china_tollgate\kdd2017_china_tollgate_20min.csv:kdd2017_t1_d0#segment5,1,1.0,1.0,1.0
1476734400,D:\intelligent_transportation\data\lstm_sources\public\kddcup2017_china_tollgate\kdd2017_china_tollgate_20min.csv:kdd2017_t1_d0#segment5,1,-5.0,5.0,25.0
1476735600,D:\intelligent_transportation\data\lstm_sources\public\kddcup2017_china_tollgate\kdd2017_china_tollgate_20min.csv:kdd2017_t1_d0#segment5,1,6.0,6.0,36.0
1476736800,D:\intelligent_transportation\data\lstm_sources\public\kddcup2017_china_tollgate\kdd2017_china_tollgate_20min.csv:kdd2017_t1_d0#segment5,1,2.0,2.0,4.0
1476738000,D:\intelligent_transportation\data\lstm_sources\public\kddcup2017_china_tollgate\kdd2017_china_tollgate_20min.csv:kdd2017_t1_d0#segment5,1,-2.0,2.0,4.0
1476739200,D:\intelligent_transportation\data\lstm_sources\public\kddcup2017_china_tollgate\kdd2017_china_tollgate_20min.csv:kdd2017_t1_d0#segment5,1,-6.0,6.0,36.0
1476740400,D:\intelligent_transportation\data\lstm_sources\public\kddcup2017_china_tollgate\kdd2017_china_tollgate_20min.csv:kdd2017_t1_d0#segment5,1,7.0,7.0,49.0
1476741600,D:\intelligent_transportation\data\lstm_sources\public\kddcup2017_china_tollgate\kdd2017_china_tollgate_20min.csv:kdd2017_t1_d0#segment5,1,-6.0,6.0,36.0
1476742800,D:\intelligent_transportation\data\lstm_sources\public\kddcup2017_china_tollgate\kdd2017_china_tollgate_20min.csv:kdd2017_t1_d0#segment5,1,-2.0,2.0,4.0
1476744000,D:\intelligent_transportation\data\lstm_sources\public\kddcup2017_china_tollgate\kdd2017_china_tollgate_20min.csv:kdd2017_t1_d0#segment5,1,-6.0,6.0,36.0
1476745200,D:\intelligent_transportation\data\lstm_sources\public\kddcup2017_china_tollgate\kdd2017_china_tollgate_20min.csv:kdd2017_t1_d0#segment5,1,-3.0,3.0,9.0
1476746400,D:\intelligent_transportation\data\lstm_sources\public\kddcup2017_china_tollgate\kdd2017_china_tollgate_20min.csv:kdd2017_t1_d0#segment5,1,5.0,5.0,25.0
1476747600,D:\intelligent_transportation\data\lstm_sources\public\kddcup2017_china_tollgate\kdd2017_china_tollgate_20min.csv:kdd2017_t1_d0#segment5,1,-4.0,4.0,16.0
1476379200,D:\intelligent_transportation\data\lstm_sources\public\kddcup2017_china_tollgate\kdd2017_china_tollgate_20min.csv:kdd2017_t1_d1#segment5,1,-20.0,20.0,400.0
1476380400,D:\intelligent_transportation\data\lstm_sources\public\kddcup2017_china_tollgate\kdd2017_china_tollgate_20min.csv:kdd2017_t1_d1#segment5,1,26.0,26.0,676.0
1476381600,D:\intelligent_transportation\data\lstm_sources\public\kddcup2017_china_tollgate\kdd2017_china_tollgate_20min.csv:kdd2017_t1_d1#segment5,1,-67.0,67.0,4489.0
1476382800,D:\intelligent_transportation\data\lstm_sources\public\kddcup2017_china_tollgate\kdd2017_china_tollgate_20min.csv:kdd2017_t1_d1#segment5,1,20.0,20.0,400.0
1476384000,D:\intelligent_transportation\data\lstm_sources\public\kddcup2017_china_tollgate\kdd2017_china_tollgate_20min.csv:kdd2017_t1_d1#segment5,1,3.0,3.0,9.0
1476385200,D:\intelligent_transportation\data\lstm_sources\public\kddcup2017_china_tollgate\kdd2017_china_tollgate_20min.csv:kdd2017_t1_d1#segment5,1,-28.0,28.0,784.0
1476386400,D:\intelligent_transportation\data\lstm_sources\public\kddcup2017_china_tollgate\kdd2017_china_tollgate_20min.csv:kdd2017_t1_d1#segment5,1,-19.0,19.0,361.0
1476387600,D:\intelligent_transportation\data\lstm_sources\public\kddcup2017_china_tollgate\kdd2017_china_tollgate_20min.csv:kdd2017_t1_d1#segment5,1,24.0,24.0,576.0
1476388800,D:\intelligent_transportation\data\lstm_sources\public\kddcup2017_china_tollgate\kdd2017_china_tollgate_20min.csv:kdd2017_t1_d1#segment5,1,-10.0,10.0,100.0
1476390000,D:\intelligent_transportation\data\lstm_sources\public\kddcup2017_china_tollgate\kdd2017_china_tollgate_20min.csv:kdd2017_t1_d1#segment5,1,-5.0,5.0,25.0
1476391200,D:\intelligent_transportation\data\lstm_sources\public\kddcup2017_china_tollgate\kdd2017_china_tollgate_20min.csv:kdd2017_t1_d1#segment5,1,0.0,0.0,0.0
1476392400,D:\intelligent_transportation\data\lstm_sources\public\kddcup2017_china_tollgate\kdd2017_china_tollgate_20min.csv:kdd2017_t1_d1#segment5,1,-9.0,9.0,81.0
1476393600,D:\intelligent_transportation\data\lstm_sources\public\kddcup2017_china_tollgate\kdd2017_china_tollgate_20min.csv:kdd2017_t1_d1#segment5,1,-6.0,6.0,36.0
1476394800,D:\intelligent_transportation\data\lstm_sources\public\kddcup2017_china_tollgate\kdd2017_china_tollgate_20min.csv:kdd2017_t1_d1#segment5,1,2.0,2.0,4.0
1476396000,D:\intelligent_transportation\data\lstm_sources\public\kddcup2017_china_tollgate\kdd2017_china_tollgate_20min.csv:kdd2017_t1_d1#segment5,1,-1.0,1.0,1.0
1476397200,D:\intelligent_transportation\data\lstm_sources\public\kddcup2017_china_tollgate\kdd2017_china_tollgate_20min.csv:kdd2017_t1_d1#segment5,1,-5.0,5.0,25.0
1476398400,D:\intelligent_transportation\data\lstm_sources\public\kddcup2017_china_tollgate\kdd2017_china_tollgate_20min.csv:kdd2017_t1_d1#segment5,1,6.0,6.0,36.0
1476399600,D:\intelligent_transportation\data\lstm_sources\public\kddcup2017_china_tollgate\kdd2017_china_tollgate_20min.csv:kdd2017_t1_d1#segment5,1,-11.0,11.0,121.0
1476400800,D:\intelligent_transportation\data\lstm_sources\public\kddcup2017_china_tollgate\kdd2017_china_tollgate_20min.csv:kdd2017_t1_d1#segment5,1,-3.0,3.0,9.0
1476402000,D:\intelligent_transportation\data\lstm_sources\public\kddcup2017_china_tollgate\kdd2017_china_tollgate_20min.csv:kdd2017_t1_d1#segment5,1,-3.0,3.0,9.0
1476403200,D:\intelligent_transportation\data\lstm_sources\public\kddcup2017_china_tollgate\kdd2017_china_tollgate_20min.csv:kdd2017_t1_d1#segment5,1,114.0,114.0,12996.0
1476404400,D:\intelligent_transportation\data\lstm_sources\public\kddcup2017_china_tollgate\kdd2017_china_tollgate_20min.csv:kdd2017_t1_d1#segment5,1,-65.0,65.0,4225.0
1476405600,D:\intelligent_transportation\data\lstm_sources\public\kddcup2017_china_tollgate\kdd2017_china_tollgate_20min.csv:kdd2017_t1_d1#segment5,1,-25.0,25.0,625.0
1476406800,D:\intelligent_transportation\data\lstm_sources\public\kddcup2017_china_tollgate\kdd2017_china_tollgate_20min.csv:kdd2017_t1_d1#segment5,1,-26.0,26.0,676.0
1476408000,D:\intelligent_transportation\data\lstm_sources\public\kddcup2017_china_tollgate\kdd2017_china_tollgate_20min.csv:kdd2017_t1_d1#segment5,1,4.0,4.0,16.0
1476409200,D:\intelligent_transportation\data\lstm_sources\public\kddcup2017_china_tollgate\kdd2017_china_tollgate_20min.csv:kdd2017_t1_d1#segment5,1,-3.0,3.0,9.0
1476410400,D:\intelligent_transportation\data\lstm_sources\public\kddcup2017_china_tollgate\kdd2017_china_tollgate_20min.csv:kdd2017_t1_d1#segment5,1,2.0,2.0,4.0
1476411600,D:\intelligent_transportation\data\lstm_sources\public\kddcup2017_china_tollgate\kdd2017_china_tollgate_20min.csv:kdd2017_t1_d1#segment5,1,-1.0,1.0,1.0
1476412800,D:\intelligent_transportation\data\lstm_sources\public\kddcup2017_china_tollgate\kdd2017_china_tollgate_20min.csv:kdd2017_t1_d1#segment5,1,-2.0,2.0,4.0
1476414000,D:\intelligent_transportation\data\lstm_sources\public\kddcup2017_china_tollgate\kdd2017_china_tollgate_20min.csv:kdd2017_t1_d1#segment5,1,1.0,1.0,1.0
1476415200,D:\intelligent_transportation\data\lstm_sources\public\kddcup2017_china_tollgate\kdd2017_china_tollgate_20min.csv:kdd2017_t1_d1#segment5,1,1.0,1.0,1.0
1476416400,D:\intelligent_transportation\data\lstm_sources\public\kddcup2017_china_tollgate\kdd2017_china_tollgate_20min.csv:kdd2017_t1_d1#segment5,1,4.0,4.0,16.0
1476417600,D:\intelligent_transportation\data\lstm_sources\public\kddcup2017_china_tollgate\kdd2017_china_tollgate_20min.csv:kdd2017_t1_d1#segment5,1,4.0,4.0,16.0
1476418800,D:\intelligent_transportation\data\lstm_sources\public\kddcup2017_china_tollgate\kdd2017_china_tollgate_20min.csv:kdd2017_t1_d1#segment5,1,1.0,1.0,1.0
1476420000,D:\intelligent_transportation\data\lstm_sources\public\kddcup2017_china_tollgate\kdd2017_china_tollgate_20min.csv:kdd2017_t1_d1#segment5,1,8.0,8.0,64.0
1476421200,D:\intelligent_transportation\data\lstm_sources\public\kddcup2017_china_tollgate\kdd2017_china_tollgate_20min.csv:kdd2017_t1_d1#segment5,1,4.0,4.0,16.0
1476422400,D:\intelligent_transportation\data\lstm_sources\public\kddcup2017_china_tollgate\kdd2017_china_tollgate_20min.csv:kdd2017_t1_d1#segment5,1,4.0,4.0,16.0
1476423600,D:\intelligent_transportation\data\lstm_sources\public\kddcup2017_china_tollgate\kdd2017_china_tollgate_20min.csv:kdd2017_t1_d1#segment5,1,8.0,8.0,64.0
1476424800,D:\intelligent_transportation\data\lstm_sources\public\kddcup2017_china_tollgate\kdd2017_china_tollgate_20min.csv:kdd2017_t1_d1#segment5,1,-7.0,7.0,49.0
1476426000,D:\intelligent_transportation\data\lstm_sources\public\kddcup2017_china_tollgate\kdd2017_china_tollgate_20min.csv:kdd2017_t1_d1#segment5,1,14.0,14.0,196.0
1476427200,D:\intelligent_transportation\data\lstm_sources\public\kddcup2017_china_tollgate\kdd2017_china_tollgate_20min.csv:kdd2017_t1_d1#segment5,1,9.0,9.0,81.0
1476428400,D:\intelligent_transportation\data\lstm_sources\public\kddcup2017_china_tollgate\kdd2017_china_tollgate_20min.csv:kdd2017_t1_d1#segment5,1,15.0,15.0,225.0
1476429600,D:\intelligent_transportation\data\lstm_sources\public\kddcup2017_china_tollgate\kdd2017_china_tollgate_20min.csv:kdd2017_t1_d1#segment5,1,6.0,6.0,36.0
1476430800,D:\intelligent_transportation\data\lstm_sources\public\kddcup2017_china_tollgate\kdd2017_china_tollgate_20min.csv:kdd2017_t1_d1#segment5,1,42.0,42.0,1764.0
1476432000,D:\intelligent_transportation\data\lstm_sources\public\kddcup2017_china_tollgate\kdd2017_china_tollgate_20min.csv:kdd2017_t1_d1#segment5,1,-12.0,12.0,144.0
1476433200,D:\intelligent_transportation\data\lstm_sources\public\kddcup2017_china_tollgate\kdd2017_china_tollgate_20min.csv:kdd2017_t1_d1#segment5,1,-1.0,1.0,1.0
1476434400,D:\intelligent_transportation\data\lstm_sources\public\kddcup2017_china_tollgate\kdd2017_china_tollgate_20min.csv:kdd2017_t1_d1#segment5,1,1.0,1.0,1.0
1476435600,D:\intelligent_transportation\data\lstm_sources\public\kddcup2017_china_tollgate\kdd2017_china_tollgate_20min.csv:kdd2017_t1_d1#segment5,1,18.0,18.0,324.0
1476436800,D:\intelligent_transportation\data\lstm_sources\public\kddcup2017_china_tollgate\kdd2017_china_tollgate_20min.csv:kdd2017_t1_d1#segment5,1,-15.0,15.0,225.0
1476438000,D:\intelligent_transportation\data\lstm_sources\public\kddcup2017_china_tollgate\kdd2017_china_tollgate_20min.csv:kdd2017_t1_d1#segment5,1,41.0,41.0,1681.0
1476439200,D:\intelligent_transportation\data\lstm_sources\public\kddcup2017_china_tollgate\kdd2017_china_tollgate_20min.csv:kdd2017_t1_d1#segment5,1,-63.0,63.0,3969.0
1476440400,D:\intelligent_transportation\data\lstm_sources\public\kddcup2017_china_tollgate\kdd2017_china_tollgate_20min.csv:kdd2017_t1_d1#segment5,1,48.0,48.0,2304.0
1476441600,D:\intelligent_transportation\data\lstm_sources\public\kddcup2017_china_tollgate\kdd2017_china_tollgate_20min.csv:kdd2017_t1_d1#segment5,1,-43.0,43.0,1849.0
1476442800,D:\intelligent_transportation\data\lstm_sources\public\kddcup2017_china_tollgate\kdd2017_china_tollgate_20min.csv:kdd2017_t1_d1#segment5,1,-3.0,3.0,9.0
1476444000,D:\intelligent_transportation\data\lstm_sources\public\kddcup2017_china_tollgate\kdd2017_china_tollgate_20min.csv:kdd2017_t1_d1#segment5,1,7.0,7.0,49.0
1476445200,D:\intelligent_transportation\data\lstm_sources\public\kddcup2017_china_tollgate\kdd2017_china_tollgate_20min.csv:kdd2017_t1_d1#segment5,1,-9.0,9.0,81.0
1476446400,D:\intelligent_transportation\data\lstm_sources\public\kddcup2017_china_tollgate\kdd2017_china_tollgate_20min.csv:kdd2017_t1_d1#segment5,1,14.0,14.0,196.0
1476447600,D:\intelligent_transportation\data\lstm_sources\public\kddcup2017_china_tollgate\kdd2017_china_tollgate_20min.csv:kdd2017_t1_d1#segment5,1,-10.0,10.0,100.0
1476448800,D:\intelligent_transportation\data\lstm_sources\public\kddcup2017_china_tollgate\kdd2017_china_tollgate_20min.csv:kdd2017_t1_d1#segment5,1,-5.0,5.0,25.0
1476450000,D:\intelligent_transportation\data\lstm_sources\public\kddcup2017_china_tollgate\kdd2017_china_tollgate_20min.csv:kdd2017_t1_d1#segment5,1,11.0,11.0,121.0
1476451200,D:\intelligent_transportation\data\lstm_sources\public\kddcup2017_china_tollgate\kdd2017_china_tollgate_20min.csv:kdd2017_t1_d1#segment5,1,12.0,12.0,144.0
1476452400,D:\intelligent_transportation\data\lstm_sources\public\kddcup2017_china_tollgate\kdd2017_china_tollgate_20min.csv:kdd2017_t1_d1#segment5,1,-3.0,3.0,9.0
1476453600,D:\intelligent_transportation\data\lstm_sources\public\kddcup2017_china_tollgate\kdd2017_china_tollgate_20min.csv:kdd2017_t1_d1#segment5,1,14.0,14.0,196.0
1476454800,D:\intelligent_transportation\data\lstm_sources\public\kddcup2017_china_tollgate\kdd2017_china_tollgate_20min.csv:kdd2017_t1_d1#segment5,1,-21.0,21.0,441.0
1476456000,D:\intelligent_transportation\data\lstm_sources\public\kddcup2017_china_tollgate\kdd2017_china_tollgate_20min.csv:kdd2017_t1_d1#segment5,1,-1.0,1.0,1.0
1476457200,D:\intelligent_transportation\data\lstm_sources\public\kddcup2017_china_tollgate\kdd2017_china_tollgate_20min.csv:kdd2017_t1_d1#segment5,1,17.0,17.0,289.0
1476458400,D:\intelligent_transportation\data\lstm_sources\public\kddcup2017_china_tollgate\kdd2017_china_tollgate_20min.csv:kdd2017_t1_d1#segment5,1,-1.0,1.0,1.0
1476459600,D:\intelligent_transportation\data\lstm_sources\public\kddcup2017_china_tollgate\kdd2017_china_tollgate_20min.csv:kdd2017_t1_d1#segment5,1,0.0,0.0,0.0
1476460800,D:\intelligent_transportation\data\lstm_sources\public\kddcup2017_china_tollgate\kdd2017_china_tollgate_20min.csv:kdd2017_t1_d1#segment5,1,-11.0,11.0,121.0
1476462000,D:\intelligent_transportation\data\lstm_sources\public\kddcup2017_china_tollgate\kdd2017_china_tollgate_20min.csv:kdd2017_t1_d1#segment5,1,20.0,20.0,400.0
1476463200,D:\intelligent_transportation\data\lstm_sources\public\kddcup2017_china_tollgate\kdd2017_china_tollgate_20min.csv:kdd2017_t1_d1#segment5,1,-11.0,11.0,121.0
1476464400,D:\intelligent_transportation\data\lstm_sources\public\kddcup2017_china_tollgate\kdd2017_china_tollgate_20min.csv:kdd2017_t1_d1#segment5,1,8.0,8.0,64.0
1476465600,D:\intelligent_transportation\data\lstm_sources\public\kddcup2017_china_tollgate\kdd2017_china_tollgate_20min.csv:kdd2017_t1_d1#segment5,1,10.0,10.0,100.0
1476466800,D:\intelligent_transportation\data\lstm_sources\public\kddcup2017_china_tollgate\kdd2017_china_tollgate_20min.csv:kdd2017_t1_d1#segment5,1,3.0,3.0,9.0
1476468000,D:\intelligent_transportation\data\lstm_sources\public\kddcup2017_china_tollgate\kdd2017_china_tollgate_20min.csv:kdd2017_t1_d1#segment5,1,-46.0,46.0,2116.0
1476469200,D:\intelligent_transportation\data\lstm_sources\public\kddcup2017_china_tollgate\kdd2017_china_tollgate_20min.csv:kdd2017_t1_d1#segment5,1,-4.0,4.0,16.0
1476470400,D:\intelligent_transportation\data\lstm_sources\public\kddcup2017_china_tollgate\kdd2017_china_tollgate_20min.csv:kdd2017_t1_d1#segment5,1,-1.0,1.0,1.0
1476471600,D:\intelligent_transportation\data\lstm_sources\public\kddcup2017_china_tollgate\kdd2017_china_tollgate_20min.csv:kdd2017_t1_d1#segment5,1,-26.0,26.0,676.0
1476472800,D:\intelligent_transportation\data\lstm_sources\public\kddcup2017_china_tollgate\kdd2017_china_tollgate_20min.csv:kdd2017_t1_d1#segment5,1,6.0,6.0,36.0
1476474000,D:\intelligent_transportation\data\lstm_sources\public\kddcup2017_china_tollgate\kdd2017_china_tollgate_20min.csv:kdd2017_t1_d1#segment5,1,-5.0,5.0,25.0
1476475200,D:\intelligent_transportation\data\lstm_sources\public\kddcup2017_china_tollgate\kdd2017_china_tollgate_20min.csv:kdd2017_t1_d1#segment5,1,-4.0,4.0,16.0
1476476400,D:\intelligent_transportation\data\lstm_sources\public\kddcup2017_china_tollgate\kdd2017_china_tollgate_20min.csv:kdd2017_t1_d1#segment5,1,-8.0,8.0,64.0
1476477600,D:\intelligent_transportation\data\lstm_sources\public\kddcup2017_china_tollgate\kdd2017_china_tollgate_20min.csv:kdd2017_t1_d1#segment5,1,3.0,3.0,9.0
1476478800,D:\intelligent_transportation\data\lstm_sources\public\kddcup2017_china_tollgate\kdd2017_china_tollgate_20min.csv:kdd2017_t1_d1#segment5,1,-13.0,13.0,169.0
1476480000,D:\intelligent_transportation\data\lstm_sources\public\kddcup2017_china_tollgate\kdd2017_china_tollgate_20min.csv:kdd2017_t1_d1#segment5,1,-6.0,6.0,36.0
1476481200,D:\intelligent_transportation\data\lstm_sources\public\kddcup2017_china_tollgate\kdd2017_china_tollgate_20min.csv:kdd2017_t1_d1#segment5,1,8.0,8.0,64.0
1476482400,D:\intelligent_transportation\data\lstm_sources\public\kddcup2017_china_tollgate\kdd2017_china_tollgate_20min.csv:kdd2017_t1_d1#segment5,1,-19.0,19.0,361.0
1476483600,D:\intelligent_transportation\data\lstm_sources\public\kddcup2017_china_tollgate\kdd2017_china_tollgate_20min.csv:kdd2017_t1_d1#segment5,1,12.0,12.0,144.0
1476484800,D:\intelligent_transportation\data\lstm_sources\public\kddcup2017_china_tollgate\kdd2017_china_tollgate_20min.csv:kdd2017_t1_d1#segment5,1,-3.0,3.0,9.0
1476486000,D:\intelligent_transportation\data\lstm_sources\public\kddcup2017_china_tollgate\kdd2017_china_tollgate_20min.csv:kdd2017_t1_d1#segment5,1,-17.0,17.0,289.0
1476487200,D:\intelligent_transportation\data\lstm_sources\public\kddcup2017_china_tollgate\kdd2017_china_tollgate_20min.csv:kdd2017_t1_d1#segment5,1,10.0,10.0,100.0
1476488400,D:\intelligent_transportation\data\lstm_sources\public\kddcup2017_china_tollgate\kdd2017_china_tollgate_20min.csv:kdd2017_t1_d1#segment5,1,-9.0,9.0,81.0
1476489600,D:\intelligent_transportation\data\lstm_sources\public\kddcup2017_china_tollgate\kdd2017_china_tollgate_20min.csv:kdd2017_t1_d1#segment5,1,114.0,114.0,12996.0
1476490800,D:\intelligent_transportation\data\lstm_sources\public\kddcup2017_china_tollgate\kdd2017_china_tollgate_20min.csv:kdd2017_t1_d1#segment5,1,-35.0,35.0,1225.0
1476492000,D:\intelligent_transportation\data\lstm_sources\public\kddcup2017_china_tollgate\kdd2017_china_tollgate_20min.csv:kdd2017_t1_d1#segment5,1,-32.0,32.0,1024.0
1476493200,D:\intelligent_transportation\data\lstm_sources\public\kddcup2017_china_tollgate\kdd2017_china_tollgate_20min.csv:kdd2017_t1_d1#segment5,1,-47.0,47.0,2209.0
1476494400,D:\intelligent_transportation\data\lstm_sources\public\kddcup2017_china_tollgate\kdd2017_china_tollgate_20min.csv:kdd2017_t1_d1#segment5,1,-2.0,2.0,4.0
1476495600,D:\intelligent_transportation\data\lstm_sources\public\kddcup2017_china_tollgate\kdd2017_china_tollgate_20min.csv:kdd2017_t1_d1#segment5,1,0.0,0.0,0.0
1476496800,D:\intelligent_transportation\data\lstm_sources\public\kddcup2017_china_tollgate\kdd2017_china_tollgate_20min.csv:kdd2017_t1_d1#segment5,1,-3.0,3.0,9.0
1476498000,D:\intelligent_transportation\data\lstm_sources\public\kddcup2017_china_tollgate\kdd2017_china_tollgate_20min.csv:kdd2017_t1_d1#segment5,1,-4.0,4.0,16.0
1476499200,D:\intelligent_transportation\data\lstm_sources\public\kddcup2017_china_tollgate\kdd2017_china_tollgate_20min.csv:kdd2017_t1_d1#segment5,1,8.0,8.0,64.0
1476500400,D:\intelligent_transportation\data\lstm_sources\public\kddcup2017_china_tollgate\kdd2017_china_tollgate_20min.csv:kdd2017_t1_d1#segment5,1,-2.0,2.0,4.0
1476501600,D:\intelligent_transportation\data\lstm_sources\public\kddcup2017_china_tollgate\kdd2017_china_tollgate_20min.csv:kdd2017_t1_d1#segment5,1,-1.0,1.0,1.0
1476502800,D:\intelligent_transportation\data\lstm_sources\public\kddcup2017_china_tollgate\kdd2017_china_tollgate_20min.csv:kdd2017_t1_d1#segment5,1,7.0,7.0,49.0
1476504000,D:\intelligent_transportation\data\lstm_sources\public\kddcup2017_china_tollgate\kdd2017_china_tollgate_20min.csv:kdd2017_t1_d1#segment5,1,-3.0,3.0,9.0
1476505200,D:\intelligent_transportation\data\lstm_sources\public\kddcup2017_china_tollgate\kdd2017_china_tollgate_20min.csv:kdd2017_t1_d1#segment5,1,10.0,10.0,100.0
1476506400,D:\intelligent_transportation\data\lstm_sources\public\kddcup2017_china_tollgate\kdd2017_china_tollgate_20min.csv:kdd2017_t1_d1#segment5,1,0.0,0.0,0.0
1476507600,D:\intelligent_transportation\data\lstm_sources\public\kddcup2017_china_tollgate\kdd2017_china_tollgate_20min.csv:kdd2017_t1_d1#segment5,1,1.0,1.0,1.0
1476508800,D:\intelligent_transportation\data\lstm_sources\public\kddcup2017_china_tollgate\kdd2017_china_tollgate_20min.csv:kdd2017_t1_d1#segment5,1,4.0,4.0,16.0
1476510000,D:\intelligent_transportation\data\lstm_sources\public\kddcup2017_china_tollgate\kdd2017_china_tollgate_20min.csv:kdd2017_t1_d1#segment5,1,9.0,9.0,81.0
1476511200,D:\intelligent_transportation\data\lstm_sources\public\kddcup2017_china_tollgate\kdd2017_china_tollgate_20min.csv:kdd2017_t1_d1#segment5,1,6.0,6.0,36.0
1476512400,D:\intelligent_transportation\data\lstm_sources\public\kddcup2017_china_tollgate\kdd2017_china_tollgate_20min.csv:kdd2017_t1_d1#segment5,1,1.0,1.0,1.0
1476513600,D:\intelligent_transportation\data\lstm_sources\public\kddcup2017_china_tollgate\kdd2017_china_tollgate_20min.csv:kdd2017_t1_d1#segment5,1,15.0,15.0,225.0
1476514800,D:\intelligent_transportation\data\lstm_sources\public\kddcup2017_china_tollgate\kdd2017_china_tollgate_20min.csv:kdd2017_t1_d1#segment5,1,-10.0,10.0,100.0
1476516000,D:\intelligent_transportation\data\lstm_sources\public\kddcup2017_china_tollgate\kdd2017_china_tollgate_20min.csv:kdd2017_t1_d1#segment5,1,26.0,26.0,676.0
1476517200,D:\intelligent_transportation\data\lstm_sources\public\kddcup2017_china_tollgate\kdd2017_china_tollgate_20min.csv:kdd2017_t1_d1#segment5,1,-3.0,3.0,9.0
1476518400,D:\intelligent_transportation\data\lstm_sources\public\kddcup2017_china_tollgate\kdd2017_china_tollgate_20min.csv:kdd2017_t1_d1#segment5,1,1.0,1.0,1.0
1476519600,D:\intelligent_transportation\data\lstm_sources\public\kddcup2017_china_tollgate\kdd2017_china_tollgate_20min.csv:kdd2017_t1_d1#segment5,1,30.0,30.0,900.0
1476520800,D:\intelligent_transportation\data\lstm_sources\public\kddcup2017_china_tollgate\kdd2017_china_tollgate_20min.csv:kdd2017_t1_d1#segment5,1,20.0,20.0,400.0
1476522000,D:\intelligent_transportation\data\lstm_sources\public\kddcup2017_china_tollgate\kdd2017_china_tollgate_20min.csv:kdd2017_t1_d1#segment5,1,-13.0,13.0,169.0
1476523200,D:\intelligent_transportation\data\lstm_sources\public\kddcup2017_china_tollgate\kdd2017_china_tollgate_20min.csv:kdd2017_t1_d1#segment5,1,-7.0,7.0,49.0
1476524400,D:\intelligent_transportation\data\lstm_sources\public\kddcup2017_china_tollgate\kdd2017_china_tollgate_20min.csv:kdd2017_t1_d1#segment5,1,18.0,18.0,324.0
1476525600,D:\intelligent_transportation\data\lstm_sources\public\kddcup2017_china_tollgate\kdd2017_china_tollgate_20min.csv:kdd2017_t1_d1#segment5,1,-7.0,7.0,49.0
1476526800,D:\intelligent_transportation\data\lstm_sources\public\kddcup2017_china_tollgate\kdd2017_china_tollgate_20min.csv:kdd2017_t1_d1#segment5,1,-9.0,9.0,81.0
1476528000,D:\intelligent_transportation\data\lstm_sources\public\kddcup2017_china_tollgate\kdd2017_china_tollgate_20min.csv:kdd2017_t1_d1#segment5,1,-1.0,1.0,1.0
1476529200,D:\intelligent_transportation\data\lstm_sources\public\kddcup2017_china_tollgate\kdd2017_china_tollgate_20min.csv:kdd2017_t1_d1#segment5,1,-3.0,3.0,9.0
1476530400,D:\intelligent_transportation\data\lstm_sources\public\kddcup2017_china_tollgate\kdd2017_china_tollgate_20min.csv:kdd2017_t1_d1#segment5,1,-10.0,10.0,100.0
1476531600,D:\intelligent_transportation\data\lstm_sources\public\kddcup2017_china_tollgate\kdd2017_china_tollgate_20min.csv:kdd2017_t1_d1#segment5,1,0.0,0.0,0.0
1476532800,D:\intelligent_transportation\data\lstm_sources\public\kddcup2017_china_tollgate\kdd2017_china_tollgate_20min.csv:kdd2017_t1_d1#segment5,1,-19.0,19.0,361.0
1476534000,D:\intelligent_transportation\data\lstm_sources\public\kddcup2017_china_tollgate\kdd2017_china_tollgate_20min.csv:kdd2017_t1_d1#segment5,1,15.0,15.0,225.0
1476535200,D:\intelligent_transportation\data\lstm_sources\public\kddcup2017_china_tollgate\kdd2017_china_tollgate_20min.csv:kdd2017_t1_d1#segment5,1,-1.0,1.0,1.0
1476536400,D:\intelligent_transportation\data\lstm_sources\public\kddcup2017_china_tollgate\kdd2017_china_tollgate_20min.csv:kdd2017_t1_d1#segment5,1,1.0,1.0,1.0
1476537600,D:\intelligent_transportation\data\lstm_sources\public\kddcup2017_china_tollgate\kdd2017_china_tollgate_20min.csv:kdd2017_t1_d1#segment5,1,0.0,0.0,0.0
1476538800,D:\intelligent_transportation\data\lstm_sources\public\kddcup2017_china_tollgate\kdd2017_china_tollgate_20min.csv:kdd2017_t1_d1#segment5,1,20.0,20.0,400.0
1476540000,D:\intelligent_transportation\data\lstm_sources\public\kddcup2017_china_tollgate\kdd2017_china_tollgate_20min.csv:kdd2017_t1_d1#segment5,1,1.0,1.0,1.0
1476541200,D:\intelligent_transportation\data\lstm_sources\public\kddcup2017_china_tollgate\kdd2017_china_tollgate_20min.csv:kdd2017_t1_d1#segment5,1,-8.0,8.0,64.0
1476542400,D:\intelligent_transportation\data\lstm_sources\public\kddcup2017_china_tollgate\kdd2017_china_tollgate_20min.csv:kdd2017_t1_d1#segment5,1,-7.0,7.0,49.0
1476543600,D:\intelligent_transportation\data\lstm_sources\public\kddcup2017_china_tollgate\kdd2017_china_tollgate_20min.csv:kdd2017_t1_d1#segment5,1,15.0,15.0,225.0
1476544800,D:\intelligent_transportation\data\lstm_sources\public\kddcup2017_china_tollgate\kdd2017_china_tollgate_20min.csv:kdd2017_t1_d1#segment5,1,-23.0,23.0,529.0
1476546000,D:\intelligent_transportation\data\lstm_sources\public\kddcup2017_china_tollgate\kdd2017_china_tollgate_20min.csv:kdd2017_t1_d1#segment5,1,11.0,11.0,121.0
1476547200,D:\intelligent_transportation\data\lstm_sources\public\kddcup2017_china_tollgate\kdd2017_china_tollgate_20min.csv:kdd2017_t1_d1#segment5,1,-4.0,4.0,16.0
1476548400,D:\intelligent_transportation\data\lstm_sources\public\kddcup2017_china_tollgate\kdd2017_china_tollgate_20min.csv:kdd2017_t1_d1#segment5,1,-3.0,3.0,9.0
1476549600,D:\intelligent_transportation\data\lstm_sources\public\kddcup2017_china_tollgate\kdd2017_china_tollgate_20min.csv:kdd2017_t1_d1#segment5,1,4.0,4.0,16.0
1476550800,D:\intelligent_transportation\data\lstm_sources\public\kddcup2017_china_tollgate\kdd2017_china_tollgate_20min.csv:kdd2017_t1_d1#segment5,1,-8.0,8.0,64.0
1476552000,D:\intelligent_transportation\data\lstm_sources\public\kddcup2017_china_tollgate\kdd2017_china_tollgate_20min.csv:kdd2017_t1_d1#segment5,1,9.0,9.0,81.0
1476553200,D:\intelligent_transportation\data\lstm_sources\public\kddcup2017_china_tollgate\kdd2017_china_tollgate_20min.csv:kdd2017_t1_d1#segment5,1,-4.0,4.0,16.0
1476554400,D:\intelligent_transportation\data\lstm_sources\public\kddcup2017_china_tollgate\kdd2017_china_tollgate_20min.csv:kdd2017_t1_d1#segment5,1,-23.0,23.0,529.0
1476555600,D:\intelligent_transportation\data\lstm_sources\public\kddcup2017_china_tollgate\kdd2017_china_tollgate_20min.csv:kdd2017_t1_d1#segment5,1,4.0,4.0,16.0
1476556800,D:\intelligent_transportation\data\lstm_sources\public\kddcup2017_china_tollgate\kdd2017_china_tollgate_20min.csv:kdd2017_t1_d1#segment5,1,-10.0,10.0,100.0
1476558000,D:\intelligent_transportation\data\lstm_sources\public\kddcup2017_china_tollgate\kdd2017_china_tollgate_20min.csv:kdd2017_t1_d1#segment5,1,-15.0,15.0,225.0
1476559200,D:\intelligent_transportation\data\lstm_sources\public\kddcup2017_china_tollgate\kdd2017_china_tollgate_20min.csv:kdd2017_t1_d1#segment5,1,9.0,9.0,81.0
1476560400,D:\intelligent_transportation\data\lstm_sources\public\kddcup2017_china_tollgate\kdd2017_china_tollgate_20min.csv:kdd2017_t1_d1#segment5,1,-7.0,7.0,49.0
1476561600,D:\intelligent_transportation\data\lstm_sources\public\kddcup2017_china_tollgate\kdd2017_china_tollgate_20min.csv:kdd2017_t1_d1#segment5,1,-4.0,4.0,16.0
1476562800,D:\intelligent_transportation\data\lstm_sources\public\kddcup2017_china_tollgate\kdd2017_china_tollgate_20min.csv:kdd2017_t1_d1#segment5,1,-6.0,6.0,36.0
1476564000,D:\intelligent_transportation\data\lstm_sources\public\kddcup2017_china_tollgate\kdd2017_china_tollgate_20min.csv:kdd2017_t1_d1#segment5,1,2.0,2.0,4.0
1476565200,D:\intelligent_transportation\data\lstm_sources\public\kddcup2017_china_tollgate\kdd2017_china_tollgate_20min.csv:kdd2017_t1_d1#segment5,1,-6.0,6.0,36.0
1476566400,D:\intelligent_transportation\data\lstm_sources\public\kddcup2017_china_tollgate\kdd2017_china_tollgate_20min.csv:kdd2017_t1_d1#segment5,1,-6.0,6.0,36.0
1476567600,D:\intelligent_transportation\data\lstm_sources\public\kddcup2017_china_tollgate\kdd2017_china_tollgate_20min.csv:kdd2017_t1_d1#segment5,1,0.0,0.0,0.0
1476568800,D:\intelligent_transportation\data\lstm_sources\public\kddcup2017_china_tollgate\kdd2017_china_tollgate_20min.csv:kdd2017_t1_d1#segment5,1,-3.0,3.0,9.0
1476570000,D:\intelligent_transportation\data\lstm_sources\public\kddcup2017_china_tollgate\kdd2017_china_tollgate_20min.csv:kdd2017_t1_d1#segment5,1,-4.0,4.0,16.0
1476571200,D:\intelligent_transportation\data\lstm_sources\public\kddcup2017_china_tollgate\kdd2017_china_tollgate_20min.csv:kdd2017_t1_d1#segment5,1,0.0,0.0,0.0
1476572400,D:\intelligent_transportation\data\lstm_sources\public\kddcup2017_china_tollgate\kdd2017_china_tollgate_20min.csv:kdd2017_t1_d1#segment5,1,-1.0,1.0,1.0
1476573600,D:\intelligent_transportation\data\lstm_sources\public\kddcup2017_china_tollgate\kdd2017_china_tollgate_20min.csv:kdd2017_t1_d1#segment5,1,-7.0,7.0,49.0
1476574800,D:\intelligent_transportation\data\lstm_sources\public\kddcup2017_china_tollgate\kdd2017_china_tollgate_20min.csv:kdd2017_t1_d1#segment5,1,2.0,2.0,4.0
1476576000,D:\intelligent_transportation\data\lstm_sources\public\kddcup2017_china_tollgate\kdd2017_china_tollgate_20min.csv:kdd2017_t1_d1#segment5,1,92.0,92.0,8464.0
1476577200,D:\intelligent_transportation\data\lstm_sources\public\kddcup2017_china_tollgate\kdd2017_china_tollgate_20min.csv:kdd2017_t1_d1#segment5,1,-39.0,39.0,1521.0
1476578400,D:\intelligent_transportation\data\lstm_sources\public\kddcup2017_china_tollgate\kdd2017_china_tollgate_20min.csv:kdd2017_t1_d1#segment5,1,-33.0,33.0,1089.0
1476579600,D:\intelligent_transportation\data\lstm_sources\public\kddcup2017_china_tollgate\kdd2017_china_tollgate_20min.csv:kdd2017_t1_d1#segment5,1,-31.0,31.0,961.0
1476580800,D:\intelligent_transportation\data\lstm_sources\public\kddcup2017_china_tollgate\kdd2017_china_tollgate_20min.csv:kdd2017_t1_d1#segment5,1,6.0,6.0,36.0
1476582000,D:\intelligent_transportation\data\lstm_sources\public\kddcup2017_china_tollgate\kdd2017_china_tollgate_20min.csv:kdd2017_t1_d1#segment5,1,1.0,1.0,1.0
1476583200,D:\intelligent_transportation\data\lstm_sources\public\kddcup2017_china_tollgate\kdd2017_china_tollgate_20min.csv:kdd2017_t1_d1#segment5,1,-4.0,4.0,16.0
1476584400,D:\intelligent_transportation\data\lstm_sources\public\kddcup2017_china_tollgate\kdd2017_china_tollgate_20min.csv:kdd2017_t1_d1#segment5,1,-1.0,1.0,1.0
1476585600,D:\intelligent_transportation\data\lstm_sources\public\kddcup2017_china_tollgate\kdd2017_china_tollgate_20min.csv:kdd2017_t1_d1#segment5,1,2.0,2.0,4.0
1476586800,D:\intelligent_transportation\data\lstm_sources\public\kddcup2017_china_tollgate\kdd2017_china_tollgate_20min.csv:kdd2017_t1_d1#segment5,1,-1.0,1.0,1.0
1476588000,D:\intelligent_transportation\data\lstm_sources\public\kddcup2017_china_tollgate\kdd2017_china_tollgate_20min.csv:kdd2017_t1_d1#segment5,1,8.0,8.0,64.0
1476589200,D:\intelligent_transportation\data\lstm_sources\public\kddcup2017_china_tollgate\kdd2017_china_tollgate_20min.csv:kdd2017_t1_d1#segment5,1,0.0,0.0,0.0
1476590400,D:\intelligent_transportation\data\lstm_sources\public\kddcup2017_china_tollgate\kdd2017_china_tollgate_20min.csv:kdd2017_t1_d1#segment5,1,2.0,2.0,4.0
1476591600,D:\intelligent_transportation\data\lstm_sources\public\kddcup2017_china_tollgate\kdd2017_china_tollgate_20min.csv:kdd2017_t1_d1#segment5,1,-3.0,3.0,9.0
1476592800,D:\intelligent_transportation\data\lstm_sources\public\kddcup2017_china_tollgate\kdd2017_china_tollgate_20min.csv:kdd2017_t1_d1#segment5,1,8.0,8.0,64.0
1476594000,D:\intelligent_transportation\data\lstm_sources\public\kddcup2017_china_tollgate\kdd2017_china_tollgate_20min.csv:kdd2017_t1_d1#segment5,1,10.0,10.0,100.0
1476595200,D:\intelligent_transportation\data\lstm_sources\public\kddcup2017_china_tollgate\kdd2017_china_tollgate_20min.csv:kdd2017_t1_d1#segment5,1,1.0,1.0,1.0
1476596400,D:\intelligent_transportation\data\lstm_sources\public\kddcup2017_china_tollgate\kdd2017_china_tollgate_20min.csv:kdd2017_t1_d1#segment5,1,4.0,4.0,16.0
1476597600,D:\intelligent_transportation\data\lstm_sources\public\kddcup2017_china_tollgate\kdd2017_china_tollgate_20min.csv:kdd2017_t1_d1#segment5,1,0.0,0.0,0.0
1476598800,D:\intelligent_transportation\data\lstm_sources\public\kddcup2017_china_tollgate\kdd2017_china_tollgate_20min.csv:kdd2017_t1_d1#segment5,1,-5.0,5.0,25.0
1476600000,D:\intelligent_transportation\data\lstm_sources\public\kddcup2017_china_tollgate\kdd2017_china_tollgate_20min.csv:kdd2017_t1_d1#segment5,1,26.0,26.0,676.0
1476601200,D:\intelligent_transportation\data\lstm_sources\public\kddcup2017_china_tollgate\kdd2017_china_tollgate_20min.csv:kdd2017_t1_d1#segment5,1,-22.0,22.0,484.0
1476602400,D:\intelligent_transportation\data\lstm_sources\public\kddcup2017_china_tollgate\kdd2017_china_tollgate_20min.csv:kdd2017_t1_d1#segment5,1,14.0,14.0,196.0
1476603600,D:\intelligent_transportation\data\lstm_sources\public\kddcup2017_china_tollgate\kdd2017_china_tollgate_20min.csv:kdd2017_t1_d1#segment5,1,-11.0,11.0,121.0
1476604800,D:\intelligent_transportation\data\lstm_sources\public\kddcup2017_china_tollgate\kdd2017_china_tollgate_20min.csv:kdd2017_t1_d1#segment5,1,8.0,8.0,64.0
1476606000,D:\intelligent_transportation\data\lstm_sources\public\kddcup2017_china_tollgate\kdd2017_china_tollgate_20min.csv:kdd2017_t1_d1#segment5,1,25.0,25.0,625.0
1476607200,D:\intelligent_transportation\data\lstm_sources\public\kddcup2017_china_tollgate\kdd2017_china_tollgate_20min.csv:kdd2017_t1_d1#segment5,1,-5.0,5.0,25.0
1476608400,D:\intelligent_transportation\data\lstm_sources\public\kddcup2017_china_tollgate\kdd2017_china_tollgate_20min.csv:kdd2017_t1_d1#segment5,1,33.0,33.0,1089.0
1476609600,D:\intelligent_transportation\data\lstm_sources\public\kddcup2017_china_tollgate\kdd2017_china_tollgate_20min.csv:kdd2017_t1_d1#segment5,1,8.0,8.0,64.0
1476610800,D:\intelligent_transportation\data\lstm_sources\public\kddcup2017_china_tollgate\kdd2017_china_tollgate_20min.csv:kdd2017_t1_d1#segment5,1,0.0,0.0,0.0
1476612000,D:\intelligent_transportation\data\lstm_sources\public\kddcup2017_china_tollgate\kdd2017_china_tollgate_20min.csv:kdd2017_t1_d1#segment5,1,-20.0,20.0,400.0
1476613200,D:\intelligent_transportation\data\lstm_sources\public\kddcup2017_china_tollgate\kdd2017_china_tollgate_20min.csv:kdd2017_t1_d1#segment5,1,19.0,19.0,361.0
1476614400,D:\intelligent_transportation\data\lstm_sources\public\kddcup2017_china_tollgate\kdd2017_china_tollgate_20min.csv:kdd2017_t1_d1#segment5,1,-5.0,5.0,25.0
1476615600,D:\intelligent_transportation\data\lstm_sources\public\kddcup2017_china_tollgate\kdd2017_china_tollgate_20min.csv:kdd2017_t1_d1#segment5,1,-6.0,6.0,36.0
1476616800,D:\intelligent_transportation\data\lstm_sources\public\kddcup2017_china_tollgate\kdd2017_china_tollgate_20min.csv:kdd2017_t1_d1#segment5,1,3.0,3.0,9.0
1476618000,D:\intelligent_transportation\data\lstm_sources\public\kddcup2017_china_tollgate\kdd2017_china_tollgate_20min.csv:kdd2017_t1_d1#segment5,1,-22.0,22.0,484.0
1476619200,D:\intelligent_transportation\data\lstm_sources\public\kddcup2017_china_tollgate\kdd2017_china_tollgate_20min.csv:kdd2017_t1_d1#segment5,1,17.0,17.0,289.0
1476620400,D:\intelligent_transportation\data\lstm_sources\public\kddcup2017_china_tollgate\kdd2017_china_tollgate_20min.csv:kdd2017_t1_d1#segment5,1,-21.0,21.0,441.0
1476621600,D:\intelligent_transportation\data\lstm_sources\public\kddcup2017_china_tollgate\kdd2017_china_tollgate_20min.csv:kdd2017_t1_d1#segment5,1,16.0,16.0,256.0
1476622800,D:\intelligent_transportation\data\lstm_sources\public\kddcup2017_china_tollgate\kdd2017_china_tollgate_20min.csv:kdd2017_t1_d1#segment5,1,19.0,19.0,361.0
1476624000,D:\intelligent_transportation\data\lstm_sources\public\kddcup2017_china_tollgate\kdd2017_china_tollgate_20min.csv:kdd2017_t1_d1#segment5,1,-4.0,4.0,16.0
1476625200,D:\intelligent_transportation\data\lstm_sources\public\kddcup2017_china_tollgate\kdd2017_china_tollgate_20min.csv:kdd2017_t1_d1#segment5,1,1.0,1.0,1.0
1476626400,D:\intelligent_transportation\data\lstm_sources\public\kddcup2017_china_tollgate\kdd2017_china_tollgate_20min.csv:kdd2017_t1_d1#segment5,1,7.0,7.0,49.0
1476627600,D:\intelligent_transportation\data\lstm_sources\public\kddcup2017_china_tollgate\kdd2017_china_tollgate_20min.csv:kdd2017_t1_d1#segment5,1,-4.0,4.0,16.0
1476628800,D:\intelligent_transportation\data\lstm_sources\public\kddcup2017_china_tollgate\kdd2017_china_tollgate_20min.csv:kdd2017_t1_d1#segment5,1,-11.0,11.0,121.0
1476630000,D:\intelligent_transportation\data\lstm_sources\public\kddcup2017_china_tollgate\kdd2017_china_tollgate_20min.csv:kdd2017_t1_d1#segment5,1,22.0,22.0,484.0
1476631200,D:\intelligent_transportation\data\lstm_sources\public\kddcup2017_china_tollgate\kdd2017_china_tollgate_20min.csv:kdd2017_t1_d1#segment5,1,-1.0,1.0,1.0
1476632400,D:\intelligent_transportation\data\lstm_sources\public\kddcup2017_china_tollgate\kdd2017_china_tollgate_20min.csv:kdd2017_t1_d1#segment5,1,-19.0,19.0,361.0
1476633600,D:\intelligent_transportation\data\lstm_sources\public\kddcup2017_china_tollgate\kdd2017_china_tollgate_20min.csv:kdd2017_t1_d1#segment5,1,36.0,36.0,1296.0
1476634800,D:\intelligent_transportation\data\lstm_sources\public\kddcup2017_china_tollgate\kdd2017_china_tollgate_20min.csv:kdd2017_t1_d1#segment5,1,-24.0,24.0,576.0
1476636000,D:\intelligent_transportation\data\lstm_sources\public\kddcup2017_china_tollgate\kdd2017_china_tollgate_20min.csv:kdd2017_t1_d1#segment5,1,-6.0,6.0,36.0
1476637200,D:\intelligent_transportation\data\lstm_sources\public\kddcup2017_china_tollgate\kdd2017_china_tollgate_20min.csv:kdd2017_t1_d1#segment5,1,-7.0,7.0,49.0
1476638400,D:\intelligent_transportation\data\lstm_sources\public\kddcup2017_china_tollgate\kdd2017_china_tollgate_20min.csv:kdd2017_t1_d1#segment5,1,36.0,36.0,1296.0
1476639600,D:\intelligent_transportation\data\lstm_sources\public\kddcup2017_china_tollgate\kdd2017_china_tollgate_20min.csv:kdd2017_t1_d1#segment5,1,-23.0,23.0,529.0
1476640800,D:\intelligent_transportation\data\lstm_sources\public\kddcup2017_china_tollgate\kdd2017_china_tollgate_20min.csv:kdd2017_t1_d1#segment5,1,-35.0,35.0,1225.0
1476642000,D:\intelligent_transportation\data\lstm_sources\public\kddcup2017_china_tollgate\kdd2017_china_tollgate_20min.csv:kdd2017_t1_d1#segment5,1,1.0,1.0,1.0
1476643200,D:\intelligent_transportation\data\lstm_sources\public\kddcup2017_china_tollgate\kdd2017_china_tollgate_20min.csv:kdd2017_t1_d1#segment5,1,-21.0,21.0,441.0
1476644400,D:\intelligent_transportation\data\lstm_sources\public\kddcup2017_china_tollgate\kdd2017_china_tollgate_20min.csv:kdd2017_t1_d1#segment5,1,7.0,7.0,49.0
1476645600,D:\intelligent_transportation\data\lstm_sources\public\kddcup2017_china_tollgate\kdd2017_china_tollgate_20min.csv:kdd2017_t1_d1#segment5,1,1.0,1.0,1.0
1476646800,D:\intelligent_transportation\data\lstm_sources\public\kddcup2017_china_tollgate\kdd2017_china_tollgate_20min.csv:kdd2017_t1_d1#segment5,1,0.0,0.0,0.0
1476648000,D:\intelligent_transportation\data\lstm_sources\public\kddcup2017_china_tollgate\kdd2017_china_tollgate_20min.csv:kdd2017_t1_d1#segment5,1,-6.0,6.0,36.0
1476649200,D:\intelligent_transportation\data\lstm_sources\public\kddcup2017_china_tollgate\kdd2017_china_tollgate_20min.csv:kdd2017_t1_d1#segment5,1,-5.0,5.0,25.0
1476650400,D:\intelligent_transportation\data\lstm_sources\public\kddcup2017_china_tollgate\kdd2017_china_tollgate_20min.csv:kdd2017_t1_d1#segment5,1,-1.0,1.0,1.0
1476651600,D:\intelligent_transportation\data\lstm_sources\public\kddcup2017_china_tollgate\kdd2017_china_tollgate_20min.csv:kdd2017_t1_d1#segment5,1,-18.0,18.0,324.0
1476652800,D:\intelligent_transportation\data\lstm_sources\public\kddcup2017_china_tollgate\kdd2017_china_tollgate_20min.csv:kdd2017_t1_d1#segment5,1,11.0,11.0,121.0
1476654000,D:\intelligent_transportation\data\lstm_sources\public\kddcup2017_china_tollgate\kdd2017_china_tollgate_20min.csv:kdd2017_t1_d1#segment5,1,-18.0,18.0,324.0
1476655200,D:\intelligent_transportation\data\lstm_sources\public\kddcup2017_china_tollgate\kdd2017_china_tollgate_20min.csv:kdd2017_t1_d1#segment5,1,-10.0,10.0,100.0
1476656400,D:\intelligent_transportation\data\lstm_sources\public\kddcup2017_china_tollgate\kdd2017_china_tollgate_20min.csv:kdd2017_t1_d1#segment5,1,-1.0,1.0,1.0
1476657600,D:\intelligent_transportation\data\lstm_sources\public\kddcup2017_china_tollgate\kdd2017_china_tollgate_20min.csv:kdd2017_t1_d1#segment5,1,11.0,11.0,121.0
1476658800,D:\intelligent_transportation\data\lstm_sources\public\kddcup2017_china_tollgate\kdd2017_china_tollgate_20min.csv:kdd2017_t1_d1#segment5,1,-12.0,12.0,144.0
1476660000,D:\intelligent_transportation\data\lstm_sources\public\kddcup2017_china_tollgate\kdd2017_china_tollgate_20min.csv:kdd2017_t1_d1#segment5,1,6.0,6.0,36.0
1476661200,D:\intelligent_transportation\data\lstm_sources\public\kddcup2017_china_tollgate\kdd2017_china_tollgate_20min.csv:kdd2017_t1_d1#segment5,1,-5.0,5.0,25.0
1476662400,D:\intelligent_transportation\data\lstm_sources\public\kddcup2017_china_tollgate\kdd2017_china_tollgate_20min.csv:kdd2017_t1_d1#segment5,1,123.0,123.0,15129.0
1476663600,D:\intelligent_transportation\data\lstm_sources\public\kddcup2017_china_tollgate\kdd2017_china_tollgate_20min.csv:kdd2017_t1_d1#segment5,1,-84.0,84.0,7056.0
1476664800,D:\intelligent_transportation\data\lstm_sources\public\kddcup2017_china_tollgate\kdd2017_china_tollgate_20min.csv:kdd2017_t1_d1#segment5,1,-22.0,22.0,484.0
1476666000,D:\intelligent_transportation\data\lstm_sources\public\kddcup2017_china_tollgate\kdd2017_china_tollgate_20min.csv:kdd2017_t1_d1#segment5,1,-26.0,26.0,676.0
1476667200,D:\intelligent_transportation\data\lstm_sources\public\kddcup2017_china_tollgate\kdd2017_china_tollgate_20min.csv:kdd2017_t1_d1#segment5,1,0.0,0.0,0.0
1476668400,D:\intelligent_transportation\data\lstm_sources\public\kddcup2017_china_tollgate\kdd2017_china_tollgate_20min.csv:kdd2017_t1_d1#segment5,1,3.0,3.0,9.0
1476669600,D:\intelligent_transportation\data\lstm_sources\public\kddcup2017_china_tollgate\kdd2017_china_tollgate_20min.csv:kdd2017_t1_d1#segment5,1,-5.0,5.0,25.0
1476670800,D:\intelligent_transportation\data\lstm_sources\public\kddcup2017_china_tollgate\kdd2017_china_tollgate_20min.csv:kdd2017_t1_d1#segment5,1,4.0,4.0,16.0
1476672000,D:\intelligent_transportation\data\lstm_sources\public\kddcup2017_china_tollgate\kdd2017_china_tollgate_20min.csv:kdd2017_t1_d1#segment5,1,-3.0,3.0,9.0
1476673200,D:\intelligent_transportation\data\lstm_sources\public\kddcup2017_china_tollgate\kdd2017_china_tollgate_20min.csv:kdd2017_t1_d1#segment5,1,0.0,0.0,0.0
1476674400,D:\intelligent_transportation\data\lstm_sources\public\kddcup2017_china_tollgate\kdd2017_china_tollgate_20min.csv:kdd2017_t1_d1#segment5,1,5.0,5.0,25.0
1476675600,D:\intelligent_transportation\data\lstm_sources\public\kddcup2017_china_tollgate\kdd2017_china_tollgate_20min.csv:kdd2017_t1_d1#segment5,1,10.0,10.0,100.0
1476676800,D:\intelligent_transportation\data\lstm_sources\public\kddcup2017_china_tollgate\kdd2017_china_tollgate_20min.csv:kdd2017_t1_d1#segment5,1,-8.0,8.0,64.0
1476678000,D:\intelligent_transportation\data\lstm_sources\public\kddcup2017_china_tollgate\kdd2017_china_tollgate_20min.csv:kdd2017_t1_d1#segment5,1,7.0,7.0,49.0
1476679200,D:\intelligent_transportation\data\lstm_sources\public\kddcup2017_china_tollgate\kdd2017_china_tollgate_20min.csv:kdd2017_t1_d1#segment5,1,6.0,6.0,36.0
1476680400,D:\intelligent_transportation\data\lstm_sources\public\kddcup2017_china_tollgate\kdd2017_china_tollgate_20min.csv:kdd2017_t1_d1#segment5,1,1.0,1.0,1.0
1476681600,D:\intelligent_transportation\data\lstm_sources\public\kddcup2017_china_tollgate\kdd2017_china_tollgate_20min.csv:kdd2017_t1_d1#segment5,1,5.0,5.0,25.0
1476682800,D:\intelligent_transportation\data\lstm_sources\public\kddcup2017_china_tollgate\kdd2017_china_tollgate_20min.csv:kdd2017_t1_d1#segment5,1,6.0,6.0,36.0
1476684000,D:\intelligent_transportation\data\lstm_sources\public\kddcup2017_china_tollgate\kdd2017_china_tollgate_20min.csv:kdd2017_t1_d1#segment5,1,7.0,7.0,49.0
1476685200,D:\intelligent_transportation\data\lstm_sources\public\kddcup2017_china_tollgate\kdd2017_china_tollgate_20min.csv:kdd2017_t1_d1#segment5,1,23.0,23.0,529.0
1476686400,D:\intelligent_transportation\data\lstm_sources\public\kddcup2017_china_tollgate\kdd2017_china_tollgate_20min.csv:kdd2017_t1_d1#segment5,1,5.0,5.0,25.0
1476687600,D:\intelligent_transportation\data\lstm_sources\public\kddcup2017_china_tollgate\kdd2017_china_tollgate_20min.csv:kdd2017_t1_d1#segment5,1,33.0,33.0,1089.0
1476688800,D:\intelligent_transportation\data\lstm_sources\public\kddcup2017_china_tollgate\kdd2017_china_tollgate_20min.csv:kdd2017_t1_d1#segment5,1,14.0,14.0,196.0
1476690000,D:\intelligent_transportation\data\lstm_sources\public\kddcup2017_china_tollgate\kdd2017_china_tollgate_20min.csv:kdd2017_t1_d1#segment5,1,10.0,10.0,100.0
1476691200,D:\intelligent_transportation\data\lstm_sources\public\kddcup2017_china_tollgate\kdd2017_china_tollgate_20min.csv:kdd2017_t1_d1#segment5,1,2.0,2.0,4.0
1476692400,D:\intelligent_transportation\data\lstm_sources\public\kddcup2017_china_tollgate\kdd2017_china_tollgate_20min.csv:kdd2017_t1_d1#segment5,1,8.0,8.0,64.0
1476693600,D:\intelligent_transportation\data\lstm_sources\public\kddcup2017_china_tollgate\kdd2017_china_tollgate_20min.csv:kdd2017_t1_d1#segment5,1,1.0,1.0,1.0
1476694800,D:\intelligent_transportation\data\lstm_sources\public\kddcup2017_china_tollgate\kdd2017_china_tollgate_20min.csv:kdd2017_t1_d1#segment5,1,20.0,20.0,400.0
1476696000,D:\intelligent_transportation\data\lstm_sources\public\kddcup2017_china_tollgate\kdd2017_china_tollgate_20min.csv:kdd2017_t1_d1#segment5,1,-41.0,41.0,1681.0
1476697200,D:\intelligent_transportation\data\lstm_sources\public\kddcup2017_china_tollgate\kdd2017_china_tollgate_20min.csv:kdd2017_t1_d1#segment5,1,1.0,1.0,1.0
1476698400,D:\intelligent_transportation\data\lstm_sources\public\kddcup2017_china_tollgate\kdd2017_china_tollgate_20min.csv:kdd2017_t1_d1#segment5,1,-20.0,20.0,400.0
1476699600,D:\intelligent_transportation\data\lstm_sources\public\kddcup2017_china_tollgate\kdd2017_china_tollgate_20min.csv:kdd2017_t1_d1#segment5,1,0.0,0.0,0.0
1476700800,D:\intelligent_transportation\data\lstm_sources\public\kddcup2017_china_tollgate\kdd2017_china_tollgate_20min.csv:kdd2017_t1_d1#segment5,1,-11.0,11.0,121.0
1476702000,D:\intelligent_transportation\data\lstm_sources\public\kddcup2017_china_tollgate\kdd2017_china_tollgate_20min.csv:kdd2017_t1_d1#segment5,1,-28.0,28.0,784.0
1476703200,D:\intelligent_transportation\data\lstm_sources\public\kddcup2017_china_tollgate\kdd2017_china_tollgate_20min.csv:kdd2017_t1_d1#segment5,1,11.0,11.0,121.0
1476704400,D:\intelligent_transportation\data\lstm_sources\public\kddcup2017_china_tollgate\kdd2017_china_tollgate_20min.csv:kdd2017_t1_d1#segment5,1,34.0,34.0,1156.0
1476705600,D:\intelligent_transportation\data\lstm_sources\public\kddcup2017_china_tollgate\kdd2017_china_tollgate_20min.csv:kdd2017_t1_d1#segment5,1,-20.0,20.0,400.0
1476706800,D:\intelligent_transportation\data\lstm_sources\public\kddcup2017_china_tollgate\kdd2017_china_tollgate_20min.csv:kdd2017_t1_d1#segment5,1,0.0,0.0,0.0
1476708000,D:\intelligent_transportation\data\lstm_sources\public\kddcup2017_china_tollgate\kdd2017_china_tollgate_20min.csv:kdd2017_t1_d1#segment5,1,0.0,0.0,0.0
1476709200,D:\intelligent_transportation\data\lstm_sources\public\kddcup2017_china_tollgate\kdd2017_china_tollgate_20min.csv:kdd2017_t1_d1#segment5,1,1.0,1.0,1.0
1476710400,D:\intelligent_transportation\data\lstm_sources\public\kddcup2017_china_tollgate\kdd2017_china_tollgate_20min.csv:kdd2017_t1_d1#segment5,1,12.0,12.0,144.0
1476711600,D:\intelligent_transportation\data\lstm_sources\public\kddcup2017_china_tollgate\kdd2017_china_tollgate_20min.csv:kdd2017_t1_d1#segment5,1,-15.0,15.0,225.0
1476712800,D:\intelligent_transportation\data\lstm_sources\public\kddcup2017_china_tollgate\kdd2017_china_tollgate_20min.csv:kdd2017_t1_d1#segment5,1,2.0,2.0,4.0
1476714000,D:\intelligent_transportation\data\lstm_sources\public\kddcup2017_china_tollgate\kdd2017_china_tollgate_20min.csv:kdd2017_t1_d1#segment5,1,6.0,6.0,36.0
1476715200,D:\intelligent_transportation\data\lstm_sources\public\kddcup2017_china_tollgate\kdd2017_china_tollgate_20min.csv:kdd2017_t1_d1#segment5,1,16.0,16.0,256.0
1476716400,D:\intelligent_transportation\data\lstm_sources\public\kddcup2017_china_tollgate\kdd2017_china_tollgate_20min.csv:kdd2017_t1_d1#segment5,1,-10.0,10.0,100.0
1476717600,D:\intelligent_transportation\data\lstm_sources\public\kddcup2017_china_tollgate\kdd2017_china_tollgate_20min.csv:kdd2017_t1_d1#segment5,1,-7.0,7.0,49.0
1476718800,D:\intelligent_transportation\data\lstm_sources\public\kddcup2017_china_tollgate\kdd2017_china_tollgate_20min.csv:kdd2017_t1_d1#segment5,1,-3.0,3.0,9.0
1476720000,D:\intelligent_transportation\data\lstm_sources\public\kddcup2017_china_tollgate\kdd2017_china_tollgate_20min.csv:kdd2017_t1_d1#segment5,1,12.0,12.0,144.0
1476721200,D:\intelligent_transportation\data\lstm_sources\public\kddcup2017_china_tollgate\kdd2017_china_tollgate_20min.csv:kdd2017_t1_d1#segment5,1,7.0,7.0,49.0
1476722400,D:\intelligent_transportation\data\lstm_sources\public\kddcup2017_china_tollgate\kdd2017_china_tollgate_20min.csv:kdd2017_t1_d1#segment5,1,-4.0,4.0,16.0
1476723600,D:\intelligent_transportation\data\lstm_sources\public\kddcup2017_china_tollgate\kdd2017_china_tollgate_20min.csv:kdd2017_t1_d1#segment5,1,8.0,8.0,64.0
1476724800,D:\intelligent_transportation\data\lstm_sources\public\kddcup2017_china_tollgate\kdd2017_china_tollgate_20min.csv:kdd2017_t1_d1#segment5,1,14.0,14.0,196.0
1476726000,D:\intelligent_transportation\data\lstm_sources\public\kddcup2017_china_tollgate\kdd2017_china_tollgate_20min.csv:kdd2017_t1_d1#segment5,1,4.0,4.0,16.0
1476727200,D:\intelligent_transportation\data\lstm_sources\public\kddcup2017_china_tollgate\kdd2017_china_tollgate_20min.csv:kdd2017_t1_d1#segment5,1,-78.0,78.0,6084.0
1476728400,D:\intelligent_transportation\data\lstm_sources\public\kddcup2017_china_tollgate\kdd2017_china_tollgate_20min.csv:kdd2017_t1_d1#segment5,1,32.0,32.0,1024.0
1476729600,D:\intelligent_transportation\data\lstm_sources\public\kddcup2017_china_tollgate\kdd2017_china_tollgate_20min.csv:kdd2017_t1_d1#segment5,1,-35.0,35.0,1225.0
1476730800,D:\intelligent_transportation\data\lstm_sources\public\kddcup2017_china_tollgate\kdd2017_china_tollgate_20min.csv:kdd2017_t1_d1#segment5,1,-10.0,10.0,100.0
1476732000,D:\intelligent_transportation\data\lstm_sources\public\kddcup2017_china_tollgate\kdd2017_china_tollgate_20min.csv:kdd2017_t1_d1#segment5,1,7.0,7.0,49.0
1476733200,D:\intelligent_transportation\data\lstm_sources\public\kddcup2017_china_tollgate\kdd2017_china_tollgate_20min.csv:kdd2017_t1_d1#segment5,1,-13.0,13.0,169.0
1476734400,D:\intelligent_transportation\data\lstm_sources\public\kddcup2017_china_tollgate\kdd2017_china_tollgate_20min.csv:kdd2017_t1_d1#segment5,1,0.0,0.0,0.0
1476735600,D:\intelligent_transportation\data\lstm_sources\public\kddcup2017_china_tollgate\kdd2017_china_tollgate_20min.csv:kdd2017_t1_d1#segment5,1,0.0,0.0,0.0
1476736800,D:\intelligent_transportation\data\lstm_sources\public\kddcup2017_china_tollgate\kdd2017_china_tollgate_20min.csv:kdd2017_t1_d1#segment5,1,0.0,0.0,0.0
1476738000,D:\intelligent_transportation\data\lstm_sources\public\kddcup2017_china_tollgate\kdd2017_china_tollgate_20min.csv:kdd2017_t1_d1#segment5,1,-9.0,9.0,81.0
1476739200,D:\intelligent_transportation\data\lstm_sources\public\kddcup2017_china_tollgate\kdd2017_china_tollgate_20min.csv:kdd2017_t1_d1#segment5,1,0.0,0.0,0.0
1476740400,D:\intelligent_transportation\data\lstm_sources\public\kddcup2017_china_tollgate\kdd2017_china_tollgate_20min.csv:kdd2017_t1_d1#segment5,1,7.0,7.0,49.0
1476741600,D:\intelligent_transportation\data\lstm_sources\public\kddcup2017_china_tollgate\kdd2017_china_tollgate_20min.csv:kdd2017_t1_d1#segment5,1,-16.0,16.0,256.0
1476742800,D:\intelligent_transportation\data\lstm_sources\public\kddcup2017_china_tollgate\kdd2017_china_tollgate_20min.csv:kdd2017_t1_d1#segment5,1,3.0,3.0,9.0
1476744000,D:\intelligent_transportation\data\lstm_sources\public\kddcup2017_china_tollgate\kdd2017_china_tollgate_20min.csv:kdd2017_t1_d1#segment5,1,1.0,1.0,1.0
1476745200,D:\intelligent_transportation\data\lstm_sources\public\kddcup2017_china_tollgate\kdd2017_china_tollgate_20min.csv:kdd2017_t1_d1#segment5,1,-8.0,8.0,64.0
1476746400,D:\intelligent_transportation\data\lstm_sources\public\kddcup2017_china_tollgate\kdd2017_china_tollgate_20min.csv:kdd2017_t1_d1#segment5,1,2.0,2.0,4.0
1476747600,D:\intelligent_transportation\data\lstm_sources\public\kddcup2017_china_tollgate\kdd2017_china_tollgate_20min.csv:kdd2017_t1_d1#segment5,1,-3.0,3.0,9.0
1476379200,D:\intelligent_transportation\data\lstm_sources\public\kddcup2017_china_tollgate\kdd2017_china_tollgate_20min.csv:kdd2017_t2_d0#segment72,1,3.0,3.0,9.0
1476380400,D:\intelligent_transportation\data\lstm_sources\public\kddcup2017_china_tollgate\kdd2017_china_tollgate_20min.csv:kdd2017_t2_d0#segment72,1,0.0,0.0,0.0
1476381600,D:\intelligent_transportation\data\lstm_sources\public\kddcup2017_china_tollgate\kdd2017_china_tollgate_20min.csv:kdd2017_t2_d0#segment72,1,-7.0,7.0,49.0
1476382800,D:\intelligent_transportation\data\lstm_sources\public\kddcup2017_china_tollgate\kdd2017_china_tollgate_20min.csv:kdd2017_t2_d0#segment72,1,-3.0,3.0,9.0
1476384000,D:\intelligent_transportation\data\lstm_sources\public\kddcup2017_china_tollgate\kdd2017_china_tollgate_20min.csv:kdd2017_t2_d0#segment72,1,-18.0,18.0,324.0
1476385200,D:\intelligent_transportation\data\lstm_sources\public\kddcup2017_china_tollgate\kdd2017_china_tollgate_20min.csv:kdd2017_t2_d0#segment72,1,-6.0,6.0,36.0
1476386400,D:\intelligent_transportation\data\lstm_sources\public\kddcup2017_china_tollgate\kdd2017_china_tollgate_20min.csv:kdd2017_t2_d0#segment72,1,-1.0,1.0,1.0
1476387600,D:\intelligent_transportation\data\lstm_sources\public\kddcup2017_china_tollgate\kdd2017_china_tollgate_20min.csv:kdd2017_t2_d0#segment72,1,-8.0,8.0,64.0
1476388800,D:\intelligent_transportation\data\lstm_sources\public\kddcup2017_china_tollgate\kdd2017_china_tollgate_20min.csv:kdd2017_t2_d0#segment72,1,7.0,7.0,49.0
1476390000,D:\intelligent_transportation\data\lstm_sources\public\kddcup2017_china_tollgate\kdd2017_china_tollgate_20min.csv:kdd2017_t2_d0#segment72,1,-10.0,10.0,100.0
1476391200,D:\intelligent_transportation\data\lstm_sources\public\kddcup2017_china_tollgate\kdd2017_china_tollgate_20min.csv:kdd2017_t2_d0#segment72,1,8.0,8.0,64.0
1476392400,D:\intelligent_transportation\data\lstm_sources\public\kddcup2017_china_tollgate\kdd2017_china_tollgate_20min.csv:kdd2017_t2_d0#segment72,1,-16.0,16.0,256.0
1476393600,D:\intelligent_transportation\data\lstm_sources\public\kddcup2017_china_tollgate\kdd2017_china_tollgate_20min.csv:kdd2017_t2_d0#segment72,1,-1.0,1.0,1.0
1476394800,D:\intelligent_transportation\data\lstm_sources\public\kddcup2017_china_tollgate\kdd2017_china_tollgate_20min.csv:kdd2017_t2_d0#segment72,1,2.0,2.0,4.0
1476396000,D:\intelligent_transportation\data\lstm_sources\public\kddcup2017_china_tollgate\kdd2017_china_tollgate_20min.csv:kdd2017_t2_d0#segment72,1,-10.0,10.0,100.0
1476397200,D:\intelligent_transportation\data\lstm_sources\public\kddcup2017_china_tollgate\kdd2017_china_tollgate_20min.csv:kdd2017_t2_d0#segment72,1,-4.0,4.0,16.0
1476398400,D:\intelligent_transportation\data\lstm_sources\public\kddcup2017_china_tollgate\kdd2017_china_tollgate_20min.csv:kdd2017_t2_d0#segment72,1,2.0,2.0,4.0
1476399600,D:\intelligent_transportation\data\lstm_sources\public\kddcup2017_china_tollgate\kdd2017_china_tollgate_20min.csv:kdd2017_t2_d0#segment72,1,-9.0,9.0,81.0
1476400800,D:\intelligent_transportation\data\lstm_sources\public\kddcup2017_china_tollgate\kdd2017_china_tollgate_20min.csv:kdd2017_t2_d0#segment72,1,5.0,5.0,25.0
1476402000,D:\intelligent_transportation\data\lstm_sources\public\kddcup2017_china_tollgate\kdd2017_china_tollgate_20min.csv:kdd2017_t2_d0#segment72,1,-2.0,2.0,4.0
1476403200,D:\intelligent_transportation\data\lstm_sources\public\kddcup2017_china_tollgate\kdd2017_china_tollgate_20min.csv:kdd2017_t2_d0#segment72,1,-8.0,8.0,64.0
1476404400,D:\intelligent_transportation\data\lstm_sources\public\kddcup2017_china_tollgate\kdd2017_china_tollgate_20min.csv:kdd2017_t2_d0#segment72,1,0.0,0.0,0.0
1476405600,D:\intelligent_transportation\data\lstm_sources\public\kddcup2017_china_tollgate\kdd2017_china_tollgate_20min.csv:kdd2017_t2_d0#segment72,1,0.0,0.0,0.0
1476426000,D:\intelligent_transportation\data\lstm_sources\public\kddcup2017_china_tollgate\kdd2017_china_tollgate_20min.csv:kdd2017_t2_d0#segment75,1,25.0,25.0,625.0
1476427200,D:\intelligent_transportation\data\lstm_sources\public\kddcup2017_china_tollgate\kdd2017_china_tollgate_20min.csv:kdd2017_t2_d0#segment75,1,2.0,2.0,4.0
1476428400,D:\intelligent_transportation\data\lstm_sources\public\kddcup2017_china_tollgate\kdd2017_china_tollgate_20min.csv:kdd2017_t2_d0#segment75,1,40.0,40.0,1600.0
1476429600,D:\intelligent_transportation\data\lstm_sources\public\kddcup2017_china_tollgate\kdd2017_china_tollgate_20min.csv:kdd2017_t2_d0#segment75,1,9.0,9.0,81.0
1476430800,D:\intelligent_transportation\data\lstm_sources\public\kddcup2017_china_tollgate\kdd2017_china_tollgate_20min.csv:kdd2017_t2_d0#segment75,1,12.0,12.0,144.0
1476432000,D:\intelligent_transportation\data\lstm_sources\public\kddcup2017_china_tollgate\kdd2017_china_tollgate_20min.csv:kdd2017_t2_d0#segment75,1,4.0,4.0,16.0
1476433200,D:\intelligent_transportation\data\lstm_sources\public\kddcup2017_china_tollgate\kdd2017_china_tollgate_20min.csv:kdd2017_t2_d0#segment75,1,20.0,20.0,400.0
1476434400,D:\intelligent_transportation\data\lstm_sources\public\kddcup2017_china_tollgate\kdd2017_china_tollgate_20min.csv:kdd2017_t2_d0#segment75,1,9.0,9.0,81.0
1476435600,D:\intelligent_transportation\data\lstm_sources\public\kddcup2017_china_tollgate\kdd2017_china_tollgate_20min.csv:kdd2017_t2_d0#segment75,1,-36.0,36.0,1296.0
1476436800,D:\intelligent_transportation\data\lstm_sources\public\kddcup2017_china_tollgate\kdd2017_china_tollgate_20min.csv:kdd2017_t2_d0#segment75,1,12.0,12.0,144.0
1476438000,D:\intelligent_transportation\data\lstm_sources\public\kddcup2017_china_tollgate\kdd2017_china_tollgate_20min.csv:kdd2017_t2_d0#segment75,1,-40.0,40.0,1600.0
1476439200,D:\intelligent_transportation\data\lstm_sources\public\kddcup2017_china_tollgate\kdd2017_china_tollgate_20min.csv:kdd2017_t2_d0#segment75,1,44.0,44.0,1936.0
1476440400,D:\intelligent_transportation\data\lstm_sources\public\kddcup2017_china_tollgate\kdd2017_china_tollgate_20min.csv:kdd2017_t2_d0#segment75,1,-38.0,38.0,1444.0
1476441600,D:\intelligent_transportation\data\lstm_sources\public\kddcup2017_china_tollgate\kdd2017_china_tollgate_20min.csv:kdd2017_t2_d0#segment75,1,-7.0,7.0,49.0
1476442800,D:\intelligent_transportation\data\lstm_sources\public\kddcup2017_china_tollgate\kdd2017_china_tollgate_20min.csv:kdd2017_t2_d0#segment75,1,0.0,0.0,0.0
1476444000,D:\intelligent_transportation\data\lstm_sources\public\kddcup2017_china_tollgate\kdd2017_china_tollgate_20min.csv:kdd2017_t2_d0#segment75,1,-10.0,10.0,100.0
1476445200,D:\intelligent_transportation\data\lstm_sources\public\kddcup2017_china_tollgate\kdd2017_china_tollgate_20min.csv:kdd2017_t2_d0#segment75,1,-5.0,5.0,25.0
1476446400,D:\intelligent_transportation\data\lstm_sources\public\kddcup2017_china_tollgate\kdd2017_china_tollgate_20min.csv:kdd2017_t2_d0#segment75,1,4.0,4.0,16.0
1476447600,D:\intelligent_transportation\data\lstm_sources\public\kddcup2017_china_tollgate\kdd2017_china_tollgate_20min.csv:kdd2017_t2_d0#segment75,1,21.0,21.0,441.0
1476448800,D:\intelligent_transportation\data\lstm_sources\public\kddcup2017_china_tollgate\kdd2017_china_tollgate_20min.csv:kdd2017_t2_d0#segment75,1,7.0,7.0,49.0
1476450000,D:\intelligent_transportation\data\lstm_sources\public\kddcup2017_china_tollgate\kdd2017_china_tollgate_20min.csv:kdd2017_t2_d0#segment75,1,-13.0,13.0,169.0
1476451200,D:\intelligent_transportation\data\lstm_sources\public\kddcup2017_china_tollgate\kdd2017_china_tollgate_20min.csv:kdd2017_t2_d0#segment75,1,3.0,3.0,9.0
1476452400,D:\intelligent_transportation\data\lstm_sources\public\kddcup2017_china_tollgate\kdd2017_china_tollgate_20min.csv:kdd2017_t2_d0#segment75,1,19.0,19.0,361.0
1476453600,D:\intelligent_transportation\data\lstm_sources\public\kddcup2017_china_tollgate\kdd2017_china_tollgate_20min.csv:kdd2017_t2_d0#segment75,1,-5.0,5.0,25.0
1476454800,D:\intelligent_transportation\data\lstm_sources\public\kddcup2017_china_tollgate\kdd2017_china_tollgate_20min.csv:kdd2017_t2_d0#segment75,1,4.0,4.0,16.0
1476456000,D:\intelligent_transportation\data\lstm_sources\public\kddcup2017_china_tollgate\kdd2017_china_tollgate_20min.csv:kdd2017_t2_d0#segment75,1,-19.0,19.0,361.0
1476457200,D:\intelligent_transportation\data\lstm_sources\public\kddcup2017_china_tollgate\kdd2017_china_tollgate_20min.csv:kdd2017_t2_d0#segment75,1,-1.0,1.0,1.0
1476458400,D:\intelligent_transportation\data\lstm_sources\public\kddcup2017_china_tollgate\kdd2017_china_tollgate_20min.csv:kdd2017_t2_d0#segment75,1,23.0,23.0,529.0
1476459600,D:\intelligent_transportation\data\lstm_sources\public\kddcup2017_china_tollgate\kdd2017_china_tollgate_20min.csv:kdd2017_t2_d0#segment75,1,-10.0,10.0,100.0
1476460800,D:\intelligent_transportation\data\lstm_sources\public\kddcup2017_china_tollgate\kdd2017_china_tollgate_20min.csv:kdd2017_t2_d0#segment75,1,8.0,8.0,64.0
1476462000,D:\intelligent_transportation\data\lstm_sources\public\kddcup2017_china_tollgate\kdd2017_china_tollgate_20min.csv:kdd2017_t2_d0#segment75,1,-8.0,8.0,64.0
1476463200,D:\intelligent_transportation\data\lstm_sources\public\kddcup2017_china_tollgate\kdd2017_china_tollgate_20min.csv:kdd2017_t2_d0#segment75,1,-7.0,7.0,49.0
1476464400,D:\intelligent_transportation\data\lstm_sources\public\kddcup2017_china_tollgate\kdd2017_china_tollgate_20min.csv:kdd2017_t2_d0#segment75,1,-4.0,4.0,16.0
1476465600,D:\intelligent_transportation\data\lstm_sources\public\kddcup2017_china_tollgate\kdd2017_china_tollgate_20min.csv:kdd2017_t2_d0#segment75,1,15.0,15.0,225.0
1476466800,D:\intelligent_transportation\data\lstm_sources\public\kddcup2017_china_tollgate\kdd2017_china_tollgate_20min.csv:kdd2017_t2_d0#segment75,1,-19.0,19.0,361.0
1476468000,D:\intelligent_transportation\data\lstm_sources\public\kddcup2017_china_tollgate\kdd2017_china_tollgate_20min.csv:kdd2017_t2_d0#segment75,1,-8.0,8.0,64.0
1476469200,D:\intelligent_transportation\data\lstm_sources\public\kddcup2017_china_tollgate\kdd2017_china_tollgate_20min.csv:kdd2017_t2_d0#segment75,1,18.0,18.0,324.0
1476470400,D:\intelligent_transportation\data\lstm_sources\public\kddcup2017_china_tollgate\kdd2017_china_tollgate_20min.csv:kdd2017_t2_d0#segment75,1,-20.0,20.0,400.0
1476471600,D:\intelligent_transportation\data\lstm_sources\public\kddcup2017_china_tollgate\kdd2017_china_tollgate_20min.csv:kdd2017_t2_d0#segment75,1,-16.0,16.0,256.0
1476472800,D:\intelligent_transportation\data\lstm_sources\public\kddcup2017_china_tollgate\kdd2017_china_tollgate_20min.csv:kdd2017_t2_d0#segment75,1,-1.0,1.0,1.0
1476474000,D:\intelligent_transportation\data\lstm_sources\public\kddcup2017_china_tollgate\kdd2017_china_tollgate_20min.csv:kdd2017_t2_d0#segment75,1,-3.0,3.0,9.0
1476475200,D:\intelligent_transportation\data\lstm_sources\public\kddcup2017_china_tollgate\kdd2017_china_tollgate_20min.csv:kdd2017_t2_d0#segment75,1,-1.0,1.0,1.0
1476476400,D:\intelligent_transportation\data\lstm_sources\public\kddcup2017_china_tollgate\kdd2017_china_tollgate_20min.csv:kdd2017_t2_d0#segment75,1,-13.0,13.0,169.0
1476477600,D:\intelligent_transportation\data\lstm_sources\public\kddcup2017_china_tollgate\kdd2017_china_tollgate_20min.csv:kdd2017_t2_d0#segment75,1,3.0,3.0,9.0
1476478800,D:\intelligent_transportation\data\lstm_sources\public\kddcup2017_china_tollgate\kdd2017_china_tollgate_20min.csv:kdd2017_t2_d0#segment75,1,-14.0,14.0,196.0
1476480000,D:\intelligent_transportation\data\lstm_sources\public\kddcup2017_china_tollgate\kdd2017_china_tollgate_20min.csv:kdd2017_t2_d0#segment75,1,5.0,5.0,25.0
1476481200,D:\intelligent_transportation\data\lstm_sources\public\kddcup2017_china_tollgate\kdd2017_china_tollgate_20min.csv:kdd2017_t2_d0#segment75,1,8.0,8.0,64.0
1476482400,D:\intelligent_transportation\data\lstm_sources\public\kddcup2017_china_tollgate\kdd2017_china_tollgate_20min.csv:kdd2017_t2_d0#segment75,1,-12.0,12.0,144.0
1476483600,D:\intelligent_transportation\data\lstm_sources\public\kddcup2017_china_tollgate\kdd2017_china_tollgate_20min.csv:kdd2017_t2_d0#segment75,1,-1.0,1.0,1.0
1476484800,D:\intelligent_transportation\data\lstm_sources\public\kddcup2017_china_tollgate\kdd2017_china_tollgate_20min.csv:kdd2017_t2_d0#segment75,1,-3.0,3.0,9.0
1476486000,D:\intelligent_transportation\data\lstm_sources\public\kddcup2017_china_tollgate\kdd2017_china_tollgate_20min.csv:kdd2017_t2_d0#segment75,1,-13.0,13.0,169.0
1476487200,D:\intelligent_transportation\data\lstm_sources\public\kddcup2017_china_tollgate\kdd2017_china_tollgate_20min.csv:kdd2017_t2_d0#segment75,1,4.0,4.0,16.0
1476488400,D:\intelligent_transportation\data\lstm_sources\public\kddcup2017_china_tollgate\kdd2017_china_tollgate_20min.csv:kdd2017_t2_d0#segment75,1,-5.0,5.0,25.0
1476489600,D:\intelligent_transportation\data\lstm_sources\public\kddcup2017_china_tollgate\kdd2017_china_tollgate_20min.csv:kdd2017_t2_d0#segment75,1,-4.0,4.0,16.0
1476490800,D:\intelligent_transportation\data\lstm_sources\public\kddcup2017_china_tollgate\kdd2017_china_tollgate_20min.csv:kdd2017_t2_d0#segment75,1,-1.0,1.0,1.0
1476492000,D:\intelligent_transportation\data\lstm_sources\public\kddcup2017_china_tollgate\kdd2017_china_tollgate_20min.csv:kdd2017_t2_d0#segment75,1,-1.0,1.0,1.0
1476493200,D:\intelligent_transportation\data\lstm_sources\public\kddcup2017_china_tollgate\kdd2017_china_tollgate_20min.csv:kdd2017_t2_d0#segment75,1,0.0,0.0,0.0
1476494400,D:\intelligent_transportation\data\lstm_sources\public\kddcup2017_china_tollgate\kdd2017_china_tollgate_20min.csv:kdd2017_t2_d0#segment75,1,0.0,0.0,0.0
1476495600,D:\intelligent_transportation\data\lstm_sources\public\kddcup2017_china_tollgate\kdd2017_china_tollgate_20min.csv:kdd2017_t2_d0#segment75,1,1.0,1.0,1.0
1476512400,D:\intelligent_transportation\data\lstm_sources\public\kddcup2017_china_tollgate\kdd2017_china_tollgate_20min.csv:kdd2017_t2_d0#segment78,1,-8.0,8.0,64.0
1476523200,D:\intelligent_transportation\data\lstm_sources\public\kddcup2017_china_tollgate\kdd2017_china_tollgate_20min.csv:kdd2017_t2_d0#segment79,1,16.0,16.0,256.0
1476524400,D:\intelligent_transportation\data\lstm_sources\public\kddcup2017_china_tollgate\kdd2017_china_tollgate_20min.csv:kdd2017_t2_d0#segment79,1,-29.0,29.0,841.0
1476525600,D:\intelligent_transportation\data\lstm_sources\public\kddcup2017_china_tollgate\kdd2017_china_tollgate_20min.csv:kdd2017_t2_d0#segment79,1,16.0,16.0,256.0
1476526800,D:\intelligent_transportation\data\lstm_sources\public\kddcup2017_china_tollgate\kdd2017_china_tollgate_20min.csv:kdd2017_t2_d0#segment79,1,0.0,0.0,0.0
1476528000,D:\intelligent_transportation\data\lstm_sources\public\kddcup2017_china_tollgate\kdd2017_china_tollgate_20min.csv:kdd2017_t2_d0#segment79,1,-10.0,10.0,100.0
1476529200,D:\intelligent_transportation\data\lstm_sources\public\kddcup2017_china_tollgate\kdd2017_china_tollgate_20min.csv:kdd2017_t2_d0#segment79,1,-24.0,24.0,576.0
1476530400,D:\intelligent_transportation\data\lstm_sources\public\kddcup2017_china_tollgate\kdd2017_china_tollgate_20min.csv:kdd2017_t2_d0#segment79,1,-1.0,1.0,1.0
1476531600,D:\intelligent_transportation\data\lstm_sources\public\kddcup2017_china_tollgate\kdd2017_china_tollgate_20min.csv:kdd2017_t2_d0#segment79,1,-18.0,18.0,324.0
1476532800,D:\intelligent_transportation\data\lstm_sources\public\kddcup2017_china_tollgate\kdd2017_china_tollgate_20min.csv:kdd2017_t2_d0#segment79,1,4.0,4.0,16.0
1476534000,D:\intelligent_transportation\data\lstm_sources\public\kddcup2017_china_tollgate\kdd2017_china_tollgate_20min.csv:kdd2017_t2_d0#segment79,1,23.0,23.0,529.0
1476535200,D:\intelligent_transportation\data\lstm_sources\public\kddcup2017_china_tollgate\kdd2017_china_tollgate_20min.csv:kdd2017_t2_d0#segment79,1,-7.0,7.0,49.0
1476536400,D:\intelligent_transportation\data\lstm_sources\public\kddcup2017_china_tollgate\kdd2017_china_tollgate_20min.csv:kdd2017_t2_d0#segment79,1,7.0,7.0,49.0
1476537600,D:\intelligent_transportation\data\lstm_sources\public\kddcup2017_china_tollgate\kdd2017_china_tollgate_20min.csv:kdd2017_t2_d0#segment79,1,5.0,5.0,25.0
1476538800,D:\intelligent_transportation\data\lstm_sources\public\kddcup2017_china_tollgate\kdd2017_china_tollgate_20min.csv:kdd2017_t2_d0#segment79,1,3.0,3.0,9.0
1476540000,D:\intelligent_transportation\data\lstm_sources\public\kddcup2017_china_tollgate\kdd2017_china_tollgate_20min.csv:kdd2017_t2_d0#segment79,1,-14.0,14.0,196.0
1476541200,D:\intelligent_transportation\data\lstm_sources\public\kddcup2017_china_tollgate\kdd2017_china_tollgate_20min.csv:kdd2017_t2_d0#segment79,1,9.0,9.0,81.0
1476542400,D:\intelligent_transportation\data\lstm_sources\public\kddcup2017_china_tollgate\kdd2017_china_tollgate_20min.csv:kdd2017_t2_d0#segment79,1,-28.0,28.0,784.0
1476543600,D:\intelligent_transportation\data\lstm_sources\public\kddcup2017_china_tollgate\kdd2017_china_tollgate_20min.csv:kdd2017_t2_d0#segment79,1,12.0,12.0,144.0
1476544800,D:\intelligent_transportation\data\lstm_sources\public\kddcup2017_china_tollgate\kdd2017_china_tollgate_20min.csv:kdd2017_t2_d0#segment79,1,10.0,10.0,100.0
1476546000,D:\intelligent_transportation\data\lstm_sources\public\kddcup2017_china_tollgate\kdd2017_china_tollgate_20min.csv:kdd2017_t2_d0#segment79,1,6.0,6.0,36.0
1476547200,D:\intelligent_transportation\data\lstm_sources\public\kddcup2017_china_tollgate\kdd2017_china_tollgate_20min.csv:kdd2017_t2_d0#segment79,1,-3.0,3.0,9.0
1476548400,D:\intelligent_transportation\data\lstm_sources\public\kddcup2017_china_tollgate\kdd2017_china_tollgate_20min.csv:kdd2017_t2_d0#segment79,1,-6.0,6.0,36.0
1476549600,D:\intelligent_transportation\data\lstm_sources\public\kddcup2017_china_tollgate\kdd2017_china_tollgate_20min.csv:kdd2017_t2_d0#segment79,1,12.0,12.0,144.0
1476550800,D:\intelligent_transportation\data\lstm_sources\public\kddcup2017_china_tollgate\kdd2017_china_tollgate_20min.csv:kdd2017_t2_d0#segment79,1,-19.0,19.0,361.0
1476552000,D:\intelligent_transportation\data\lstm_sources\public\kddcup2017_china_tollgate\kdd2017_china_tollgate_20min.csv:kdd2017_t2_d0#segment79,1,12.0,12.0,144.0
1476553200,D:\intelligent_transportation\data\lstm_sources\public\kddcup2017_china_tollgate\kdd2017_china_tollgate_20min.csv:kdd2017_t2_d0#segment79,1,-34.0,34.0,1156.0
1476554400,D:\intelligent_transportation\data\lstm_sources\public\kddcup2017_china_tollgate\kdd2017_china_tollgate_20min.csv:kdd2017_t2_d0#segment79,1,-9.0,9.0,81.0
1476555600,D:\intelligent_transportation\data\lstm_sources\public\kddcup2017_china_tollgate\kdd2017_china_tollgate_20min.csv:kdd2017_t2_d0#segment79,1,-6.0,6.0,36.0
1476556800,D:\intelligent_transportation\data\lstm_sources\public\kddcup2017_china_tollgate\kdd2017_china_tollgate_20min.csv:kdd2017_t2_d0#segment79,1,2.0,2.0,4.0
1476558000,D:\intelligent_transportation\data\lstm_sources\public\kddcup2017_china_tollgate\kdd2017_china_tollgate_20min.csv:kdd2017_t2_d0#segment79,1,3.0,3.0,9.0
1476559200,D:\intelligent_transportation\data\lstm_sources\public\kddcup2017_china_tollgate\kdd2017_china_tollgate_20min.csv:kdd2017_t2_d0#segment79,1,-3.0,3.0,9.0
1476560400,D:\intelligent_transportation\data\lstm_sources\public\kddcup2017_china_tollgate\kdd2017_china_tollgate_20min.csv:kdd2017_t2_d0#segment79,1,-3.0,3.0,9.0
1476561600,D:\intelligent_transportation\data\lstm_sources\public\kddcup2017_china_tollgate\kdd2017_china_tollgate_20min.csv:kdd2017_t2_d0#segment79,1,2.0,2.0,4.0
1476562800,D:\intelligent_transportation\data\lstm_sources\public\kddcup2017_china_tollgate\kdd2017_china_tollgate_20min.csv:kdd2017_t2_d0#segment79,1,14.0,14.0,196.0
1476564000,D:\intelligent_transportation\data\lstm_sources\public\kddcup2017_china_tollgate\kdd2017_china_tollgate_20min.csv:kdd2017_t2_d0#segment79,1,-18.0,18.0,324.0
1476565200,D:\intelligent_transportation\data\lstm_sources\public\kddcup2017_china_tollgate\kdd2017_china_tollgate_20min.csv:kdd2017_t2_d0#segment79,1,-6.0,6.0,36.0
1476566400,D:\intelligent_transportation\data\lstm_sources\public\kddcup2017_china_tollgate\kdd2017_china_tollgate_20min.csv:kdd2017_t2_d0#segment79,1,-5.0,5.0,25.0
1476567600,D:\intelligent_transportation\data\lstm_sources\public\kddcup2017_china_tollgate\kdd2017_china_tollgate_20min.csv:kdd2017_t2_d0#segment79,1,5.0,5.0,25.0
1476568800,D:\intelligent_transportation\data\lstm_sources\public\kddcup2017_china_tollgate\kdd2017_china_tollgate_20min.csv:kdd2017_t2_d0#segment79,1,-10.0,10.0,100.0
1476570000,D:\intelligent_transportation\data\lstm_sources\public\kddcup2017_china_tollgate\kdd2017_china_tollgate_20min.csv:kdd2017_t2_d0#segment79,1,-6.0,6.0,36.0
1476571200,D:\intelligent_transportation\data\lstm_sources\public\kddcup2017_china_tollgate\kdd2017_china_tollgate_20min.csv:kdd2017_t2_d0#segment79,1,1.0,1.0,1.0
1476572400,D:\intelligent_transportation\data\lstm_sources\public\kddcup2017_china_tollgate\kdd2017_china_tollgate_20min.csv:kdd2017_t2_d0#segment79,1,-5.0,5.0,25.0
1476573600,D:\intelligent_transportation\data\lstm_sources\public\kddcup2017_china_tollgate\kdd2017_china_tollgate_20min.csv:kdd2017_t2_d0#segment79,1,2.0,2.0,4.0
1476574800,D:\intelligent_transportation\data\lstm_sources\public\kddcup2017_china_tollgate\kdd2017_china_tollgate_20min.csv:kdd2017_t2_d0#segment79,1,-1.0,1.0,1.0
1476576000,D:\intelligent_transportation\data\lstm_sources\public\kddcup2017_china_tollgate\kdd2017_china_tollgate_20min.csv:kdd2017_t2_d0#segment79,1,-5.0,5.0,25.0
1476601200,D:\intelligent_transportation\data\lstm_sources\public\kddcup2017_china_tollgate\kdd2017_china_tollgate_20min.csv:kdd2017_t2_d0#segment82,1,6.0,6.0,36.0
1476602400,D:\intelligent_transportation\data\lstm_sources\public\kddcup2017_china_tollgate\kdd2017_china_tollgate_20min.csv:kdd2017_t2_d0#segment82,1,29.0,29.0,841.0
1476603600,D:\intelligent_transportation\data\lstm_sources\public\kddcup2017_china_tollgate\kdd2017_china_tollgate_20min.csv:kdd2017_t2_d0#segment82,1,-11.0,11.0,121.0
1476604800,D:\intelligent_transportation\data\lstm_sources\public\kddcup2017_china_tollgate\kdd2017_china_tollgate_20min.csv:kdd2017_t2_d0#segment82,1,23.0,23.0,529.0
1476606000,D:\intelligent_transportation\data\lstm_sources\public\kddcup2017_china_tollgate\kdd2017_china_tollgate_20min.csv:kdd2017_t2_d0#segment82,1,11.0,11.0,121.0
1476607200,D:\intelligent_transportation\data\lstm_sources\public\kddcup2017_china_tollgate\kdd2017_china_tollgate_20min.csv:kdd2017_t2_d0#segment82,1,7.0,7.0,49.0
1476608400,D:\intelligent_transportation\data\lstm_sources\public\kddcup2017_china_tollgate\kdd2017_china_tollgate_20min.csv:kdd2017_t2_d0#segment82,1,-4.0,4.0,16.0
1476609600,D:\intelligent_transportation\data\lstm_sources\public\kddcup2017_china_tollgate\kdd2017_china_tollgate_20min.csv:kdd2017_t2_d0#segment82,1,12.0,12.0,144.0
1476610800,D:\intelligent_transportation\data\lstm_sources\public\kddcup2017_china_tollgate\kdd2017_china_tollgate_20min.csv:kdd2017_t2_d0#segment82,1,-20.0,20.0,400.0
1476612000,D:\intelligent_transportation\data\lstm_sources\public\kddcup2017_china_tollgate\kdd2017_china_tollgate_20min.csv:kdd2017_t2_d0#segment82,1,3.0,3.0,9.0
1476613200,D:\intelligent_transportation\data\lstm_sources\public\kddcup2017_china_tollgate\kdd2017_china_tollgate_20min.csv:kdd2017_t2_d0#segment82,1,-15.0,15.0,225.0
1476614400,D:\intelligent_transportation\data\lstm_sources\public\kddcup2017_china_tollgate\kdd2017_china_tollgate_20min.csv:kdd2017_t2_d0#segment82,1,22.0,22.0,484.0
1476615600,D:\intelligent_transportation\data\lstm_sources\public\kddcup2017_china_tollgate\kdd2017_china_tollgate_20min.csv:kdd2017_t2_d0#segment82,1,-30.0,30.0,900.0
1476616800,D:\intelligent_transportation\data\lstm_sources\public\kddcup2017_china_tollgate\kdd2017_china_tollgate_20min.csv:kdd2017_t2_d0#segment82,1,13.0,13.0,169.0
1476618000,D:\intelligent_transportation\data\lstm_sources\public\kddcup2017_china_tollgate\kdd2017_china_tollgate_20min.csv:kdd2017_t2_d0#segment82,1,-23.0,23.0,529.0
1476619200,D:\intelligent_transportation\data\lstm_sources\public\kddcup2017_china_tollgate\kdd2017_china_tollgate_20min.csv:kdd2017_t2_d0#segment82,1,11.0,11.0,121.0
1476620400,D:\intelligent_transportation\data\lstm_sources\public\kddcup2017_china_tollgate\kdd2017_china_tollgate_20min.csv:kdd2017_t2_d0#segment82,1,0.0,0.0,0.0
1476621600,D:\intelligent_transportation\data\lstm_sources\public\kddcup2017_china_tollgate\kdd2017_china_tollgate_20min.csv:kdd2017_t2_d0#segment82,1,-5.0,5.0,25.0
1476622800,D:\intelligent_transportation\data\lstm_sources\public\kddcup2017_china_tollgate\kdd2017_china_tollgate_20min.csv:kdd2017_t2_d0#segment82,1,16.0,16.0,256.0
1476624000,D:\intelligent_transportation\data\lstm_sources\public\kddcup2017_china_tollgate\kdd2017_china_tollgate_20min.csv:kdd2017_t2_d0#segment82,1,-18.0,18.0,324.0
1476625200,D:\intelligent_transportation\data\lstm_sources\public\kddcup2017_china_tollgate\kdd2017_china_tollgate_20min.csv:kdd2017_t2_d0#segment82,1,29.0,29.0,841.0
1476626400,D:\intelligent_transportation\data\lstm_sources\public\kddcup2017_china_tollgate\kdd2017_china_tollgate_20min.csv:kdd2017_t2_d0#segment82,1,-24.0,24.0,576.0
1476627600,D:\intelligent_transportation\data\lstm_sources\public\kddcup2017_china_tollgate\kdd2017_china_tollgate_20min.csv:kdd2017_t2_d0#segment82,1,15.0,15.0,225.0
1476628800,D:\intelligent_transportation\data\lstm_sources\public\kddcup2017_china_tollgate\kdd2017_china_tollgate_20min.csv:kdd2017_t2_d0#segment82,1,-18.0,18.0,324.0
1476630000,D:\intelligent_transportation\data\lstm_sources\public\kddcup2017_china_tollgate\kdd2017_china_tollgate_20min.csv:kdd2017_t2_d0#segment82,1,15.0,15.0,225.0
1476631200,D:\intelligent_transportation\data\lstm_sources\public\kddcup2017_china_tollgate\kdd2017_china_tollgate_20min.csv:kdd2017_t2_d0#segment82,1,8.0,8.0,64.0
1476632400,D:\intelligent_transportation\data\lstm_sources\public\kddcup2017_china_tollgate\kdd2017_china_tollgate_20min.csv:kdd2017_t2_d0#segment82,1,-17.0,17.0,289.0
1476633600,D:\intelligent_transportation\data\lstm_sources\public\kddcup2017_china_tollgate\kdd2017_china_tollgate_20min.csv:kdd2017_t2_d0#segment82,1,15.0,15.0,225.0
1476634800,D:\intelligent_transportation\data\lstm_sources\public\kddcup2017_china_tollgate\kdd2017_china_tollgate_20min.csv:kdd2017_t2_d0#segment82,1,14.0,14.0,196.0
1476636000,D:\intelligent_transportation\data\lstm_sources\public\kddcup2017_china_tollgate\kdd2017_china_tollgate_20min.csv:kdd2017_t2_d0#segment82,1,-27.0,27.0,729.0
1476637200,D:\intelligent_transportation\data\lstm_sources\public\kddcup2017_china_tollgate\kdd2017_china_tollgate_20min.csv:kdd2017_t2_d0#segment82,1,11.0,11.0,121.0
1476638400,D:\intelligent_transportation\data\lstm_sources\public\kddcup2017_china_tollgate\kdd2017_china_tollgate_20min.csv:kdd2017_t2_d0#segment82,1,-17.0,17.0,289.0
1476639600,D:\intelligent_transportation\data\lstm_sources\public\kddcup2017_china_tollgate\kdd2017_china_tollgate_20min.csv:kdd2017_t2_d0#segment82,1,9.0,9.0,81.0
1476640800,D:\intelligent_transportation\data\lstm_sources\public\kddcup2017_china_tollgate\kdd2017_china_tollgate_20min.csv:kdd2017_t2_d0#segment82,1,-28.0,28.0,784.0
1476642000,D:\intelligent_transportation\data\lstm_sources\public\kddcup2017_china_tollgate\kdd2017_china_tollgate_20min.csv:kdd2017_t2_d0#segment82,1,8.0,8.0,64.0
1476643200,D:\intelligent_transportation\data\lstm_sources\public\kddcup2017_china_tollgate\kdd2017_china_tollgate_20min.csv:kdd2017_t2_d0#segment82,1,-22.0,22.0,484.0
1476644400,D:\intelligent_transportation\data\lstm_sources\public\kddcup2017_china_tollgate\kdd2017_china_tollgate_20min.csv:kdd2017_t2_d0#segment82,1,12.0,12.0,144.0
1476645600,D:\intelligent_transportation\data\lstm_sources\public\kddcup2017_china_tollgate\kdd2017_china_tollgate_20min.csv:kdd2017_t2_d0#segment82,1,-9.0,9.0,81.0
1476646800,D:\intelligent_transportation\data\lstm_sources\public\kddcup2017_china_tollgate\kdd2017_china_tollgate_20min.csv:kdd2017_t2_d0#segment82,1,3.0,3.0,9.0
1476648000,D:\intelligent_transportation\data\lstm_sources\public\kddcup2017_china_tollgate\kdd2017_china_tollgate_20min.csv:kdd2017_t2_d0#segment82,1,-7.0,7.0,49.0
1476649200,D:\intelligent_transportation\data\lstm_sources\public\kddcup2017_china_tollgate\kdd2017_china_tollgate_20min.csv:kdd2017_t2_d0#segment82,1,15.0,15.0,225.0
1476650400,D:\intelligent_transportation\data\lstm_sources\public\kddcup2017_china_tollgate\kdd2017_china_tollgate_20min.csv:kdd2017_t2_d0#segment82,1,-13.0,13.0,169.0
1476651600,D:\intelligent_transportation\data\lstm_sources\public\kddcup2017_china_tollgate\kdd2017_china_tollgate_20min.csv:kdd2017_t2_d0#segment82,1,-11.0,11.0,121.0
1476652800,D:\intelligent_transportation\data\lstm_sources\public\kddcup2017_china_tollgate\kdd2017_china_tollgate_20min.csv:kdd2017_t2_d0#segment82,1,1.0,1.0,1.0
1476654000,D:\intelligent_transportation\data\lstm_sources\public\kddcup2017_china_tollgate\kdd2017_china_tollgate_20min.csv:kdd2017_t2_d0#segment82,1,-2.0,2.0,4.0
1476655200,D:\intelligent_transportation\data\lstm_sources\public\kddcup2017_china_tollgate\kdd2017_china_tollgate_20min.csv:kdd2017_t2_d0#segment82,1,-7.0,7.0,49.0
1476656400,D:\intelligent_transportation\data\lstm_sources\public\kddcup2017_china_tollgate\kdd2017_china_tollgate_20min.csv:kdd2017_t2_d0#segment82,1,-3.0,3.0,9.0
1476657600,D:\intelligent_transportation\data\lstm_sources\public\kddcup2017_china_tollgate\kdd2017_china_tollgate_20min.csv:kdd2017_t2_d0#segment82,1,-5.0,5.0,25.0
1476658800,D:\intelligent_transportation\data\lstm_sources\public\kddcup2017_china_tollgate\kdd2017_china_tollgate_20min.csv:kdd2017_t2_d0#segment82,1,-2.0,2.0,4.0
1476660000,D:\intelligent_transportation\data\lstm_sources\public\kddcup2017_china_tollgate\kdd2017_china_tollgate_20min.csv:kdd2017_t2_d0#segment82,1,2.0,2.0,4.0
1476661200,D:\intelligent_transportation\data\lstm_sources\public\kddcup2017_china_tollgate\kdd2017_china_tollgate_20min.csv:kdd2017_t2_d0#segment82,1,-2.0,2.0,4.0
1476662400,D:\intelligent_transportation\data\lstm_sources\public\kddcup2017_china_tollgate\kdd2017_china_tollgate_20min.csv:kdd2017_t2_d0#segment82,1,-1.0,1.0,1.0
1476663600,D:\intelligent_transportation\data\lstm_sources\public\kddcup2017_china_tollgate\kdd2017_china_tollgate_20min.csv:kdd2017_t2_d0#segment82,1,-2.0,2.0,4.0
1476664800,D:\intelligent_transportation\data\lstm_sources\public\kddcup2017_china_tollgate\kdd2017_china_tollgate_20min.csv:kdd2017_t2_d0#segment82,1,3.0,3.0,9.0
1476666000,D:\intelligent_transportation\data\lstm_sources\public\kddcup2017_china_tollgate\kdd2017_china_tollgate_20min.csv:kdd2017_t2_d0#segment82,1,-2.0,2.0,4.0
1476667200,D:\intelligent_transportation\data\lstm_sources\public\kddcup2017_china_tollgate\kdd2017_china_tollgate_20min.csv:kdd2017_t2_d0#segment82,1,-1.0,1.0,1.0
1476687600,D:\intelligent_transportation\data\lstm_sources\public\kddcup2017_china_tollgate\kdd2017_china_tollgate_20min.csv:kdd2017_t2_d0#segment85,1,32.0,32.0,1024.0
1476688800,D:\intelligent_transportation\data\lstm_sources\public\kddcup2017_china_tollgate\kdd2017_china_tollgate_20min.csv:kdd2017_t2_d0#segment85,1,41.0,41.0,1681.0
1476690000,D:\intelligent_transportation\data\lstm_sources\public\kddcup2017_china_tollgate\kdd2017_china_tollgate_20min.csv:kdd2017_t2_d0#segment85,1,-6.0,6.0,36.0
1476691200,D:\intelligent_transportation\data\lstm_sources\public\kddcup2017_china_tollgate\kdd2017_china_tollgate_20min.csv:kdd2017_t2_d0#segment85,1,11.0,11.0,121.0
1476692400,D:\intelligent_transportation\data\lstm_sources\public\kddcup2017_china_tollgate\kdd2017_china_tollgate_20min.csv:kdd2017_t2_d0#segment85,1,3.0,3.0,9.0
1476693600,D:\intelligent_transportation\data\lstm_sources\public\kddcup2017_china_tollgate\kdd2017_china_tollgate_20min.csv:kdd2017_t2_d0#segment85,1,-24.0,24.0,576.0
1476694800,D:\intelligent_transportation\data\lstm_sources\public\kddcup2017_china_tollgate\kdd2017_china_tollgate_20min.csv:kdd2017_t2_d0#segment85,1,5.0,5.0,25.0
1476696000,D:\intelligent_transportation\data\lstm_sources\public\kddcup2017_china_tollgate\kdd2017_china_tollgate_20min.csv:kdd2017_t2_d0#segment85,1,-12.0,12.0,144.0
1476697200,D:\intelligent_transportation\data\lstm_sources\public\kddcup2017_china_tollgate\kdd2017_china_tollgate_20min.csv:kdd2017_t2_d0#segment85,1,-11.0,11.0,121.0
1476698400,D:\intelligent_transportation\data\lstm_sources\public\kddcup2017_china_tollgate\kdd2017_china_tollgate_20min.csv:kdd2017_t2_d0#segment85,1,-26.0,26.0,676.0
1476699600,D:\intelligent_transportation\data\lstm_sources\public\kddcup2017_china_tollgate\kdd2017_china_tollgate_20min.csv:kdd2017_t2_d0#segment85,1,0.0,0.0,0.0
1476700800,D:\intelligent_transportation\data\lstm_sources\public\kddcup2017_china_tollgate\kdd2017_china_tollgate_20min.csv:kdd2017_t2_d0#segment85,1,-7.0,7.0,49.0
1476702000,D:\intelligent_transportation\data\lstm_sources\public\kddcup2017_china_tollgate\kdd2017_china_tollgate_20min.csv:kdd2017_t2_d0#segment85,1,5.0,5.0,25.0
1476703200,D:\intelligent_transportation\data\lstm_sources\public\kddcup2017_china_tollgate\kdd2017_china_tollgate_20min.csv:kdd2017_t2_d0#segment85,1,-9.0,9.0,81.0
1476704400,D:\intelligent_transportation\data\lstm_sources\public\kddcup2017_china_tollgate\kdd2017_china_tollgate_20min.csv:kdd2017_t2_d0#segment85,1,-4.0,4.0,16.0
1476705600,D:\intelligent_transportation\data\lstm_sources\public\kddcup2017_china_tollgate\kdd2017_china_tollgate_20min.csv:kdd2017_t2_d0#segment85,1,16.0,16.0,256.0
1476706800,D:\intelligent_transportation\data\lstm_sources\public\kddcup2017_china_tollgate\kdd2017_china_tollgate_20min.csv:kdd2017_t2_d0#segment85,1,-12.0,12.0,144.0
1476708000,D:\intelligent_transportation\data\lstm_sources\public\kddcup2017_china_tollgate\kdd2017_china_tollgate_20min.csv:kdd2017_t2_d0#segment85,1,16.0,16.0,256.0
1476709200,D:\intelligent_transportation\data\lstm_sources\public\kddcup2017_china_tollgate\kdd2017_china_tollgate_20min.csv:kdd2017_t2_d0#segment85,1,-8.0,8.0,64.0
1476710400,D:\intelligent_transportation\data\lstm_sources\public\kddcup2017_china_tollgate\kdd2017_china_tollgate_20min.csv:kdd2017_t2_d0#segment85,1,9.0,9.0,81.0
1476711600,D:\intelligent_transportation\data\lstm_sources\public\kddcup2017_china_tollgate\kdd2017_china_tollgate_20min.csv:kdd2017_t2_d0#segment85,1,-5.0,5.0,25.0
1476712800,D:\intelligent_transportation\data\lstm_sources\public\kddcup2017_china_tollgate\kdd2017_china_tollgate_20min.csv:kdd2017_t2_d0#segment85,1,16.0,16.0,256.0
1476714000,D:\intelligent_transportation\data\lstm_sources\public\kddcup2017_china_tollgate\kdd2017_china_tollgate_20min.csv:kdd2017_t2_d0#segment85,1,-10.0,10.0,100.0
1476715200,D:\intelligent_transportation\data\lstm_sources\public\kddcup2017_china_tollgate\kdd2017_china_tollgate_20min.csv:kdd2017_t2_d0#segment85,1,-16.0,16.0,256.0
1476716400,D:\intelligent_transportation\data\lstm_sources\public\kddcup2017_china_tollgate\kdd2017_china_tollgate_20min.csv:kdd2017_t2_d0#segment85,1,-3.0,3.0,9.0
1476717600,D:\intelligent_transportation\data\lstm_sources\public\kddcup2017_china_tollgate\kdd2017_china_tollgate_20min.csv:kdd2017_t2_d0#segment85,1,31.0,31.0,961.0
1476718800,D:\intelligent_transportation\data\lstm_sources\public\kddcup2017_china_tollgate\kdd2017_china_tollgate_20min.csv:kdd2017_t2_d0#segment85,1,-8.0,8.0,64.0
1476720000,D:\intelligent_transportation\data\lstm_sources\public\kddcup2017_china_tollgate\kdd2017_china_tollgate_20min.csv:kdd2017_t2_d0#segment85,1,-8.0,8.0,64.0
1476721200,D:\intelligent_transportation\data\lstm_sources\public\kddcup2017_china_tollgate\kdd2017_china_tollgate_20min.csv:kdd2017_t2_d0#segment85,1,24.0,24.0,576.0
1476722400,D:\intelligent_transportation\data\lstm_sources\public\kddcup2017_china_tollgate\kdd2017_china_tollgate_20min.csv:kdd2017_t2_d0#segment85,1,-20.0,20.0,400.0
1476723600,D:\intelligent_transportation\data\lstm_sources\public\kddcup2017_china_tollgate\kdd2017_china_tollgate_20min.csv:kdd2017_t2_d0#segment85,1,14.0,14.0,196.0
1476724800,D:\intelligent_transportation\data\lstm_sources\public\kddcup2017_china_tollgate\kdd2017_china_tollgate_20min.csv:kdd2017_t2_d0#segment85,1,-3.0,3.0,9.0
1476726000,D:\intelligent_transportation\data\lstm_sources\public\kddcup2017_china_tollgate\kdd2017_china_tollgate_20min.csv:kdd2017_t2_d0#segment85,1,-25.0,25.0,625.0
1476727200,D:\intelligent_transportation\data\lstm_sources\public\kddcup2017_china_tollgate\kdd2017_china_tollgate_20min.csv:kdd2017_t2_d0#segment85,1,-2.0,2.0,4.0
1476728400,D:\intelligent_transportation\data\lstm_sources\public\kddcup2017_china_tollgate\kdd2017_china_tollgate_20min.csv:kdd2017_t2_d0#segment85,1,-3.0,3.0,9.0
1476729600,D:\intelligent_transportation\data\lstm_sources\public\kddcup2017_china_tollgate\kdd2017_china_tollgate_20min.csv:kdd2017_t2_d0#segment85,1,0.0,0.0,0.0
1476730800,D:\intelligent_transportation\data\lstm_sources\public\kddcup2017_china_tollgate\kdd2017_china_tollgate_20min.csv:kdd2017_t2_d0#segment85,1,-15.0,15.0,225.0
1476732000,D:\intelligent_transportation\data\lstm_sources\public\kddcup2017_china_tollgate\kdd2017_china_tollgate_20min.csv:kdd2017_t2_d0#segment85,1,10.0,10.0,100.0
1476733200,D:\intelligent_transportation\data\lstm_sources\public\kddcup2017_china_tollgate\kdd2017_china_tollgate_20min.csv:kdd2017_t2_d0#segment85,1,-22.0,22.0,484.0
1476734400,D:\intelligent_transportation\data\lstm_sources\public\kddcup2017_china_tollgate\kdd2017_china_tollgate_20min.csv:kdd2017_t2_d0#segment85,1,3.0,3.0,9.0
1476735600,D:\intelligent_transportation\data\lstm_sources\public\kddcup2017_china_tollgate\kdd2017_china_tollgate_20min.csv:kdd2017_t2_d0#segment85,1,4.0,4.0,16.0
1476736800,D:\intelligent_transportation\data\lstm_sources\public\kddcup2017_china_tollgate\kdd2017_china_tollgate_20min.csv:kdd2017_t2_d0#segment85,1,-7.0,7.0,49.0
1476738000,D:\intelligent_transportation\data\lstm_sources\public\kddcup2017_china_tollgate\kdd2017_china_tollgate_20min.csv:kdd2017_t2_d0#segment85,1,2.0,2.0,4.0
1476739200,D:\intelligent_transportation\data\lstm_sources\public\kddcup2017_china_tollgate\kdd2017_china_tollgate_20min.csv:kdd2017_t2_d0#segment85,1,-8.0,8.0,64.0
1476740400,D:\intelligent_transportation\data\lstm_sources\public\kddcup2017_china_tollgate\kdd2017_china_tollgate_20min.csv:kdd2017_t2_d0#segment85,1,-3.0,3.0,9.0
1476741600,D:\intelligent_transportation\data\lstm_sources\public\kddcup2017_china_tollgate\kdd2017_china_tollgate_20min.csv:kdd2017_t2_d0#segment85,1,4.0,4.0,16.0
1476742800,D:\intelligent_transportation\data\lstm_sources\public\kddcup2017_china_tollgate\kdd2017_china_tollgate_20min.csv:kdd2017_t2_d0#segment85,1,0.0,0.0,0.0
1476744000,D:\intelligent_transportation\data\lstm_sources\public\kddcup2017_china_tollgate\kdd2017_china_tollgate_20min.csv:kdd2017_t2_d0#segment85,1,2.0,2.0,4.0
1476745200,D:\intelligent_transportation\data\lstm_sources\public\kddcup2017_china_tollgate\kdd2017_china_tollgate_20min.csv:kdd2017_t2_d0#segment85,1,-14.0,14.0,196.0
1476746400,D:\intelligent_transportation\data\lstm_sources\public\kddcup2017_china_tollgate\kdd2017_china_tollgate_20min.csv:kdd2017_t2_d0#segment85,1,1.0,1.0,1.0
1476747600,D:\intelligent_transportation\data\lstm_sources\public\kddcup2017_china_tollgate\kdd2017_china_tollgate_20min.csv:kdd2017_t2_d0#segment85,1,8.0,8.0,64.0
1476379200,D:\intelligent_transportation\data\lstm_sources\public\kddcup2017_china_tollgate\kdd2017_china_tollgate_20min.csv:kdd2017_t3_d0#segment3,1,9.0,9.0,81.0
1476380400,D:\intelligent_transportation\data\lstm_sources\public\kddcup2017_china_tollgate\kdd2017_china_tollgate_20min.csv:kdd2017_t3_d0#segment3,1,-10.0,10.0,100.0
1476381600,D:\intelligent_transportation\data\lstm_sources\public\kddcup2017_china_tollgate\kdd2017_china_tollgate_20min.csv:kdd2017_t3_d0#segment3,1,-24.0,24.0,576.0
1476382800,D:\intelligent_transportation\data\lstm_sources\public\kddcup2017_china_tollgate\kdd2017_china_tollgate_20min.csv:kdd2017_t3_d0#segment3,1,-19.0,19.0,361.0
1476384000,D:\intelligent_transportation\data\lstm_sources\public\kddcup2017_china_tollgate\kdd2017_china_tollgate_20min.csv:kdd2017_t3_d0#segment3,1,-6.0,6.0,36.0
1476385200,D:\intelligent_transportation\data\lstm_sources\public\kddcup2017_china_tollgate\kdd2017_china_tollgate_20min.csv:kdd2017_t3_d0#segment3,1,-15.0,15.0,225.0
1476386400,D:\intelligent_transportation\data\lstm_sources\public\kddcup2017_china_tollgate\kdd2017_china_tollgate_20min.csv:kdd2017_t3_d0#segment3,1,2.0,2.0,4.0
1476387600,D:\intelligent_transportation\data\lstm_sources\public\kddcup2017_china_tollgate\kdd2017_china_tollgate_20min.csv:kdd2017_t3_d0#segment3,1,0.0,0.0,0.0
1476388800,D:\intelligent_transportation\data\lstm_sources\public\kddcup2017_china_tollgate\kdd2017_china_tollgate_20min.csv:kdd2017_t3_d0#segment3,1,14.0,14.0,196.0
1476390000,D:\intelligent_transportation\data\lstm_sources\public\kddcup2017_china_tollgate\kdd2017_china_tollgate_20min.csv:kdd2017_t3_d0#segment3,1,-18.0,18.0,324.0
1476391200,D:\intelligent_transportation\data\lstm_sources\public\kddcup2017_china_tollgate\kdd2017_china_tollgate_20min.csv:kdd2017_t3_d0#segment3,1,-13.0,13.0,169.0
1476392400,D:\intelligent_transportation\data\lstm_sources\public\kddcup2017_china_tollgate\kdd2017_china_tollgate_20min.csv:kdd2017_t3_d0#segment3,1,3.0,3.0,9.0
1476393600,D:\intelligent_transportation\data\lstm_sources\public\kddcup2017_china_tollgate\kdd2017_china_tollgate_20min.csv:kdd2017_t3_d0#segment3,1,-6.0,6.0,36.0
1476394800,D:\intelligent_transportation\data\lstm_sources\public\kddcup2017_china_tollgate\kdd2017_china_tollgate_20min.csv:kdd2017_t3_d0#segment3,1,-4.0,4.0,16.0
1476396000,D:\intelligent_transportation\data\lstm_sources\public\kddcup2017_china_tollgate\kdd2017_china_tollgate_20min.csv:kdd2017_t3_d0#segment3,1,-4.0,4.0,16.0
1476397200,D:\intelligent_transportation\data\lstm_sources\public\kddcup2017_china_tollgate\kdd2017_china_tollgate_20min.csv:kdd2017_t3_d0#segment3,1,-1.0,1.0,1.0
1476398400,D:\intelligent_transportation\data\lstm_sources\public\kddcup2017_china_tollgate\kdd2017_china_tollgate_20min.csv:kdd2017_t3_d0#segment3,1,-5.0,5.0,25.0
1476399600,D:\intelligent_transportation\data\lstm_sources\public\kddcup2017_china_tollgate\kdd2017_china_tollgate_20min.csv:kdd2017_t3_d0#segment3,1,-13.0,13.0,169.0
1476400800,D:\intelligent_transportation\data\lstm_sources\public\kddcup2017_china_tollgate\kdd2017_china_tollgate_20min.csv:kdd2017_t3_d0#segment3,1,11.0,11.0,121.0
1476402000,D:\intelligent_transportation\data\lstm_sources\public\kddcup2017_china_tollgate\kdd2017_china_tollgate_20min.csv:kdd2017_t3_d0#segment3,1,1.0,1.0,1.0
1476403200,D:\intelligent_transportation\data\lstm_sources\public\kddcup2017_china_tollgate\kdd2017_china_tollgate_20min.csv:kdd2017_t3_d0#segment3,1,0.0,0.0,0.0
1476404400,D:\intelligent_transportation\data\lstm_sources\public\kddcup2017_china_tollgate\kdd2017_china_tollgate_20min.csv:kdd2017_t3_d0#segment3,1,0.0,0.0,0.0
1476405600,D:\intelligent_transportation\data\lstm_sources\public\kddcup2017_china_tollgate\kdd2017_china_tollgate_20min.csv:kdd2017_t3_d0#segment3,1,2.0,2.0,4.0
1476406800,D:\intelligent_transportation\data\lstm_sources\public\kddcup2017_china_tollgate\kdd2017_china_tollgate_20min.csv:kdd2017_t3_d0#segment3,1,4.0,4.0,16.0
1476408000,D:\intelligent_transportation\data\lstm_sources\public\kddcup2017_china_tollgate\kdd2017_china_tollgate_20min.csv:kdd2017_t3_d0#segment3,1,-6.0,6.0,36.0
1476409200,D:\intelligent_transportation\data\lstm_sources\public\kddcup2017_china_tollgate\kdd2017_china_tollgate_20min.csv:kdd2017_t3_d0#segment3,1,-1.0,1.0,1.0
1476410400,D:\intelligent_transportation\data\lstm_sources\public\kddcup2017_china_tollgate\kdd2017_china_tollgate_20min.csv:kdd2017_t3_d0#segment3,1,-3.0,3.0,9.0
1476411600,D:\intelligent_transportation\data\lstm_sources\public\kddcup2017_china_tollgate\kdd2017_china_tollgate_20min.csv:kdd2017_t3_d0#segment3,1,2.0,2.0,4.0
1476412800,D:\intelligent_transportation\data\lstm_sources\public\kddcup2017_china_tollgate\kdd2017_china_tollgate_20min.csv:kdd2017_t3_d0#segment3,1,2.0,2.0,4.0
1476414000,D:\intelligent_transportation\data\lstm_sources\public\kddcup2017_china_tollgate\kdd2017_china_tollgate_20min.csv:kdd2017_t3_d0#segment3,1,-3.0,3.0,9.0
1476415200,D:\intelligent_transportation\data\lstm_sources\public\kddcup2017_china_tollgate\kdd2017_china_tollgate_20min.csv:kdd2017_t3_d0#segment3,1,-1.0,1.0,1.0
1476416400,D:\intelligent_transportation\data\lstm_sources\public\kddcup2017_china_tollgate\kdd2017_china_tollgate_20min.csv:kdd2017_t3_d0#segment3,1,-5.0,5.0,25.0
1476417600,D:\intelligent_transportation\data\lstm_sources\public\kddcup2017_china_tollgate\kdd2017_china_tollgate_20min.csv:kdd2017_t3_d0#segment3,1,4.0,4.0,16.0
1476418800,D:\intelligent_transportation\data\lstm_sources\public\kddcup2017_china_tollgate\kdd2017_china_tollgate_20min.csv:kdd2017_t3_d0#segment3,1,2.0,2.0,4.0
1476420000,D:\intelligent_transportation\data\lstm_sources\public\kddcup2017_china_tollgate\kdd2017_china_tollgate_20min.csv:kdd2017_t3_d0#segment3,1,1.0,1.0,1.0
1476421200,D:\intelligent_transportation\data\lstm_sources\public\kddcup2017_china_tollgate\kdd2017_china_tollgate_20min.csv:kdd2017_t3_d0#segment3,1,1.0,1.0,1.0
1476422400,D:\intelligent_transportation\data\lstm_sources\public\kddcup2017_china_tollgate\kdd2017_china_tollgate_20min.csv:kdd2017_t3_d0#segment3,1,1.0,1.0,1.0
1476423600,D:\intelligent_transportation\data\lstm_sources\public\kddcup2017_china_tollgate\kdd2017_china_tollgate_20min.csv:kdd2017_t3_d0#segment3,1,2.0,2.0,4.0
1476424800,D:\intelligent_transportation\data\lstm_sources\public\kddcup2017_china_tollgate\kdd2017_china_tollgate_20min.csv:kdd2017_t3_d0#segment3,1,1.0,1.0,1.0
1476426000,D:\intelligent_transportation\data\lstm_sources\public\kddcup2017_china_tollgate\kdd2017_china_tollgate_20min.csv:kdd2017_t3_d0#segment3,1,19.0,19.0,361.0
1476427200,D:\intelligent_transportation\data\lstm_sources\public\kddcup2017_china_tollgate\kdd2017_china_tollgate_20min.csv:kdd2017_t3_d0#segment3,1,40.0,40.0,1600.0
1476428400,D:\intelligent_transportation\data\lstm_sources\public\kddcup2017_china_tollgate\kdd2017_china_tollgate_20min.csv:kdd2017_t3_d0#segment3,1,15.0,15.0,225.0
1476429600,D:\intelligent_transportation\data\lstm_sources\public\kddcup2017_china_tollgate\kdd2017_china_tollgate_20min.csv:kdd2017_t3_d0#segment3,1,33.0,33.0,1089.0
1476430800,D:\intelligent_transportation\data\lstm_sources\public\kddcup2017_china_tollgate\kdd2017_china_tollgate_20min.csv:kdd2017_t3_d0#segment3,1,26.0,26.0,676.0
1476432000,D:\intelligent_transportation\data\lstm_sources\public\kddcup2017_china_tollgate\kdd2017_china_tollgate_20min.csv:kdd2017_t3_d0#segment3,1,6.0,6.0,36.0
1476433200,D:\intelligent_transportation\data\lstm_sources\public\kddcup2017_china_tollgate\kdd2017_china_tollgate_20min.csv:kdd2017_t3_d0#segment3,1,22.0,22.0,484.0
1476434400,D:\intelligent_transportation\data\lstm_sources\public\kddcup2017_china_tollgate\kdd2017_china_tollgate_20min.csv:kdd2017_t3_d0#segment3,1,-34.0,34.0,1156.0
1476435600,D:\intelligent_transportation\data\lstm_sources\public\kddcup2017_china_tollgate\kdd2017_china_tollgate_20min.csv:kdd2017_t3_d0#segment3,1,15.0,15.0,225.0
1476436800,D:\intelligent_transportation\data\lstm_sources\public\kddcup2017_china_tollgate\kdd2017_china_tollgate_20min.csv:kdd2017_t3_d0#segment3,1,-21.0,21.0,441.0
1476438000,D:\intelligent_transportation\data\lstm_sources\public\kddcup2017_china_tollgate\kdd2017_china_tollgate_20min.csv:kdd2017_t3_d0#segment3,1,-11.0,11.0,121.0
1476439200,D:\intelligent_transportation\data\lstm_sources\public\kddcup2017_china_tollgate\kdd2017_china_tollgate_20min.csv:kdd2017_t3_d0#segment3,1,3.0,3.0,9.0
1476440400,D:\intelligent_transportation\data\lstm_sources\public\kddcup2017_china_tollgate\kdd2017_china_tollgate_20min.csv:kdd2017_t3_d0#segment3,1,8.0,8.0,64.0
1476441600,D:\intelligent_transportation\data\lstm_sources\public\kddcup2017_china_tollgate\kdd2017_china_tollgate_20min.csv:kdd2017_t3_d0#segment3,1,-7.0,7.0,49.0
1476442800,D:\intelligent_transportation\data\lstm_sources\public\kddcup2017_china_tollgate\kdd2017_china_tollgate_20min.csv:kdd2017_t3_d0#segment3,1,-9.0,9.0,81.0
1476444000,D:\intelligent_transportation\data\lstm_sources\public\kddcup2017_china_tollgate\kdd2017_china_tollgate_20min.csv:kdd2017_t3_d0#segment3,1,-27.0,27.0,729.0
1476445200,D:\intelligent_transportation\data\lstm_sources\public\kddcup2017_china_tollgate\kdd2017_china_tollgate_20min.csv:kdd2017_t3_d0#segment3,1,-4.0,4.0,16.0
1476446400,D:\intelligent_transportation\data\lstm_sources\public\kddcup2017_china_tollgate\kdd2017_china_tollgate_20min.csv:kdd2017_t3_d0#segment3,1,6.0,6.0,36.0
1476447600,D:\intelligent_transportation\data\lstm_sources\public\kddcup2017_china_tollgate\kdd2017_china_tollgate_20min.csv:kdd2017_t3_d0#segment3,1,-4.0,4.0,16.0
1476448800,D:\intelligent_transportation\data\lstm_sources\public\kddcup2017_china_tollgate\kdd2017_china_tollgate_20min.csv:kdd2017_t3_d0#segment3,1,10.0,10.0,100.0
1476450000,D:\intelligent_transportation\data\lstm_sources\public\kddcup2017_china_tollgate\kdd2017_china_tollgate_20min.csv:kdd2017_t3_d0#segment3,1,19.0,19.0,361.0
1476451200,D:\intelligent_transportation\data\lstm_sources\public\kddcup2017_china_tollgate\kdd2017_china_tollgate_20min.csv:kdd2017_t3_d0#segment3,1,-16.0,16.0,256.0
1476452400,D:\intelligent_transportation\data\lstm_sources\public\kddcup2017_china_tollgate\kdd2017_china_tollgate_20min.csv:kdd2017_t3_d0#segment3,1,3.0,3.0,9.0
1476453600,D:\intelligent_transportation\data\lstm_sources\public\kddcup2017_china_tollgate\kdd2017_china_tollgate_20min.csv:kdd2017_t3_d0#segment3,1,10.0,10.0,100.0
1476454800,D:\intelligent_transportation\data\lstm_sources\public\kddcup2017_china_tollgate\kdd2017_china_tollgate_20min.csv:kdd2017_t3_d0#segment3,1,-27.0,27.0,729.0
1476456000,D:\intelligent_transportation\data\lstm_sources\public\kddcup2017_china_tollgate\kdd2017_china_tollgate_20min.csv:kdd2017_t3_d0#segment3,1,36.0,36.0,1296.0
1476457200,D:\intelligent_transportation\data\lstm_sources\public\kddcup2017_china_tollgate\kdd2017_china_tollgate_20min.csv:kdd2017_t3_d0#segment3,1,10.0,10.0,100.0
1476458400,D:\intelligent_transportation\data\lstm_sources\public\kddcup2017_china_tollgate\kdd2017_china_tollgate_20min.csv:kdd2017_t3_d0#segment3,1,-2.0,2.0,4.0
1476459600,D:\intelligent_transportation\data\lstm_sources\public\kddcup2017_china_tollgate\kdd2017_china_tollgate_20min.csv:kdd2017_t3_d0#segment3,1,-1.0,1.0,1.0
1476460800,D:\intelligent_transportation\data\lstm_sources\public\kddcup2017_china_tollgate\kdd2017_china_tollgate_20min.csv:kdd2017_t3_d0#segment3,1,2.0,2.0,4.0
1476462000,D:\intelligent_transportation\data\lstm_sources\public\kddcup2017_china_tollgate\kdd2017_china_tollgate_20min.csv:kdd2017_t3_d0#segment3,1,-4.0,4.0,16.0
1476463200,D:\intelligent_transportation\data\lstm_sources\public\kddcup2017_china_tollgate\kdd2017_china_tollgate_20min.csv:kdd2017_t3_d0#segment3,1,13.0,13.0,169.0
1476464400,D:\intelligent_transportation\data\lstm_sources\public\kddcup2017_china_tollgate\kdd2017_china_tollgate_20min.csv:kdd2017_t3_d0#segment3,1,-2.0,2.0,4.0
1476465600,D:\intelligent_transportation\data\lstm_sources\public\kddcup2017_china_tollgate\kdd2017_china_tollgate_20min.csv:kdd2017_t3_d0#segment3,1,-24.0,24.0,576.0
1476466800,D:\intelligent_transportation\data\lstm_sources\public\kddcup2017_china_tollgate\kdd2017_china_tollgate_20min.csv:kdd2017_t3_d0#segment3,1,-10.0,10.0,100.0
1476468000,D:\intelligent_transportation\data\lstm_sources\public\kddcup2017_china_tollgate\kdd2017_china_tollgate_20min.csv:kdd2017_t3_d0#segment3,1,-38.0,38.0,1444.0
1476469200,D:\intelligent_transportation\data\lstm_sources\public\kddcup2017_china_tollgate\kdd2017_china_tollgate_20min.csv:kdd2017_t3_d0#segment3,1,-6.0,6.0,36.0
1476470400,D:\intelligent_transportation\data\lstm_sources\public\kddcup2017_china_tollgate\kdd2017_china_tollgate_20min.csv:kdd2017_t3_d0#segment3,1,-11.0,11.0,121.0
1476471600,D:\intelligent_transportation\data\lstm_sources\public\kddcup2017_china_tollgate\kdd2017_china_tollgate_20min.csv:kdd2017_t3_d0#segment3,1,8.0,8.0,64.0
1476472800,D:\intelligent_transportation\data\lstm_sources\public\kddcup2017_china_tollgate\kdd2017_china_tollgate_20min.csv:kdd2017_t3_d0#segment3,1,14.0,14.0,196.0
1476474000,D:\intelligent_transportation\data\lstm_sources\public\kddcup2017_china_tollgate\kdd2017_china_tollgate_20min.csv:kdd2017_t3_d0#segment3,1,-22.0,22.0,484.0
1476475200,D:\intelligent_transportation\data\lstm_sources\public\kddcup2017_china_tollgate\kdd2017_china_tollgate_20min.csv:kdd2017_t3_d0#segment3,1,-4.0,4.0,16.0
1476476400,D:\intelligent_transportation\data\lstm_sources\public\kddcup2017_china_tollgate\kdd2017_china_tollgate_20min.csv:kdd2017_t3_d0#segment3,1,-6.0,6.0,36.0
1476477600,D:\intelligent_transportation\data\lstm_sources\public\kddcup2017_china_tollgate\kdd2017_china_tollgate_20min.csv:kdd2017_t3_d0#segment3,1,6.0,6.0,36.0
1476478800,D:\intelligent_transportation\data\lstm_sources\public\kddcup2017_china_tollgate\kdd2017_china_tollgate_20min.csv:kdd2017_t3_d0#segment3,1,-13.0,13.0,169.0
1476480000,D:\intelligent_transportation\data\lstm_sources\public\kddcup2017_china_tollgate\kdd2017_china_tollgate_20min.csv:kdd2017_t3_d0#segment3,1,-9.0,9.0,81.0
1476481200,D:\intelligent_transportation\data\lstm_sources\public\kddcup2017_china_tollgate\kdd2017_china_tollgate_20min.csv:kdd2017_t3_d0#segment3,1,4.0,4.0,16.0
1476482400,D:\intelligent_transportation\data\lstm_sources\public\kddcup2017_china_tollgate\kdd2017_china_tollgate_20min.csv:kdd2017_t3_d0#segment3,1,2.0,2.0,4.0
1476483600,D:\intelligent_transportation\data\lstm_sources\public\kddcup2017_china_tollgate\kdd2017_china_tollgate_20min.csv:kdd2017_t3_d0#segment3,1,-15.0,15.0,225.0
1476484800,D:\intelligent_transportation\data\lstm_sources\public\kddcup2017_china_tollgate\kdd2017_china_tollgate_20min.csv:kdd2017_t3_d0#segment3,1,-2.0,2.0,4.0
1476486000,D:\intelligent_transportation\data\lstm_sources\public\kddcup2017_china_tollgate\kdd2017_china_tollgate_20min.csv:kdd2017_t3_d0#segment3,1,-1.0,1.0,1.0
1476487200,D:\intelligent_transportation\data\lstm_sources\public\kddcup2017_china_tollgate\kdd2017_china_tollgate_20min.csv:kdd2017_t3_d0#segment3,1,-3.0,3.0,9.0
1476488400,D:\intelligent_transportation\data\lstm_sources\public\kddcup2017_china_tollgate\kdd2017_china_tollgate_20min.csv:kdd2017_t3_d0#segment3,1,-8.0,8.0,64.0
1476489600,D:\intelligent_transportation\data\lstm_sources\public\kddcup2017_china_tollgate\kdd2017_china_tollgate_20min.csv:kdd2017_t3_d0#segment3,1,6.0,6.0,36.0
1476490800,D:\intelligent_transportation\data\lstm_sources\public\kddcup2017_china_tollgate\kdd2017_china_tollgate_20min.csv:kdd2017_t3_d0#segment3,1,3.0,3.0,9.0
1476492000,D:\intelligent_transportation\data\lstm_sources\public\kddcup2017_china_tollgate\kdd2017_china_tollgate_20min.csv:kdd2017_t3_d0#segment3,1,-1.0,1.0,1.0
1476493200,D:\intelligent_transportation\data\lstm_sources\public\kddcup2017_china_tollgate\kdd2017_china_tollgate_20min.csv:kdd2017_t3_d0#segment3,1,8.0,8.0,64.0
1476494400,D:\intelligent_transportation\data\lstm_sources\public\kddcup2017_china_tollgate\kdd2017_china_tollgate_20min.csv:kdd2017_t3_d0#segment3,1,-2.0,2.0,4.0
1476495600,D:\intelligent_transportation\data\lstm_sources\public\kddcup2017_china_tollgate\kdd2017_china_tollgate_20min.csv:kdd2017_t3_d0#segment3,1,-10.0,10.0,100.0
1476496800,D:\intelligent_transportation\data\lstm_sources\public\kddcup2017_china_tollgate\kdd2017_china_tollgate_20min.csv:kdd2017_t3_d0#segment3,1,1.0,1.0,1.0
1476498000,D:\intelligent_transportation\data\lstm_sources\public\kddcup2017_china_tollgate\kdd2017_china_tollgate_20min.csv:kdd2017_t3_d0#segment3,1,8.0,8.0,64.0
1476499200,D:\intelligent_transportation\data\lstm_sources\public\kddcup2017_china_tollgate\kdd2017_china_tollgate_20min.csv:kdd2017_t3_d0#segment3,1,-10.0,10.0,100.0
1476500400,D:\intelligent_transportation\data\lstm_sources\public\kddcup2017_china_tollgate\kdd2017_china_tollgate_20min.csv:kdd2017_t3_d0#segment3,1,-1.0,1.0,1.0
1476501600,D:\intelligent_transportation\data\lstm_sources\public\kddcup2017_china_tollgate\kdd2017_china_tollgate_20min.csv:kdd2017_t3_d0#segment3,1,5.0,5.0,25.0
1476502800,D:\intelligent_transportation\data\lstm_sources\public\kddcup2017_china_tollgate\kdd2017_china_tollgate_20min.csv:kdd2017_t3_d0#segment3,1,-3.0,3.0,9.0
1476504000,D:\intelligent_transportation\data\lstm_sources\public\kddcup2017_china_tollgate\kdd2017_china_tollgate_20min.csv:kdd2017_t3_d0#segment3,1,2.0,2.0,4.0
1476505200,D:\intelligent_transportation\data\lstm_sources\public\kddcup2017_china_tollgate\kdd2017_china_tollgate_20min.csv:kdd2017_t3_d0#segment3,1,-2.0,2.0,4.0
1476506400,D:\intelligent_transportation\data\lstm_sources\public\kddcup2017_china_tollgate\kdd2017_china_tollgate_20min.csv:kdd2017_t3_d0#segment3,1,5.0,5.0,25.0
1476507600,D:\intelligent_transportation\data\lstm_sources\public\kddcup2017_china_tollgate\kdd2017_china_tollgate_20min.csv:kdd2017_t3_d0#segment3,1,1.0,1.0,1.0
1476508800,D:\intelligent_transportation\data\lstm_sources\public\kddcup2017_china_tollgate\kdd2017_china_tollgate_20min.csv:kdd2017_t3_d0#segment3,1,-8.0,8.0,64.0
1476510000,D:\intelligent_transportation\data\lstm_sources\public\kddcup2017_china_tollgate\kdd2017_china_tollgate_20min.csv:kdd2017_t3_d0#segment3,1,12.0,12.0,144.0
1476511200,D:\intelligent_transportation\data\lstm_sources\public\kddcup2017_china_tollgate\kdd2017_china_tollgate_20min.csv:kdd2017_t3_d0#segment3,1,-3.0,3.0,9.0
1476512400,D:\intelligent_transportation\data\lstm_sources\public\kddcup2017_china_tollgate\kdd2017_china_tollgate_20min.csv:kdd2017_t3_d0#segment3,1,23.0,23.0,529.0
1476513600,D:\intelligent_transportation\data\lstm_sources\public\kddcup2017_china_tollgate\kdd2017_china_tollgate_20min.csv:kdd2017_t3_d0#segment3,1,38.0,38.0,1444.0
1476514800,D:\intelligent_transportation\data\lstm_sources\public\kddcup2017_china_tollgate\kdd2017_china_tollgate_20min.csv:kdd2017_t3_d0#segment3,1,23.0,23.0,529.0
1476516000,D:\intelligent_transportation\data\lstm_sources\public\kddcup2017_china_tollgate\kdd2017_china_tollgate_20min.csv:kdd2017_t3_d0#segment3,1,4.0,4.0,16.0
1476517200,D:\intelligent_transportation\data\lstm_sources\public\kddcup2017_china_tollgate\kdd2017_china_tollgate_20min.csv:kdd2017_t3_d0#segment3,1,-15.0,15.0,225.0
1476518400,D:\intelligent_transportation\data\lstm_sources\public\kddcup2017_china_tollgate\kdd2017_china_tollgate_20min.csv:kdd2017_t3_d0#segment3,1,13.0,13.0,169.0
1476519600,D:\intelligent_transportation\data\lstm_sources\public\kddcup2017_china_tollgate\kdd2017_china_tollgate_20min.csv:kdd2017_t3_d0#segment3,1,-8.0,8.0,64.0
1476520800,D:\intelligent_transportation\data\lstm_sources\public\kddcup2017_china_tollgate\kdd2017_china_tollgate_20min.csv:kdd2017_t3_d0#segment3,1,31.0,31.0,961.0
1476522000,D:\intelligent_transportation\data\lstm_sources\public\kddcup2017_china_tollgate\kdd2017_china_tollgate_20min.csv:kdd2017_t3_d0#segment3,1,-1.0,1.0,1.0
1476523200,D:\intelligent_transportation\data\lstm_sources\public\kddcup2017_china_tollgate\kdd2017_china_tollgate_20min.csv:kdd2017_t3_d0#segment3,1,-12.0,12.0,144.0
1476524400,D:\intelligent_transportation\data\lstm_sources\public\kddcup2017_china_tollgate\kdd2017_china_tollgate_20min.csv:kdd2017_t3_d0#segment3,1,6.0,6.0,36.0
1476525600,D:\intelligent_transportation\data\lstm_sources\public\kddcup2017_china_tollgate\kdd2017_china_tollgate_20min.csv:kdd2017_t3_d0#segment3,1,-2.0,2.0,4.0
1476526800,D:\intelligent_transportation\data\lstm_sources\public\kddcup2017_china_tollgate\kdd2017_china_tollgate_20min.csv:kdd2017_t3_d0#segment3,1,16.0,16.0,256.0
1476528000,D:\intelligent_transportation\data\lstm_sources\public\kddcup2017_china_tollgate\kdd2017_china_tollgate_20min.csv:kdd2017_t3_d0#segment3,1,-41.0,41.0,1681.0
1476529200,D:\intelligent_transportation\data\lstm_sources\public\kddcup2017_china_tollgate\kdd2017_china_tollgate_20min.csv:kdd2017_t3_d0#segment3,1,28.0,28.0,784.0
1476530400,D:\intelligent_transportation\data\lstm_sources\public\kddcup2017_china_tollgate\kdd2017_china_tollgate_20min.csv:kdd2017_t3_d0#segment3,1,-19.0,19.0,361.0
1476531600,D:\intelligent_transportation\data\lstm_sources\public\kddcup2017_china_tollgate\kdd2017_china_tollgate_20min.csv:kdd2017_t3_d0#segment3,1,6.0,6.0,36.0
1476532800,D:\intelligent_transportation\data\lstm_sources\public\kddcup2017_china_tollgate\kdd2017_china_tollgate_20min.csv:kdd2017_t3_d0#segment3,1,-20.0,20.0,400.0
1476534000,D:\intelligent_transportation\data\lstm_sources\public\kddcup2017_china_tollgate\kdd2017_china_tollgate_20min.csv:kdd2017_t3_d0#segment3,1,15.0,15.0,225.0
1476535200,D:\intelligent_transportation\data\lstm_sources\public\kddcup2017_china_tollgate\kdd2017_china_tollgate_20min.csv:kdd2017_t3_d0#segment3,1,-2.0,2.0,4.0
1476536400,D:\intelligent_transportation\data\lstm_sources\public\kddcup2017_china_tollgate\kdd2017_china_tollgate_20min.csv:kdd2017_t3_d0#segment3,1,8.0,8.0,64.0
1476537600,D:\intelligent_transportation\data\lstm_sources\public\kddcup2017_china_tollgate\kdd2017_china_tollgate_20min.csv:kdd2017_t3_d0#segment3,1,18.0,18.0,324.0
1476538800,D:\intelligent_transportation\data\lstm_sources\public\kddcup2017_china_tollgate\kdd2017_china_tollgate_20min.csv:kdd2017_t3_d0#segment3,1,7.0,7.0,49.0
1476540000,D:\intelligent_transportation\data\lstm_sources\public\kddcup2017_china_tollgate\kdd2017_china_tollgate_20min.csv:kdd2017_t3_d0#segment3,1,-27.0,27.0,729.0
1476541200,D:\intelligent_transportation\data\lstm_sources\public\kddcup2017_china_tollgate\kdd2017_china_tollgate_20min.csv:kdd2017_t3_d0#segment3,1,6.0,6.0,36.0
1476542400,D:\intelligent_transportation\data\lstm_sources\public\kddcup2017_china_tollgate\kdd2017_china_tollgate_20min.csv:kdd2017_t3_d0#segment3,1,4.0,4.0,16.0
1476543600,D:\intelligent_transportation\data\lstm_sources\public\kddcup2017_china_tollgate\kdd2017_china_tollgate_20min.csv:kdd2017_t3_d0#segment3,1,-9.0,9.0,81.0
1476544800,D:\intelligent_transportation\data\lstm_sources\public\kddcup2017_china_tollgate\kdd2017_china_tollgate_20min.csv:kdd2017_t3_d0#segment3,1,50.0,50.0,2500.0
1476546000,D:\intelligent_transportation\data\lstm_sources\public\kddcup2017_china_tollgate\kdd2017_china_tollgate_20min.csv:kdd2017_t3_d0#segment3,1,-32.0,32.0,1024.0
1476547200,D:\intelligent_transportation\data\lstm_sources\public\kddcup2017_china_tollgate\kdd2017_china_tollgate_20min.csv:kdd2017_t3_d0#segment3,1,10.0,10.0,100.0
1476548400,D:\intelligent_transportation\data\lstm_sources\public\kddcup2017_china_tollgate\kdd2017_china_tollgate_20min.csv:kdd2017_t3_d0#segment3,1,-12.0,12.0,144.0
1476549600,D:\intelligent_transportation\data\lstm_sources\public\kddcup2017_china_tollgate\kdd2017_china_tollgate_20min.csv:kdd2017_t3_d0#segment3,1,-1.0,1.0,1.0
1476550800,D:\intelligent_transportation\data\lstm_sources\public\kddcup2017_china_tollgate\kdd2017_china_tollgate_20min.csv:kdd2017_t3_d0#segment3,1,-19.0,19.0,361.0
1476552000,D:\intelligent_transportation\data\lstm_sources\public\kddcup2017_china_tollgate\kdd2017_china_tollgate_20min.csv:kdd2017_t3_d0#segment3,1,22.0,22.0,484.0
1476553200,D:\intelligent_transportation\data\lstm_sources\public\kddcup2017_china_tollgate\kdd2017_china_tollgate_20min.csv:kdd2017_t3_d0#segment3,1,-23.0,23.0,529.0
1476554400,D:\intelligent_transportation\data\lstm_sources\public\kddcup2017_china_tollgate\kdd2017_china_tollgate_20min.csv:kdd2017_t3_d0#segment3,1,-22.0,22.0,484.0
1476555600,D:\intelligent_transportation\data\lstm_sources\public\kddcup2017_china_tollgate\kdd2017_china_tollgate_20min.csv:kdd2017_t3_d0#segment3,1,-12.0,12.0,144.0
1476556800,D:\intelligent_transportation\data\lstm_sources\public\kddcup2017_china_tollgate\kdd2017_china_tollgate_20min.csv:kdd2017_t3_d0#segment3,1,-8.0,8.0,64.0
1476558000,D:\intelligent_transportation\data\lstm_sources\public\kddcup2017_china_tollgate\kdd2017_china_tollgate_20min.csv:kdd2017_t3_d0#segment3,1,2.0,2.0,4.0
1476559200,D:\intelligent_transportation\data\lstm_sources\public\kddcup2017_china_tollgate\kdd2017_china_tollgate_20min.csv:kdd2017_t3_d0#segment3,1,3.0,3.0,9.0
1476560400,D:\intelligent_transportation\data\lstm_sources\public\kddcup2017_china_tollgate\kdd2017_china_tollgate_20min.csv:kdd2017_t3_d0#segment3,1,6.0,6.0,36.0
1476561600,D:\intelligent_transportation\data\lstm_sources\public\kddcup2017_china_tollgate\kdd2017_china_tollgate_20min.csv:kdd2017_t3_d0#segment3,1,-18.0,18.0,324.0
1476562800,D:\intelligent_transportation\data\lstm_sources\public\kddcup2017_china_tollgate\kdd2017_china_tollgate_20min.csv:kdd2017_t3_d0#segment3,1,-7.0,7.0,49.0
1476564000,D:\intelligent_transportation\data\lstm_sources\public\kddcup2017_china_tollgate\kdd2017_china_tollgate_20min.csv:kdd2017_t3_d0#segment3,1,5.0,5.0,25.0
1476565200,D:\intelligent_transportation\data\lstm_sources\public\kddcup2017_china_tollgate\kdd2017_china_tollgate_20min.csv:kdd2017_t3_d0#segment3,1,-8.0,8.0,64.0
1476566400,D:\intelligent_transportation\data\lstm_sources\public\kddcup2017_china_tollgate\kdd2017_china_tollgate_20min.csv:kdd2017_t3_d0#segment3,1,-3.0,3.0,9.0
1476567600,D:\intelligent_transportation\data\lstm_sources\public\kddcup2017_china_tollgate\kdd2017_china_tollgate_20min.csv:kdd2017_t3_d0#segment3,1,-11.0,11.0,121.0
1476568800,D:\intelligent_transportation\data\lstm_sources\public\kddcup2017_china_tollgate\kdd2017_china_tollgate_20min.csv:kdd2017_t3_d0#segment3,1,-9.0,9.0,81.0
1476570000,D:\intelligent_transportation\data\lstm_sources\public\kddcup2017_china_tollgate\kdd2017_china_tollgate_20min.csv:kdd2017_t3_d0#segment3,1,0.0,0.0,0.0
1476571200,D:\intelligent_transportation\data\lstm_sources\public\kddcup2017_china_tollgate\kdd2017_china_tollgate_20min.csv:kdd2017_t3_d0#segment3,1,-2.0,2.0,4.0
1476572400,D:\intelligent_transportation\data\lstm_sources\public\kddcup2017_china_tollgate\kdd2017_china_tollgate_20min.csv:kdd2017_t3_d0#segment3,1,-11.0,11.0,121.0
1476573600,D:\intelligent_transportation\data\lstm_sources\public\kddcup2017_china_tollgate\kdd2017_china_tollgate_20min.csv:kdd2017_t3_d0#segment3,1,0.0,0.0,0.0
1476574800,D:\intelligent_transportation\data\lstm_sources\public\kddcup2017_china_tollgate\kdd2017_china_tollgate_20min.csv:kdd2017_t3_d0#segment3,1,4.0,4.0,16.0
1476576000,D:\intelligent_transportation\data\lstm_sources\public\kddcup2017_china_tollgate\kdd2017_china_tollgate_20min.csv:kdd2017_t3_d0#segment3,1,11.0,11.0,121.0
1476577200,D:\intelligent_transportation\data\lstm_sources\public\kddcup2017_china_tollgate\kdd2017_china_tollgate_20min.csv:kdd2017_t3_d0#segment3,1,-6.0,6.0,36.0
1476578400,D:\intelligent_transportation\data\lstm_sources\public\kddcup2017_china_tollgate\kdd2017_china_tollgate_20min.csv:kdd2017_t3_d0#segment3,1,2.0,2.0,4.0
1476579600,D:\intelligent_transportation\data\lstm_sources\public\kddcup2017_china_tollgate\kdd2017_china_tollgate_20min.csv:kdd2017_t3_d0#segment3,1,-1.0,1.0,1.0
1476580800,D:\intelligent_transportation\data\lstm_sources\public\kddcup2017_china_tollgate\kdd2017_china_tollgate_20min.csv:kdd2017_t3_d0#segment3,1,0.0,0.0,0.0
1476582000,D:\intelligent_transportation\data\lstm_sources\public\kddcup2017_china_tollgate\kdd2017_china_tollgate_20min.csv:kdd2017_t3_d0#segment3,1,-2.0,2.0,4.0
1476583200,D:\intelligent_transportation\data\lstm_sources\public\kddcup2017_china_tollgate\kdd2017_china_tollgate_20min.csv:kdd2017_t3_d0#segment3,1,-7.0,7.0,49.0
1476584400,D:\intelligent_transportation\data\lstm_sources\public\kddcup2017_china_tollgate\kdd2017_china_tollgate_20min.csv:kdd2017_t3_d0#segment3,1,2.0,2.0,4.0
1476585600,D:\intelligent_transportation\data\lstm_sources\public\kddcup2017_china_tollgate\kdd2017_china_tollgate_20min.csv:kdd2017_t3_d0#segment3,1,7.0,7.0,49.0
1476586800,D:\intelligent_transportation\data\lstm_sources\public\kddcup2017_china_tollgate\kdd2017_china_tollgate_20min.csv:kdd2017_t3_d0#segment3,1,-10.0,10.0,100.0
1476588000,D:\intelligent_transportation\data\lstm_sources\public\kddcup2017_china_tollgate\kdd2017_china_tollgate_20min.csv:kdd2017_t3_d0#segment3,1,5.0,5.0,25.0
1476589200,D:\intelligent_transportation\data\lstm_sources\public\kddcup2017_china_tollgate\kdd2017_china_tollgate_20min.csv:kdd2017_t3_d0#segment3,1,-2.0,2.0,4.0
1476590400,D:\intelligent_transportation\data\lstm_sources\public\kddcup2017_china_tollgate\kdd2017_china_tollgate_20min.csv:kdd2017_t3_d0#segment3,1,-1.0,1.0,1.0
1476591600,D:\intelligent_transportation\data\lstm_sources\public\kddcup2017_china_tollgate\kdd2017_china_tollgate_20min.csv:kdd2017_t3_d0#segment3,1,3.0,3.0,9.0
1476592800,D:\intelligent_transportation\data\lstm_sources\public\kddcup2017_china_tollgate\kdd2017_china_tollgate_20min.csv:kdd2017_t3_d0#segment3,1,3.0,3.0,9.0
1476594000,D:\intelligent_transportation\data\lstm_sources\public\kddcup2017_china_tollgate\kdd2017_china_tollgate_20min.csv:kdd2017_t3_d0#segment3,1,-9.0,9.0,81.0
1476595200,D:\intelligent_transportation\data\lstm_sources\public\kddcup2017_china_tollgate\kdd2017_china_tollgate_20min.csv:kdd2017_t3_d0#segment3,1,5.0,5.0,25.0
1476596400,D:\intelligent_transportation\data\lstm_sources\public\kddcup2017_china_tollgate\kdd2017_china_tollgate_20min.csv:kdd2017_t3_d0#segment3,1,-1.0,1.0,1.0
1476597600,D:\intelligent_transportation\data\lstm_sources\public\kddcup2017_china_tollgate\kdd2017_china_tollgate_20min.csv:kdd2017_t3_d0#segment3,1,16.0,16.0,256.0
1476598800,D:\intelligent_transportation\data\lstm_sources\public\kddcup2017_china_tollgate\kdd2017_china_tollgate_20min.csv:kdd2017_t3_d0#segment3,1,11.0,11.0,121.0
1476600000,D:\intelligent_transportation\data\lstm_sources\public\kddcup2017_china_tollgate\kdd2017_china_tollgate_20min.csv:kdd2017_t3_d0#segment3,1,23.0,23.0,529.0
1476601200,D:\intelligent_transportation\data\lstm_sources\public\kddcup2017_china_tollgate\kdd2017_china_tollgate_20min.csv:kdd2017_t3_d0#segment3,1,3.0,3.0,9.0
1476602400,D:\intelligent_transportation\data\lstm_sources\public\kddcup2017_china_tollgate\kdd2017_china_tollgate_20min.csv:kdd2017_t3_d0#segment3,1,13.0,13.0,169.0
1476603600,D:\intelligent_transportation\data\lstm_sources\public\kddcup2017_china_tollgate\kdd2017_china_tollgate_20min.csv:kdd2017_t3_d0#segment3,1,-4.0,4.0,16.0
1476604800,D:\intelligent_transportation\data\lstm_sources\public\kddcup2017_china_tollgate\kdd2017_china_tollgate_20min.csv:kdd2017_t3_d0#segment3,1,11.0,11.0,121.0
1476606000,D:\intelligent_transportation\data\lstm_sources\public\kddcup2017_china_tollgate\kdd2017_china_tollgate_20min.csv:kdd2017_t3_d0#segment3,1,29.0,29.0,841.0
1476607200,D:\intelligent_transportation\data\lstm_sources\public\kddcup2017_china_tollgate\kdd2017_china_tollgate_20min.csv:kdd2017_t3_d0#segment3,1,-12.0,12.0,144.0
1476608400,D:\intelligent_transportation\data\lstm_sources\public\kddcup2017_china_tollgate\kdd2017_china_tollgate_20min.csv:kdd2017_t3_d0#segment3,1,3.0,3.0,9.0
1476609600,D:\intelligent_transportation\data\lstm_sources\public\kddcup2017_china_tollgate\kdd2017_china_tollgate_20min.csv:kdd2017_t3_d0#segment3,1,-11.0,11.0,121.0
1476610800,D:\intelligent_transportation\data\lstm_sources\public\kddcup2017_china_tollgate\kdd2017_china_tollgate_20min.csv:kdd2017_t3_d0#segment3,1,-22.0,22.0,484.0
1476612000,D:\intelligent_transportation\data\lstm_sources\public\kddcup2017_china_tollgate\kdd2017_china_tollgate_20min.csv:kdd2017_t3_d0#segment3,1,30.0,30.0,900.0
1476613200,D:\intelligent_transportation\data\lstm_sources\public\kddcup2017_china_tollgate\kdd2017_china_tollgate_20min.csv:kdd2017_t3_d0#segment3,1,-33.0,33.0,1089.0
1476614400,D:\intelligent_transportation\data\lstm_sources\public\kddcup2017_china_tollgate\kdd2017_china_tollgate_20min.csv:kdd2017_t3_d0#segment3,1,-1.0,1.0,1.0
1476615600,D:\intelligent_transportation\data\lstm_sources\public\kddcup2017_china_tollgate\kdd2017_china_tollgate_20min.csv:kdd2017_t3_d0#segment3,1,-15.0,15.0,225.0
1476616800,D:\intelligent_transportation\data\lstm_sources\public\kddcup2017_china_tollgate\kdd2017_china_tollgate_20min.csv:kdd2017_t3_d0#segment3,1,5.0,5.0,25.0
1476618000,D:\intelligent_transportation\data\lstm_sources\public\kddcup2017_china_tollgate\kdd2017_china_tollgate_20min.csv:kdd2017_t3_d0#segment3,1,35.0,35.0,1225.0
1476619200,D:\intelligent_transportation\data\lstm_sources\public\kddcup2017_china_tollgate\kdd2017_china_tollgate_20min.csv:kdd2017_t3_d0#segment3,1,3.0,3.0,9.0
1476620400,D:\intelligent_transportation\data\lstm_sources\public\kddcup2017_china_tollgate\kdd2017_china_tollgate_20min.csv:kdd2017_t3_d0#segment3,1,-4.0,4.0,16.0
1476621600,D:\intelligent_transportation\data\lstm_sources\public\kddcup2017_china_tollgate\kdd2017_china_tollgate_20min.csv:kdd2017_t3_d0#segment3,1,12.0,12.0,144.0
1476622800,D:\intelligent_transportation\data\lstm_sources\public\kddcup2017_china_tollgate\kdd2017_china_tollgate_20min.csv:kdd2017_t3_d0#segment3,1,10.0,10.0,100.0
1476624000,D:\intelligent_transportation\data\lstm_sources\public\kddcup2017_china_tollgate\kdd2017_china_tollgate_20min.csv:kdd2017_t3_d0#segment3,1,6.0,6.0,36.0
1476625200,D:\intelligent_transportation\data\lstm_sources\public\kddcup2017_china_tollgate\kdd2017_china_tollgate_20min.csv:kdd2017_t3_d0#segment3,1,6.0,6.0,36.0
1476626400,D:\intelligent_transportation\data\lstm_sources\public\kddcup2017_china_tollgate\kdd2017_china_tollgate_20min.csv:kdd2017_t3_d0#segment3,1,0.0,0.0,0.0
1476627600,D:\intelligent_transportation\data\lstm_sources\public\kddcup2017_china_tollgate\kdd2017_china_tollgate_20min.csv:kdd2017_t3_d0#segment3,1,-1.0,1.0,1.0
1476628800,D:\intelligent_transportation\data\lstm_sources\public\kddcup2017_china_tollgate\kdd2017_china_tollgate_20min.csv:kdd2017_t3_d0#segment3,1,18.0,18.0,324.0
1476630000,D:\intelligent_transportation\data\lstm_sources\public\kddcup2017_china_tollgate\kdd2017_china_tollgate_20min.csv:kdd2017_t3_d0#segment3,1,-5.0,5.0,25.0
1476631200,D:\intelligent_transportation\data\lstm_sources\public\kddcup2017_china_tollgate\kdd2017_china_tollgate_20min.csv:kdd2017_t3_d0#segment3,1,-29.0,29.0,841.0
1476632400,D:\intelligent_transportation\data\lstm_sources\public\kddcup2017_china_tollgate\kdd2017_china_tollgate_20min.csv:kdd2017_t3_d0#segment3,1,0.0,0.0,0.0
1476633600,D:\intelligent_transportation\data\lstm_sources\public\kddcup2017_china_tollgate\kdd2017_china_tollgate_20min.csv:kdd2017_t3_d0#segment3,1,35.0,35.0,1225.0
1476634800,D:\intelligent_transportation\data\lstm_sources\public\kddcup2017_china_tollgate\kdd2017_china_tollgate_20min.csv:kdd2017_t3_d0#segment3,1,-17.0,17.0,289.0
1476636000,D:\intelligent_transportation\data\lstm_sources\public\kddcup2017_china_tollgate\kdd2017_china_tollgate_20min.csv:kdd2017_t3_d0#segment3,1,6.0,6.0,36.0
1476637200,D:\intelligent_transportation\data\lstm_sources\public\kddcup2017_china_tollgate\kdd2017_china_tollgate_20min.csv:kdd2017_t3_d0#segment3,1,-1.0,1.0,1.0
1476638400,D:\intelligent_transportation\data\lstm_sources\public\kddcup2017_china_tollgate\kdd2017_china_tollgate_20min.csv:kdd2017_t3_d0#segment3,1,-16.0,16.0,256.0
1476639600,D:\intelligent_transportation\data\lstm_sources\public\kddcup2017_china_tollgate\kdd2017_china_tollgate_20min.csv:kdd2017_t3_d0#segment3,1,4.0,4.0,16.0
1476640800,D:\intelligent_transportation\data\lstm_sources\public\kddcup2017_china_tollgate\kdd2017_china_tollgate_20min.csv:kdd2017_t3_d0#segment3,1,-15.0,15.0,225.0
1476642000,D:\intelligent_transportation\data\lstm_sources\public\kddcup2017_china_tollgate\kdd2017_china_tollgate_20min.csv:kdd2017_t3_d0#segment3,1,-12.0,12.0,144.0
1476643200,D:\intelligent_transportation\data\lstm_sources\public\kddcup2017_china_tollgate\kdd2017_china_tollgate_20min.csv:kdd2017_t3_d0#segment3,1,-13.0,13.0,169.0
1476644400,D:\intelligent_transportation\data\lstm_sources\public\kddcup2017_china_tollgate\kdd2017_china_tollgate_20min.csv:kdd2017_t3_d0#segment3,1,1.0,1.0,1.0
1476645600,D:\intelligent_transportation\data\lstm_sources\public\kddcup2017_china_tollgate\kdd2017_china_tollgate_20min.csv:kdd2017_t3_d0#segment3,1,-7.0,7.0,49.0
1476646800,D:\intelligent_transportation\data\lstm_sources\public\kddcup2017_china_tollgate\kdd2017_china_tollgate_20min.csv:kdd2017_t3_d0#segment3,1,2.0,2.0,4.0
1476648000,D:\intelligent_transportation\data\lstm_sources\public\kddcup2017_china_tollgate\kdd2017_china_tollgate_20min.csv:kdd2017_t3_d0#segment3,1,-17.0,17.0,289.0
1476649200,D:\intelligent_transportation\data\lstm_sources\public\kddcup2017_china_tollgate\kdd2017_china_tollgate_20min.csv:kdd2017_t3_d0#segment3,1,-3.0,3.0,9.0
1476650400,D:\intelligent_transportation\data\lstm_sources\public\kddcup2017_china_tollgate\kdd2017_china_tollgate_20min.csv:kdd2017_t3_d0#segment3,1,-6.0,6.0,36.0
1476651600,D:\intelligent_transportation\data\lstm_sources\public\kddcup2017_china_tollgate\kdd2017_china_tollgate_20min.csv:kdd2017_t3_d0#segment3,1,-8.0,8.0,64.0
1476652800,D:\intelligent_transportation\data\lstm_sources\public\kddcup2017_china_tollgate\kdd2017_china_tollgate_20min.csv:kdd2017_t3_d0#segment3,1,-3.0,3.0,9.0
1476654000,D:\intelligent_transportation\data\lstm_sources\public\kddcup2017_china_tollgate\kdd2017_china_tollgate_20min.csv:kdd2017_t3_d0#segment3,1,-7.0,7.0,49.0
1476655200,D:\intelligent_transportation\data\lstm_sources\public\kddcup2017_china_tollgate\kdd2017_china_tollgate_20min.csv:kdd2017_t3_d0#segment3,1,-1.0,1.0,1.0
1476656400,D:\intelligent_transportation\data\lstm_sources\public\kddcup2017_china_tollgate\kdd2017_china_tollgate_20min.csv:kdd2017_t3_d0#segment3,1,-5.0,5.0,25.0
1476657600,D:\intelligent_transportation\data\lstm_sources\public\kddcup2017_china_tollgate\kdd2017_china_tollgate_20min.csv:kdd2017_t3_d0#segment3,1,-10.0,10.0,100.0
1476658800,D:\intelligent_transportation\data\lstm_sources\public\kddcup2017_china_tollgate\kdd2017_china_tollgate_20min.csv:kdd2017_t3_d0#segment3,1,1.0,1.0,1.0
1476660000,D:\intelligent_transportation\data\lstm_sources\public\kddcup2017_china_tollgate\kdd2017_china_tollgate_20min.csv:kdd2017_t3_d0#segment3,1,4.0,4.0,16.0
1476661200,D:\intelligent_transportation\data\lstm_sources\public\kddcup2017_china_tollgate\kdd2017_china_tollgate_20min.csv:kdd2017_t3_d0#segment3,1,-4.0,4.0,16.0
1476662400,D:\intelligent_transportation\data\lstm_sources\public\kddcup2017_china_tollgate\kdd2017_china_tollgate_20min.csv:kdd2017_t3_d0#segment3,1,0.0,0.0,0.0
1476663600,D:\intelligent_transportation\data\lstm_sources\public\kddcup2017_china_tollgate\kdd2017_china_tollgate_20min.csv:kdd2017_t3_d0#segment3,1,4.0,4.0,16.0
1476664800,D:\intelligent_transportation\data\lstm_sources\public\kddcup2017_china_tollgate\kdd2017_china_tollgate_20min.csv:kdd2017_t3_d0#segment3,1,-3.0,3.0,9.0
1476666000,D:\intelligent_transportation\data\lstm_sources\public\kddcup2017_china_tollgate\kdd2017_china_tollgate_20min.csv:kdd2017_t3_d0#segment3,1,5.0,5.0,25.0
1476667200,D:\intelligent_transportation\data\lstm_sources\public\kddcup2017_china_tollgate\kdd2017_china_tollgate_20min.csv:kdd2017_t3_d0#segment3,1,-4.0,4.0,16.0
1476668400,D:\intelligent_transportation\data\lstm_sources\public\kddcup2017_china_tollgate\kdd2017_china_tollgate_20min.csv:kdd2017_t3_d0#segment3,1,-9.0,9.0,81.0
1476669600,D:\intelligent_transportation\data\lstm_sources\public\kddcup2017_china_tollgate\kdd2017_china_tollgate_20min.csv:kdd2017_t3_d0#segment3,1,1.0,1.0,1.0
1476670800,D:\intelligent_transportation\data\lstm_sources\public\kddcup2017_china_tollgate\kdd2017_china_tollgate_20min.csv:kdd2017_t3_d0#segment3,1,3.0,3.0,9.0
1476672000,D:\intelligent_transportation\data\lstm_sources\public\kddcup2017_china_tollgate\kdd2017_china_tollgate_20min.csv:kdd2017_t3_d0#segment3,1,-1.0,1.0,1.0
1476673200,D:\intelligent_transportation\data\lstm_sources\public\kddcup2017_china_tollgate\kdd2017_china_tollgate_20min.csv:kdd2017_t3_d0#segment3,1,3.0,3.0,9.0
1476674400,D:\intelligent_transportation\data\lstm_sources\public\kddcup2017_china_tollgate\kdd2017_china_tollgate_20min.csv:kdd2017_t3_d0#segment3,1,-1.0,1.0,1.0
1476675600,D:\intelligent_transportation\data\lstm_sources\public\kddcup2017_china_tollgate\kdd2017_china_tollgate_20min.csv:kdd2017_t3_d0#segment3,1,-8.0,8.0,64.0
1476676800,D:\intelligent_transportation\data\lstm_sources\public\kddcup2017_china_tollgate\kdd2017_china_tollgate_20min.csv:kdd2017_t3_d0#segment3,1,8.0,8.0,64.0
1476678000,D:\intelligent_transportation\data\lstm_sources\public\kddcup2017_china_tollgate\kdd2017_china_tollgate_20min.csv:kdd2017_t3_d0#segment3,1,-3.0,3.0,9.0
1476679200,D:\intelligent_transportation\data\lstm_sources\public\kddcup2017_china_tollgate\kdd2017_china_tollgate_20min.csv:kdd2017_t3_d0#segment3,1,-1.0,1.0,1.0
1476680400,D:\intelligent_transportation\data\lstm_sources\public\kddcup2017_china_tollgate\kdd2017_china_tollgate_20min.csv:kdd2017_t3_d0#segment3,1,3.0,3.0,9.0
1476681600,D:\intelligent_transportation\data\lstm_sources\public\kddcup2017_china_tollgate\kdd2017_china_tollgate_20min.csv:kdd2017_t3_d0#segment3,1,1.0,1.0,1.0
1476682800,D:\intelligent_transportation\data\lstm_sources\public\kddcup2017_china_tollgate\kdd2017_china_tollgate_20min.csv:kdd2017_t3_d0#segment3,1,8.0,8.0,64.0
1476684000,D:\intelligent_transportation\data\lstm_sources\public\kddcup2017_china_tollgate\kdd2017_china_tollgate_20min.csv:kdd2017_t3_d0#segment3,1,17.0,17.0,289.0
1476685200,D:\intelligent_transportation\data\lstm_sources\public\kddcup2017_china_tollgate\kdd2017_china_tollgate_20min.csv:kdd2017_t3_d0#segment3,1,19.0,19.0,361.0
1476686400,D:\intelligent_transportation\data\lstm_sources\public\kddcup2017_china_tollgate\kdd2017_china_tollgate_20min.csv:kdd2017_t3_d0#segment3,1,36.0,36.0,1296.0
1476687600,D:\intelligent_transportation\data\lstm_sources\public\kddcup2017_china_tollgate\kdd2017_china_tollgate_20min.csv:kdd2017_t3_d0#segment3,1,50.0,50.0,2500.0
1476688800,D:\intelligent_transportation\data\lstm_sources\public\kddcup2017_china_tollgate\kdd2017_china_tollgate_20min.csv:kdd2017_t3_d0#segment3,1,17.0,17.0,289.0
1476690000,D:\intelligent_transportation\data\lstm_sources\public\kddcup2017_china_tollgate\kdd2017_china_tollgate_20min.csv:kdd2017_t3_d0#segment3,1,3.0,3.0,9.0
1476691200,D:\intelligent_transportation\data\lstm_sources\public\kddcup2017_china_tollgate\kdd2017_china_tollgate_20min.csv:kdd2017_t3_d0#segment3,1,10.0,10.0,100.0
1476692400,D:\intelligent_transportation\data\lstm_sources\public\kddcup2017_china_tollgate\kdd2017_china_tollgate_20min.csv:kdd2017_t3_d0#segment3,1,7.0,7.0,49.0
1476693600,D:\intelligent_transportation\data\lstm_sources\public\kddcup2017_china_tollgate\kdd2017_china_tollgate_20min.csv:kdd2017_t3_d0#segment3,1,-2.0,2.0,4.0
1476694800,D:\intelligent_transportation\data\lstm_sources\public\kddcup2017_china_tollgate\kdd2017_china_tollgate_20min.csv:kdd2017_t3_d0#segment3,1,-42.0,42.0,1764.0
1476696000,D:\intelligent_transportation\data\lstm_sources\public\kddcup2017_china_tollgate\kdd2017_china_tollgate_20min.csv:kdd2017_t3_d0#segment3,1,12.0,12.0,144.0
1476697200,D:\intelligent_transportation\data\lstm_sources\public\kddcup2017_china_tollgate\kdd2017_china_tollgate_20min.csv:kdd2017_t3_d0#segment3,1,-33.0,33.0,1089.0
1476698400,D:\intelligent_transportation\data\lstm_sources\public\kddcup2017_china_tollgate\kdd2017_china_tollgate_20min.csv:kdd2017_t3_d0#segment3,1,10.0,10.0,100.0
1476699600,D:\intelligent_transportation\data\lstm_sources\public\kddcup2017_china_tollgate\kdd2017_china_tollgate_20min.csv:kdd2017_t3_d0#segment3,1,-19.0,19.0,361.0
1476700800,D:\intelligent_transportation\data\lstm_sources\public\kddcup2017_china_tollgate\kdd2017_china_tollgate_20min.csv:kdd2017_t3_d0#segment3,1,-22.0,22.0,484.0
1476702000,D:\intelligent_transportation\data\lstm_sources\public\kddcup2017_china_tollgate\kdd2017_china_tollgate_20min.csv:kdd2017_t3_d0#segment3,1,16.0,16.0,256.0
1476703200,D:\intelligent_transportation\data\lstm_sources\public\kddcup2017_china_tollgate\kdd2017_china_tollgate_20min.csv:kdd2017_t3_d0#segment3,1,-13.0,13.0,169.0
1476704400,D:\intelligent_transportation\data\lstm_sources\public\kddcup2017_china_tollgate\kdd2017_china_tollgate_20min.csv:kdd2017_t3_d0#segment3,1,-1.0,1.0,1.0
1476705600,D:\intelligent_transportation\data\lstm_sources\public\kddcup2017_china_tollgate\kdd2017_china_tollgate_20min.csv:kdd2017_t3_d0#segment3,1,1.0,1.0,1.0
1476706800,D:\intelligent_transportation\data\lstm_sources\public\kddcup2017_china_tollgate\kdd2017_china_tollgate_20min.csv:kdd2017_t3_d0#segment3,1,-11.0,11.0,121.0
1476708000,D:\intelligent_transportation\data\lstm_sources\public\kddcup2017_china_tollgate\kdd2017_china_tollgate_20min.csv:kdd2017_t3_d0#segment3,1,12.0,12.0,144.0
1476709200,D:\intelligent_transportation\data\lstm_sources\public\kddcup2017_china_tollgate\kdd2017_china_tollgate_20min.csv:kdd2017_t3_d0#segment3,1,18.0,18.0,324.0
1476710400,D:\intelligent_transportation\data\lstm_sources\public\kddcup2017_china_tollgate\kdd2017_china_tollgate_20min.csv:kdd2017_t3_d0#segment3,1,-15.0,15.0,225.0
1476711600,D:\intelligent_transportation\data\lstm_sources\public\kddcup2017_china_tollgate\kdd2017_china_tollgate_20min.csv:kdd2017_t3_d0#segment3,1,2.0,2.0,4.0
1476712800,D:\intelligent_transportation\data\lstm_sources\public\kddcup2017_china_tollgate\kdd2017_china_tollgate_20min.csv:kdd2017_t3_d0#segment3,1,19.0,19.0,361.0
1476714000,D:\intelligent_transportation\data\lstm_sources\public\kddcup2017_china_tollgate\kdd2017_china_tollgate_20min.csv:kdd2017_t3_d0#segment3,1,4.0,4.0,16.0
1476715200,D:\intelligent_transportation\data\lstm_sources\public\kddcup2017_china_tollgate\kdd2017_china_tollgate_20min.csv:kdd2017_t3_d0#segment3,1,-33.0,33.0,1089.0
1476716400,D:\intelligent_transportation\data\lstm_sources\public\kddcup2017_china_tollgate\kdd2017_china_tollgate_20min.csv:kdd2017_t3_d0#segment3,1,32.0,32.0,1024.0
1476717600,D:\intelligent_transportation\data\lstm_sources\public\kddcup2017_china_tollgate\kdd2017_china_tollgate_20min.csv:kdd2017_t3_d0#segment3,1,-12.0,12.0,144.0
1476718800,D:\intelligent_transportation\data\lstm_sources\public\kddcup2017_china_tollgate\kdd2017_china_tollgate_20min.csv:kdd2017_t3_d0#segment3,1,3.0,3.0,9.0
1476720000,D:\intelligent_transportation\data\lstm_sources\public\kddcup2017_china_tollgate\kdd2017_china_tollgate_20min.csv:kdd2017_t3_d0#segment3,1,6.0,6.0,36.0
1476721200,D:\intelligent_transportation\data\lstm_sources\public\kddcup2017_china_tollgate\kdd2017_china_tollgate_20min.csv:kdd2017_t3_d0#segment3,1,-2.0,2.0,4.0
1476722400,D:\intelligent_transportation\data\lstm_sources\public\kddcup2017_china_tollgate\kdd2017_china_tollgate_20min.csv:kdd2017_t3_d0#segment3,1,-16.0,16.0,256.0
1476723600,D:\intelligent_transportation\data\lstm_sources\public\kddcup2017_china_tollgate\kdd2017_china_tollgate_20min.csv:kdd2017_t3_d0#segment3,1,44.0,44.0,1936.0
1476724800,D:\intelligent_transportation\data\lstm_sources\public\kddcup2017_china_tollgate\kdd2017_china_tollgate_20min.csv:kdd2017_t3_d0#segment3,1,-8.0,8.0,64.0
1476726000,D:\intelligent_transportation\data\lstm_sources\public\kddcup2017_china_tollgate\kdd2017_china_tollgate_20min.csv:kdd2017_t3_d0#segment3,1,-19.0,19.0,361.0
1476727200,D:\intelligent_transportation\data\lstm_sources\public\kddcup2017_china_tollgate\kdd2017_china_tollgate_20min.csv:kdd2017_t3_d0#segment3,1,-23.0,23.0,529.0
1476728400,D:\intelligent_transportation\data\lstm_sources\public\kddcup2017_china_tollgate\kdd2017_china_tollgate_20min.csv:kdd2017_t3_d0#segment3,1,3.0,3.0,9.0
1476729600,D:\intelligent_transportation\data\lstm_sources\public\kddcup2017_china_tollgate\kdd2017_china_tollgate_20min.csv:kdd2017_t3_d0#segment3,1,-28.0,28.0,784.0
1476730800,D:\intelligent_transportation\data\lstm_sources\public\kddcup2017_china_tollgate\kdd2017_china_tollgate_20min.csv:kdd2017_t3_d0#segment3,1,-14.0,14.0,196.0
1476732000,D:\intelligent_transportation\data\lstm_sources\public\kddcup2017_china_tollgate\kdd2017_china_tollgate_20min.csv:kdd2017_t3_d0#segment3,1,-5.0,5.0,25.0
1476733200,D:\intelligent_transportation\data\lstm_sources\public\kddcup2017_china_tollgate\kdd2017_china_tollgate_20min.csv:kdd2017_t3_d0#segment3,1,7.0,7.0,49.0
1476734400,D:\intelligent_transportation\data\lstm_sources\public\kddcup2017_china_tollgate\kdd2017_china_tollgate_20min.csv:kdd2017_t3_d0#segment3,1,-7.0,7.0,49.0
1476735600,D:\intelligent_transportation\data\lstm_sources\public\kddcup2017_china_tollgate\kdd2017_china_tollgate_20min.csv:kdd2017_t3_d0#segment3,1,-1.0,1.0,1.0
1476736800,D:\intelligent_transportation\data\lstm_sources\public\kddcup2017_china_tollgate\kdd2017_china_tollgate_20min.csv:kdd2017_t3_d0#segment3,1,-6.0,6.0,36.0
1476738000,D:\intelligent_transportation\data\lstm_sources\public\kddcup2017_china_tollgate\kdd2017_china_tollgate_20min.csv:kdd2017_t3_d0#segment3,1,-2.0,2.0,4.0
1476739200,D:\intelligent_transportation\data\lstm_sources\public\kddcup2017_china_tollgate\kdd2017_china_tollgate_20min.csv:kdd2017_t3_d0#segment3,1,-6.0,6.0,36.0
1476740400,D:\intelligent_transportation\data\lstm_sources\public\kddcup2017_china_tollgate\kdd2017_china_tollgate_20min.csv:kdd2017_t3_d0#segment3,1,-5.0,5.0,25.0
1476741600,D:\intelligent_transportation\data\lstm_sources\public\kddcup2017_china_tollgate\kdd2017_china_tollgate_20min.csv:kdd2017_t3_d0#segment3,1,-9.0,9.0,81.0
1476742800,D:\intelligent_transportation\data\lstm_sources\public\kddcup2017_china_tollgate\kdd2017_china_tollgate_20min.csv:kdd2017_t3_d0#segment3,1,3.0,3.0,9.0
1476744000,D:\intelligent_transportation\data\lstm_sources\public\kddcup2017_china_tollgate\kdd2017_china_tollgate_20min.csv:kdd2017_t3_d0#segment3,1,-1.0,1.0,1.0
1476745200,D:\intelligent_transportation\data\lstm_sources\public\kddcup2017_china_tollgate\kdd2017_china_tollgate_20min.csv:kdd2017_t3_d0#segment3,1,-17.0,17.0,289.0
1476746400,D:\intelligent_transportation\data\lstm_sources\public\kddcup2017_china_tollgate\kdd2017_china_tollgate_20min.csv:kdd2017_t3_d0#segment3,1,6.0,6.0,36.0
1476747600,D:\intelligent_transportation\data\lstm_sources\public\kddcup2017_china_tollgate\kdd2017_china_tollgate_20min.csv:kdd2017_t3_d0#segment3,1,7.0,7.0,49.0
1476379200,D:\intelligent_transportation\data\lstm_sources\public\kddcup2017_china_tollgate\kdd2017_china_tollgate_20min.csv:kdd2017_t3_d1#segment4,1,8.0,8.0,64.0
1476380400,D:\intelligent_transportation\data\lstm_sources\public\kddcup2017_china_tollgate\kdd2017_china_tollgate_20min.csv:kdd2017_t3_d1#segment4,1,9.0,9.0,81.0
1476381600,D:\intelligent_transportation\data\lstm_sources\public\kddcup2017_china_tollgate\kdd2017_china_tollgate_20min.csv:kdd2017_t3_d1#segment4,1,-18.0,18.0,324.0
1476382800,D:\intelligent_transportation\data\lstm_sources\public\kddcup2017_china_tollgate\kdd2017_china_tollgate_20min.csv:kdd2017_t3_d1#segment4,1,-7.0,7.0,49.0
1476384000,D:\intelligent_transportation\data\lstm_sources\public\kddcup2017_china_tollgate\kdd2017_china_tollgate_20min.csv:kdd2017_t3_d1#segment4,1,-5.0,5.0,25.0
1476385200,D:\intelligent_transportation\data\lstm_sources\public\kddcup2017_china_tollgate\kdd2017_china_tollgate_20min.csv:kdd2017_t3_d1#segment4,1,-26.0,26.0,676.0
1476386400,D:\intelligent_transportation\data\lstm_sources\public\kddcup2017_china_tollgate\kdd2017_china_tollgate_20min.csv:kdd2017_t3_d1#segment4,1,8.0,8.0,64.0
1476387600,D:\intelligent_transportation\data\lstm_sources\public\kddcup2017_china_tollgate\kdd2017_china_tollgate_20min.csv:kdd2017_t3_d1#segment4,1,11.0,11.0,121.0
1476388800,D:\intelligent_transportation\data\lstm_sources\public\kddcup2017_china_tollgate\kdd2017_china_tollgate_20min.csv:kdd2017_t3_d1#segment4,1,-18.0,18.0,324.0
1476390000,D:\intelligent_transportation\data\lstm_sources\public\kddcup2017_china_tollgate\kdd2017_china_tollgate_20min.csv:kdd2017_t3_d1#segment4,1,-8.0,8.0,64.0
1476391200,D:\intelligent_transportation\data\lstm_sources\public\kddcup2017_china_tollgate\kdd2017_china_tollgate_20min.csv:kdd2017_t3_d1#segment4,1,8.0,8.0,64.0
1476392400,D:\intelligent_transportation\data\lstm_sources\public\kddcup2017_china_tollgate\kdd2017_china_tollgate_20min.csv:kdd2017_t3_d1#segment4,1,-12.0,12.0,144.0
1476393600,D:\intelligent_transportation\data\lstm_sources\public\kddcup2017_china_tollgate\kdd2017_china_tollgate_20min.csv:kdd2017_t3_d1#segment4,1,-3.0,3.0,9.0
1476394800,D:\intelligent_transportation\data\lstm_sources\public\kddcup2017_china_tollgate\kdd2017_china_tollgate_20min.csv:kdd2017_t3_d1#segment4,1,10.0,10.0,100.0
1476396000,D:\intelligent_transportation\data\lstm_sources\public\kddcup2017_china_tollgate\kdd2017_china_tollgate_20min.csv:kdd2017_t3_d1#segment4,1,-9.0,9.0,81.0
1476397200,D:\intelligent_transportation\data\lstm_sources\public\kddcup2017_china_tollgate\kdd2017_china_tollgate_20min.csv:kdd2017_t3_d1#segment4,1,-3.0,3.0,9.0
1476398400,D:\intelligent_transportation\data\lstm_sources\public\kddcup2017_china_tollgate\kdd2017_china_tollgate_20min.csv:kdd2017_t3_d1#segment4,1,-8.0,8.0,64.0
1476399600,D:\intelligent_transportation\data\lstm_sources\public\kddcup2017_china_tollgate\kdd2017_china_tollgate_20min.csv:kdd2017_t3_d1#segment4,1,-10.0,10.0,100.0
1476400800,D:\intelligent_transportation\data\lstm_sources\public\kddcup2017_china_tollgate\kdd2017_china_tollgate_20min.csv:kdd2017_t3_d1#segment4,1,0.0,0.0,0.0
1476402000,D:\intelligent_transportation\data\lstm_sources\public\kddcup2017_china_tollgate\kdd2017_china_tollgate_20min.csv:kdd2017_t3_d1#segment4,1,-2.0,2.0,4.0
1476403200,D:\intelligent_transportation\data\lstm_sources\public\kddcup2017_china_tollgate\kdd2017_china_tollgate_20min.csv:kdd2017_t3_d1#segment4,1,115.0,115.0,13225.0
1476404400,D:\intelligent_transportation\data\lstm_sources\public\kddcup2017_china_tollgate\kdd2017_china_tollgate_20min.csv:kdd2017_t3_d1#segment4,1,-16.0,16.0,256.0
1476405600,D:\intelligent_transportation\data\lstm_sources\public\kddcup2017_china_tollgate\kdd2017_china_tollgate_20min.csv:kdd2017_t3_d1#segment4,1,-31.0,31.0,961.0
1476406800,D:\intelligent_transportation\data\lstm_sources\public\kddcup2017_china_tollgate\kdd2017_china_tollgate_20min.csv:kdd2017_t3_d1#segment4,1,-67.0,67.0,4489.0
1476408000,D:\intelligent_transportation\data\lstm_sources\public\kddcup2017_china_tollgate\kdd2017_china_tollgate_20min.csv:kdd2017_t3_d1#segment4,1,-2.0,2.0,4.0
1476409200,D:\intelligent_transportation\data\lstm_sources\public\kddcup2017_china_tollgate\kdd2017_china_tollgate_20min.csv:kdd2017_t3_d1#segment4,1,2.0,2.0,4.0
1476410400,D:\intelligent_transportation\data\lstm_sources\public\kddcup2017_china_tollgate\kdd2017_china_tollgate_20min.csv:kdd2017_t3_d1#segment4,1,-8.0,8.0,64.0
1476411600,D:\intelligent_transportation\data\lstm_sources\public\kddcup2017_china_tollgate\kdd2017_china_tollgate_20min.csv:kdd2017_t3_d1#segment4,1,-1.0,1.0,1.0
1476412800,D:\intelligent_transportation\data\lstm_sources\public\kddcup2017_china_tollgate\kdd2017_china_tollgate_20min.csv:kdd2017_t3_d1#segment4,1,4.0,4.0,16.0
1476414000,D:\intelligent_transportation\data\lstm_sources\public\kddcup2017_china_tollgate\kdd2017_china_tollgate_20min.csv:kdd2017_t3_d1#segment4,1,-7.0,7.0,49.0
1476415200,D:\intelligent_transportation\data\lstm_sources\public\kddcup2017_china_tollgate\kdd2017_china_tollgate_20min.csv:kdd2017_t3_d1#segment4,1,4.0,4.0,16.0
1476416400,D:\intelligent_transportation\data\lstm_sources\public\kddcup2017_china_tollgate\kdd2017_china_tollgate_20min.csv:kdd2017_t3_d1#segment4,1,-4.0,4.0,16.0
1476417600,D:\intelligent_transportation\data\lstm_sources\public\kddcup2017_china_tollgate\kdd2017_china_tollgate_20min.csv:kdd2017_t3_d1#segment4,1,1.0,1.0,1.0
1476418800,D:\intelligent_transportation\data\lstm_sources\public\kddcup2017_china_tollgate\kdd2017_china_tollgate_20min.csv:kdd2017_t3_d1#segment4,1,6.0,6.0,36.0
1476420000,D:\intelligent_transportation\data\lstm_sources\public\kddcup2017_china_tollgate\kdd2017_china_tollgate_20min.csv:kdd2017_t3_d1#segment4,1,2.0,2.0,4.0
1476421200,D:\intelligent_transportation\data\lstm_sources\public\kddcup2017_china_tollgate\kdd2017_china_tollgate_20min.csv:kdd2017_t3_d1#segment4,1,0.0,0.0,0.0
1476422400,D:\intelligent_transportation\data\lstm_sources\public\kddcup2017_china_tollgate\kdd2017_china_tollgate_20min.csv:kdd2017_t3_d1#segment4,1,-6.0,6.0,36.0
1476423600,D:\intelligent_transportation\data\lstm_sources\public\kddcup2017_china_tollgate\kdd2017_china_tollgate_20min.csv:kdd2017_t3_d1#segment4,1,8.0,8.0,64.0
1476424800,D:\intelligent_transportation\data\lstm_sources\public\kddcup2017_china_tollgate\kdd2017_china_tollgate_20min.csv:kdd2017_t3_d1#segment4,1,4.0,4.0,16.0
1476426000,D:\intelligent_transportation\data\lstm_sources\public\kddcup2017_china_tollgate\kdd2017_china_tollgate_20min.csv:kdd2017_t3_d1#segment4,1,17.0,17.0,289.0
1476427200,D:\intelligent_transportation\data\lstm_sources\public\kddcup2017_china_tollgate\kdd2017_china_tollgate_20min.csv:kdd2017_t3_d1#segment4,1,20.0,20.0,400.0
1476428400,D:\intelligent_transportation\data\lstm_sources\public\kddcup2017_china_tollgate\kdd2017_china_tollgate_20min.csv:kdd2017_t3_d1#segment4,1,19.0,19.0,361.0
1476429600,D:\intelligent_transportation\data\lstm_sources\public\kddcup2017_china_tollgate\kdd2017_china_tollgate_20min.csv:kdd2017_t3_d1#segment4,1,-2.0,2.0,4.0
1476430800,D:\intelligent_transportation\data\lstm_sources\public\kddcup2017_china_tollgate\kdd2017_china_tollgate_20min.csv:kdd2017_t3_d1#segment4,1,6.0,6.0,36.0
1476432000,D:\intelligent_transportation\data\lstm_sources\public\kddcup2017_china_tollgate\kdd2017_china_tollgate_20min.csv:kdd2017_t3_d1#segment4,1,22.0,22.0,484.0
1476433200,D:\intelligent_transportation\data\lstm_sources\public\kddcup2017_china_tollgate\kdd2017_china_tollgate_20min.csv:kdd2017_t3_d1#segment4,1,35.0,35.0,1225.0
1476434400,D:\intelligent_transportation\data\lstm_sources\public\kddcup2017_china_tollgate\kdd2017_china_tollgate_20min.csv:kdd2017_t3_d1#segment4,1,-7.0,7.0,49.0
1476435600,D:\intelligent_transportation\data\lstm_sources\public\kddcup2017_china_tollgate\kdd2017_china_tollgate_20min.csv:kdd2017_t3_d1#segment4,1,-2.0,2.0,4.0
1476436800,D:\intelligent_transportation\data\lstm_sources\public\kddcup2017_china_tollgate\kdd2017_china_tollgate_20min.csv:kdd2017_t3_d1#segment4,1,-25.0,25.0,625.0
1476438000,D:\intelligent_transportation\data\lstm_sources\public\kddcup2017_china_tollgate\kdd2017_china_tollgate_20min.csv:kdd2017_t3_d1#segment4,1,5.0,5.0,25.0
1476439200,D:\intelligent_transportation\data\lstm_sources\public\kddcup2017_china_tollgate\kdd2017_china_tollgate_20min.csv:kdd2017_t3_d1#segment4,1,-13.0,13.0,169.0
1476440400,D:\intelligent_transportation\data\lstm_sources\public\kddcup2017_china_tollgate\kdd2017_china_tollgate_20min.csv:kdd2017_t3_d1#segment4,1,-7.0,7.0,49.0
1476441600,D:\intelligent_transportation\data\lstm_sources\public\kddcup2017_china_tollgate\kdd2017_china_tollgate_20min.csv:kdd2017_t3_d1#segment4,1,-9.0,9.0,81.0
1476442800,D:\intelligent_transportation\data\lstm_sources\public\kddcup2017_china_tollgate\kdd2017_china_tollgate_20min.csv:kdd2017_t3_d1#segment4,1,1.0,1.0,1.0
1476444000,D:\intelligent_transportation\data\lstm_sources\public\kddcup2017_china_tollgate\kdd2017_china_tollgate_20min.csv:kdd2017_t3_d1#segment4,1,12.0,12.0,144.0
1476445200,D:\intelligent_transportation\data\lstm_sources\public\kddcup2017_china_tollgate\kdd2017_china_tollgate_20min.csv:kdd2017_t3_d1#segment4,1,-4.0,4.0,16.0
1476446400,D:\intelligent_transportation\data\lstm_sources\public\kddcup2017_china_tollgate\kdd2017_china_tollgate_20min.csv:kdd2017_t3_d1#segment4,1,10.0,10.0,100.0
1476447600,D:\intelligent_transportation\data\lstm_sources\public\kddcup2017_china_tollgate\kdd2017_china_tollgate_20min.csv:kdd2017_t3_d1#segment4,1,12.0,12.0,144.0
1476448800,D:\intelligent_transportation\data\lstm_sources\public\kddcup2017_china_tollgate\kdd2017_china_tollgate_20min.csv:kdd2017_t3_d1#segment4,1,-13.0,13.0,169.0
1476450000,D:\intelligent_transportation\data\lstm_sources\public\kddcup2017_china_tollgate\kdd2017_china_tollgate_20min.csv:kdd2017_t3_d1#segment4,1,47.0,47.0,2209.0
1476451200,D:\intelligent_transportation\data\lstm_sources\public\kddcup2017_china_tollgate\kdd2017_china_tollgate_20min.csv:kdd2017_t3_d1#segment4,1,-12.0,12.0,144.0
1476452400,D:\intelligent_transportation\data\lstm_sources\public\kddcup2017_china_tollgate\kdd2017_china_tollgate_20min.csv:kdd2017_t3_d1#segment4,1,-6.0,6.0,36.0
1476453600,D:\intelligent_transportation\data\lstm_sources\public\kddcup2017_china_tollgate\kdd2017_china_tollgate_20min.csv:kdd2017_t3_d1#segment4,1,-2.0,2.0,4.0
1476454800,D:\intelligent_transportation\data\lstm_sources\public\kddcup2017_china_tollgate\kdd2017_china_tollgate_20min.csv:kdd2017_t3_d1#segment4,1,-5.0,5.0,25.0
1476456000,D:\intelligent_transportation\data\lstm_sources\public\kddcup2017_china_tollgate\kdd2017_china_tollgate_20min.csv:kdd2017_t3_d1#segment4,1,-3.0,3.0,9.0
1476457200,D:\intelligent_transportation\data\lstm_sources\public\kddcup2017_china_tollgate\kdd2017_china_tollgate_20min.csv:kdd2017_t3_d1#segment4,1,-13.0,13.0,169.0
1476458400,D:\intelligent_transportation\data\lstm_sources\public\kddcup2017_china_tollgate\kdd2017_china_tollgate_20min.csv:kdd2017_t3_d1#segment4,1,6.0,6.0,36.0
1476459600,D:\intelligent_transportation\data\lstm_sources\public\kddcup2017_china_tollgate\kdd2017_china_tollgate_20min.csv:kdd2017_t3_d1#segment4,1,3.0,3.0,9.0
1476460800,D:\intelligent_transportation\data\lstm_sources\public\kddcup2017_china_tollgate\kdd2017_china_tollgate_20min.csv:kdd2017_t3_d1#segment4,1,6.0,6.0,36.0
1476462000,D:\intelligent_transportation\data\lstm_sources\public\kddcup2017_china_tollgate\kdd2017_china_tollgate_20min.csv:kdd2017_t3_d1#segment4,1,-26.0,26.0,676.0
1476463200,D:\intelligent_transportation\data\lstm_sources\public\kddcup2017_china_tollgate\kdd2017_china_tollgate_20min.csv:kdd2017_t3_d1#segment4,1,14.0,14.0,196.0
1476464400,D:\intelligent_transportation\data\lstm_sources\public\kddcup2017_china_tollgate\kdd2017_china_tollgate_20min.csv:kdd2017_t3_d1#segment4,1,9.0,9.0,81.0
1476465600,D:\intelligent_transportation\data\lstm_sources\public\kddcup2017_china_tollgate\kdd2017_china_tollgate_20min.csv:kdd2017_t3_d1#segment4,1,-5.0,5.0,25.0
1476466800,D:\intelligent_transportation\data\lstm_sources\public\kddcup2017_china_tollgate\kdd2017_china_tollgate_20min.csv:kdd2017_t3_d1#segment4,1,21.0,21.0,441.0
1476468000,D:\intelligent_transportation\data\lstm_sources\public\kddcup2017_china_tollgate\kdd2017_china_tollgate_20min.csv:kdd2017_t3_d1#segment4,1,-3.0,3.0,9.0
1476469200,D:\intelligent_transportation\data\lstm_sources\public\kddcup2017_china_tollgate\kdd2017_china_tollgate_20min.csv:kdd2017_t3_d1#segment4,1,-58.0,58.0,3364.0
1476470400,D:\intelligent_transportation\data\lstm_sources\public\kddcup2017_china_tollgate\kdd2017_china_tollgate_20min.csv:kdd2017_t3_d1#segment4,1,-29.0,29.0,841.0
1476471600,D:\intelligent_transportation\data\lstm_sources\public\kddcup2017_china_tollgate\kdd2017_china_tollgate_20min.csv:kdd2017_t3_d1#segment4,1,16.0,16.0,256.0
1476472800,D:\intelligent_transportation\data\lstm_sources\public\kddcup2017_china_tollgate\kdd2017_china_tollgate_20min.csv:kdd2017_t3_d1#segment4,1,-3.0,3.0,9.0
1476474000,D:\intelligent_transportation\data\lstm_sources\public\kddcup2017_china_tollgate\kdd2017_china_tollgate_20min.csv:kdd2017_t3_d1#segment4,1,1.0,1.0,1.0
1476475200,D:\intelligent_transportation\data\lstm_sources\public\kddcup2017_china_tollgate\kdd2017_china_tollgate_20min.csv:kdd2017_t3_d1#segment4,1,-1.0,1.0,1.0
1476476400,D:\intelligent_transportation\data\lstm_sources\public\kddcup2017_china_tollgate\kdd2017_china_tollgate_20min.csv:kdd2017_t3_d1#segment4,1,-7.0,7.0,49.0
1476477600,D:\intelligent_transportation\data\lstm_sources\public\kddcup2017_china_tollgate\kdd2017_china_tollgate_20min.csv:kdd2017_t3_d1#segment4,1,6.0,6.0,36.0
1476478800,D:\intelligent_transportation\data\lstm_sources\public\kddcup2017_china_tollgate\kdd2017_china_tollgate_20min.csv:kdd2017_t3_d1#segment4,1,-7.0,7.0,49.0
1476480000,D:\intelligent_transportation\data\lstm_sources\public\kddcup2017_china_tollgate\kdd2017_china_tollgate_20min.csv:kdd2017_t3_d1#segment4,1,1.0,1.0,1.0
1476481200,D:\intelligent_transportation\data\lstm_sources\public\kddcup2017_china_tollgate\kdd2017_china_tollgate_20min.csv:kdd2017_t3_d1#segment4,1,-5.0,5.0,25.0
1476482400,D:\intelligent_transportation\data\lstm_sources\public\kddcup2017_china_tollgate\kdd2017_china_tollgate_20min.csv:kdd2017_t3_d1#segment4,1,-12.0,12.0,144.0
1476483600,D:\intelligent_transportation\data\lstm_sources\public\kddcup2017_china_tollgate\kdd2017_china_tollgate_20min.csv:kdd2017_t3_d1#segment4,1,10.0,10.0,100.0
1476484800,D:\intelligent_transportation\data\lstm_sources\public\kddcup2017_china_tollgate\kdd2017_china_tollgate_20min.csv:kdd2017_t3_d1#segment4,1,-8.0,8.0,64.0
1476486000,D:\intelligent_transportation\data\lstm_sources\public\kddcup2017_china_tollgate\kdd2017_china_tollgate_20min.csv:kdd2017_t3_d1#segment4,1,-10.0,10.0,100.0
1476487200,D:\intelligent_transportation\data\lstm_sources\public\kddcup2017_china_tollgate\kdd2017_china_tollgate_20min.csv:kdd2017_t3_d1#segment4,1,7.0,7.0,49.0
1476488400,D:\intelligent_transportation\data\lstm_sources\public\kddcup2017_china_tollgate\kdd2017_china_tollgate_20min.csv:kdd2017_t3_d1#segment4,1,-14.0,14.0,196.0
1476489600,D:\intelligent_transportation\data\lstm_sources\public\kddcup2017_china_tollgate\kdd2017_china_tollgate_20min.csv:kdd2017_t3_d1#segment4,1,159.0,159.0,25281.0
1476490800,D:\intelligent_transportation\data\lstm_sources\public\kddcup2017_china_tollgate\kdd2017_china_tollgate_20min.csv:kdd2017_t3_d1#segment4,1,-71.0,71.0,5041.0
1476492000,D:\intelligent_transportation\data\lstm_sources\public\kddcup2017_china_tollgate\kdd2017_china_tollgate_20min.csv:kdd2017_t3_d1#segment4,1,-17.0,17.0,289.0
1476493200,D:\intelligent_transportation\data\lstm_sources\public\kddcup2017_china_tollgate\kdd2017_china_tollgate_20min.csv:kdd2017_t3_d1#segment4,1,-72.0,72.0,5184.0
1476494400,D:\intelligent_transportation\data\lstm_sources\public\kddcup2017_china_tollgate\kdd2017_china_tollgate_20min.csv:kdd2017_t3_d1#segment4,1,-4.0,4.0,16.0
1476495600,D:\intelligent_transportation\data\lstm_sources\public\kddcup2017_china_tollgate\kdd2017_china_tollgate_20min.csv:kdd2017_t3_d1#segment4,1,0.0,0.0,0.0
1476496800,D:\intelligent_transportation\data\lstm_sources\public\kddcup2017_china_tollgate\kdd2017_china_tollgate_20min.csv:kdd2017_t3_d1#segment4,1,-1.0,1.0,1.0
1476498000,D:\intelligent_transportation\data\lstm_sources\public\kddcup2017_china_tollgate\kdd2017_china_tollgate_20min.csv:kdd2017_t3_d1#segment4,1,1.0,1.0,1.0
1476499200,D:\intelligent_transportation\data\lstm_sources\public\kddcup2017_china_tollgate\kdd2017_china_tollgate_20min.csv:kdd2017_t3_d1#segment4,1,-2.0,2.0,4.0
1476500400,D:\intelligent_transportation\data\lstm_sources\public\kddcup2017_china_tollgate\kdd2017_china_tollgate_20min.csv:kdd2017_t3_d1#segment4,1,0.0,0.0,0.0
1476501600,D:\intelligent_transportation\data\lstm_sources\public\kddcup2017_china_tollgate\kdd2017_china_tollgate_20min.csv:kdd2017_t3_d1#segment4,1,0.0,0.0,0.0
1476502800,D:\intelligent_transportation\data\lstm_sources\public\kddcup2017_china_tollgate\kdd2017_china_tollgate_20min.csv:kdd2017_t3_d1#segment4,1,-1.0,1.0,1.0
1476504000,D:\intelligent_transportation\data\lstm_sources\public\kddcup2017_china_tollgate\kdd2017_china_tollgate_20min.csv:kdd2017_t3_d1#segment4,1,1.0,1.0,1.0
1476505200,D:\intelligent_transportation\data\lstm_sources\public\kddcup2017_china_tollgate\kdd2017_china_tollgate_20min.csv:kdd2017_t3_d1#segment4,1,1.0,1.0,1.0
1476506400,D:\intelligent_transportation\data\lstm_sources\public\kddcup2017_china_tollgate\kdd2017_china_tollgate_20min.csv:kdd2017_t3_d1#segment4,1,0.0,0.0,0.0
1476507600,D:\intelligent_transportation\data\lstm_sources\public\kddcup2017_china_tollgate\kdd2017_china_tollgate_20min.csv:kdd2017_t3_d1#segment4,1,7.0,7.0,49.0
1476508800,D:\intelligent_transportation\data\lstm_sources\public\kddcup2017_china_tollgate\kdd2017_china_tollgate_20min.csv:kdd2017_t3_d1#segment4,1,-1.0,1.0,1.0
1476510000,D:\intelligent_transportation\data\lstm_sources\public\kddcup2017_china_tollgate\kdd2017_china_tollgate_20min.csv:kdd2017_t3_d1#segment4,1,8.0,8.0,64.0
1476511200,D:\intelligent_transportation\data\lstm_sources\public\kddcup2017_china_tollgate\kdd2017_china_tollgate_20min.csv:kdd2017_t3_d1#segment4,1,-4.0,4.0,16.0
1476512400,D:\intelligent_transportation\data\lstm_sources\public\kddcup2017_china_tollgate\kdd2017_china_tollgate_20min.csv:kdd2017_t3_d1#segment4,1,23.0,23.0,529.0
1476513600,D:\intelligent_transportation\data\lstm_sources\public\kddcup2017_china_tollgate\kdd2017_china_tollgate_20min.csv:kdd2017_t3_d1#segment4,1,24.0,24.0,576.0
1476514800,D:\intelligent_transportation\data\lstm_sources\public\kddcup2017_china_tollgate\kdd2017_china_tollgate_20min.csv:kdd2017_t3_d1#segment4,1,-4.0,4.0,16.0
1476516000,D:\intelligent_transportation\data\lstm_sources\public\kddcup2017_china_tollgate\kdd2017_china_tollgate_20min.csv:kdd2017_t3_d1#segment4,1,3.0,3.0,9.0
1476517200,D:\intelligent_transportation\data\lstm_sources\public\kddcup2017_china_tollgate\kdd2017_china_tollgate_20min.csv:kdd2017_t3_d1#segment4,1,15.0,15.0,225.0
1476518400,D:\intelligent_transportation\data\lstm_sources\public\kddcup2017_china_tollgate\kdd2017_china_tollgate_20min.csv:kdd2017_t3_d1#segment4,1,3.0,3.0,9.0
1476519600,D:\intelligent_transportation\data\lstm_sources\public\kddcup2017_china_tollgate\kdd2017_china_tollgate_20min.csv:kdd2017_t3_d1#segment4,1,0.0,0.0,0.0
1476520800,D:\intelligent_transportation\data\lstm_sources\public\kddcup2017_china_tollgate\kdd2017_china_tollgate_20min.csv:kdd2017_t3_d1#segment4,1,41.0,41.0,1681.0
1476522000,D:\intelligent_transportation\data\lstm_sources\public\kddcup2017_china_tollgate\kdd2017_china_tollgate_20min.csv:kdd2017_t3_d1#segment4,1,-31.0,31.0,961.0
1476523200,D:\intelligent_transportation\data\lstm_sources\public\kddcup2017_china_tollgate\kdd2017_china_tollgate_20min.csv:kdd2017_t3_d1#segment4,1,7.0,7.0,49.0
1476524400,D:\intelligent_transportation\data\lstm_sources\public\kddcup2017_china_tollgate\kdd2017_china_tollgate_20min.csv:kdd2017_t3_d1#segment4,1,8.0,8.0,64.0
1476525600,D:\intelligent_transportation\data\lstm_sources\public\kddcup2017_china_tollgate\kdd2017_china_tollgate_20min.csv:kdd2017_t3_d1#segment4,1,-8.0,8.0,64.0
1476526800,D:\intelligent_transportation\data\lstm_sources\public\kddcup2017_china_tollgate\kdd2017_china_tollgate_20min.csv:kdd2017_t3_d1#segment4,1,-6.0,6.0,36.0
1476528000,D:\intelligent_transportation\data\lstm_sources\public\kddcup2017_china_tollgate\kdd2017_china_tollgate_20min.csv:kdd2017_t3_d1#segment4,1,16.0,16.0,256.0
1476529200,D:\intelligent_transportation\data\lstm_sources\public\kddcup2017_china_tollgate\kdd2017_china_tollgate_20min.csv:kdd2017_t3_d1#segment4,1,-23.0,23.0,529.0
1476530400,D:\intelligent_transportation\data\lstm_sources\public\kddcup2017_china_tollgate\kdd2017_china_tollgate_20min.csv:kdd2017_t3_d1#segment4,1,10.0,10.0,100.0
1476531600,D:\intelligent_transportation\data\lstm_sources\public\kddcup2017_china_tollgate\kdd2017_china_tollgate_20min.csv:kdd2017_t3_d1#segment4,1,-13.0,13.0,169.0
1476532800,D:\intelligent_transportation\data\lstm_sources\public\kddcup2017_china_tollgate\kdd2017_china_tollgate_20min.csv:kdd2017_t3_d1#segment4,1,22.0,22.0,484.0
1476534000,D:\intelligent_transportation\data\lstm_sources\public\kddcup2017_china_tollgate\kdd2017_china_tollgate_20min.csv:kdd2017_t3_d1#segment4,1,-19.0,19.0,361.0
1476535200,D:\intelligent_transportation\data\lstm_sources\public\kddcup2017_china_tollgate\kdd2017_china_tollgate_20min.csv:kdd2017_t3_d1#segment4,1,-8.0,8.0,64.0
1476536400,D:\intelligent_transportation\data\lstm_sources\public\kddcup2017_china_tollgate\kdd2017_china_tollgate_20min.csv:kdd2017_t3_d1#segment4,1,39.0,39.0,1521.0
1476537600,D:\intelligent_transportation\data\lstm_sources\public\kddcup2017_china_tollgate\kdd2017_china_tollgate_20min.csv:kdd2017_t3_d1#segment4,1,2.0,2.0,4.0
1476538800,D:\intelligent_transportation\data\lstm_sources\public\kddcup2017_china_tollgate\kdd2017_china_tollgate_20min.csv:kdd2017_t3_d1#segment4,1,-8.0,8.0,64.0
1476540000,D:\intelligent_transportation\data\lstm_sources\public\kddcup2017_china_tollgate\kdd2017_china_tollgate_20min.csv:kdd2017_t3_d1#segment4,1,-5.0,5.0,25.0
1476541200,D:\intelligent_transportation\data\lstm_sources\public\kddcup2017_china_tollgate\kdd2017_china_tollgate_20min.csv:kdd2017_t3_d1#segment4,1,-7.0,7.0,49.0
1476542400,D:\intelligent_transportation\data\lstm_sources\public\kddcup2017_china_tollgate\kdd2017_china_tollgate_20min.csv:kdd2017_t3_d1#segment4,1,6.0,6.0,36.0
1476543600,D:\intelligent_transportation\data\lstm_sources\public\kddcup2017_china_tollgate\kdd2017_china_tollgate_20min.csv:kdd2017_t3_d1#segment4,1,16.0,16.0,256.0
1476544800,D:\intelligent_transportation\data\lstm_sources\public\kddcup2017_china_tollgate\kdd2017_china_tollgate_20min.csv:kdd2017_t3_d1#segment4,1,-18.0,18.0,324.0
1476546000,D:\intelligent_transportation\data\lstm_sources\public\kddcup2017_china_tollgate\kdd2017_china_tollgate_20min.csv:kdd2017_t3_d1#segment4,1,5.0,5.0,25.0
1476547200,D:\intelligent_transportation\data\lstm_sources\public\kddcup2017_china_tollgate\kdd2017_china_tollgate_20min.csv:kdd2017_t3_d1#segment4,1,-16.0,16.0,256.0
1476548400,D:\intelligent_transportation\data\lstm_sources\public\kddcup2017_china_tollgate\kdd2017_china_tollgate_20min.csv:kdd2017_t3_d1#segment4,1,5.0,5.0,25.0
1476549600,D:\intelligent_transportation\data\lstm_sources\public\kddcup2017_china_tollgate\kdd2017_china_tollgate_20min.csv:kdd2017_t3_d1#segment4,1,-6.0,6.0,36.0
1476550800,D:\intelligent_transportation\data\lstm_sources\public\kddcup2017_china_tollgate\kdd2017_china_tollgate_20min.csv:kdd2017_t3_d1#segment4,1,15.0,15.0,225.0
1476552000,D:\intelligent_transportation\data\lstm_sources\public\kddcup2017_china_tollgate\kdd2017_china_tollgate_20min.csv:kdd2017_t3_d1#segment4,1,-17.0,17.0,289.0
1476553200,D:\intelligent_transportation\data\lstm_sources\public\kddcup2017_china_tollgate\kdd2017_china_tollgate_20min.csv:kdd2017_t3_d1#segment4,1,0.0,0.0,0.0
1476554400,D:\intelligent_transportation\data\lstm_sources\public\kddcup2017_china_tollgate\kdd2017_china_tollgate_20min.csv:kdd2017_t3_d1#segment4,1,5.0,5.0,25.0
1476555600,D:\intelligent_transportation\data\lstm_sources\public\kddcup2017_china_tollgate\kdd2017_china_tollgate_20min.csv:kdd2017_t3_d1#segment4,1,-7.0,7.0,49.0
1476556800,D:\intelligent_transportation\data\lstm_sources\public\kddcup2017_china_tollgate\kdd2017_china_tollgate_20min.csv:kdd2017_t3_d1#segment4,1,-3.0,3.0,9.0
1476558000,D:\intelligent_transportation\data\lstm_sources\public\kddcup2017_china_tollgate\kdd2017_china_tollgate_20min.csv:kdd2017_t3_d1#segment4,1,1.0,1.0,1.0
1476559200,D:\intelligent_transportation\data\lstm_sources\public\kddcup2017_china_tollgate\kdd2017_china_tollgate_20min.csv:kdd2017_t3_d1#segment4,1,-34.0,34.0,1156.0
1476560400,D:\intelligent_transportation\data\lstm_sources\public\kddcup2017_china_tollgate\kdd2017_china_tollgate_20min.csv:kdd2017_t3_d1#segment4,1,14.0,14.0,196.0
1476561600,D:\intelligent_transportation\data\lstm_sources\public\kddcup2017_china_tollgate\kdd2017_china_tollgate_20min.csv:kdd2017_t3_d1#segment4,1,10.0,10.0,100.0
1476562800,D:\intelligent_transportation\data\lstm_sources\public\kddcup2017_china_tollgate\kdd2017_china_tollgate_20min.csv:kdd2017_t3_d1#segment4,1,-18.0,18.0,324.0
1476564000,D:\intelligent_transportation\data\lstm_sources\public\kddcup2017_china_tollgate\kdd2017_china_tollgate_20min.csv:kdd2017_t3_d1#segment4,1,-1.0,1.0,1.0
1476565200,D:\intelligent_transportation\data\lstm_sources\public\kddcup2017_china_tollgate\kdd2017_china_tollgate_20min.csv:kdd2017_t3_d1#segment4,1,-11.0,11.0,121.0
1476566400,D:\intelligent_transportation\data\lstm_sources\public\kddcup2017_china_tollgate\kdd2017_china_tollgate_20min.csv:kdd2017_t3_d1#segment4,1,-7.0,7.0,49.0
1476567600,D:\intelligent_transportation\data\lstm_sources\public\kddcup2017_china_tollgate\kdd2017_china_tollgate_20min.csv:kdd2017_t3_d1#segment4,1,-6.0,6.0,36.0
1476568800,D:\intelligent_transportation\data\lstm_sources\public\kddcup2017_china_tollgate\kdd2017_china_tollgate_20min.csv:kdd2017_t3_d1#segment4,1,-6.0,6.0,36.0
1476570000,D:\intelligent_transportation\data\lstm_sources\public\kddcup2017_china_tollgate\kdd2017_china_tollgate_20min.csv:kdd2017_t3_d1#segment4,1,-1.0,1.0,1.0
1476571200,D:\intelligent_transportation\data\lstm_sources\public\kddcup2017_china_tollgate\kdd2017_china_tollgate_20min.csv:kdd2017_t3_d1#segment4,1,-1.0,1.0,1.0
1476572400,D:\intelligent_transportation\data\lstm_sources\public\kddcup2017_china_tollgate\kdd2017_china_tollgate_20min.csv:kdd2017_t3_d1#segment4,1,-7.0,7.0,49.0
1476573600,D:\intelligent_transportation\data\lstm_sources\public\kddcup2017_china_tollgate\kdd2017_china_tollgate_20min.csv:kdd2017_t3_d1#segment4,1,16.0,16.0,256.0
1476574800,D:\intelligent_transportation\data\lstm_sources\public\kddcup2017_china_tollgate\kdd2017_china_tollgate_20min.csv:kdd2017_t3_d1#segment4,1,-22.0,22.0,484.0
1476576000,D:\intelligent_transportation\data\lstm_sources\public\kddcup2017_china_tollgate\kdd2017_china_tollgate_20min.csv:kdd2017_t3_d1#segment4,1,126.0,126.0,15876.0
1476577200,D:\intelligent_transportation\data\lstm_sources\public\kddcup2017_china_tollgate\kdd2017_china_tollgate_20min.csv:kdd2017_t3_d1#segment4,1,-26.0,26.0,676.0
1476578400,D:\intelligent_transportation\data\lstm_sources\public\kddcup2017_china_tollgate\kdd2017_china_tollgate_20min.csv:kdd2017_t3_d1#segment4,1,-22.0,22.0,484.0
1476579600,D:\intelligent_transportation\data\lstm_sources\public\kddcup2017_china_tollgate\kdd2017_china_tollgate_20min.csv:kdd2017_t3_d1#segment4,1,-78.0,78.0,6084.0
1476580800,D:\intelligent_transportation\data\lstm_sources\public\kddcup2017_china_tollgate\kdd2017_china_tollgate_20min.csv:kdd2017_t3_d1#segment4,1,-4.0,4.0,16.0
1476582000,D:\intelligent_transportation\data\lstm_sources\public\kddcup2017_china_tollgate\kdd2017_china_tollgate_20min.csv:kdd2017_t3_d1#segment4,1,2.0,2.0,4.0
1476583200,D:\intelligent_transportation\data\lstm_sources\public\kddcup2017_china_tollgate\kdd2017_china_tollgate_20min.csv:kdd2017_t3_d1#segment4,1,-3.0,3.0,9.0
1476584400,D:\intelligent_transportation\data\lstm_sources\public\kddcup2017_china_tollgate\kdd2017_china_tollgate_20min.csv:kdd2017_t3_d1#segment4,1,4.0,4.0,16.0
1476585600,D:\intelligent_transportation\data\lstm_sources\public\kddcup2017_china_tollgate\kdd2017_china_tollgate_20min.csv:kdd2017_t3_d1#segment4,1,-1.0,1.0,1.0
1476586800,D:\intelligent_transportation\data\lstm_sources\public\kddcup2017_china_tollgate\kdd2017_china_tollgate_20min.csv:kdd2017_t3_d1#segment4,1,1.0,1.0,1.0
1476588000,D:\intelligent_transportation\data\lstm_sources\public\kddcup2017_china_tollgate\kdd2017_china_tollgate_20min.csv:kdd2017_t3_d1#segment4,1,-4.0,4.0,16.0
1476589200,D:\intelligent_transportation\data\lstm_sources\public\kddcup2017_china_tollgate\kdd2017_china_tollgate_20min.csv:kdd2017_t3_d1#segment4,1,1.0,1.0,1.0
1476590400,D:\intelligent_transportation\data\lstm_sources\public\kddcup2017_china_tollgate\kdd2017_china_tollgate_20min.csv:kdd2017_t3_d1#segment4,1,-2.0,2.0,4.0
1476591600,D:\intelligent_transportation\data\lstm_sources\public\kddcup2017_china_tollgate\kdd2017_china_tollgate_20min.csv:kdd2017_t3_d1#segment4,1,2.0,2.0,4.0
1476592800,D:\intelligent_transportation\data\lstm_sources\public\kddcup2017_china_tollgate\kdd2017_china_tollgate_20min.csv:kdd2017_t3_d1#segment4,1,2.0,2.0,4.0
1476594000,D:\intelligent_transportation\data\lstm_sources\public\kddcup2017_china_tollgate\kdd2017_china_tollgate_20min.csv:kdd2017_t3_d1#segment4,1,6.0,6.0,36.0
1476595200,D:\intelligent_transportation\data\lstm_sources\public\kddcup2017_china_tollgate\kdd2017_china_tollgate_20min.csv:kdd2017_t3_d1#segment4,1,2.0,2.0,4.0
1476596400,D:\intelligent_transportation\data\lstm_sources\public\kddcup2017_china_tollgate\kdd2017_china_tollgate_20min.csv:kdd2017_t3_d1#segment4,1,2.0,2.0,4.0
1476597600,D:\intelligent_transportation\data\lstm_sources\public\kddcup2017_china_tollgate\kdd2017_china_tollgate_20min.csv:kdd2017_t3_d1#segment4,1,7.0,7.0,49.0
1476598800,D:\intelligent_transportation\data\lstm_sources\public\kddcup2017_china_tollgate\kdd2017_china_tollgate_20min.csv:kdd2017_t3_d1#segment4,1,20.0,20.0,400.0
1476600000,D:\intelligent_transportation\data\lstm_sources\public\kddcup2017_china_tollgate\kdd2017_china_tollgate_20min.csv:kdd2017_t3_d1#segment4,1,-7.0,7.0,49.0
1476601200,D:\intelligent_transportation\data\lstm_sources\public\kddcup2017_china_tollgate\kdd2017_china_tollgate_20min.csv:kdd2017_t3_d1#segment4,1,3.0,3.0,9.0
1476602400,D:\intelligent_transportation\data\lstm_sources\public\kddcup2017_china_tollgate\kdd2017_china_tollgate_20min.csv:kdd2017_t3_d1#segment4,1,10.0,10.0,100.0
1476603600,D:\intelligent_transportation\data\lstm_sources\public\kddcup2017_china_tollgate\kdd2017_china_tollgate_20min.csv:kdd2017_t3_d1#segment4,1,15.0,15.0,225.0
1476604800,D:\intelligent_transportation\data\lstm_sources\public\kddcup2017_china_tollgate\kdd2017_china_tollgate_20min.csv:kdd2017_t3_d1#segment4,1,20.0,20.0,400.0
1476606000,D:\intelligent_transportation\data\lstm_sources\public\kddcup2017_china_tollgate\kdd2017_china_tollgate_20min.csv:kdd2017_t3_d1#segment4,1,-5.0,5.0,25.0
1476607200,D:\intelligent_transportation\data\lstm_sources\public\kddcup2017_china_tollgate\kdd2017_china_tollgate_20min.csv:kdd2017_t3_d1#segment4,1,6.0,6.0,36.0
1476608400,D:\intelligent_transportation\data\lstm_sources\public\kddcup2017_china_tollgate\kdd2017_china_tollgate_20min.csv:kdd2017_t3_d1#segment4,1,21.0,21.0,441.0
1476609600,D:\intelligent_transportation\data\lstm_sources\public\kddcup2017_china_tollgate\kdd2017_china_tollgate_20min.csv:kdd2017_t3_d1#segment4,1,-17.0,17.0,289.0
1476610800,D:\intelligent_transportation\data\lstm_sources\public\kddcup2017_china_tollgate\kdd2017_china_tollgate_20min.csv:kdd2017_t3_d1#segment4,1,8.0,8.0,64.0
1476612000,D:\intelligent_transportation\data\lstm_sources\public\kddcup2017_china_tollgate\kdd2017_china_tollgate_20min.csv:kdd2017_t3_d1#segment4,1,9.0,9.0,81.0
1476613200,D:\intelligent_transportation\data\lstm_sources\public\kddcup2017_china_tollgate\kdd2017_china_tollgate_20min.csv:kdd2017_t3_d1#segment4,1,28.0,28.0,784.0
1476614400,D:\intelligent_transportation\data\lstm_sources\public\kddcup2017_china_tollgate\kdd2017_china_tollgate_20min.csv:kdd2017_t3_d1#segment4,1,-25.0,25.0,625.0
1476615600,D:\intelligent_transportation\data\lstm_sources\public\kddcup2017_china_tollgate\kdd2017_china_tollgate_20min.csv:kdd2017_t3_d1#segment4,1,-29.0,29.0,841.0
1476616800,D:\intelligent_transportation\data\lstm_sources\public\kddcup2017_china_tollgate\kdd2017_china_tollgate_20min.csv:kdd2017_t3_d1#segment4,1,17.0,17.0,289.0
1476618000,D:\intelligent_transportation\data\lstm_sources\public\kddcup2017_china_tollgate\kdd2017_china_tollgate_20min.csv:kdd2017_t3_d1#segment4,1,-34.0,34.0,1156.0
1476619200,D:\intelligent_transportation\data\lstm_sources\public\kddcup2017_china_tollgate\kdd2017_china_tollgate_20min.csv:kdd2017_t3_d1#segment4,1,46.0,46.0,2116.0
1476620400,D:\intelligent_transportation\data\lstm_sources\public\kddcup2017_china_tollgate\kdd2017_china_tollgate_20min.csv:kdd2017_t3_d1#segment4,1,-14.0,14.0,196.0
1476621600,D:\intelligent_transportation\data\lstm_sources\public\kddcup2017_china_tollgate\kdd2017_china_tollgate_20min.csv:kdd2017_t3_d1#segment4,1,19.0,19.0,361.0
1476622800,D:\intelligent_transportation\data\lstm_sources\public\kddcup2017_china_tollgate\kdd2017_china_tollgate_20min.csv:kdd2017_t3_d1#segment4,1,21.0,21.0,441.0
1476624000,D:\intelligent_transportation\data\lstm_sources\public\kddcup2017_china_tollgate\kdd2017_china_tollgate_20min.csv:kdd2017_t3_d1#segment4,1,-11.0,11.0,121.0
1476625200,D:\intelligent_transportation\data\lstm_sources\public\kddcup2017_china_tollgate\kdd2017_china_tollgate_20min.csv:kdd2017_t3_d1#segment4,1,21.0,21.0,441.0
1476626400,D:\intelligent_transportation\data\lstm_sources\public\kddcup2017_china_tollgate\kdd2017_china_tollgate_20min.csv:kdd2017_t3_d1#segment4,1,-3.0,3.0,9.0
1476627600,D:\intelligent_transportation\data\lstm_sources\public\kddcup2017_china_tollgate\kdd2017_china_tollgate_20min.csv:kdd2017_t3_d1#segment4,1,-10.0,10.0,100.0
1476628800,D:\intelligent_transportation\data\lstm_sources\public\kddcup2017_china_tollgate\kdd2017_china_tollgate_20min.csv:kdd2017_t3_d1#segment4,1,14.0,14.0,196.0
1476630000,D:\intelligent_transportation\data\lstm_sources\public\kddcup2017_china_tollgate\kdd2017_china_tollgate_20min.csv:kdd2017_t3_d1#segment4,1,-7.0,7.0,49.0
1476631200,D:\intelligent_transportation\data\lstm_sources\public\kddcup2017_china_tollgate\kdd2017_china_tollgate_20min.csv:kdd2017_t3_d1#segment4,1,-6.0,6.0,36.0
1476632400,D:\intelligent_transportation\data\lstm_sources\public\kddcup2017_china_tollgate\kdd2017_china_tollgate_20min.csv:kdd2017_t3_d1#segment4,1,1.0,1.0,1.0
1476633600,D:\intelligent_transportation\data\lstm_sources\public\kddcup2017_china_tollgate\kdd2017_china_tollgate_20min.csv:kdd2017_t3_d1#segment4,1,9.0,9.0,81.0
1476634800,D:\intelligent_transportation\data\lstm_sources\public\kddcup2017_china_tollgate\kdd2017_china_tollgate_20min.csv:kdd2017_t3_d1#segment4,1,-18.0,18.0,324.0
1476636000,D:\intelligent_transportation\data\lstm_sources\public\kddcup2017_china_tollgate\kdd2017_china_tollgate_20min.csv:kdd2017_t3_d1#segment4,1,-21.0,21.0,441.0
1476637200,D:\intelligent_transportation\data\lstm_sources\public\kddcup2017_china_tollgate\kdd2017_china_tollgate_20min.csv:kdd2017_t3_d1#segment4,1,-5.0,5.0,25.0
1476638400,D:\intelligent_transportation\data\lstm_sources\public\kddcup2017_china_tollgate\kdd2017_china_tollgate_20min.csv:kdd2017_t3_d1#segment4,1,8.0,8.0,64.0
1476639600,D:\intelligent_transportation\data\lstm_sources\public\kddcup2017_china_tollgate\kdd2017_china_tollgate_20min.csv:kdd2017_t3_d1#segment4,1,-8.0,8.0,64.0
1476640800,D:\intelligent_transportation\data\lstm_sources\public\kddcup2017_china_tollgate\kdd2017_china_tollgate_20min.csv:kdd2017_t3_d1#segment4,1,-12.0,12.0,144.0
1476642000,D:\intelligent_transportation\data\lstm_sources\public\kddcup2017_china_tollgate\kdd2017_china_tollgate_20min.csv:kdd2017_t3_d1#segment4,1,21.0,21.0,441.0
1476643200,D:\intelligent_transportation\data\lstm_sources\public\kddcup2017_china_tollgate\kdd2017_china_tollgate_20min.csv:kdd2017_t3_d1#segment4,1,-27.0,27.0,729.0
1476644400,D:\intelligent_transportation\data\lstm_sources\public\kddcup2017_china_tollgate\kdd2017_china_tollgate_20min.csv:kdd2017_t3_d1#segment4,1,-8.0,8.0,64.0
1476645600,D:\intelligent_transportation\data\lstm_sources\public\kddcup2017_china_tollgate\kdd2017_china_tollgate_20min.csv:kdd2017_t3_d1#segment4,1,13.0,13.0,169.0
1476646800,D:\intelligent_transportation\data\lstm_sources\public\kddcup2017_china_tollgate\kdd2017_china_tollgate_20min.csv:kdd2017_t3_d1#segment4,1,-3.0,3.0,9.0
1476648000,D:\intelligent_transportation\data\lstm_sources\public\kddcup2017_china_tollgate\kdd2017_china_tollgate_20min.csv:kdd2017_t3_d1#segment4,1,-18.0,18.0,324.0
1476649200,D:\intelligent_transportation\data\lstm_sources\public\kddcup2017_china_tollgate\kdd2017_china_tollgate_20min.csv:kdd2017_t3_d1#segment4,1,-8.0,8.0,64.0
1476650400,D:\intelligent_transportation\data\lstm_sources\public\kddcup2017_china_tollgate\kdd2017_china_tollgate_20min.csv:kdd2017_t3_d1#segment4,1,9.0,9.0,81.0
1476651600,D:\intelligent_transportation\data\lstm_sources\public\kddcup2017_china_tollgate\kdd2017_china_tollgate_20min.csv:kdd2017_t3_d1#segment4,1,-46.0,46.0,2116.0
1476652800,D:\intelligent_transportation\data\lstm_sources\public\kddcup2017_china_tollgate\kdd2017_china_tollgate_20min.csv:kdd2017_t3_d1#segment4,1,20.0,20.0,400.0
1476654000,D:\intelligent_transportation\data\lstm_sources\public\kddcup2017_china_tollgate\kdd2017_china_tollgate_20min.csv:kdd2017_t3_d1#segment4,1,-9.0,9.0,81.0
1476655200,D:\intelligent_transportation\data\lstm_sources\public\kddcup2017_china_tollgate\kdd2017_china_tollgate_20min.csv:kdd2017_t3_d1#segment4,1,-11.0,11.0,121.0
1476656400,D:\intelligent_transportation\data\lstm_sources\public\kddcup2017_china_tollgate\kdd2017_china_tollgate_20min.csv:kdd2017_t3_d1#segment4,1,1.0,1.0,1.0
1476657600,D:\intelligent_transportation\data\lstm_sources\public\kddcup2017_china_tollgate\kdd2017_china_tollgate_20min.csv:kdd2017_t3_d1#segment4,1,-1.0,1.0,1.0
1476658800,D:\intelligent_transportation\data\lstm_sources\public\kddcup2017_china_tollgate\kdd2017_china_tollgate_20min.csv:kdd2017_t3_d1#segment4,1,-9.0,9.0,81.0
1476660000,D:\intelligent_transportation\data\lstm_sources\public\kddcup2017_china_tollgate\kdd2017_china_tollgate_20min.csv:kdd2017_t3_d1#segment4,1,0.0,0.0,0.0
1476661200,D:\intelligent_transportation\data\lstm_sources\public\kddcup2017_china_tollgate\kdd2017_china_tollgate_20min.csv:kdd2017_t3_d1#segment4,1,-1.0,1.0,1.0
1476662400,D:\intelligent_transportation\data\lstm_sources\public\kddcup2017_china_tollgate\kdd2017_china_tollgate_20min.csv:kdd2017_t3_d1#segment4,1,132.0,132.0,17424.0
1476663600,D:\intelligent_transportation\data\lstm_sources\public\kddcup2017_china_tollgate\kdd2017_china_tollgate_20min.csv:kdd2017_t3_d1#segment4,1,-36.0,36.0,1296.0
1476664800,D:\intelligent_transportation\data\lstm_sources\public\kddcup2017_china_tollgate\kdd2017_china_tollgate_20min.csv:kdd2017_t3_d1#segment4,1,-19.0,19.0,361.0
1476666000,D:\intelligent_transportation\data\lstm_sources\public\kddcup2017_china_tollgate\kdd2017_china_tollgate_20min.csv:kdd2017_t3_d1#segment4,1,-78.0,78.0,6084.0
1476667200,D:\intelligent_transportation\data\lstm_sources\public\kddcup2017_china_tollgate\kdd2017_china_tollgate_20min.csv:kdd2017_t3_d1#segment4,1,0.0,0.0,0.0
1476668400,D:\intelligent_transportation\data\lstm_sources\public\kddcup2017_china_tollgate\kdd2017_china_tollgate_20min.csv:kdd2017_t3_d1#segment4,1,-6.0,6.0,36.0
1476669600,D:\intelligent_transportation\data\lstm_sources\public\kddcup2017_china_tollgate\kdd2017_china_tollgate_20min.csv:kdd2017_t3_d1#segment4,1,1.0,1.0,1.0
1476670800,D:\intelligent_transportation\data\lstm_sources\public\kddcup2017_china_tollgate\kdd2017_china_tollgate_20min.csv:kdd2017_t3_d1#segment4,1,-2.0,2.0,4.0
1476672000,D:\intelligent_transportation\data\lstm_sources\public\kddcup2017_china_tollgate\kdd2017_china_tollgate_20min.csv:kdd2017_t3_d1#segment4,1,-2.0,2.0,4.0
1476673200,D:\intelligent_transportation\data\lstm_sources\public\kddcup2017_china_tollgate\kdd2017_china_tollgate_20min.csv:kdd2017_t3_d1#segment4,1,7.0,7.0,49.0
1476674400,D:\intelligent_transportation\data\lstm_sources\public\kddcup2017_china_tollgate\kdd2017_china_tollgate_20min.csv:kdd2017_t3_d1#segment4,1,-7.0,7.0,49.0
1476675600,D:\intelligent_transportation\data\lstm_sources\public\kddcup2017_china_tollgate\kdd2017_china_tollgate_20min.csv:kdd2017_t3_d1#segment4,1,6.0,6.0,36.0
1476676800,D:\intelligent_transportation\data\lstm_sources\public\kddcup2017_china_tollgate\kdd2017_china_tollgate_20min.csv:kdd2017_t3_d1#segment4,1,0.0,0.0,0.0
1476678000,D:\intelligent_transportation\data\lstm_sources\public\kddcup2017_china_tollgate\kdd2017_china_tollgate_20min.csv:kdd2017_t3_d1#segment4,1,-2.0,2.0,4.0
1476679200,D:\intelligent_transportation\data\lstm_sources\public\kddcup2017_china_tollgate\kdd2017_china_tollgate_20min.csv:kdd2017_t3_d1#segment4,1,1.0,1.0,1.0
1476680400,D:\intelligent_transportation\data\lstm_sources\public\kddcup2017_china_tollgate\kdd2017_china_tollgate_20min.csv:kdd2017_t3_d1#segment4,1,0.0,0.0,0.0
1476681600,D:\intelligent_transportation\data\lstm_sources\public\kddcup2017_china_tollgate\kdd2017_china_tollgate_20min.csv:kdd2017_t3_d1#segment4,1,4.0,4.0,16.0
1476682800,D:\intelligent_transportation\data\lstm_sources\public\kddcup2017_china_tollgate\kdd2017_china_tollgate_20min.csv:kdd2017_t3_d1#segment4,1,5.0,5.0,25.0
1476684000,D:\intelligent_transportation\data\lstm_sources\public\kddcup2017_china_tollgate\kdd2017_china_tollgate_20min.csv:kdd2017_t3_d1#segment4,1,17.0,17.0,289.0
1476685200,D:\intelligent_transportation\data\lstm_sources\public\kddcup2017_china_tollgate\kdd2017_china_tollgate_20min.csv:kdd2017_t3_d1#segment4,1,9.0,9.0,81.0
1476686400,D:\intelligent_transportation\data\lstm_sources\public\kddcup2017_china_tollgate\kdd2017_china_tollgate_20min.csv:kdd2017_t3_d1#segment4,1,8.0,8.0,64.0
1476687600,D:\intelligent_transportation\data\lstm_sources\public\kddcup2017_china_tollgate\kdd2017_china_tollgate_20min.csv:kdd2017_t3_d1#segment4,1,38.0,38.0,1444.0
1476688800,D:\intelligent_transportation\data\lstm_sources\public\kddcup2017_china_tollgate\kdd2017_china_tollgate_20min.csv:kdd2017_t3_d1#segment4,1,24.0,24.0,576.0
1476690000,D:\intelligent_transportation\data\lstm_sources\public\kddcup2017_china_tollgate\kdd2017_china_tollgate_20min.csv:kdd2017_t3_d1#segment4,1,-7.0,7.0,49.0
1476691200,D:\intelligent_transportation\data\lstm_sources\public\kddcup2017_china_tollgate\kdd2017_china_tollgate_20min.csv:kdd2017_t3_d1#segment4,1,19.0,19.0,361.0
1476692400,D:\intelligent_transportation\data\lstm_sources\public\kddcup2017_china_tollgate\kdd2017_china_tollgate_20min.csv:kdd2017_t3_d1#segment4,1,24.0,24.0,576.0
1476693600,D:\intelligent_transportation\data\lstm_sources\public\kddcup2017_china_tollgate\kdd2017_china_tollgate_20min.csv:kdd2017_t3_d1#segment4,1,3.0,3.0,9.0
1476694800,D:\intelligent_transportation\data\lstm_sources\public\kddcup2017_china_tollgate\kdd2017_china_tollgate_20min.csv:kdd2017_t3_d1#segment4,1,-14.0,14.0,196.0
1476696000,D:\intelligent_transportation\data\lstm_sources\public\kddcup2017_china_tollgate\kdd2017_china_tollgate_20min.csv:kdd2017_t3_d1#segment4,1,1.0,1.0,1.0
1476697200,D:\intelligent_transportation\data\lstm_sources\public\kddcup2017_china_tollgate\kdd2017_china_tollgate_20min.csv:kdd2017_t3_d1#segment4,1,-31.0,31.0,961.0
1476698400,D:\intelligent_transportation\data\lstm_sources\public\kddcup2017_china_tollgate\kdd2017_china_tollgate_20min.csv:kdd2017_t3_d1#segment4,1,-28.0,28.0,784.0
1476699600,D:\intelligent_transportation\data\lstm_sources\public\kddcup2017_china_tollgate\kdd2017_china_tollgate_20min.csv:kdd2017_t3_d1#segment4,1,-1.0,1.0,1.0
1476700800,D:\intelligent_transportation\data\lstm_sources\public\kddcup2017_china_tollgate\kdd2017_china_tollgate_20min.csv:kdd2017_t3_d1#segment4,1,7.0,7.0,49.0
1476702000,D:\intelligent_transportation\data\lstm_sources\public\kddcup2017_china_tollgate\kdd2017_china_tollgate_20min.csv:kdd2017_t3_d1#segment4,1,-5.0,5.0,25.0
1476703200,D:\intelligent_transportation\data\lstm_sources\public\kddcup2017_china_tollgate\kdd2017_china_tollgate_20min.csv:kdd2017_t3_d1#segment4,1,0.0,0.0,0.0
1476704400,D:\intelligent_transportation\data\lstm_sources\public\kddcup2017_china_tollgate\kdd2017_china_tollgate_20min.csv:kdd2017_t3_d1#segment4,1,-8.0,8.0,64.0
1476705600,D:\intelligent_transportation\data\lstm_sources\public\kddcup2017_china_tollgate\kdd2017_china_tollgate_20min.csv:kdd2017_t3_d1#segment4,1,6.0,6.0,36.0
1476706800,D:\intelligent_transportation\data\lstm_sources\public\kddcup2017_china_tollgate\kdd2017_china_tollgate_20min.csv:kdd2017_t3_d1#segment4,1,-2.0,2.0,4.0
1476708000,D:\intelligent_transportation\data\lstm_sources\public\kddcup2017_china_tollgate\kdd2017_china_tollgate_20min.csv:kdd2017_t3_d1#segment4,1,36.0,36.0,1296.0
1476709200,D:\intelligent_transportation\data\lstm_sources\public\kddcup2017_china_tollgate\kdd2017_china_tollgate_20min.csv:kdd2017_t3_d1#segment4,1,16.0,16.0,256.0
1476710400,D:\intelligent_transportation\data\lstm_sources\public\kddcup2017_china_tollgate\kdd2017_china_tollgate_20min.csv:kdd2017_t3_d1#segment4,1,-36.0,36.0,1296.0
1476711600,D:\intelligent_transportation\data\lstm_sources\public\kddcup2017_china_tollgate\kdd2017_china_tollgate_20min.csv:kdd2017_t3_d1#segment4,1,-18.0,18.0,324.0
1476712800,D:\intelligent_transportation\data\lstm_sources\public\kddcup2017_china_tollgate\kdd2017_china_tollgate_20min.csv:kdd2017_t3_d1#segment4,1,2.0,2.0,4.0
1476714000,D:\intelligent_transportation\data\lstm_sources\public\kddcup2017_china_tollgate\kdd2017_china_tollgate_20min.csv:kdd2017_t3_d1#segment4,1,8.0,8.0,64.0
1476715200,D:\intelligent_transportation\data\lstm_sources\public\kddcup2017_china_tollgate\kdd2017_china_tollgate_20min.csv:kdd2017_t3_d1#segment4,1,17.0,17.0,289.0
1476716400,D:\intelligent_transportation\data\lstm_sources\public\kddcup2017_china_tollgate\kdd2017_china_tollgate_20min.csv:kdd2017_t3_d1#segment4,1,-7.0,7.0,49.0
1476717600,D:\intelligent_transportation\data\lstm_sources\public\kddcup2017_china_tollgate\kdd2017_china_tollgate_20min.csv:kdd2017_t3_d1#segment4,1,29.0,29.0,841.0
1476718800,D:\intelligent_transportation\data\lstm_sources\public\kddcup2017_china_tollgate\kdd2017_china_tollgate_20min.csv:kdd2017_t3_d1#segment4,1,-32.0,32.0,1024.0
1476720000,D:\intelligent_transportation\data\lstm_sources\public\kddcup2017_china_tollgate\kdd2017_china_tollgate_20min.csv:kdd2017_t3_d1#segment4,1,1.0,1.0,1.0
1476721200,D:\intelligent_transportation\data\lstm_sources\public\kddcup2017_china_tollgate\kdd2017_china_tollgate_20min.csv:kdd2017_t3_d1#segment4,1,3.0,3.0,9.0
1476722400,D:\intelligent_transportation\data\lstm_sources\public\kddcup2017_china_tollgate\kdd2017_china_tollgate_20min.csv:kdd2017_t3_d1#segment4,1,-4.0,4.0,16.0
1476723600,D:\intelligent_transportation\data\lstm_sources\public\kddcup2017_china_tollgate\kdd2017_china_tollgate_20min.csv:kdd2017_t3_d1#segment4,1,-10.0,10.0,100.0
1476724800,D:\intelligent_transportation\data\lstm_sources\public\kddcup2017_china_tollgate\kdd2017_china_tollgate_20min.csv:kdd2017_t3_d1#segment4,1,2.0,2.0,4.0
1476726000,D:\intelligent_transportation\data\lstm_sources\public\kddcup2017_china_tollgate\kdd2017_china_tollgate_20min.csv:kdd2017_t3_d1#segment4,1,2.0,2.0,4.0
1476727200,D:\intelligent_transportation\data\lstm_sources\public\kddcup2017_china_tollgate\kdd2017_china_tollgate_20min.csv:kdd2017_t3_d1#segment4,1,-5.0,5.0,25.0
1476728400,D:\intelligent_transportation\data\lstm_sources\public\kddcup2017_china_tollgate\kdd2017_china_tollgate_20min.csv:kdd2017_t3_d1#segment4,1,7.0,7.0,49.0
1476729600,D:\intelligent_transportation\data\lstm_sources\public\kddcup2017_china_tollgate\kdd2017_china_tollgate_20min.csv:kdd2017_t3_d1#segment4,1,-6.0,6.0,36.0
1476730800,D:\intelligent_transportation\data\lstm_sources\public\kddcup2017_china_tollgate\kdd2017_china_tollgate_20min.csv:kdd2017_t3_d1#segment4,1,-26.0,26.0,676.0
1476732000,D:\intelligent_transportation\data\lstm_sources\public\kddcup2017_china_tollgate\kdd2017_china_tollgate_20min.csv:kdd2017_t3_d1#segment4,1,-7.0,7.0,49.0
1476733200,D:\intelligent_transportation\data\lstm_sources\public\kddcup2017_china_tollgate\kdd2017_china_tollgate_20min.csv:kdd2017_t3_d1#segment4,1,7.0,7.0,49.0
1476734400,D:\intelligent_transportation\data\lstm_sources\public\kddcup2017_china_tollgate\kdd2017_china_tollgate_20min.csv:kdd2017_t3_d1#segment4,1,-3.0,3.0,9.0
1476735600,D:\intelligent_transportation\data\lstm_sources\public\kddcup2017_china_tollgate\kdd2017_china_tollgate_20min.csv:kdd2017_t3_d1#segment4,1,-26.0,26.0,676.0
1476736800,D:\intelligent_transportation\data\lstm_sources\public\kddcup2017_china_tollgate\kdd2017_china_tollgate_20min.csv:kdd2017_t3_d1#segment4,1,18.0,18.0,324.0
1476738000,D:\intelligent_transportation\data\lstm_sources\public\kddcup2017_china_tollgate\kdd2017_china_tollgate_20min.csv:kdd2017_t3_d1#segment4,1,-20.0,20.0,400.0
1476739200,D:\intelligent_transportation\data\lstm_sources\public\kddcup2017_china_tollgate\kdd2017_china_tollgate_20min.csv:kdd2017_t3_d1#segment4,1,2.0,2.0,4.0
1476740400,D:\intelligent_transportation\data\lstm_sources\public\kddcup2017_china_tollgate\kdd2017_china_tollgate_20min.csv:kdd2017_t3_d1#segment4,1,-3.0,3.0,9.0
1476741600,D:\intelligent_transportation\data\lstm_sources\public\kddcup2017_china_tollgate\kdd2017_china_tollgate_20min.csv:kdd2017_t3_d1#segment4,1,-6.0,6.0,36.0
1476742800,D:\intelligent_transportation\data\lstm_sources\public\kddcup2017_china_tollgate\kdd2017_china_tollgate_20min.csv:kdd2017_t3_d1#segment4,1,2.0,2.0,4.0
1476744000,D:\intelligent_transportation\data\lstm_sources\public\kddcup2017_china_tollgate\kdd2017_china_tollgate_20min.csv:kdd2017_t3_d1#segment4,1,10.0,10.0,100.0
1476745200,D:\intelligent_transportation\data\lstm_sources\public\kddcup2017_china_tollgate\kdd2017_china_tollgate_20min.csv:kdd2017_t3_d1#segment4,1,-19.0,19.0,361.0
1476746400,D:\intelligent_transportation\data\lstm_sources\public\kddcup2017_china_tollgate\kdd2017_china_tollgate_20min.csv:kdd2017_t3_d1#segment4,1,3.0,3.0,9.0
1476747600,D:\intelligent_transportation\data\lstm_sources\public\kddcup2017_china_tollgate\kdd2017_china_tollgate_20min.csv:kdd2017_t3_d1#segment4,1,10.0,10.0,100.0
