sample_id,series_id,horizon_step,y_true,y_pred,residual,is_valid,history_last_value,model_name
1476379200,D:\intelligent_transportation\data\lstm_sources\public\kddcup2017_china_tollgate\kdd2017_china_tollgate_20min.csv:kdd2017_t1_d0#segment5,1,45.0,45.8,-0.7999999999999972,True,54.0,moving_average
1476380400,D:\intelligent_transportation\data\lstm_sources\public\kddcup2017_china_tollgate\kdd2017_china_tollgate_20min.csv:kdd2017_t1_d0#segment5,1,39.0,48.2,-9.200000000000003,True,45.0,moving_average
1476381600,D:\intelligent_transportation\data\lstm_sources\public\kddcup2017_china_tollgate\kdd2017_china_tollgate_20min.csv:kdd2017_t1_d0#segment5,1,34.0,47.2,-13.200000000000003,True,39.0,moving_average
1476382800,D:\intelligent_transportation\data\lstm_sources\public\kddcup2017_china_tollgate\kdd2017_china_tollgate_20min.csv:kdd2017_t1_d0#segment5,1,33.0,44.4,-11.399999999999999,True,34.0,moving_average
1476384000,D:\intelligent_transportation\data\lstm_sources\public\kddcup2017_china_tollgate\kdd2017_china_tollgate_20min.csv:kdd2017_t1_d0#segment5,1,23.0,41.0,-18.0,True,33.0,moving_average
1476385200,D:\intelligent_transportation\data\lstm_sources\public\kddcup2017_china_tollgate\kdd2017_china_tollgate_20min.csv:kdd2017_t1_d0#segment5,1,17.0,34.8,-17.799999999999997,True,23.0,moving_average
1476386400,D:\intelligent_transportation\data\lstm_sources\public\kddcup2017_china_tollgate\kdd2017_china_tollgate_20min.csv:kdd2017_t1_d0#segment5,1,19.0,29.2,-10.2,True,17.0,moving_average
1476387600,D:\intelligent_transportation\data\lstm_sources\public\kddcup2017_china_tollgate\kdd2017_china_tollgate_20min.csv:kdd2017_t1_d0#segment5,1,21.0,25.2,-4.199999999999999,True,19.0,moving_average
1476388800,D:\intelligent_transportation\data\lstm_sources\public\kddcup2017_china_tollgate\kdd2017_china_tollgate_20min.csv:kdd2017_t1_d0#segment5,1,17.0,22.6,-5.600000000000001,True,21.0,moving_average
1476390000,D:\intelligent_transportation\data\lstm_sources\public\kddcup2017_china_tollgate\kdd2017_china_tollgate_20min.csv:kdd2017_t1_d0#segment5,1,18.0,19.4,-1.3999999999999986,True,17.0,moving_average
1476391200,D:\intelligent_transportation\data\lstm_sources\public\kddcup2017_china_tollgate\kdd2017_china_tollgate_20min.csv:kdd2017_t1_d0#segment5,1,18.0,18.4,-0.3999999999999986,True,18.0,moving_average
1476392400,D:\intelligent_transportation\data\lstm_sources\public\kddcup2017_china_tollgate\kdd2017_china_tollgate_20min.csv:kdd2017_t1_d0#segment5,1,18.0,18.6,-0.6000000000000014,True,18.0,moving_average
1476393600,D:\intelligent_transportation\data\lstm_sources\public\kddcup2017_china_tollgate\kdd2017_china_tollgate_20min.csv:kdd2017_t1_d0#segment5,1,18.0,18.4,-0.3999999999999986,True,18.0,moving_average
1476394800,D:\intelligent_transportation\data\lstm_sources\public\kddcup2017_china_tollgate\kdd2017_china_tollgate_20min.csv:kdd2017_t1_d0#segment5,1,16.0,17.8,-1.8000000000000007,True,18.0,moving_average
1476396000,D:\intelligent_transportation\data\lstm_sources\public\kddcup2017_china_tollgate\kdd2017_china_tollgate_20min.csv:kdd2017_t1_d0#segment5,1,9.0,17.6,-8.600000000000001,True,16.0,moving_average
1476397200,D:\intelligent_transportation\data\lstm_sources\public\kddcup2017_china_tollgate\kdd2017_china_tollgate_20min.csv:kdd2017_t1_d0#segment5,1,11.0,15.8,-4.800000000000001,True,9.0,moving_average
1476398400,D:\intelligent_transportation\data\lstm_sources\public\kddcup2017_china_tollgate\kdd2017_china_tollgate_20min.csv:kdd2017_t1_d0#segment5,1,6.0,14.4,-8.4,True,11.0,moving_average
1476399600,D:\intelligent_transportation\data\lstm_sources\public\kddcup2017_china_tollgate\kdd2017_china_tollgate_20min.csv:kdd2017_t1_d0#segment5,1,3.0,12.0,-9.0,True,6.0,moving_average
1476400800,D:\intelligent_transportation\data\lstm_sources\public\kddcup2017_china_tollgate\kdd2017_china_tollgate_20min.csv:kdd2017_t1_d0#segment5,1,11.0,9.0,2.0,True,3.0,moving_average
1476402000,D:\intelligent_transportation\data\lstm_sources\public\kddcup2017_china_tollgate\kdd2017_china_tollgate_20min.csv:kdd2017_t1_d0#segment5,1,9.0,8.0,1.0,True,11.0,moving_average
1476403200,D:\intelligent_transportation\data\lstm_sources\public\kddcup2017_china_tollgate\kdd2017_china_tollgate_20min.csv:kdd2017_t1_d0#segment5,1,15.0,8.0,7.0,True,9.0,moving_average
1476404400,D:\intelligent_transportation\data\lstm_sources\public\kddcup2017_china_tollgate\kdd2017_china_tollgate_20min.csv:kdd2017_t1_d0#segment5,1,15.0,8.8,6.199999999999999,True,15.0,moving_average
1476405600,D:\intelligent_transportation\data\lstm_sources\public\kddcup2017_china_tollgate\kdd2017_china_tollgate_20min.csv:kdd2017_t1_d0#segment5,1,8.0,10.6,-2.5999999999999996,True,15.0,moving_average
1476406800,D:\intelligent_transportation\data\lstm_sources\public\kddcup2017_china_tollgate\kdd2017_china_tollgate_20min.csv:kdd2017_t1_d0#segment5,1,6.0,11.6,-5.6,True,8.0,moving_average
1476408000,D:\intelligent_transportation\data\lstm_sources\public\kddcup2017_china_tollgate\kdd2017_china_tollgate_20min.csv:kdd2017_t1_d0#segment5,1,11.0,10.6,0.40000000000000036,True,6.0,moving_average
1476409200,D:\intelligent_transportation\data\lstm_sources\public\kddcup2017_china_tollgate\kdd2017_china_tollgate_20min.csv:kdd2017_t1_d0#segment5,1,12.0,11.0,1.0,True,11.0,moving_average
1476410400,D:\intelligent_transportation\data\lstm_sources\public\kddcup2017_china_tollgate\kdd2017_china_tollgate_20min.csv:kdd2017_t1_d0#segment5,1,7.0,10.4,-3.4000000000000004,True,12.0,moving_average
1476411600,D:\intelligent_transportation\data\lstm_sources\public\kddcup2017_china_tollgate\kdd2017_china_tollgate_20min.csv:kdd2017_t1_d0#segment5,1,5.0,8.8,-3.8000000000000007,True,7.0,moving_average
1476412800,D:\intelligent_transportation\data\lstm_sources\public\kddcup2017_china_tollgate\kdd2017_china_tollgate_20min.csv:kdd2017_t1_d0#segment5,1,12.0,8.2,3.8000000000000007,True,5.0,moving_average
1476414000,D:\intelligent_transportation\data\lstm_sources\public\kddcup2017_china_tollgate\kdd2017_china_tollgate_20min.csv:kdd2017_t1_d0#segment5,1,4.0,9.4,-5.4,True,12.0,moving_average
1476415200,D:\intelligent_transportation\data\lstm_sources\public\kddcup2017_china_tollgate\kdd2017_china_tollgate_20min.csv:kdd2017_t1_d0#segment5,1,3.0,8.0,-5.0,True,4.0,moving_average
1476416400,D:\intelligent_transportation\data\lstm_sources\public\kddcup2017_china_tollgate\kdd2017_china_tollgate_20min.csv:kdd2017_t1_d0#segment5,1,8.0,6.2,1.7999999999999998,True,3.0,moving_average
1476417600,D:\intelligent_transportation\data\lstm_sources\public\kddcup2017_china_tollgate\kdd2017_china_tollgate_20min.csv:kdd2017_t1_d0#segment5,1,12.0,6.4,5.6,True,8.0,moving_average
1476418800,D:\intelligent_transportation\data\lstm_sources\public\kddcup2017_china_tollgate\kdd2017_china_tollgate_20min.csv:kdd2017_t1_d0#segment5,1,13.0,7.8,5.2,True,12.0,moving_average
1476420000,D:\intelligent_transportation\data\lstm_sources\public\kddcup2017_china_tollgate\kdd2017_china_tollgate_20min.csv:kdd2017_t1_d0#segment5,1,6.0,8.0,-2.0,True,13.0,moving_average
1476421200,D:\intelligent_transportation\data\lstm_sources\public\kddcup2017_china_tollgate\kdd2017_china_tollgate_20min.csv:kdd2017_t1_d0#segment5,1,3.0,8.4,-5.4,True,6.0,moving_average
1476422400,D:\intelligent_transportation\data\lstm_sources\public\kddcup2017_china_tollgate\kdd2017_china_tollgate_20min.csv:kdd2017_t1_d0#segment5,1,7.0,8.4,-1.4000000000000004,True,3.0,moving_average
1476423600,D:\intelligent_transportation\data\lstm_sources\public\kddcup2017_china_tollgate\kdd2017_china_tollgate_20min.csv:kdd2017_t1_d0#segment5,1,8.0,8.2,-0.1999999999999993,True,7.0,moving_average
1476424800,D:\intelligent_transportation\data\lstm_sources\public\kddcup2017_china_tollgate\kdd2017_china_tollgate_20min.csv:kdd2017_t1_d0#segment5,1,14.0,7.4,6.6,True,8.0,moving_average
1476426000,D:\intelligent_transportation\data\lstm_sources\public\kddcup2017_china_tollgate\kdd2017_china_tollgate_20min.csv:kdd2017_t1_d0#segment5,1,20.0,7.6,12.4,True,14.0,moving_average
1476427200,D:\intelligent_transportation\data\lstm_sources\public\kddcup2017_china_tollgate\kdd2017_china_tollgate_20min.csv:kdd2017_t1_d0#segment5,1,20.0,10.4,9.6,True,20.0,moving_average
1476428400,D:\intelligent_transportation\data\lstm_sources\public\kddcup2017_china_tollgate\kdd2017_china_tollgate_20min.csv:kdd2017_t1_d0#segment5,1,23.0,13.8,9.2,True,20.0,moving_average
1476429600,D:\intelligent_transportation\data\lstm_sources\public\kddcup2017_china_tollgate\kdd2017_china_tollgate_20min.csv:kdd2017_t1_d0#segment5,1,28.0,17.0,11.0,True,23.0,moving_average
1476430800,D:\intelligent_transportation\data\lstm_sources\public\kddcup2017_china_tollgate\kdd2017_china_tollgate_20min.csv:kdd2017_t1_d0#segment5,1,30.0,21.0,9.0,True,28.0,moving_average
1476432000,D:\intelligent_transportation\data\lstm_sources\public\kddcup2017_china_tollgate\kdd2017_china_tollgate_20min.csv:kdd2017_t1_d0#segment5,1,34.0,24.2,9.8,True,30.0,moving_average
1476433200,D:\intelligent_transportation\data\lstm_sources\public\kddcup2017_china_tollgate\kdd2017_china_tollgate_20min.csv:kdd2017_t1_d0#segment5,1,59.0,27.0,32.0,True,34.0,moving_average
1476434400,D:\intelligent_transportation\data\lstm_sources\public\kddcup2017_china_tollgate\kdd2017_china_tollgate_20min.csv:kdd2017_t1_d0#segment5,1,46.0,34.8,11.200000000000003,True,59.0,moving_average
1476435600,D:\intelligent_transportation\data\lstm_sources\public\kddcup2017_china_tollgate\kdd2017_china_tollgate_20min.csv:kdd2017_t1_d0#segment5,1,44.0,39.4,4.600000000000001,True,46.0,moving_average
1476436800,D:\intelligent_transportation\data\lstm_sources\public\kddcup2017_china_tollgate\kdd2017_china_tollgate_20min.csv:kdd2017_t1_d0#segment5,1,48.0,42.6,5.399999999999999,True,44.0,moving_average
1476438000,D:\intelligent_transportation\data\lstm_sources\public\kddcup2017_china_tollgate\kdd2017_china_tollgate_20min.csv:kdd2017_t1_d0#segment5,1,45.0,46.2,-1.2000000000000028,True,48.0,moving_average
1476439200,D:\intelligent_transportation\data\lstm_sources\public\kddcup2017_china_tollgate\kdd2017_china_tollgate_20min.csv:kdd2017_t1_d0#segment5,1,53.0,48.4,4.600000000000001,True,45.0,moving_average
1476440400,D:\intelligent_transportation\data\lstm_sources\public\kddcup2017_china_tollgate\kdd2017_china_tollgate_20min.csv:kdd2017_t1_d0#segment5,1,47.0,47.2,-0.20000000000000284,True,53.0,moving_average
1476441600,D:\intelligent_transportation\data\lstm_sources\public\kddcup2017_china_tollgate\kdd2017_china_tollgate_20min.csv:kdd2017_t1_d0#segment5,1,43.0,47.4,-4.399999999999999,True,47.0,moving_average
1476442800,D:\intelligent_transportation\data\lstm_sources\public\kddcup2017_china_tollgate\kdd2017_china_tollgate_20min.csv:kdd2017_t1_d0#segment5,1,43.0,47.2,-4.200000000000003,True,43.0,moving_average
1476444000,D:\intelligent_transportation\data\lstm_sources\public\kddcup2017_china_tollgate\kdd2017_china_tollgate_20min.csv:kdd2017_t1_d0#segment5,1,41.0,46.2,-5.200000000000003,True,43.0,moving_average
1476445200,D:\intelligent_transportation\data\lstm_sources\public\kddcup2017_china_tollgate\kdd2017_china_tollgate_20min.csv:kdd2017_t1_d0#segment5,1,41.0,45.4,-4.399999999999999,True,41.0,moving_average
1476446400,D:\intelligent_transportation\data\lstm_sources\public\kddcup2017_china_tollgate\kdd2017_china_tollgate_20min.csv:kdd2017_t1_d0#segment5,1,24.0,43.0,-19.0,True,41.0,moving_average
1476447600,D:\intelligent_transportation\data\lstm_sources\public\kddcup2017_china_tollgate\kdd2017_china_tollgate_20min.csv:kdd2017_t1_d0#segment5,1,42.0,38.4,3.6000000000000014,True,24.0,moving_average
1476448800,D:\intelligent_transportation\data\lstm_sources\public\kddcup2017_china_tollgate\kdd2017_china_tollgate_20min.csv:kdd2017_t1_d0#segment5,1,54.0,38.2,15.799999999999997,True,42.0,moving_average
1476450000,D:\intelligent_transportation\data\lstm_sources\public\kddcup2017_china_tollgate\kdd2017_china_tollgate_20min.csv:kdd2017_t1_d0#segment5,1,58.0,40.4,17.6,True,54.0,moving_average
1476451200,D:\intelligent_transportation\data\lstm_sources\public\kddcup2017_china_tollgate\kdd2017_china_tollgate_20min.csv:kdd2017_t1_d0#segment5,1,53.0,43.8,9.200000000000003,True,58.0,moving_average
1476452400,D:\intelligent_transportation\data\lstm_sources\public\kddcup2017_china_tollgate\kdd2017_china_tollgate_20min.csv:kdd2017_t1_d0#segment5,1,44.0,46.2,-2.200000000000003,True,53.0,moving_average
1476453600,D:\intelligent_transportation\data\lstm_sources\public\kddcup2017_china_tollgate\kdd2017_china_tollgate_20min.csv:kdd2017_t1_d0#segment5,1,66.0,50.2,15.799999999999997,True,44.0,moving_average
1476454800,D:\intelligent_transportation\data\lstm_sources\public\kddcup2017_china_tollgate\kdd2017_china_tollgate_20min.csv:kdd2017_t1_d0#segment5,1,66.0,55.0,11.0,True,66.0,moving_average
1476456000,D:\intelligent_transportation\data\lstm_sources\public\kddcup2017_china_tollgate\kdd2017_china_tollgate_20min.csv:kdd2017_t1_d0#segment5,1,50.0,57.4,-7.399999999999999,True,66.0,moving_average
1476457200,D:\intelligent_transportation\data\lstm_sources\public\kddcup2017_china_tollgate\kdd2017_china_tollgate_20min.csv:kdd2017_t1_d0#segment5,1,76.0,55.8,20.200000000000003,True,50.0,moving_average
1476458400,D:\intelligent_transportation\data\lstm_sources\public\kddcup2017_china_tollgate\kdd2017_china_tollgate_20min.csv:kdd2017_t1_d0#segment5,1,66.0,60.4,5.600000000000001,True,76.0,moving_average
1476459600,D:\intelligent_transportation\data\lstm_sources\public\kddcup2017_china_tollgate\kdd2017_china_tollgate_20min.csv:kdd2017_t1_d0#segment5,1,70.0,64.8,5.200000000000003,True,66.0,moving_average
1476460800,D:\intelligent_transportation\data\lstm_sources\public\kddcup2017_china_tollgate\kdd2017_china_tollgate_20min.csv:kdd2017_t1_d0#segment5,1,63.0,65.6,-2.5999999999999943,True,70.0,moving_average
1476462000,D:\intelligent_transportation\data\lstm_sources\public\kddcup2017_china_tollgate\kdd2017_china_tollgate_20min.csv:kdd2017_t1_d0#segment5,1,71.0,65.0,6.0,True,63.0,moving_average
1476463200,D:\intelligent_transportation\data\lstm_sources\public\kddcup2017_china_tollgate\kdd2017_china_tollgate_20min.csv:kdd2017_t1_d0#segment5,1,62.0,69.2,-7.200000000000003,True,71.0,moving_average
1476464400,D:\intelligent_transportation\data\lstm_sources\public\kddcup2017_china_tollgate\kdd2017_china_tollgate_20min.csv:kdd2017_t1_d0#segment5,1,44.0,66.4,-22.400000000000006,True,62.0,moving_average
1476465600,D:\intelligent_transportation\data\lstm_sources\public\kddcup2017_china_tollgate\kdd2017_china_tollgate_20min.csv:kdd2017_t1_d0#segment5,1,47.0,62.0,-15.0,True,44.0,moving_average
1476466800,D:\intelligent_transportation\data\lstm_sources\public\kddcup2017_china_tollgate\kdd2017_china_tollgate_20min.csv:kdd2017_t1_d0#segment5,1,39.0,57.4,-18.4,True,47.0,moving_average
1476468000,D:\intelligent_transportation\data\lstm_sources\public\kddcup2017_china_tollgate\kdd2017_china_tollgate_20min.csv:kdd2017_t1_d0#segment5,1,35.0,52.6,-17.6,True,39.0,moving_average
1476469200,D:\intelligent_transportation\data\lstm_sources\public\kddcup2017_china_tollgate\kdd2017_china_tollgate_20min.csv:kdd2017_t1_d0#segment5,1,30.0,45.4,-15.399999999999999,True,35.0,moving_average
1476470400,D:\intelligent_transportation\data\lstm_sources\public\kddcup2017_china_tollgate\kdd2017_china_tollgate_20min.csv:kdd2017_t1_d0#segment5,1,43.0,39.0,4.0,True,30.0,moving_average
1476471600,D:\intelligent_transportation\data\lstm_sources\public\kddcup2017_china_tollgate\kdd2017_china_tollgate_20min.csv:kdd2017_t1_d0#segment5,1,43.0,38.8,4.200000000000003,True,43.0,moving_average
1476472800,D:\intelligent_transportation\data\lstm_sources\public\kddcup2017_china_tollgate\kdd2017_china_tollgate_20min.csv:kdd2017_t1_d0#segment5,1,36.0,38.0,-2.0,True,43.0,moving_average
1476474000,D:\intelligent_transportation\data\lstm_sources\public\kddcup2017_china_tollgate\kdd2017_china_tollgate_20min.csv:kdd2017_t1_d0#segment5,1,30.0,37.4,-7.399999999999999,True,36.0,moving_average
1476475200,D:\intelligent_transportation\data\lstm_sources\public\kddcup2017_china_tollgate\kdd2017_china_tollgate_20min.csv:kdd2017_t1_d0#segment5,1,32.0,36.4,-4.399999999999999,True,30.0,moving_average
1476476400,D:\intelligent_transportation\data\lstm_sources\public\kddcup2017_china_tollgate\kdd2017_china_tollgate_20min.csv:kdd2017_t1_d0#segment5,1,21.0,36.8,-15.799999999999997,True,32.0,moving_average
1476477600,D:\intelligent_transportation\data\lstm_sources\public\kddcup2017_china_tollgate\kdd2017_china_tollgate_20min.csv:kdd2017_t1_d0#segment5,1,29.0,32.4,-3.3999999999999986,True,21.0,moving_average
1476478800,D:\intelligent_transportation\data\lstm_sources\public\kddcup2017_china_tollgate\kdd2017_china_tollgate_20min.csv:kdd2017_t1_d0#segment5,1,15.0,29.6,-14.600000000000001,True,29.0,moving_average
1476480000,D:\intelligent_transportation\data\lstm_sources\public\kddcup2017_china_tollgate\kdd2017_china_tollgate_20min.csv:kdd2017_t1_d0#segment5,1,18.0,25.4,-7.399999999999999,True,15.0,moving_average
1476481200,D:\intelligent_transportation\data\lstm_sources\public\kddcup2017_china_tollgate\kdd2017_china_tollgate_20min.csv:kdd2017_t1_d0#segment5,1,14.0,23.0,-9.0,True,18.0,moving_average
1476482400,D:\intelligent_transportation\data\lstm_sources\public\kddcup2017_china_tollgate\kdd2017_china_tollgate_20min.csv:kdd2017_t1_d0#segment5,1,13.0,19.4,-6.399999999999999,True,14.0,moving_average
1476483600,D:\intelligent_transportation\data\lstm_sources\public\kddcup2017_china_tollgate\kdd2017_china_tollgate_20min.csv:kdd2017_t1_d0#segment5,1,15.0,17.8,-2.8000000000000007,True,13.0,moving_average
1476484800,D:\intelligent_transportation\data\lstm_sources\public\kddcup2017_china_tollgate\kdd2017_china_tollgate_20min.csv:kdd2017_t1_d0#segment5,1,10.0,15.0,-5.0,True,15.0,moving_average
1476486000,D:\intelligent_transportation\data\lstm_sources\public\kddcup2017_china_tollgate\kdd2017_china_tollgate_20min.csv:kdd2017_t1_d0#segment5,1,8.0,14.0,-6.0,True,10.0,moving_average
1476487200,D:\intelligent_transportation\data\lstm_sources\public\kddcup2017_china_tollgate\kdd2017_china_tollgate_20min.csv:kdd2017_t1_d0#segment5,1,14.0,12.0,2.0,True,8.0,moving_average
1476488400,D:\intelligent_transportation\data\lstm_sources\public\kddcup2017_china_tollgate\kdd2017_china_tollgate_20min.csv:kdd2017_t1_d0#segment5,1,5.0,12.0,-7.0,True,14.0,moving_average
1476489600,D:\intelligent_transportation\data\lstm_sources\public\kddcup2017_china_tollgate\kdd2017_china_tollgate_20min.csv:kdd2017_t1_d0#segment5,1,8.0,10.4,-2.4000000000000004,True,5.0,moving_average
1476490800,D:\intelligent_transportation\data\lstm_sources\public\kddcup2017_china_tollgate\kdd2017_china_tollgate_20min.csv:kdd2017_t1_d0#segment5,1,9.0,9.0,0.0,True,8.0,moving_average
1476492000,D:\intelligent_transportation\data\lstm_sources\public\kddcup2017_china_tollgate\kdd2017_china_tollgate_20min.csv:kdd2017_t1_d0#segment5,1,10.0,8.8,1.1999999999999993,True,9.0,moving_average
1476493200,D:\intelligent_transportation\data\lstm_sources\public\kddcup2017_china_tollgate\kdd2017_china_tollgate_20min.csv:kdd2017_t1_d0#segment5,1,9.0,9.2,-0.1999999999999993,True,10.0,moving_average
1476494400,D:\intelligent_transportation\data\lstm_sources\public\kddcup2017_china_tollgate\kdd2017_china_tollgate_20min.csv:kdd2017_t1_d0#segment5,1,8.0,8.2,-0.1999999999999993,True,9.0,moving_average
1476495600,D:\intelligent_transportation\data\lstm_sources\public\kddcup2017_china_tollgate\kdd2017_china_tollgate_20min.csv:kdd2017_t1_d0#segment5,1,9.0,8.8,0.1999999999999993,True,8.0,moving_average
1476496800,D:\intelligent_transportation\data\lstm_sources\public\kddcup2017_china_tollgate\kdd2017_china_tollgate_20min.csv:kdd2017_t1_d0#segment5,1,11.0,9.0,2.0,True,9.0,moving_average
1476498000,D:\intelligent_transportation\data\lstm_sources\public\kddcup2017_china_tollgate\kdd2017_china_tollgate_20min.csv:kdd2017_t1_d0#segment5,1,8.0,9.4,-1.4000000000000004,True,11.0,moving_average
1476499200,D:\intelligent_transportation\data\lstm_sources\public\kddcup2017_china_tollgate\kdd2017_china_tollgate_20min.csv:kdd2017_t1_d0#segment5,1,5.0,9.0,-4.0,True,8.0,moving_average
1476500400,D:\intelligent_transportation\data\lstm_sources\public\kddcup2017_china_tollgate\kdd2017_china_tollgate_20min.csv:kdd2017_t1_d0#segment5,1,6.0,8.2,-2.1999999999999993,True,5.0,moving_average
1476501600,D:\intelligent_transportation\data\lstm_sources\public\kddcup2017_china_tollgate\kdd2017_china_tollgate_20min.csv:kdd2017_t1_d0#segment5,1,9.0,7.8,1.2000000000000002,True,6.0,moving_average
1476502800,D:\intelligent_transportation\data\lstm_sources\public\kddcup2017_china_tollgate\kdd2017_china_tollgate_20min.csv:kdd2017_t1_d0#segment5,1,9.0,7.8,1.2000000000000002,True,9.0,moving_average
1476504000,D:\intelligent_transportation\data\lstm_sources\public\kddcup2017_china_tollgate\kdd2017_china_tollgate_20min.csv:kdd2017_t1_d0#segment5,1,9.0,7.4,1.5999999999999996,True,9.0,moving_average
1476505200,D:\intelligent_transportation\data\lstm_sources\public\kddcup2017_china_tollgate\kdd2017_china_tollgate_20min.csv:kdd2017_t1_d0#segment5,1,9.0,7.6,1.4000000000000004,True,9.0,moving_average
1476506400,D:\intelligent_transportation\data\lstm_sources\public\kddcup2017_china_tollgate\kdd2017_china_tollgate_20min.csv:kdd2017_t1_d0#segment5,1,11.0,8.4,2.5999999999999996,True,9.0,moving_average
1476507600,D:\intelligent_transportation\data\lstm_sources\public\kddcup2017_china_tollgate\kdd2017_china_tollgate_20min.csv:kdd2017_t1_d0#segment5,1,10.0,9.4,0.5999999999999996,True,11.0,moving_average
1476508800,D:\intelligent_transportation\data\lstm_sources\public\kddcup2017_china_tollgate\kdd2017_china_tollgate_20min.csv:kdd2017_t1_d0#segment5,1,7.0,9.6,-2.5999999999999996,True,10.0,moving_average
1476510000,D:\intelligent_transportation\data\lstm_sources\public\kddcup2017_china_tollgate\kdd2017_china_tollgate_20min.csv:kdd2017_t1_d0#segment5,1,9.0,9.2,-0.1999999999999993,True,7.0,moving_average
1476511200,D:\intelligent_transportation\data\lstm_sources\public\kddcup2017_china_tollgate\kdd2017_china_tollgate_20min.csv:kdd2017_t1_d0#segment5,1,10.0,9.2,0.8000000000000007,True,9.0,moving_average
1476512400,D:\intelligent_transportation\data\lstm_sources\public\kddcup2017_china_tollgate\kdd2017_china_tollgate_20min.csv:kdd2017_t1_d0#segment5,1,19.0,9.4,9.6,True,10.0,moving_average
1476513600,D:\intelligent_transportation\data\lstm_sources\public\kddcup2017_china_tollgate\kdd2017_china_tollgate_20min.csv:kdd2017_t1_d0#segment5,1,31.0,11.0,20.0,True,19.0,moving_average
1476514800,D:\intelligent_transportation\data\lstm_sources\public\kddcup2017_china_tollgate\kdd2017_china_tollgate_20min.csv:kdd2017_t1_d0#segment5,1,39.0,15.2,23.8,True,31.0,moving_average
1476516000,D:\intelligent_transportation\data\lstm_sources\public\kddcup2017_china_tollgate\kdd2017_china_tollgate_20min.csv:kdd2017_t1_d0#segment5,1,53.0,21.6,31.4,True,39.0,moving_average
1476517200,D:\intelligent_transportation\data\lstm_sources\public\kddcup2017_china_tollgate\kdd2017_china_tollgate_20min.csv:kdd2017_t1_d0#segment5,1,46.0,30.4,15.600000000000001,True,53.0,moving_average
1476518400,D:\intelligent_transportation\data\lstm_sources\public\kddcup2017_china_tollgate\kdd2017_china_tollgate_20min.csv:kdd2017_t1_d0#segment5,1,44.0,37.6,6.399999999999999,True,46.0,moving_average
1476519600,D:\intelligent_transportation\data\lstm_sources\public\kddcup2017_china_tollgate\kdd2017_china_tollgate_20min.csv:kdd2017_t1_d0#segment5,1,47.0,42.6,4.399999999999999,True,44.0,moving_average
1476520800,D:\intelligent_transportation\data\lstm_sources\public\kddcup2017_china_tollgate\kdd2017_china_tollgate_20min.csv:kdd2017_t1_d0#segment5,1,55.0,45.8,9.200000000000003,True,47.0,moving_average
1476522000,D:\intelligent_transportation\data\lstm_sources\public\kddcup2017_china_tollgate\kdd2017_china_tollgate_20min.csv:kdd2017_t1_d0#segment5,1,70.0,49.0,21.0,True,55.0,moving_average
1476523200,D:\intelligent_transportation\data\lstm_sources\public\kddcup2017_china_tollgate\kdd2017_china_tollgate_20min.csv:kdd2017_t1_d0#segment5,1,72.0,52.4,19.6,True,70.0,moving_average
1476524400,D:\intelligent_transportation\data\lstm_sources\public\kddcup2017_china_tollgate\kdd2017_china_tollgate_20min.csv:kdd2017_t1_d0#segment5,1,55.0,57.6,-2.6000000000000014,True,72.0,moving_average
1476525600,D:\intelligent_transportation\data\lstm_sources\public\kddcup2017_china_tollgate\kdd2017_china_tollgate_20min.csv:kdd2017_t1_d0#segment5,1,60.0,59.8,0.20000000000000284,True,55.0,moving_average
1476526800,D:\intelligent_transportation\data\lstm_sources\public\kddcup2017_china_tollgate\kdd2017_china_tollgate_20min.csv:kdd2017_t1_d0#segment5,1,65.0,62.4,2.6000000000000014,True,60.0,moving_average
1476528000,D:\intelligent_transportation\data\lstm_sources\public\kddcup2017_china_tollgate\kdd2017_china_tollgate_20min.csv:kdd2017_t1_d0#segment5,1,54.0,64.4,-10.400000000000006,True,65.0,moving_average
1476529200,D:\intelligent_transportation\data\lstm_sources\public\kddcup2017_china_tollgate\kdd2017_china_tollgate_20min.csv:kdd2017_t1_d0#segment5,1,59.0,61.2,-2.200000000000003,True,54.0,moving_average
1476530400,D:\intelligent_transportation\data\lstm_sources\public\kddcup2017_china_tollgate\kdd2017_china_tollgate_20min.csv:kdd2017_t1_d0#segment5,1,44.0,58.6,-14.600000000000001,True,59.0,moving_average
1476531600,D:\intelligent_transportation\data\lstm_sources\public\kddcup2017_china_tollgate\kdd2017_china_tollgate_20min.csv:kdd2017_t1_d0#segment5,1,45.0,56.4,-11.399999999999999,True,44.0,moving_average
1476532800,D:\intelligent_transportation\data\lstm_sources\public\kddcup2017_china_tollgate\kdd2017_china_tollgate_20min.csv:kdd2017_t1_d0#segment5,1,43.0,53.4,-10.399999999999999,True,45.0,moving_average
1476534000,D:\intelligent_transportation\data\lstm_sources\public\kddcup2017_china_tollgate\kdd2017_china_tollgate_20min.csv:kdd2017_t1_d0#segment5,1,48.0,49.0,-1.0,True,43.0,moving_average
1476535200,D:\intelligent_transportation\data\lstm_sources\public\kddcup2017_china_tollgate\kdd2017_china_tollgate_20min.csv:kdd2017_t1_d0#segment5,1,41.0,47.8,-6.799999999999997,True,48.0,moving_average
1476536400,D:\intelligent_transportation\data\lstm_sources\public\kddcup2017_china_tollgate\kdd2017_china_tollgate_20min.csv:kdd2017_t1_d0#segment5,1,63.0,44.2,18.799999999999997,True,41.0,moving_average
1476537600,D:\intelligent_transportation\data\lstm_sources\public\kddcup2017_china_tollgate\kdd2017_china_tollgate_20min.csv:kdd2017_t1_d0#segment5,1,41.0,48.0,-7.0,True,63.0,moving_average
1476538800,D:\intelligent_transportation\data\lstm_sources\public\kddcup2017_china_tollgate\kdd2017_china_tollgate_20min.csv:kdd2017_t1_d0#segment5,1,35.0,47.2,-12.200000000000003,True,41.0,moving_average
1476540000,D:\intelligent_transportation\data\lstm_sources\public\kddcup2017_china_tollgate\kdd2017_china_tollgate_20min.csv:kdd2017_t1_d0#segment5,1,56.0,45.6,10.399999999999999,True,35.0,moving_average
1476541200,D:\intelligent_transportation\data\lstm_sources\public\kddcup2017_china_tollgate\kdd2017_china_tollgate_20min.csv:kdd2017_t1_d0#segment5,1,69.0,47.2,21.799999999999997,True,56.0,moving_average
1476542400,D:\intelligent_transportation\data\lstm_sources\public\kddcup2017_china_tollgate\kdd2017_china_tollgate_20min.csv:kdd2017_t1_d0#segment5,1,64.0,52.8,11.200000000000003,True,69.0,moving_average
1476543600,D:\intelligent_transportation\data\lstm_sources\public\kddcup2017_china_tollgate\kdd2017_china_tollgate_20min.csv:kdd2017_t1_d0#segment5,1,37.0,53.0,-16.0,True,64.0,moving_average
1476544800,D:\intelligent_transportation\data\lstm_sources\public\kddcup2017_china_tollgate\kdd2017_china_tollgate_20min.csv:kdd2017_t1_d0#segment5,1,59.0,52.2,6.799999999999997,True,37.0,moving_average
1476546000,D:\intelligent_transportation\data\lstm_sources\public\kddcup2017_china_tollgate\kdd2017_china_tollgate_20min.csv:kdd2017_t1_d0#segment5,1,57.0,57.0,0.0,True,59.0,moving_average
1476547200,D:\intelligent_transportation\data\lstm_sources\public\kddcup2017_china_tollgate\kdd2017_china_tollgate_20min.csv:kdd2017_t1_d0#segment5,1,57.0,57.2,-0.20000000000000284,True,57.0,moving_average
1476548400,D:\intelligent_transportation\data\lstm_sources\public\kddcup2017_china_tollgate\kdd2017_china_tollgate_20min.csv:kdd2017_t1_d0#segment5,1,66.0,54.8,11.200000000000003,True,57.0,moving_average
1476549600,D:\intelligent_transportation\data\lstm_sources\public\kddcup2017_china_tollgate\kdd2017_china_tollgate_20min.csv:kdd2017_t1_d0#segment5,1,64.0,55.2,8.799999999999997,True,66.0,moving_average
1476550800,D:\intelligent_transportation\data\lstm_sources\public\kddcup2017_china_tollgate\kdd2017_china_tollgate_20min.csv:kdd2017_t1_d0#segment5,1,66.0,60.6,5.399999999999999,True,64.0,moving_average
1476552000,D:\intelligent_transportation\data\lstm_sources\public\kddcup2017_china_tollgate\kdd2017_china_tollgate_20min.csv:kdd2017_t1_d0#segment5,1,55.0,62.0,-7.0,True,66.0,moving_average
1476553200,D:\intelligent_transportation\data\lstm_sources\public\kddcup2017_china_tollgate\kdd2017_china_tollgate_20min.csv:kdd2017_t1_d0#segment5,1,32.0,61.6,-29.6,True,55.0,moving_average
1476554400,D:\intelligent_transportation\data\lstm_sources\public\kddcup2017_china_tollgate\kdd2017_china_tollgate_20min.csv:kdd2017_t1_d0#segment5,1,33.0,56.6,-23.6,True,32.0,moving_average
1476555600,D:\intelligent_transportation\data\lstm_sources\public\kddcup2017_china_tollgate\kdd2017_china_tollgate_20min.csv:kdd2017_t1_d0#segment5,1,30.0,50.0,-20.0,True,33.0,moving_average
1476556800,D:\intelligent_transportation\data\lstm_sources\public\kddcup2017_china_tollgate\kdd2017_china_tollgate_20min.csv:kdd2017_t1_d0#segment5,1,29.0,43.2,-14.200000000000003,True,30.0,moving_average
1476558000,D:\intelligent_transportation\data\lstm_sources\public\kddcup2017_china_tollgate\kdd2017_china_tollgate_20min.csv:kdd2017_t1_d0#segment5,1,20.0,35.8,-15.799999999999997,True,29.0,moving_average
1476559200,D:\intelligent_transportation\data\lstm_sources\public\kddcup2017_china_tollgate\kdd2017_china_tollgate_20min.csv:kdd2017_t1_d0#segment5,1,20.0,28.8,-8.8,True,20.0,moving_average
1476560400,D:\intelligent_transportation\data\lstm_sources\public\kddcup2017_china_tollgate\kdd2017_china_tollgate_20min.csv:kdd2017_t1_d0#segment5,1,26.0,26.4,-0.3999999999999986,True,20.0,moving_average
1476561600,D:\intelligent_transportation\data\lstm_sources\public\kddcup2017_china_tollgate\kdd2017_china_tollgate_20min.csv:kdd2017_t1_d0#segment5,1,22.0,25.0,-3.0,True,26.0,moving_average
1476562800,D:\intelligent_transportation\data\lstm_sources\public\kddcup2017_china_tollgate\kdd2017_china_tollgate_20min.csv:kdd2017_t1_d0#segment5,1,17.0,23.4,-6.399999999999999,True,22.0,moving_average
1476564000,D:\intelligent_transportation\data\lstm_sources\public\kddcup2017_china_tollgate\kdd2017_china_tollgate_20min.csv:kdd2017_t1_d0#segment5,1,23.0,21.0,2.0,True,17.0,moving_average
1476565200,D:\intelligent_transportation\data\lstm_sources\public\kddcup2017_china_tollgate\kdd2017_china_tollgate_20min.csv:kdd2017_t1_d0#segment5,1,21.0,21.6,-0.6000000000000014,True,23.0,moving_average
1476566400,D:\intelligent_transportation\data\lstm_sources\public\kddcup2017_china_tollgate\kdd2017_china_tollgate_20min.csv:kdd2017_t1_d0#segment5,1,18.0,21.8,-3.8000000000000007,True,21.0,moving_average
1476567600,D:\intelligent_transportation\data\lstm_sources\public\kddcup2017_china_tollgate\kdd2017_china_tollgate_20min.csv:kdd2017_t1_d0#segment5,1,20.0,20.2,-0.1999999999999993,True,18.0,moving_average
1476568800,D:\intelligent_transportation\data\lstm_sources\public\kddcup2017_china_tollgate\kdd2017_china_tollgate_20min.csv:kdd2017_t1_d0#segment5,1,16.0,19.8,-3.8000000000000007,True,20.0,moving_average
1476570000,D:\intelligent_transportation\data\lstm_sources\public\kddcup2017_china_tollgate\kdd2017_china_tollgate_20min.csv:kdd2017_t1_d0#segment5,1,17.0,19.6,-2.6000000000000014,True,16.0,moving_average
1476571200,D:\intelligent_transportation\data\lstm_sources\public\kddcup2017_china_tollgate\kdd2017_china_tollgate_20min.csv:kdd2017_t1_d0#segment5,1,4.0,18.4,-14.399999999999999,True,17.0,moving_average
1476572400,D:\intelligent_transportation\data\lstm_sources\public\kddcup2017_china_tollgate\kdd2017_china_tollgate_20min.csv:kdd2017_t1_d0#segment5,1,15.0,15.0,0.0,True,4.0,moving_average
1476573600,D:\intelligent_transportation\data\lstm_sources\public\kddcup2017_china_tollgate\kdd2017_china_tollgate_20min.csv:kdd2017_t1_d0#segment5,1,5.0,14.4,-9.4,True,15.0,moving_average
1476574800,D:\intelligent_transportation\data\lstm_sources\public\kddcup2017_china_tollgate\kdd2017_china_tollgate_20min.csv:kdd2017_t1_d0#segment5,1,9.0,11.4,-2.4000000000000004,True,5.0,moving_average
1476576000,D:\intelligent_transportation\data\lstm_sources\public\kddcup2017_china_tollgate\kdd2017_china_tollgate_20min.csv:kdd2017_t1_d0#segment5,1,10.0,10.0,0.0,True,9.0,moving_average
1476577200,D:\intelligent_transportation\data\lstm_sources\public\kddcup2017_china_tollgate\kdd2017_china_tollgate_20min.csv:kdd2017_t1_d0#segment5,1,9.0,8.6,0.40000000000000036,True,10.0,moving_average
1476578400,D:\intelligent_transportation\data\lstm_sources\public\kddcup2017_china_tollgate\kdd2017_china_tollgate_20min.csv:kdd2017_t1_d0#segment5,1,8.0,9.6,-1.5999999999999996,True,9.0,moving_average
1476579600,D:\intelligent_transportation\data\lstm_sources\public\kddcup2017_china_tollgate\kdd2017_china_tollgate_20min.csv:kdd2017_t1_d0#segment5,1,7.0,8.2,-1.1999999999999993,True,8.0,moving_average
1476580800,D:\intelligent_transportation\data\lstm_sources\public\kddcup2017_china_tollgate\kdd2017_china_tollgate_20min.csv:kdd2017_t1_d0#segment5,1,10.0,8.6,1.4000000000000004,True,7.0,moving_average
1476582000,D:\intelligent_transportation\data\lstm_sources\public\kddcup2017_china_tollgate\kdd2017_china_tollgate_20min.csv:kdd2017_t1_d0#segment5,1,4.0,8.8,-4.800000000000001,True,10.0,moving_average
1476583200,D:\intelligent_transportation\data\lstm_sources\public\kddcup2017_china_tollgate\kdd2017_china_tollgate_20min.csv:kdd2017_t1_d0#segment5,1,6.0,7.6,-1.5999999999999996,True,4.0,moving_average
1476584400,D:\intelligent_transportation\data\lstm_sources\public\kddcup2017_china_tollgate\kdd2017_china_tollgate_20min.csv:kdd2017_t1_d0#segment5,1,6.0,7.0,-1.0,True,6.0,moving_average
1476585600,D:\intelligent_transportation\data\lstm_sources\public\kddcup2017_china_tollgate\kdd2017_china_tollgate_20min.csv:kdd2017_t1_d0#segment5,1,2.0,6.6,-4.6,True,6.0,moving_average
1476586800,D:\intelligent_transportation\data\lstm_sources\public\kddcup2017_china_tollgate\kdd2017_china_tollgate_20min.csv:kdd2017_t1_d0#segment5,1,6.0,5.6,0.40000000000000036,True,2.0,moving_average
1476588000,D:\intelligent_transportation\data\lstm_sources\public\kddcup2017_china_tollgate\kdd2017_china_tollgate_20min.csv:kdd2017_t1_d0#segment5,1,5.0,4.8,0.20000000000000018,True,6.0,moving_average
1476589200,D:\intelligent_transportation\data\lstm_sources\public\kddcup2017_china_tollgate\kdd2017_china_tollgate_20min.csv:kdd2017_t1_d0#segment5,1,9.0,5.0,4.0,True,5.0,moving_average
1476590400,D:\intelligent_transportation\data\lstm_sources\public\kddcup2017_china_tollgate\kdd2017_china_tollgate_20min.csv:kdd2017_t1_d0#segment5,1,9.0,5.6,3.4000000000000004,True,9.0,moving_average
1476591600,D:\intelligent_transportation\data\lstm_sources\public\kddcup2017_china_tollgate\kdd2017_china_tollgate_20min.csv:kdd2017_t1_d0#segment5,1,11.0,6.2,4.8,True,9.0,moving_average
1476592800,D:\intelligent_transportation\data\lstm_sources\public\kddcup2017_china_tollgate\kdd2017_china_tollgate_20min.csv:kdd2017_t1_d0#segment5,1,16.0,8.0,8.0,True,11.0,moving_average
1476594000,D:\intelligent_transportation\data\lstm_sources\public\kddcup2017_china_tollgate\kdd2017_china_tollgate_20min.csv:kdd2017_t1_d0#segment5,1,4.0,10.0,-6.0,True,16.0,moving_average
1476595200,D:\intelligent_transportation\data\lstm_sources\public\kddcup2017_china_tollgate\kdd2017_china_tollgate_20min.csv:kdd2017_t1_d0#segment5,1,3.0,9.8,-6.800000000000001,True,4.0,moving_average
1476596400,D:\intelligent_transportation\data\lstm_sources\public\kddcup2017_china_tollgate\kdd2017_china_tollgate_20min.csv:kdd2017_t1_d0#segment5,1,7.0,8.6,-1.5999999999999996,True,3.0,moving_average
1476597600,D:\intelligent_transportation\data\lstm_sources\public\kddcup2017_china_tollgate\kdd2017_china_tollgate_20min.csv:kdd2017_t1_d0#segment5,1,6.0,8.2,-2.1999999999999993,True,7.0,moving_average
1476598800,D:\intelligent_transportation\data\lstm_sources\public\kddcup2017_china_tollgate\kdd2017_china_tollgate_20min.csv:kdd2017_t1_d0#segment5,1,7.0,7.2,-0.20000000000000018,True,6.0,moving_average
1476600000,D:\intelligent_transportation\data\lstm_sources\public\kddcup2017_china_tollgate\kdd2017_china_tollgate_20min.csv:kdd2017_t1_d0#segment5,1,10.0,5.4,4.6,True,7.0,moving_average
1476601200,D:\intelligent_transportation\data\lstm_sources\public\kddcup2017_china_tollgate\kdd2017_china_tollgate_20min.csv:kdd2017_t1_d0#segment5,1,19.0,6.6,12.4,True,10.0,moving_average
1476602400,D:\intelligent_transportation\data\lstm_sources\public\kddcup2017_china_tollgate\kdd2017_china_tollgate_20min.csv:kdd2017_t1_d0#segment5,1,28.0,9.8,18.2,True,19.0,moving_average
1476603600,D:\intelligent_transportation\data\lstm_sources\public\kddcup2017_china_tollgate\kdd2017_china_tollgate_20min.csv:kdd2017_t1_d0#segment5,1,53.0,14.0,39.0,True,28.0,moving_average
1476604800,D:\intelligent_transportation\data\lstm_sources\public\kddcup2017_china_tollgate\kdd2017_china_tollgate_20min.csv:kdd2017_t1_d0#segment5,1,29.0,23.4,5.600000000000001,True,53.0,moving_average
1476606000,D:\intelligent_transportation\data\lstm_sources\public\kddcup2017_china_tollgate\kdd2017_china_tollgate_20min.csv:kdd2017_t1_d0#segment5,1,44.0,27.8,16.2,True,29.0,moving_average
1476607200,D:\intelligent_transportation\data\lstm_sources\public\kddcup2017_china_tollgate\kdd2017_china_tollgate_20min.csv:kdd2017_t1_d0#segment5,1,35.0,34.6,0.3999999999999986,True,44.0,moving_average
1476608400,D:\intelligent_transportation\data\lstm_sources\public\kddcup2017_china_tollgate\kdd2017_china_tollgate_20min.csv:kdd2017_t1_d0#segment5,1,51.0,37.8,13.200000000000003,True,35.0,moving_average
1476609600,D:\intelligent_transportation\data\lstm_sources\public\kddcup2017_china_tollgate\kdd2017_china_tollgate_20min.csv:kdd2017_t1_d0#segment5,1,47.0,42.4,4.600000000000001,True,51.0,moving_average
1476610800,D:\intelligent_transportation\data\lstm_sources\public\kddcup2017_china_tollgate\kdd2017_china_tollgate_20min.csv:kdd2017_t1_d0#segment5,1,48.0,41.2,6.799999999999997,True,47.0,moving_average
1476612000,D:\intelligent_transportation\data\lstm_sources\public\kddcup2017_china_tollgate\kdd2017_china_tollgate_20min.csv:kdd2017_t1_d0#segment5,1,38.0,45.0,-7.0,True,48.0,moving_average
1476613200,D:\intelligent_transportation\data\lstm_sources\public\kddcup2017_china_tollgate\kdd2017_china_tollgate_20min.csv:kdd2017_t1_d0#segment5,1,60.0,43.8,16.200000000000003,True,38.0,moving_average
1476614400,D:\intelligent_transportation\data\lstm_sources\public\kddcup2017_china_tollgate\kdd2017_china_tollgate_20min.csv:kdd2017_t1_d0#segment5,1,52.0,48.8,3.200000000000003,True,60.0,moving_average
1476615600,D:\intelligent_transportation\data\lstm_sources\public\kddcup2017_china_tollgate\kdd2017_china_tollgate_20min.csv:kdd2017_t1_d0#segment5,1,50.0,49.0,1.0,True,52.0,moving_average
1476616800,D:\intelligent_transportation\data\lstm_sources\public\kddcup2017_china_tollgate\kdd2017_china_tollgate_20min.csv:kdd2017_t1_d0#segment5,1,43.0,49.6,-6.600000000000001,True,50.0,moving_average
1476618000,D:\intelligent_transportation\data\lstm_sources\public\kddcup2017_china_tollgate\kdd2017_china_tollgate_20min.csv:kdd2017_t1_d0#segment5,1,26.0,48.6,-22.6,True,43.0,moving_average
1476619200,D:\intelligent_transportation\data\lstm_sources\public\kddcup2017_china_tollgate\kdd2017_china_tollgate_20min.csv:kdd2017_t1_d0#segment5,1,53.0,46.2,6.799999999999997,True,26.0,moving_average
1476620400,D:\intelligent_transportation\data\lstm_sources\public\kddcup2017_china_tollgate\kdd2017_china_tollgate_20min.csv:kdd2017_t1_d0#segment5,1,48.0,44.8,3.200000000000003,True,53.0,moving_average
1476621600,D:\intelligent_transportation\data\lstm_sources\public\kddcup2017_china_tollgate\kdd2017_china_tollgate_20min.csv:kdd2017_t1_d0#segment5,1,50.0,44.0,6.0,True,48.0,moving_average
1476622800,D:\intelligent_transportation\data\lstm_sources\public\kddcup2017_china_tollgate\kdd2017_china_tollgate_20min.csv:kdd2017_t1_d0#segment5,1,61.0,44.0,17.0,True,50.0,moving_average
1476624000,D:\intelligent_transportation\data\lstm_sources\public\kddcup2017_china_tollgate\kdd2017_china_tollgate_20min.csv:kdd2017_t1_d0#segment5,1,49.0,47.6,1.3999999999999986,True,61.0,moving_average
1476625200,D:\intelligent_transportation\data\lstm_sources\public\kddcup2017_china_tollgate\kdd2017_china_tollgate_20min.csv:kdd2017_t1_d0#segment5,1,48.0,52.2,-4.200000000000003,True,49.0,moving_average
1476626400,D:\intelligent_transportation\data\lstm_sources\public\kddcup2017_china_tollgate\kdd2017_china_tollgate_20min.csv:kdd2017_t1_d0#segment5,1,51.0,51.2,-0.20000000000000284,True,48.0,moving_average
1476627600,D:\intelligent_transportation\data\lstm_sources\public\kddcup2017_china_tollgate\kdd2017_china_tollgate_20min.csv:kdd2017_t1_d0#segment5,1,62.0,51.8,10.200000000000003,True,51.0,moving_average
1476628800,D:\intelligent_transportation\data\lstm_sources\public\kddcup2017_china_tollgate\kdd2017_china_tollgate_20min.csv:kdd2017_t1_d0#segment5,1,58.0,54.2,3.799999999999997,True,62.0,moving_average
1476630000,D:\intelligent_transportation\data\lstm_sources\public\kddcup2017_china_tollgate\kdd2017_china_tollgate_20min.csv:kdd2017_t1_d0#segment5,1,58.0,53.6,4.399999999999999,True,58.0,moving_average
1476631200,D:\intelligent_transportation\data\lstm_sources\public\kddcup2017_china_tollgate\kdd2017_china_tollgate_20min.csv:kdd2017_t1_d0#segment5,1,65.0,55.4,9.600000000000001,True,58.0,moving_average
1476632400,D:\intelligent_transportation\data\lstm_sources\public\kddcup2017_china_tollgate\kdd2017_china_tollgate_20min.csv:kdd2017_t1_d0#segment5,1,78.0,58.8,19.200000000000003,True,65.0,moving_average
1476633600,D:\intelligent_transportation\data\lstm_sources\public\kddcup2017_china_tollgate\kdd2017_china_tollgate_20min.csv:kdd2017_t1_d0#segment5,1,69.0,64.2,4.799999999999997,True,78.0,moving_average
1476634800,D:\intelligent_transportation\data\lstm_sources\public\kddcup2017_china_tollgate\kdd2017_china_tollgate_20min.csv:kdd2017_t1_d0#segment5,1,65.0,65.6,-0.5999999999999943,True,69.0,moving_average
1476636000,D:\intelligent_transportation\data\lstm_sources\public\kddcup2017_china_tollgate\kdd2017_china_tollgate_20min.csv:kdd2017_t1_d0#segment5,1,69.0,67.0,2.0,True,65.0,moving_average
1476637200,D:\intelligent_transportation\data\lstm_sources\public\kddcup2017_china_tollgate\kdd2017_china_tollgate_20min.csv:kdd2017_t1_d0#segment5,1,70.0,69.2,0.7999999999999972,True,69.0,moving_average
1476638400,D:\intelligent_transportation\data\lstm_sources\public\kddcup2017_china_tollgate\kdd2017_china_tollgate_20min.csv:kdd2017_t1_d0#segment5,1,59.0,70.2,-11.200000000000003,True,70.0,moving_average
1476639600,D:\intelligent_transportation\data\lstm_sources\public\kddcup2017_china_tollgate\kdd2017_china_tollgate_20min.csv:kdd2017_t1_d0#segment5,1,37.0,66.4,-29.400000000000006,True,59.0,moving_average
1476640800,D:\intelligent_transportation\data\lstm_sources\public\kddcup2017_china_tollgate\kdd2017_china_tollgate_20min.csv:kdd2017_t1_d0#segment5,1,39.0,60.0,-21.0,True,37.0,moving_average
1476642000,D:\intelligent_transportation\data\lstm_sources\public\kddcup2017_china_tollgate\kdd2017_china_tollgate_20min.csv:kdd2017_t1_d0#segment5,1,41.0,54.8,-13.799999999999997,True,39.0,moving_average
1476643200,D:\intelligent_transportation\data\lstm_sources\public\kddcup2017_china_tollgate\kdd2017_china_tollgate_20min.csv:kdd2017_t1_d0#segment5,1,38.0,49.2,-11.200000000000003,True,41.0,moving_average
1476644400,D:\intelligent_transportation\data\lstm_sources\public\kddcup2017_china_tollgate\kdd2017_china_tollgate_20min.csv:kdd2017_t1_d0#segment5,1,33.0,42.8,-9.799999999999997,True,38.0,moving_average
1476645600,D:\intelligent_transportation\data\lstm_sources\public\kddcup2017_china_tollgate\kdd2017_china_tollgate_20min.csv:kdd2017_t1_d0#segment5,1,30.0,37.6,-7.600000000000001,True,33.0,moving_average
1476646800,D:\intelligent_transportation\data\lstm_sources\public\kddcup2017_china_tollgate\kdd2017_china_tollgate_20min.csv:kdd2017_t1_d0#segment5,1,34.0,36.2,-2.200000000000003,True,30.0,moving_average
1476648000,D:\intelligent_transportation\data\lstm_sources\public\kddcup2017_china_tollgate\kdd2017_china_tollgate_20min.csv:kdd2017_t1_d0#segment5,1,32.0,35.2,-3.200000000000003,True,34.0,moving_average
1476649200,D:\intelligent_transportation\data\lstm_sources\public\kddcup2017_china_tollgate\kdd2017_china_tollgate_20min.csv:kdd2017_t1_d0#segment5,1,34.0,33.4,0.6000000000000014,True,32.0,moving_average
1476650400,D:\intelligent_transportation\data\lstm_sources\public\kddcup2017_china_tollgate\kdd2017_china_tollgate_20min.csv:kdd2017_t1_d0#segment5,1,21.0,32.6,-11.600000000000001,True,34.0,moving_average
1476651600,D:\intelligent_transportation\data\lstm_sources\public\kddcup2017_china_tollgate\kdd2017_china_tollgate_20min.csv:kdd2017_t1_d0#segment5,1,24.0,30.2,-6.199999999999999,True,21.0,moving_average
1476652800,D:\intelligent_transportation\data\lstm_sources\public\kddcup2017_china_tollgate\kdd2017_china_tollgate_20min.csv:kdd2017_t1_d0#segment5,1,30.0,29.0,1.0,True,24.0,moving_average
1476654000,D:\intelligent_transportation\data\lstm_sources\public\kddcup2017_china_tollgate\kdd2017_china_tollgate_20min.csv:kdd2017_t1_d0#segment5,1,15.0,28.2,-13.2,True,30.0,moving_average
1476655200,D:\intelligent_transportation\data\lstm_sources\public\kddcup2017_china_tollgate\kdd2017_china_tollgate_20min.csv:kdd2017_t1_d0#segment5,1,18.0,24.8,-6.800000000000001,True,15.0,moving_average
1476656400,D:\intelligent_transportation\data\lstm_sources\public\kddcup2017_china_tollgate\kdd2017_china_tollgate_20min.csv:kdd2017_t1_d0#segment5,1,7.0,21.6,-14.600000000000001,True,18.0,moving_average
1476657600,D:\intelligent_transportation\data\lstm_sources\public\kddcup2017_china_tollgate\kdd2017_china_tollgate_20min.csv:kdd2017_t1_d0#segment5,1,3.0,18.8,-15.8,True,7.0,moving_average
1476658800,D:\intelligent_transportation\data\lstm_sources\public\kddcup2017_china_tollgate\kdd2017_china_tollgate_20min.csv:kdd2017_t1_d0#segment5,1,9.0,14.6,-5.6,True,3.0,moving_average
1476660000,D:\intelligent_transportation\data\lstm_sources\public\kddcup2017_china_tollgate\kdd2017_china_tollgate_20min.csv:kdd2017_t1_d0#segment5,1,5.0,10.4,-5.4,True,9.0,moving_average
1476661200,D:\intelligent_transportation\data\lstm_sources\public\kddcup2017_china_tollgate\kdd2017_china_tollgate_20min.csv:kdd2017_t1_d0#segment5,1,5.0,8.4,-3.4000000000000004,True,5.0,moving_average
1476662400,D:\intelligent_transportation\data\lstm_sources\public\kddcup2017_china_tollgate\kdd2017_china_tollgate_20min.csv:kdd2017_t1_d0#segment5,1,13.0,5.8,7.2,True,5.0,moving_average
1476663600,D:\intelligent_transportation\data\lstm_sources\public\kddcup2017_china_tollgate\kdd2017_china_tollgate_20min.csv:kdd2017_t1_d0#segment5,1,12.0,7.0,5.0,True,13.0,moving_average
1476664800,D:\intelligent_transportation\data\lstm_sources\public\kddcup2017_china_tollgate\kdd2017_china_tollgate_20min.csv:kdd2017_t1_d0#segment5,1,7.0,8.8,-1.8000000000000007,True,12.0,moving_average
1476666000,D:\intelligent_transportation\data\lstm_sources\public\kddcup2017_china_tollgate\kdd2017_china_tollgate_20min.csv:kdd2017_t1_d0#segment5,1,6.0,8.4,-2.4000000000000004,True,7.0,moving_average
1476667200,D:\intelligent_transportation\data\lstm_sources\public\kddcup2017_china_tollgate\kdd2017_china_tollgate_20min.csv:kdd2017_t1_d0#segment5,1,11.0,8.6,2.4000000000000004,True,6.0,moving_average
1476668400,D:\intelligent_transportation\data\lstm_sources\public\kddcup2017_china_tollgate\kdd2017_china_tollgate_20min.csv:kdd2017_t1_d0#segment5,1,5.0,9.8,-4.800000000000001,True,11.0,moving_average
1476669600,D:\intelligent_transportation\data\lstm_sources\public\kddcup2017_china_tollgate\kdd2017_china_tollgate_20min.csv:kdd2017_t1_d0#segment5,1,4.0,8.2,-4.199999999999999,True,5.0,moving_average
1476670800,D:\intelligent_transportation\data\lstm_sources\public\kddcup2017_china_tollgate\kdd2017_china_tollgate_20min.csv:kdd2017_t1_d0#segment5,1,6.0,6.6,-0.5999999999999996,True,4.0,moving_average
1476672000,D:\intelligent_transportation\data\lstm_sources\public\kddcup2017_china_tollgate\kdd2017_china_tollgate_20min.csv:kdd2017_t1_d0#segment5,1,7.0,6.4,0.5999999999999996,True,6.0,moving_average
1476673200,D:\intelligent_transportation\data\lstm_sources\public\kddcup2017_china_tollgate\kdd2017_china_tollgate_20min.csv:kdd2017_t1_d0#segment5,1,7.0,6.6,0.40000000000000036,True,7.0,moving_average
1476674400,D:\intelligent_transportation\data\lstm_sources\public\kddcup2017_china_tollgate\kdd2017_china_tollgate_20min.csv:kdd2017_t1_d0#segment5,1,10.0,5.8,4.2,True,7.0,moving_average
1476675600,D:\intelligent_transportation\data\lstm_sources\public\kddcup2017_china_tollgate\kdd2017_china_tollgate_20min.csv:kdd2017_t1_d0#segment5,1,7.0,6.8,0.20000000000000018,True,10.0,moving_average
1476676800,D:\intelligent_transportation\data\lstm_sources\public\kddcup2017_china_tollgate\kdd2017_china_tollgate_20min.csv:kdd2017_t1_d0#segment5,1,14.0,7.4,6.6,True,7.0,moving_average
1476678000,D:\intelligent_transportation\data\lstm_sources\public\kddcup2017_china_tollgate\kdd2017_china_tollgate_20min.csv:kdd2017_t1_d0#segment5,1,12.0,9.0,3.0,True,14.0,moving_average
1476679200,D:\intelligent_transportation\data\lstm_sources\public\kddcup2017_china_tollgate\kdd2017_china_tollgate_20min.csv:kdd2017_t1_d0#segment5,1,17.0,10.0,7.0,True,12.0,moving_average
1476680400,D:\intelligent_transportation\data\lstm_sources\public\kddcup2017_china_tollgate\kdd2017_china_tollgate_20min.csv:kdd2017_t1_d0#segment5,1,2.0,12.0,-10.0,True,17.0,moving_average
1476681600,D:\intelligent_transportation\data\lstm_sources\public\kddcup2017_china_tollgate\kdd2017_china_tollgate_20min.csv:kdd2017_t1_d0#segment5,1,5.0,10.4,-5.4,True,2.0,moving_average
1476682800,D:\intelligent_transportation\data\lstm_sources\public\kddcup2017_china_tollgate\kdd2017_china_tollgate_20min.csv:kdd2017_t1_d0#segment5,1,7.0,10.0,-3.0,True,5.0,moving_average
1476684000,D:\intelligent_transportation\data\lstm_sources\public\kddcup2017_china_tollgate\kdd2017_china_tollgate_20min.csv:kdd2017_t1_d0#segment5,1,13.0,8.6,4.4,True,7.0,moving_average
1476685200,D:\intelligent_transportation\data\lstm_sources\public\kddcup2017_china_tollgate\kdd2017_china_tollgate_20min.csv:kdd2017_t1_d0#segment5,1,18.0,8.8,9.2,True,13.0,moving_average
1476686400,D:\intelligent_transportation\data\lstm_sources\public\kddcup2017_china_tollgate\kdd2017_china_tollgate_20min.csv:kdd2017_t1_d0#segment5,1,19.0,9.0,10.0,True,18.0,moving_average
1476687600,D:\intelligent_transportation\data\lstm_sources\public\kddcup2017_china_tollgate\kdd2017_china_tollgate_20min.csv:kdd2017_t1_d0#segment5,1,45.0,12.4,32.6,True,19.0,moving_average
1476688800,D:\intelligent_transportation\data\lstm_sources\public\kddcup2017_china_tollgate\kdd2017_china_tollgate_20min.csv:kdd2017_t1_d0#segment5,1,44.0,20.4,23.6,True,45.0,moving_average
1476690000,D:\intelligent_transportation\data\lstm_sources\public\kddcup2017_china_tollgate\kdd2017_china_tollgate_20min.csv:kdd2017_t1_d0#segment5,1,56.0,27.8,28.2,True,44.0,moving_average
1476691200,D:\intelligent_transportation\data\lstm_sources\public\kddcup2017_china_tollgate\kdd2017_china_tollgate_20min.csv:kdd2017_t1_d0#segment5,1,50.0,36.4,13.600000000000001,True,56.0,moving_average
1476692400,D:\intelligent_transportation\data\lstm_sources\public\kddcup2017_china_tollgate\kdd2017_china_tollgate_20min.csv:kdd2017_t1_d0#segment5,1,46.0,42.8,3.200000000000003,True,50.0,moving_average
1476693600,D:\intelligent_transportation\data\lstm_sources\public\kddcup2017_china_tollgate\kdd2017_china_tollgate_20min.csv:kdd2017_t1_d0#segment5,1,56.0,48.2,7.799999999999997,True,46.0,moving_average
1476694800,D:\intelligent_transportation\data\lstm_sources\public\kddcup2017_china_tollgate\kdd2017_china_tollgate_20min.csv:kdd2017_t1_d0#segment5,1,43.0,50.4,-7.399999999999999,True,56.0,moving_average
1476696000,D:\intelligent_transportation\data\lstm_sources\public\kddcup2017_china_tollgate\kdd2017_china_tollgate_20min.csv:kdd2017_t1_d0#segment5,1,54.0,50.2,3.799999999999997,True,43.0,moving_average
1476697200,D:\intelligent_transportation\data\lstm_sources\public\kddcup2017_china_tollgate\kdd2017_china_tollgate_20min.csv:kdd2017_t1_d0#segment5,1,41.0,49.8,-8.799999999999997,True,54.0,moving_average
1476698400,D:\intelligent_transportation\data\lstm_sources\public\kddcup2017_china_tollgate\kdd2017_china_tollgate_20min.csv:kdd2017_t1_d0#segment5,1,46.0,48.0,-2.0,True,41.0,moving_average
1476699600,D:\intelligent_transportation\data\lstm_sources\public\kddcup2017_china_tollgate\kdd2017_china_tollgate_20min.csv:kdd2017_t1_d0#segment5,1,57.0,48.0,9.0,True,46.0,moving_average
1476700800,D:\intelligent_transportation\data\lstm_sources\public\kddcup2017_china_tollgate\kdd2017_china_tollgate_20min.csv:kdd2017_t1_d0#segment5,1,38.0,48.2,-10.200000000000003,True,57.0,moving_average
1476702000,D:\intelligent_transportation\data\lstm_sources\public\kddcup2017_china_tollgate\kdd2017_china_tollgate_20min.csv:kdd2017_t1_d0#segment5,1,29.0,47.2,-18.200000000000003,True,38.0,moving_average
1476703200,D:\intelligent_transportation\data\lstm_sources\public\kddcup2017_china_tollgate\kdd2017_china_tollgate_20min.csv:kdd2017_t1_d0#segment5,1,39.0,42.2,-3.200000000000003,True,29.0,moving_average
1476704400,D:\intelligent_transportation\data\lstm_sources\public\kddcup2017_china_tollgate\kdd2017_china_tollgate_20min.csv:kdd2017_t1_d0#segment5,1,33.0,41.8,-8.799999999999997,True,39.0,moving_average
1476705600,D:\intelligent_transportation\data\lstm_sources\public\kddcup2017_china_tollgate\kdd2017_china_tollgate_20min.csv:kdd2017_t1_d0#segment5,1,32.0,39.2,-7.200000000000003,True,33.0,moving_average
1476706800,D:\intelligent_transportation\data\lstm_sources\public\kddcup2017_china_tollgate\kdd2017_china_tollgate_20min.csv:kdd2017_t1_d0#segment5,1,47.0,34.2,12.799999999999997,True,32.0,moving_average
1476708000,D:\intelligent_transportation\data\lstm_sources\public\kddcup2017_china_tollgate\kdd2017_china_tollgate_20min.csv:kdd2017_t1_d0#segment5,1,44.0,36.0,8.0,True,47.0,moving_average
1476709200,D:\intelligent_transportation\data\lstm_sources\public\kddcup2017_china_tollgate\kdd2017_china_tollgate_20min.csv:kdd2017_t1_d0#segment5,1,35.0,39.0,-4.0,True,44.0,moving_average
1476710400,D:\intelligent_transportation\data\lstm_sources\public\kddcup2017_china_tollgate\kdd2017_china_tollgate_20min.csv:kdd2017_t1_d0#segment5,1,51.0,38.2,12.799999999999997,True,35.0,moving_average
1476711600,D:\intelligent_transportation\data\lstm_sources\public\kddcup2017_china_tollgate\kdd2017_china_tollgate_20min.csv:kdd2017_t1_d0#segment5,1,59.0,41.8,17.200000000000003,True,51.0,moving_average
1476712800,D:\intelligent_transportation\data\lstm_sources\public\kddcup2017_china_tollgate\kdd2017_china_tollgate_20min.csv:kdd2017_t1_d0#segment5,1,41.0,47.2,-6.200000000000003,True,59.0,moving_average
1476714000,D:\intelligent_transportation\data\lstm_sources\public\kddcup2017_china_tollgate\kdd2017_china_tollgate_20min.csv:kdd2017_t1_d0#segment5,1,47.0,46.0,1.0,True,41.0,moving_average
1476715200,D:\intelligent_transportation\data\lstm_sources\public\kddcup2017_china_tollgate\kdd2017_china_tollgate_20min.csv:kdd2017_t1_d0#segment5,1,52.0,46.6,5.399999999999999,True,47.0,moving_average
1476716400,D:\intelligent_transportation\data\lstm_sources\public\kddcup2017_china_tollgate\kdd2017_china_tollgate_20min.csv:kdd2017_t1_d0#segment5,1,46.0,50.0,-4.0,True,52.0,moving_average
1476717600,D:\intelligent_transportation\data\lstm_sources\public\kddcup2017_china_tollgate\kdd2017_china_tollgate_20min.csv:kdd2017_t1_d0#segment5,1,47.0,49.0,-2.0,True,46.0,moving_average
1476718800,D:\intelligent_transportation\data\lstm_sources\public\kddcup2017_china_tollgate\kdd2017_china_tollgate_20min.csv:kdd2017_t1_d0#segment5,1,35.0,46.6,-11.600000000000001,True,47.0,moving_average
1476720000,D:\intelligent_transportation\data\lstm_sources\public\kddcup2017_china_tollgate\kdd2017_china_tollgate_20min.csv:kdd2017_t1_d0#segment5,1,63.0,45.4,17.6,True,35.0,moving_average
1476721200,D:\intelligent_transportation\data\lstm_sources\public\kddcup2017_china_tollgate\kdd2017_china_tollgate_20min.csv:kdd2017_t1_d0#segment5,1,56.0,48.6,7.399999999999999,True,63.0,moving_average
1476722400,D:\intelligent_transportation\data\lstm_sources\public\kddcup2017_china_tollgate\kdd2017_china_tollgate_20min.csv:kdd2017_t1_d0#segment5,1,42.0,49.4,-7.399999999999999,True,56.0,moving_average
1476723600,D:\intelligent_transportation\data\lstm_sources\public\kddcup2017_china_tollgate\kdd2017_china_tollgate_20min.csv:kdd2017_t1_d0#segment5,1,43.0,48.6,-5.600000000000001,True,42.0,moving_average
1476724800,D:\intelligent_transportation\data\lstm_sources\public\kddcup2017_china_tollgate\kdd2017_china_tollgate_20min.csv:kdd2017_t1_d0#segment5,1,34.0,47.8,-13.799999999999997,True,43.0,moving_average
1476726000,D:\intelligent_transportation\data\lstm_sources\public\kddcup2017_china_tollgate\kdd2017_china_tollgate_20min.csv:kdd2017_t1_d0#segment5,1,25.0,47.6,-22.6,True,34.0,moving_average
1476727200,D:\intelligent_transportation\data\lstm_sources\public\kddcup2017_china_tollgate\kdd2017_china_tollgate_20min.csv:kdd2017_t1_d0#segment5,1,22.0,40.0,-18.0,True,25.0,moving_average
1476728400,D:\intelligent_transportation\data\lstm_sources\public\kddcup2017_china_tollgate\kdd2017_china_tollgate_20min.csv:kdd2017_t1_d0#segment5,1,24.0,33.2,-9.200000000000003,True,22.0,moving_average
1476729600,D:\intelligent_transportation\data\lstm_sources\public\kddcup2017_china_tollgate\kdd2017_china_tollgate_20min.csv:kdd2017_t1_d0#segment5,1,14.0,29.6,-15.600000000000001,True,24.0,moving_average
1476730800,D:\intelligent_transportation\data\lstm_sources\public\kddcup2017_china_tollgate\kdd2017_china_tollgate_20min.csv:kdd2017_t1_d0#segment5,1,26.0,23.8,2.1999999999999993,True,14.0,moving_average
1476732000,D:\intelligent_transportation\data\lstm_sources\public\kddcup2017_china_tollgate\kdd2017_china_tollgate_20min.csv:kdd2017_t1_d0#segment5,1,15.0,22.2,-7.199999999999999,True,26.0,moving_average
1476733200,D:\intelligent_transportation\data\lstm_sources\public\kddcup2017_china_tollgate\kdd2017_china_tollgate_20min.csv:kdd2017_t1_d0#segment5,1,16.0,20.2,-4.199999999999999,True,15.0,moving_average
1476734400,D:\intelligent_transportation\data\lstm_sources\public\kddcup2017_china_tollgate\kdd2017_china_tollgate_20min.csv:kdd2017_t1_d0#segment5,1,11.0,19.0,-8.0,True,16.0,moving_average
1476735600,D:\intelligent_transportation\data\lstm_sources\public\kddcup2017_china_tollgate\kdd2017_china_tollgate_20min.csv:kdd2017_t1_d0#segment5,1,17.0,16.4,0.6000000000000014,True,11.0,moving_average
1476736800,D:\intelligent_transportation\data\lstm_sources\public\kddcup2017_china_tollgate\kdd2017_china_tollgate_20min.csv:kdd2017_t1_d0#segment5,1,19.0,17.0,2.0,True,17.0,moving_average
1476738000,D:\intelligent_transportation\data\lstm_sources\public\kddcup2017_china_tollgate\kdd2017_china_tollgate_20min.csv:kdd2017_t1_d0#segment5,1,17.0,15.6,1.4000000000000004,True,19.0,moving_average
1476739200,D:\intelligent_transportation\data\lstm_sources\public\kddcup2017_china_tollgate\kdd2017_china_tollgate_20min.csv:kdd2017_t1_d0#segment5,1,11.0,16.0,-5.0,True,17.0,moving_average
1476740400,D:\intelligent_transportation\data\lstm_sources\public\kddcup2017_china_tollgate\kdd2017_china_tollgate_20min.csv:kdd2017_t1_d0#segment5,1,18.0,15.0,3.0,True,11.0,moving_average
1476741600,D:\intelligent_transportation\data\lstm_sources\public\kddcup2017_china_tollgate\kdd2017_china_tollgate_20min.csv:kdd2017_t1_d0#segment5,1,12.0,16.4,-4.399999999999999,True,18.0,moving_average
1476742800,D:\intelligent_transportation\data\lstm_sources\public\kddcup2017_china_tollgate\kdd2017_china_tollgate_20min.csv:kdd2017_t1_d0#segment5,1,10.0,15.4,-5.4,True,12.0,moving_average
1476744000,D:\intelligent_transportation\data\lstm_sources\public\kddcup2017_china_tollgate\kdd2017_china_tollgate_20min.csv:kdd2017_t1_d0#segment5,1,4.0,13.6,-9.6,True,10.0,moving_average
1476745200,D:\intelligent_transportation\data\lstm_sources\public\kddcup2017_china_tollgate\kdd2017_china_tollgate_20min.csv:kdd2017_t1_d0#segment5,1,1.0,11.0,-10.0,True,4.0,moving_average
1476746400,D:\intelligent_transportation\data\lstm_sources\public\kddcup2017_china_tollgate\kdd2017_china_tollgate_20min.csv:kdd2017_t1_d0#segment5,1,6.0,9.0,-3.0,True,1.0,moving_average
1476747600,D:\intelligent_transportation\data\lstm_sources\public\kddcup2017_china_tollgate\kdd2017_china_tollgate_20min.csv:kdd2017_t1_d0#segment5,1,2.0,6.6,-4.6,True,6.0,moving_average
1476379200,D:\intelligent_transportation\data\lstm_sources\public\kddcup2017_china_tollgate\kdd2017_china_tollgate_20min.csv:kdd2017_t1_d1#segment5,1,94.0,99.2,-5.200000000000003,True,114.0,moving_average
1476380400,D:\intelligent_transportation\data\lstm_sources\public\kddcup2017_china_tollgate\kdd2017_china_tollgate_20min.csv:kdd2017_t1_d1#segment5,1,120.0,101.4,18.599999999999994,True,94.0,moving_average
1476381600,D:\intelligent_transportation\data\lstm_sources\public\kddcup2017_china_tollgate\kdd2017_china_tollgate_20min.csv:kdd2017_t1_d1#segment5,1,53.0,108.6,-55.599999999999994,True,120.0,moving_average
1476382800,D:\intelligent_transportation\data\lstm_sources\public\kddcup2017_china_tollgate\kdd2017_china_tollgate_20min.csv:kdd2017_t1_d1#segment5,1,73.0,96.0,-23.0,True,53.0,moving_average
1476384000,D:\intelligent_transportation\data\lstm_sources\public\kddcup2017_china_tollgate\kdd2017_china_tollgate_20min.csv:kdd2017_t1_d1#segment5,1,76.0,90.8,-14.799999999999997,True,73.0,moving_average
1476385200,D:\intelligent_transportation\data\lstm_sources\public\kddcup2017_china_tollgate\kdd2017_china_tollgate_20min.csv:kdd2017_t1_d1#segment5,1,48.0,83.2,-35.2,True,76.0,moving_average
1476386400,D:\intelligent_transportation\data\lstm_sources\public\kddcup2017_china_tollgate\kdd2017_china_tollgate_20min.csv:kdd2017_t1_d1#segment5,1,29.0,74.0,-45.0,True,48.0,moving_average
1476387600,D:\intelligent_transportation\data\lstm_sources\public\kddcup2017_china_tollgate\kdd2017_china_tollgate_20min.csv:kdd2017_t1_d1#segment5,1,53.0,55.8,-2.799999999999997,True,29.0,moving_average
1476388800,D:\intelligent_transportation\data\lstm_sources\public\kddcup2017_china_tollgate\kdd2017_china_tollgate_20min.csv:kdd2017_t1_d1#segment5,1,43.0,55.8,-12.799999999999997,True,53.0,moving_average
1476390000,D:\intelligent_transportation\data\lstm_sources\public\kddcup2017_china_tollgate\kdd2017_china_tollgate_20min.csv:kdd2017_t1_d1#segment5,1,38.0,49.8,-11.799999999999997,True,43.0,moving_average
1476391200,D:\intelligent_transportation\data\lstm_sources\public\kddcup2017_china_tollgate\kdd2017_china_tollgate_20min.csv:kdd2017_t1_d1#segment5,1,38.0,42.2,-4.200000000000003,True,38.0,moving_average
1476392400,D:\intelligent_transportation\data\lstm_sources\public\kddcup2017_china_tollgate\kdd2017_china_tollgate_20min.csv:kdd2017_t1_d1#segment5,1,29.0,40.2,-11.200000000000003,True,38.0,moving_average
1476393600,D:\intelligent_transportation\data\lstm_sources\public\kddcup2017_china_tollgate\kdd2017_china_tollgate_20min.csv:kdd2017_t1_d1#segment5,1,23.0,40.2,-17.200000000000003,True,29.0,moving_average
1476394800,D:\intelligent_transportation\data\lstm_sources\public\kddcup2017_china_tollgate\kdd2017_china_tollgate_20min.csv:kdd2017_t1_d1#segment5,1,25.0,34.2,-9.200000000000003,True,23.0,moving_average
1476396000,D:\intelligent_transportation\data\lstm_sources\public\kddcup2017_china_tollgate\kdd2017_china_tollgate_20min.csv:kdd2017_t1_d1#segment5,1,24.0,30.6,-6.600000000000001,True,25.0,moving_average
1476397200,D:\intelligent_transportation\data\lstm_sources\public\kddcup2017_china_tollgate\kdd2017_china_tollgate_20min.csv:kdd2017_t1_d1#segment5,1,19.0,27.8,-8.8,True,24.0,moving_average
1476398400,D:\intelligent_transportation\data\lstm_sources\public\kddcup2017_china_tollgate\kdd2017_china_tollgate_20min.csv:kdd2017_t1_d1#segment5,1,25.0,24.0,1.0,True,19.0,moving_average
1476399600,D:\intelligent_transportation\data\lstm_sources\public\kddcup2017_china_tollgate\kdd2017_china_tollgate_20min.csv:kdd2017_t1_d1#segment5,1,14.0,23.2,-9.2,True,25.0,moving_average
1476400800,D:\intelligent_transportation\data\lstm_sources\public\kddcup2017_china_tollgate\kdd2017_china_tollgate_20min.csv:kdd2017_t1_d1#segment5,1,11.0,21.4,-10.399999999999999,True,14.0,moving_average
1476402000,D:\intelligent_transportation\data\lstm_sources\public\kddcup2017_china_tollgate\kdd2017_china_tollgate_20min.csv:kdd2017_t1_d1#segment5,1,8.0,18.6,-10.600000000000001,True,11.0,moving_average
1476403200,D:\intelligent_transportation\data\lstm_sources\public\kddcup2017_china_tollgate\kdd2017_china_tollgate_20min.csv:kdd2017_t1_d1#segment5,1,122.0,15.4,106.6,True,8.0,moving_average
1476404400,D:\intelligent_transportation\data\lstm_sources\public\kddcup2017_china_tollgate\kdd2017_china_tollgate_20min.csv:kdd2017_t1_d1#segment5,1,57.0,36.0,21.0,True,122.0,moving_average
1476405600,D:\intelligent_transportation\data\lstm_sources\public\kddcup2017_china_tollgate\kdd2017_china_tollgate_20min.csv:kdd2017_t1_d1#segment5,1,32.0,42.4,-10.399999999999999,True,57.0,moving_average
1476406800,D:\intelligent_transportation\data\lstm_sources\public\kddcup2017_china_tollgate\kdd2017_china_tollgate_20min.csv:kdd2017_t1_d1#segment5,1,6.0,46.0,-40.0,True,32.0,moving_average
1476408000,D:\intelligent_transportation\data\lstm_sources\public\kddcup2017_china_tollgate\kdd2017_china_tollgate_20min.csv:kdd2017_t1_d1#segment5,1,10.0,45.0,-35.0,True,6.0,moving_average
1476409200,D:\intelligent_transportation\data\lstm_sources\public\kddcup2017_china_tollgate\kdd2017_china_tollgate_20min.csv:kdd2017_t1_d1#segment5,1,7.0,45.4,-38.4,True,10.0,moving_average
1476410400,D:\intelligent_transportation\data\lstm_sources\public\kddcup2017_china_tollgate\kdd2017_china_tollgate_20min.csv:kdd2017_t1_d1#segment5,1,9.0,22.4,-13.399999999999999,True,7.0,moving_average
1476411600,D:\intelligent_transportation\data\lstm_sources\public\kddcup2017_china_tollgate\kdd2017_china_tollgate_20min.csv:kdd2017_t1_d1#segment5,1,8.0,12.8,-4.800000000000001,True,9.0,moving_average
1476412800,D:\intelligent_transportation\data\lstm_sources\public\kddcup2017_china_tollgate\kdd2017_china_tollgate_20min.csv:kdd2017_t1_d1#segment5,1,6.0,8.0,-2.0,True,8.0,moving_average
1476414000,D:\intelligent_transportation\data\lstm_sources\public\kddcup2017_china_tollgate\kdd2017_china_tollgate_20min.csv:kdd2017_t1_d1#segment5,1,7.0,8.0,-1.0,True,6.0,moving_average
1476415200,D:\intelligent_transportation\data\lstm_sources\public\kddcup2017_china_tollgate\kdd2017_china_tollgate_20min.csv:kdd2017_t1_d1#segment5,1,8.0,7.4,0.5999999999999996,True,7.0,moving_average
1476416400,D:\intelligent_transportation\data\lstm_sources\public\kddcup2017_china_tollgate\kdd2017_china_tollgate_20min.csv:kdd2017_t1_d1#segment5,1,12.0,7.6,4.4,True,8.0,moving_average
1476417600,D:\intelligent_transportation\data\lstm_sources\public\kddcup2017_china_tollgate\kdd2017_china_tollgate_20min.csv:kdd2017_t1_d1#segment5,1,16.0,8.2,7.800000000000001,True,12.0,moving_average
1476418800,D:\intelligent_transportation\data\lstm_sources\public\kddcup2017_china_tollgate\kdd2017_china_tollgate_20min.csv:kdd2017_t1_d1#segment5,1,17.0,9.8,7.199999999999999,True,16.0,moving_average
1476420000,D:\intelligent_transportation\data\lstm_sources\public\kddcup2017_china_tollgate\kdd2017_china_tollgate_20min.csv:kdd2017_t1_d1#segment5,1,25.0,12.0,13.0,True,17.0,moving_average
1476421200,D:\intelligent_transportation\data\lstm_sources\public\kddcup2017_china_tollgate\kdd2017_china_tollgate_20min.csv:kdd2017_t1_d1#segment5,1,29.0,15.6,13.4,True,25.0,moving_average
1476422400,D:\intelligent_transportation\data\lstm_sources\public\kddcup2017_china_tollgate\kdd2017_china_tollgate_20min.csv:kdd2017_t1_d1#segment5,1,33.0,19.8,13.2,True,29.0,moving_average
1476423600,D:\intelligent_transportation\data\lstm_sources\public\kddcup2017_china_tollgate\kdd2017_china_tollgate_20min.csv:kdd2017_t1_d1#segment5,1,41.0,24.0,17.0,True,33.0,moving_average
1476424800,D:\intelligent_transportation\data\lstm_sources\public\kddcup2017_china_tollgate\kdd2017_china_tollgate_20min.csv:kdd2017_t1_d1#segment5,1,34.0,29.0,5.0,True,41.0,moving_average
1476426000,D:\intelligent_transportation\data\lstm_sources\public\kddcup2017_china_tollgate\kdd2017_china_tollgate_20min.csv:kdd2017_t1_d1#segment5,1,48.0,32.4,15.600000000000001,True,34.0,moving_average
1476427200,D:\intelligent_transportation\data\lstm_sources\public\kddcup2017_china_tollgate\kdd2017_china_tollgate_20min.csv:kdd2017_t1_d1#segment5,1,57.0,37.0,20.0,True,48.0,moving_average
1476428400,D:\intelligent_transportation\data\lstm_sources\public\kddcup2017_china_tollgate\kdd2017_china_tollgate_20min.csv:kdd2017_t1_d1#segment5,1,72.0,42.6,29.4,True,57.0,moving_average
1476429600,D:\intelligent_transportation\data\lstm_sources\public\kddcup2017_china_tollgate\kdd2017_china_tollgate_20min.csv:kdd2017_t1_d1#segment5,1,78.0,50.4,27.6,True,72.0,moving_average
1476430800,D:\intelligent_transportation\data\lstm_sources\public\kddcup2017_china_tollgate\kdd2017_china_tollgate_20min.csv:kdd2017_t1_d1#segment5,1,120.0,57.8,62.2,True,78.0,moving_average
1476432000,D:\intelligent_transportation\data\lstm_sources\public\kddcup2017_china_tollgate\kdd2017_china_tollgate_20min.csv:kdd2017_t1_d1#segment5,1,108.0,75.0,33.0,True,120.0,moving_average
1476433200,D:\intelligent_transportation\data\lstm_sources\public\kddcup2017_china_tollgate\kdd2017_china_tollgate_20min.csv:kdd2017_t1_d1#segment5,1,107.0,87.0,20.0,True,108.0,moving_average
1476434400,D:\intelligent_transportation\data\lstm_sources\public\kddcup2017_china_tollgate\kdd2017_china_tollgate_20min.csv:kdd2017_t1_d1#segment5,1,108.0,97.0,11.0,True,107.0,moving_average
1476435600,D:\intelligent_transportation\data\lstm_sources\public\kddcup2017_china_tollgate\kdd2017_china_tollgate_20min.csv:kdd2017_t1_d1#segment5,1,126.0,104.2,21.799999999999997,True,108.0,moving_average
1476436800,D:\intelligent_transportation\data\lstm_sources\public\kddcup2017_china_tollgate\kdd2017_china_tollgate_20min.csv:kdd2017_t1_d1#segment5,1,111.0,113.8,-2.799999999999997,True,126.0,moving_average
1476438000,D:\intelligent_transportation\data\lstm_sources\public\kddcup2017_china_tollgate\kdd2017_china_tollgate_20min.csv:kdd2017_t1_d1#segment5,1,152.0,112.0,40.0,True,111.0,moving_average
1476439200,D:\intelligent_transportation\data\lstm_sources\public\kddcup2017_china_tollgate\kdd2017_china_tollgate_20min.csv:kdd2017_t1_d1#segment5,1,89.0,120.8,-31.799999999999997,True,152.0,moving_average
1476440400,D:\intelligent_transportation\data\lstm_sources\public\kddcup2017_china_tollgate\kdd2017_china_tollgate_20min.csv:kdd2017_t1_d1#segment5,1,137.0,117.2,19.799999999999997,True,89.0,moving_average
1476441600,D:\intelligent_transportation\data\lstm_sources\public\kddcup2017_china_tollgate\kdd2017_china_tollgate_20min.csv:kdd2017_t1_d1#segment5,1,94.0,123.0,-29.0,True,137.0,moving_average
1476442800,D:\intelligent_transportation\data\lstm_sources\public\kddcup2017_china_tollgate\kdd2017_china_tollgate_20min.csv:kdd2017_t1_d1#segment5,1,91.0,116.6,-25.599999999999994,True,94.0,moving_average
1476444000,D:\intelligent_transportation\data\lstm_sources\public\kddcup2017_china_tollgate\kdd2017_china_tollgate_20min.csv:kdd2017_t1_d1#segment5,1,98.0,112.6,-14.599999999999994,True,91.0,moving_average
1476445200,D:\intelligent_transportation\data\lstm_sources\public\kddcup2017_china_tollgate\kdd2017_china_tollgate_20min.csv:kdd2017_t1_d1#segment5,1,89.0,101.8,-12.799999999999997,True,98.0,moving_average
1476446400,D:\intelligent_transportation\data\lstm_sources\public\kddcup2017_china_tollgate\kdd2017_china_tollgate_20min.csv:kdd2017_t1_d1#segment5,1,103.0,101.8,1.2000000000000028,True,89.0,moving_average
1476447600,D:\intelligent_transportation\data\lstm_sources\public\kddcup2017_china_tollgate\kdd2017_china_tollgate_20min.csv:kdd2017_t1_d1#segment5,1,93.0,95.0,-2.0,True,103.0,moving_average
1476448800,D:\intelligent_transportation\data\lstm_sources\public\kddcup2017_china_tollgate\kdd2017_china_tollgate_20min.csv:kdd2017_t1_d1#segment5,1,88.0,94.8,-6.799999999999997,True,93.0,moving_average
1476450000,D:\intelligent_transportation\data\lstm_sources\public\kddcup2017_china_tollgate\kdd2017_china_tollgate_20min.csv:kdd2017_t1_d1#segment5,1,99.0,94.2,4.799999999999997,True,88.0,moving_average
1476451200,D:\intelligent_transportation\data\lstm_sources\public\kddcup2017_china_tollgate\kdd2017_china_tollgate_20min.csv:kdd2017_t1_d1#segment5,1,111.0,94.4,16.599999999999994,True,99.0,moving_average
1476452400,D:\intelligent_transportation\data\lstm_sources\public\kddcup2017_china_tollgate\kdd2017_china_tollgate_20min.csv:kdd2017_t1_d1#segment5,1,108.0,98.8,9.200000000000003,True,111.0,moving_average
1476453600,D:\intelligent_transportation\data\lstm_sources\public\kddcup2017_china_tollgate\kdd2017_china_tollgate_20min.csv:kdd2017_t1_d1#segment5,1,122.0,99.8,22.200000000000003,True,108.0,moving_average
1476454800,D:\intelligent_transportation\data\lstm_sources\public\kddcup2017_china_tollgate\kdd2017_china_tollgate_20min.csv:kdd2017_t1_d1#segment5,1,101.0,105.6,-4.599999999999994,True,122.0,moving_average
1476456000,D:\intelligent_transportation\data\lstm_sources\public\kddcup2017_china_tollgate\kdd2017_china_tollgate_20min.csv:kdd2017_t1_d1#segment5,1,100.0,108.2,-8.200000000000003,True,101.0,moving_average
1476457200,D:\intelligent_transportation\data\lstm_sources\public\kddcup2017_china_tollgate\kdd2017_china_tollgate_20min.csv:kdd2017_t1_d1#segment5,1,117.0,108.4,8.599999999999994,True,100.0,moving_average
1476458400,D:\intelligent_transportation\data\lstm_sources\public\kddcup2017_china_tollgate\kdd2017_china_tollgate_20min.csv:kdd2017_t1_d1#segment5,1,116.0,109.6,6.400000000000006,True,117.0,moving_average
1476459600,D:\intelligent_transportation\data\lstm_sources\public\kddcup2017_china_tollgate\kdd2017_china_tollgate_20min.csv:kdd2017_t1_d1#segment5,1,116.0,111.2,4.799999999999997,True,116.0,moving_average
1476460800,D:\intelligent_transportation\data\lstm_sources\public\kddcup2017_china_tollgate\kdd2017_china_tollgate_20min.csv:kdd2017_t1_d1#segment5,1,105.0,110.0,-5.0,True,116.0,moving_average
1476462000,D:\intelligent_transportation\data\lstm_sources\public\kddcup2017_china_tollgate\kdd2017_china_tollgate_20min.csv:kdd2017_t1_d1#segment5,1,125.0,110.8,14.200000000000003,True,105.0,moving_average
1476463200,D:\intelligent_transportation\data\lstm_sources\public\kddcup2017_china_tollgate\kdd2017_china_tollgate_20min.csv:kdd2017_t1_d1#segment5,1,114.0,115.8,-1.7999999999999972,True,125.0,moving_average
1476464400,D:\intelligent_transportation\data\lstm_sources\public\kddcup2017_china_tollgate\kdd2017_china_tollgate_20min.csv:kdd2017_t1_d1#segment5,1,122.0,115.2,6.799999999999997,True,114.0,moving_average
1476465600,D:\intelligent_transportation\data\lstm_sources\public\kddcup2017_china_tollgate\kdd2017_china_tollgate_20min.csv:kdd2017_t1_d1#segment5,1,132.0,116.4,15.599999999999994,True,122.0,moving_average
1476466800,D:\intelligent_transportation\data\lstm_sources\public\kddcup2017_china_tollgate\kdd2017_china_tollgate_20min.csv:kdd2017_t1_d1#segment5,1,135.0,119.6,15.400000000000006,True,132.0,moving_average
1476468000,D:\intelligent_transportation\data\lstm_sources\public\kddcup2017_china_tollgate\kdd2017_china_tollgate_20min.csv:kdd2017_t1_d1#segment5,1,89.0,125.6,-36.599999999999994,True,135.0,moving_average
1476469200,D:\intelligent_transportation\data\lstm_sources\public\kddcup2017_china_tollgate\kdd2017_china_tollgate_20min.csv:kdd2017_t1_d1#segment5,1,85.0,118.4,-33.400000000000006,True,89.0,moving_average
1476470400,D:\intelligent_transportation\data\lstm_sources\public\kddcup2017_china_tollgate\kdd2017_china_tollgate_20min.csv:kdd2017_t1_d1#segment5,1,84.0,112.6,-28.599999999999994,True,85.0,moving_average
1476471600,D:\intelligent_transportation\data\lstm_sources\public\kddcup2017_china_tollgate\kdd2017_china_tollgate_20min.csv:kdd2017_t1_d1#segment5,1,58.0,105.0,-47.0,True,84.0,moving_average
1476472800,D:\intelligent_transportation\data\lstm_sources\public\kddcup2017_china_tollgate\kdd2017_china_tollgate_20min.csv:kdd2017_t1_d1#segment5,1,64.0,90.2,-26.200000000000003,True,58.0,moving_average
1476474000,D:\intelligent_transportation\data\lstm_sources\public\kddcup2017_china_tollgate\kdd2017_china_tollgate_20min.csv:kdd2017_t1_d1#segment5,1,59.0,76.0,-17.0,True,64.0,moving_average
1476475200,D:\intelligent_transportation\data\lstm_sources\public\kddcup2017_china_tollgate\kdd2017_china_tollgate_20min.csv:kdd2017_t1_d1#segment5,1,55.0,70.0,-15.0,True,59.0,moving_average
1476476400,D:\intelligent_transportation\data\lstm_sources\public\kddcup2017_china_tollgate\kdd2017_china_tollgate_20min.csv:kdd2017_t1_d1#segment5,1,47.0,64.0,-17.0,True,55.0,moving_average
1476477600,D:\intelligent_transportation\data\lstm_sources\public\kddcup2017_china_tollgate\kdd2017_china_tollgate_20min.csv:kdd2017_t1_d1#segment5,1,50.0,56.6,-6.600000000000001,True,47.0,moving_average
1476478800,D:\intelligent_transportation\data\lstm_sources\public\kddcup2017_china_tollgate\kdd2017_china_tollgate_20min.csv:kdd2017_t1_d1#segment5,1,37.0,55.0,-18.0,True,50.0,moving_average
1476480000,D:\intelligent_transportation\data\lstm_sources\public\kddcup2017_china_tollgate\kdd2017_china_tollgate_20min.csv:kdd2017_t1_d1#segment5,1,31.0,49.6,-18.6,True,37.0,moving_average
1476481200,D:\intelligent_transportation\data\lstm_sources\public\kddcup2017_china_tollgate\kdd2017_china_tollgate_20min.csv:kdd2017_t1_d1#segment5,1,39.0,44.0,-5.0,True,31.0,moving_average
1476482400,D:\intelligent_transportation\data\lstm_sources\public\kddcup2017_china_tollgate\kdd2017_china_tollgate_20min.csv:kdd2017_t1_d1#segment5,1,20.0,40.8,-20.799999999999997,True,39.0,moving_average
1476483600,D:\intelligent_transportation\data\lstm_sources\public\kddcup2017_china_tollgate\kdd2017_china_tollgate_20min.csv:kdd2017_t1_d1#segment5,1,32.0,35.4,-3.3999999999999986,True,20.0,moving_average
1476484800,D:\intelligent_transportation\data\lstm_sources\public\kddcup2017_china_tollgate\kdd2017_china_tollgate_20min.csv:kdd2017_t1_d1#segment5,1,29.0,31.8,-2.8000000000000007,True,32.0,moving_average
1476486000,D:\intelligent_transportation\data\lstm_sources\public\kddcup2017_china_tollgate\kdd2017_china_tollgate_20min.csv:kdd2017_t1_d1#segment5,1,12.0,30.2,-18.2,True,29.0,moving_average
1476487200,D:\intelligent_transportation\data\lstm_sources\public\kddcup2017_china_tollgate\kdd2017_china_tollgate_20min.csv:kdd2017_t1_d1#segment5,1,22.0,26.4,-4.399999999999999,True,12.0,moving_average
1476488400,D:\intelligent_transportation\data\lstm_sources\public\kddcup2017_china_tollgate\kdd2017_china_tollgate_20min.csv:kdd2017_t1_d1#segment5,1,13.0,23.0,-10.0,True,22.0,moving_average
1476489600,D:\intelligent_transportation\data\lstm_sources\public\kddcup2017_china_tollgate\kdd2017_china_tollgate_20min.csv:kdd2017_t1_d1#segment5,1,127.0,21.6,105.4,True,13.0,moving_average
1476490800,D:\intelligent_transportation\data\lstm_sources\public\kddcup2017_china_tollgate\kdd2017_china_tollgate_20min.csv:kdd2017_t1_d1#segment5,1,92.0,40.6,51.4,True,127.0,moving_average
1476492000,D:\intelligent_transportation\data\lstm_sources\public\kddcup2017_china_tollgate\kdd2017_china_tollgate_20min.csv:kdd2017_t1_d1#segment5,1,60.0,53.2,6.799999999999997,True,92.0,moving_average
1476493200,D:\intelligent_transportation\data\lstm_sources\public\kddcup2017_china_tollgate\kdd2017_china_tollgate_20min.csv:kdd2017_t1_d1#segment5,1,13.0,62.8,-49.8,True,60.0,moving_average
1476494400,D:\intelligent_transportation\data\lstm_sources\public\kddcup2017_china_tollgate\kdd2017_china_tollgate_20min.csv:kdd2017_t1_d1#segment5,1,11.0,61.0,-50.0,True,13.0,moving_average
1476495600,D:\intelligent_transportation\data\lstm_sources\public\kddcup2017_china_tollgate\kdd2017_china_tollgate_20min.csv:kdd2017_t1_d1#segment5,1,11.0,60.6,-49.6,True,11.0,moving_average
1476496800,D:\intelligent_transportation\data\lstm_sources\public\kddcup2017_china_tollgate\kdd2017_china_tollgate_20min.csv:kdd2017_t1_d1#segment5,1,8.0,37.4,-29.4,True,11.0,moving_average
1476498000,D:\intelligent_transportation\data\lstm_sources\public\kddcup2017_china_tollgate\kdd2017_china_tollgate_20min.csv:kdd2017_t1_d1#segment5,1,4.0,20.6,-16.6,True,8.0,moving_average
1476499200,D:\intelligent_transportation\data\lstm_sources\public\kddcup2017_china_tollgate\kdd2017_china_tollgate_20min.csv:kdd2017_t1_d1#segment5,1,12.0,9.4,2.5999999999999996,True,4.0,moving_average
1476500400,D:\intelligent_transportation\data\lstm_sources\public\kddcup2017_china_tollgate\kdd2017_china_tollgate_20min.csv:kdd2017_t1_d1#segment5,1,10.0,9.2,0.8000000000000007,True,12.0,moving_average
1476501600,D:\intelligent_transportation\data\lstm_sources\public\kddcup2017_china_tollgate\kdd2017_china_tollgate_20min.csv:kdd2017_t1_d1#segment5,1,9.0,9.0,0.0,True,10.0,moving_average
1476502800,D:\intelligent_transportation\data\lstm_sources\public\kddcup2017_china_tollgate\kdd2017_china_tollgate_20min.csv:kdd2017_t1_d1#segment5,1,16.0,8.6,7.4,True,9.0,moving_average
1476504000,D:\intelligent_transportation\data\lstm_sources\public\kddcup2017_china_tollgate\kdd2017_china_tollgate_20min.csv:kdd2017_t1_d1#segment5,1,13.0,10.2,2.8000000000000007,True,16.0,moving_average
1476505200,D:\intelligent_transportation\data\lstm_sources\public\kddcup2017_china_tollgate\kdd2017_china_tollgate_20min.csv:kdd2017_t1_d1#segment5,1,23.0,12.0,11.0,True,13.0,moving_average
1476506400,D:\intelligent_transportation\data\lstm_sources\public\kddcup2017_china_tollgate\kdd2017_china_tollgate_20min.csv:kdd2017_t1_d1#segment5,1,23.0,14.2,8.8,True,23.0,moving_average
1476507600,D:\intelligent_transportation\data\lstm_sources\public\kddcup2017_china_tollgate\kdd2017_china_tollgate_20min.csv:kdd2017_t1_d1#segment5,1,24.0,16.8,7.199999999999999,True,23.0,moving_average
1476508800,D:\intelligent_transportation\data\lstm_sources\public\kddcup2017_china_tollgate\kdd2017_china_tollgate_20min.csv:kdd2017_t1_d1#segment5,1,28.0,19.8,8.2,True,24.0,moving_average
1476510000,D:\intelligent_transportation\data\lstm_sources\public\kddcup2017_china_tollgate\kdd2017_china_tollgate_20min.csv:kdd2017_t1_d1#segment5,1,37.0,22.2,14.8,True,28.0,moving_average
1476511200,D:\intelligent_transportation\data\lstm_sources\public\kddcup2017_china_tollgate\kdd2017_china_tollgate_20min.csv:kdd2017_t1_d1#segment5,1,43.0,27.0,16.0,True,37.0,moving_average
1476512400,D:\intelligent_transportation\data\lstm_sources\public\kddcup2017_china_tollgate\kdd2017_china_tollgate_20min.csv:kdd2017_t1_d1#segment5,1,44.0,31.0,13.0,True,43.0,moving_average
1476513600,D:\intelligent_transportation\data\lstm_sources\public\kddcup2017_china_tollgate\kdd2017_china_tollgate_20min.csv:kdd2017_t1_d1#segment5,1,59.0,35.2,23.799999999999997,True,44.0,moving_average
1476514800,D:\intelligent_transportation\data\lstm_sources\public\kddcup2017_china_tollgate\kdd2017_china_tollgate_20min.csv:kdd2017_t1_d1#segment5,1,49.0,42.2,6.799999999999997,True,59.0,moving_average
1476516000,D:\intelligent_transportation\data\lstm_sources\public\kddcup2017_china_tollgate\kdd2017_china_tollgate_20min.csv:kdd2017_t1_d1#segment5,1,75.0,46.4,28.6,True,49.0,moving_average
1476517200,D:\intelligent_transportation\data\lstm_sources\public\kddcup2017_china_tollgate\kdd2017_china_tollgate_20min.csv:kdd2017_t1_d1#segment5,1,72.0,54.0,18.0,True,75.0,moving_average
1476518400,D:\intelligent_transportation\data\lstm_sources\public\kddcup2017_china_tollgate\kdd2017_china_tollgate_20min.csv:kdd2017_t1_d1#segment5,1,73.0,59.8,13.200000000000003,True,72.0,moving_average
1476519600,D:\intelligent_transportation\data\lstm_sources\public\kddcup2017_china_tollgate\kdd2017_china_tollgate_20min.csv:kdd2017_t1_d1#segment5,1,103.0,65.6,37.400000000000006,True,73.0,moving_average
1476520800,D:\intelligent_transportation\data\lstm_sources\public\kddcup2017_china_tollgate\kdd2017_china_tollgate_20min.csv:kdd2017_t1_d1#segment5,1,123.0,74.4,48.599999999999994,True,103.0,moving_average
1476522000,D:\intelligent_transportation\data\lstm_sources\public\kddcup2017_china_tollgate\kdd2017_china_tollgate_20min.csv:kdd2017_t1_d1#segment5,1,110.0,89.2,20.799999999999997,True,123.0,moving_average
1476523200,D:\intelligent_transportation\data\lstm_sources\public\kddcup2017_china_tollgate\kdd2017_china_tollgate_20min.csv:kdd2017_t1_d1#segment5,1,103.0,96.2,6.799999999999997,True,110.0,moving_average
1476524400,D:\intelligent_transportation\data\lstm_sources\public\kddcup2017_china_tollgate\kdd2017_china_tollgate_20min.csv:kdd2017_t1_d1#segment5,1,121.0,102.4,18.599999999999994,True,103.0,moving_average
1476525600,D:\intelligent_transportation\data\lstm_sources\public\kddcup2017_china_tollgate\kdd2017_china_tollgate_20min.csv:kdd2017_t1_d1#segment5,1,114.0,112.0,2.0,True,121.0,moving_average
1476526800,D:\intelligent_transportation\data\lstm_sources\public\kddcup2017_china_tollgate\kdd2017_china_tollgate_20min.csv:kdd2017_t1_d1#segment5,1,105.0,114.2,-9.200000000000003,True,114.0,moving_average
1476528000,D:\intelligent_transportation\data\lstm_sources\public\kddcup2017_china_tollgate\kdd2017_china_tollgate_20min.csv:kdd2017_t1_d1#segment5,1,104.0,110.6,-6.599999999999994,True,105.0,moving_average
1476529200,D:\intelligent_transportation\data\lstm_sources\public\kddcup2017_china_tollgate\kdd2017_china_tollgate_20min.csv:kdd2017_t1_d1#segment5,1,101.0,109.4,-8.400000000000006,True,104.0,moving_average
1476530400,D:\intelligent_transportation\data\lstm_sources\public\kddcup2017_china_tollgate\kdd2017_china_tollgate_20min.csv:kdd2017_t1_d1#segment5,1,91.0,109.0,-18.0,True,101.0,moving_average
1476531600,D:\intelligent_transportation\data\lstm_sources\public\kddcup2017_china_tollgate\kdd2017_china_tollgate_20min.csv:kdd2017_t1_d1#segment5,1,91.0,103.0,-12.0,True,91.0,moving_average
1476532800,D:\intelligent_transportation\data\lstm_sources\public\kddcup2017_china_tollgate\kdd2017_china_tollgate_20min.csv:kdd2017_t1_d1#segment5,1,72.0,98.4,-26.400000000000006,True,91.0,moving_average
1476534000,D:\intelligent_transportation\data\lstm_sources\public\kddcup2017_china_tollgate\kdd2017_china_tollgate_20min.csv:kdd2017_t1_d1#segment5,1,87.0,91.8,-4.799999999999997,True,72.0,moving_average
1476535200,D:\intelligent_transportation\data\lstm_sources\public\kddcup2017_china_tollgate\kdd2017_china_tollgate_20min.csv:kdd2017_t1_d1#segment5,1,86.0,88.4,-2.4000000000000057,True,87.0,moving_average
1476536400,D:\intelligent_transportation\data\lstm_sources\public\kddcup2017_china_tollgate\kdd2017_china_tollgate_20min.csv:kdd2017_t1_d1#segment5,1,87.0,85.4,1.5999999999999943,True,86.0,moving_average
1476537600,D:\intelligent_transportation\data\lstm_sources\public\kddcup2017_china_tollgate\kdd2017_china_tollgate_20min.csv:kdd2017_t1_d1#segment5,1,87.0,84.6,2.4000000000000057,True,87.0,moving_average
1476538800,D:\intelligent_transportation\data\lstm_sources\public\kddcup2017_china_tollgate\kdd2017_china_tollgate_20min.csv:kdd2017_t1_d1#segment5,1,107.0,83.8,23.200000000000003,True,87.0,moving_average
1476540000,D:\intelligent_transportation\data\lstm_sources\public\kddcup2017_china_tollgate\kdd2017_china_tollgate_20min.csv:kdd2017_t1_d1#segment5,1,108.0,90.8,17.200000000000003,True,107.0,moving_average
1476541200,D:\intelligent_transportation\data\lstm_sources\public\kddcup2017_china_tollgate\kdd2017_china_tollgate_20min.csv:kdd2017_t1_d1#segment5,1,100.0,95.0,5.0,True,108.0,moving_average
1476542400,D:\intelligent_transportation\data\lstm_sources\public\kddcup2017_china_tollgate\kdd2017_china_tollgate_20min.csv:kdd2017_t1_d1#segment5,1,93.0,97.8,-4.799999999999997,True,100.0,moving_average
1476543600,D:\intelligent_transportation\data\lstm_sources\public\kddcup2017_china_tollgate\kdd2017_china_tollgate_20min.csv:kdd2017_t1_d1#segment5,1,108.0,99.0,9.0,True,93.0,moving_average
1476544800,D:\intelligent_transportation\data\lstm_sources\public\kddcup2017_china_tollgate\kdd2017_china_tollgate_20min.csv:kdd2017_t1_d1#segment5,1,85.0,103.2,-18.200000000000003,True,108.0,moving_average
1476546000,D:\intelligent_transportation\data\lstm_sources\public\kddcup2017_china_tollgate\kdd2017_china_tollgate_20min.csv:kdd2017_t1_d1#segment5,1,96.0,98.8,-2.799999999999997,True,85.0,moving_average
1476547200,D:\intelligent_transportation\data\lstm_sources\public\kddcup2017_china_tollgate\kdd2017_china_tollgate_20min.csv:kdd2017_t1_d1#segment5,1,92.0,96.4,-4.400000000000006,True,96.0,moving_average
1476548400,D:\intelligent_transportation\data\lstm_sources\public\kddcup2017_china_tollgate\kdd2017_china_tollgate_20min.csv:kdd2017_t1_d1#segment5,1,89.0,94.8,-5.799999999999997,True,92.0,moving_average
1476549600,D:\intelligent_transportation\data\lstm_sources\public\kddcup2017_china_tollgate\kdd2017_china_tollgate_20min.csv:kdd2017_t1_d1#segment5,1,93.0,94.0,-1.0,True,89.0,moving_average
1476550800,D:\intelligent_transportation\data\lstm_sources\public\kddcup2017_china_tollgate\kdd2017_china_tollgate_20min.csv:kdd2017_t1_d1#segment5,1,85.0,91.0,-6.0,True,93.0,moving_average
1476552000,D:\intelligent_transportation\data\lstm_sources\public\kddcup2017_china_tollgate\kdd2017_china_tollgate_20min.csv:kdd2017_t1_d1#segment5,1,94.0,91.0,3.0,True,85.0,moving_average
1476553200,D:\intelligent_transportation\data\lstm_sources\public\kddcup2017_china_tollgate\kdd2017_china_tollgate_20min.csv:kdd2017_t1_d1#segment5,1,90.0,90.6,-0.5999999999999943,True,94.0,moving_average
1476554400,D:\intelligent_transportation\data\lstm_sources\public\kddcup2017_china_tollgate\kdd2017_china_tollgate_20min.csv:kdd2017_t1_d1#segment5,1,67.0,90.2,-23.200000000000003,True,90.0,moving_average
1476555600,D:\intelligent_transportation\data\lstm_sources\public\kddcup2017_china_tollgate\kdd2017_china_tollgate_20min.csv:kdd2017_t1_d1#segment5,1,71.0,85.8,-14.799999999999997,True,67.0,moving_average
1476556800,D:\intelligent_transportation\data\lstm_sources\public\kddcup2017_china_tollgate\kdd2017_china_tollgate_20min.csv:kdd2017_t1_d1#segment5,1,61.0,81.4,-20.400000000000006,True,71.0,moving_average
1476558000,D:\intelligent_transportation\data\lstm_sources\public\kddcup2017_china_tollgate\kdd2017_china_tollgate_20min.csv:kdd2017_t1_d1#segment5,1,46.0,76.6,-30.599999999999994,True,61.0,moving_average
1476559200,D:\intelligent_transportation\data\lstm_sources\public\kddcup2017_china_tollgate\kdd2017_china_tollgate_20min.csv:kdd2017_t1_d1#segment5,1,55.0,67.0,-12.0,True,46.0,moving_average
1476560400,D:\intelligent_transportation\data\lstm_sources\public\kddcup2017_china_tollgate\kdd2017_china_tollgate_20min.csv:kdd2017_t1_d1#segment5,1,48.0,60.0,-12.0,True,55.0,moving_average
1476561600,D:\intelligent_transportation\data\lstm_sources\public\kddcup2017_china_tollgate\kdd2017_china_tollgate_20min.csv:kdd2017_t1_d1#segment5,1,44.0,56.2,-12.200000000000003,True,48.0,moving_average
1476562800,D:\intelligent_transportation\data\lstm_sources\public\kddcup2017_china_tollgate\kdd2017_china_tollgate_20min.csv:kdd2017_t1_d1#segment5,1,38.0,50.8,-12.799999999999997,True,44.0,moving_average
1476564000,D:\intelligent_transportation\data\lstm_sources\public\kddcup2017_china_tollgate\kdd2017_china_tollgate_20min.csv:kdd2017_t1_d1#segment5,1,40.0,46.2,-6.200000000000003,True,38.0,moving_average
1476565200,D:\intelligent_transportation\data\lstm_sources\public\kddcup2017_china_tollgate\kdd2017_china_tollgate_20min.csv:kdd2017_t1_d1#segment5,1,34.0,45.0,-11.0,True,40.0,moving_average
1476566400,D:\intelligent_transportation\data\lstm_sources\public\kddcup2017_china_tollgate\kdd2017_china_tollgate_20min.csv:kdd2017_t1_d1#segment5,1,28.0,40.8,-12.799999999999997,True,34.0,moving_average
1476567600,D:\intelligent_transportation\data\lstm_sources\public\kddcup2017_china_tollgate\kdd2017_china_tollgate_20min.csv:kdd2017_t1_d1#segment5,1,28.0,36.8,-8.799999999999997,True,28.0,moving_average
1476568800,D:\intelligent_transportation\data\lstm_sources\public\kddcup2017_china_tollgate\kdd2017_china_tollgate_20min.csv:kdd2017_t1_d1#segment5,1,25.0,33.6,-8.600000000000001,True,28.0,moving_average
1476570000,D:\intelligent_transportation\data\lstm_sources\public\kddcup2017_china_tollgate\kdd2017_china_tollgate_20min.csv:kdd2017_t1_d1#segment5,1,21.0,31.0,-10.0,True,25.0,moving_average
1476571200,D:\intelligent_transportation\data\lstm_sources\public\kddcup2017_china_tollgate\kdd2017_china_tollgate_20min.csv:kdd2017_t1_d1#segment5,1,21.0,27.2,-6.199999999999999,True,21.0,moving_average
1476572400,D:\intelligent_transportation\data\lstm_sources\public\kddcup2017_china_tollgate\kdd2017_china_tollgate_20min.csv:kdd2017_t1_d1#segment5,1,20.0,24.6,-4.600000000000001,True,21.0,moving_average
1476573600,D:\intelligent_transportation\data\lstm_sources\public\kddcup2017_china_tollgate\kdd2017_china_tollgate_20min.csv:kdd2017_t1_d1#segment5,1,13.0,23.0,-10.0,True,20.0,moving_average
1476574800,D:\intelligent_transportation\data\lstm_sources\public\kddcup2017_china_tollgate\kdd2017_china_tollgate_20min.csv:kdd2017_t1_d1#segment5,1,15.0,20.0,-5.0,True,13.0,moving_average
1476576000,D:\intelligent_transportation\data\lstm_sources\public\kddcup2017_china_tollgate\kdd2017_china_tollgate_20min.csv:kdd2017_t1_d1#segment5,1,107.0,18.0,89.0,True,15.0,moving_average
1476577200,D:\intelligent_transportation\data\lstm_sources\public\kddcup2017_china_tollgate\kdd2017_china_tollgate_20min.csv:kdd2017_t1_d1#segment5,1,68.0,35.2,32.8,True,107.0,moving_average
1476578400,D:\intelligent_transportation\data\lstm_sources\public\kddcup2017_china_tollgate\kdd2017_china_tollgate_20min.csv:kdd2017_t1_d1#segment5,1,35.0,44.6,-9.600000000000001,True,68.0,moving_average
1476579600,D:\intelligent_transportation\data\lstm_sources\public\kddcup2017_china_tollgate\kdd2017_china_tollgate_20min.csv:kdd2017_t1_d1#segment5,1,4.0,47.6,-43.6,True,35.0,moving_average
1476580800,D:\intelligent_transportation\data\lstm_sources\public\kddcup2017_china_tollgate\kdd2017_china_tollgate_20min.csv:kdd2017_t1_d1#segment5,1,10.0,45.8,-35.8,True,4.0,moving_average
1476582000,D:\intelligent_transportation\data\lstm_sources\public\kddcup2017_china_tollgate\kdd2017_china_tollgate_20min.csv:kdd2017_t1_d1#segment5,1,11.0,44.8,-33.8,True,10.0,moving_average
1476583200,D:\intelligent_transportation\data\lstm_sources\public\kddcup2017_china_tollgate\kdd2017_china_tollgate_20min.csv:kdd2017_t1_d1#segment5,1,7.0,25.6,-18.6,True,11.0,moving_average
1476584400,D:\intelligent_transportation\data\lstm_sources\public\kddcup2017_china_tollgate\kdd2017_china_tollgate_20min.csv:kdd2017_t1_d1#segment5,1,6.0,13.4,-7.4,True,7.0,moving_average
1476585600,D:\intelligent_transportation\data\lstm_sources\public\kddcup2017_china_tollgate\kdd2017_china_tollgate_20min.csv:kdd2017_t1_d1#segment5,1,8.0,7.6,0.40000000000000036,True,6.0,moving_average
1476586800,D:\intelligent_transportation\data\lstm_sources\public\kddcup2017_china_tollgate\kdd2017_china_tollgate_20min.csv:kdd2017_t1_d1#segment5,1,7.0,8.4,-1.4000000000000004,True,8.0,moving_average
1476588000,D:\intelligent_transportation\data\lstm_sources\public\kddcup2017_china_tollgate\kdd2017_china_tollgate_20min.csv:kdd2017_t1_d1#segment5,1,15.0,7.8,7.2,True,7.0,moving_average
1476589200,D:\intelligent_transportation\data\lstm_sources\public\kddcup2017_china_tollgate\kdd2017_china_tollgate_20min.csv:kdd2017_t1_d1#segment5,1,15.0,8.6,6.4,True,15.0,moving_average
1476590400,D:\intelligent_transportation\data\lstm_sources\public\kddcup2017_china_tollgate\kdd2017_china_tollgate_20min.csv:kdd2017_t1_d1#segment5,1,17.0,10.2,6.800000000000001,True,15.0,moving_average
1476591600,D:\intelligent_transportation\data\lstm_sources\public\kddcup2017_china_tollgate\kdd2017_china_tollgate_20min.csv:kdd2017_t1_d1#segment5,1,14.0,12.4,1.5999999999999996,True,17.0,moving_average
1476592800,D:\intelligent_transportation\data\lstm_sources\public\kddcup2017_china_tollgate\kdd2017_china_tollgate_20min.csv:kdd2017_t1_d1#segment5,1,22.0,13.6,8.4,True,14.0,moving_average
1476594000,D:\intelligent_transportation\data\lstm_sources\public\kddcup2017_china_tollgate\kdd2017_china_tollgate_20min.csv:kdd2017_t1_d1#segment5,1,32.0,16.6,15.399999999999999,True,22.0,moving_average
1476595200,D:\intelligent_transportation\data\lstm_sources\public\kddcup2017_china_tollgate\kdd2017_china_tollgate_20min.csv:kdd2017_t1_d1#segment5,1,33.0,20.0,13.0,True,32.0,moving_average
1476596400,D:\intelligent_transportation\data\lstm_sources\public\kddcup2017_china_tollgate\kdd2017_china_tollgate_20min.csv:kdd2017_t1_d1#segment5,1,37.0,23.6,13.399999999999999,True,33.0,moving_average
1476597600,D:\intelligent_transportation\data\lstm_sources\public\kddcup2017_china_tollgate\kdd2017_china_tollgate_20min.csv:kdd2017_t1_d1#segment5,1,37.0,27.6,9.399999999999999,True,37.0,moving_average
1476598800,D:\intelligent_transportation\data\lstm_sources\public\kddcup2017_china_tollgate\kdd2017_china_tollgate_20min.csv:kdd2017_t1_d1#segment5,1,32.0,32.2,-0.20000000000000284,True,37.0,moving_average
1476600000,D:\intelligent_transportation\data\lstm_sources\public\kddcup2017_china_tollgate\kdd2017_china_tollgate_20min.csv:kdd2017_t1_d1#segment5,1,58.0,34.2,23.799999999999997,True,32.0,moving_average
1476601200,D:\intelligent_transportation\data\lstm_sources\public\kddcup2017_china_tollgate\kdd2017_china_tollgate_20min.csv:kdd2017_t1_d1#segment5,1,36.0,39.4,-3.3999999999999986,True,58.0,moving_average
1476602400,D:\intelligent_transportation\data\lstm_sources\public\kddcup2017_china_tollgate\kdd2017_china_tollgate_20min.csv:kdd2017_t1_d1#segment5,1,50.0,40.0,10.0,True,36.0,moving_average
1476603600,D:\intelligent_transportation\data\lstm_sources\public\kddcup2017_china_tollgate\kdd2017_china_tollgate_20min.csv:kdd2017_t1_d1#segment5,1,39.0,42.6,-3.6000000000000014,True,50.0,moving_average
1476604800,D:\intelligent_transportation\data\lstm_sources\public\kddcup2017_china_tollgate\kdd2017_china_tollgate_20min.csv:kdd2017_t1_d1#segment5,1,47.0,43.0,4.0,True,39.0,moving_average
1476606000,D:\intelligent_transportation\data\lstm_sources\public\kddcup2017_china_tollgate\kdd2017_china_tollgate_20min.csv:kdd2017_t1_d1#segment5,1,72.0,46.0,26.0,True,47.0,moving_average
1476607200,D:\intelligent_transportation\data\lstm_sources\public\kddcup2017_china_tollgate\kdd2017_china_tollgate_20min.csv:kdd2017_t1_d1#segment5,1,67.0,48.8,18.200000000000003,True,72.0,moving_average
1476608400,D:\intelligent_transportation\data\lstm_sources\public\kddcup2017_china_tollgate\kdd2017_china_tollgate_20min.csv:kdd2017_t1_d1#segment5,1,100.0,55.0,45.0,True,67.0,moving_average
1476609600,D:\intelligent_transportation\data\lstm_sources\public\kddcup2017_china_tollgate\kdd2017_china_tollgate_20min.csv:kdd2017_t1_d1#segment5,1,108.0,65.0,43.0,True,100.0,moving_average
1476610800,D:\intelligent_transportation\data\lstm_sources\public\kddcup2017_china_tollgate\kdd2017_china_tollgate_20min.csv:kdd2017_t1_d1#segment5,1,108.0,78.8,29.200000000000003,True,108.0,moving_average
1476612000,D:\intelligent_transportation\data\lstm_sources\public\kddcup2017_china_tollgate\kdd2017_china_tollgate_20min.csv:kdd2017_t1_d1#segment5,1,88.0,91.0,-3.0,True,108.0,moving_average
1476613200,D:\intelligent_transportation\data\lstm_sources\public\kddcup2017_china_tollgate\kdd2017_china_tollgate_20min.csv:kdd2017_t1_d1#segment5,1,107.0,94.2,12.799999999999997,True,88.0,moving_average
1476614400,D:\intelligent_transportation\data\lstm_sources\public\kddcup2017_china_tollgate\kdd2017_china_tollgate_20min.csv:kdd2017_t1_d1#segment5,1,102.0,102.2,-0.20000000000000284,True,107.0,moving_average
1476615600,D:\intelligent_transportation\data\lstm_sources\public\kddcup2017_china_tollgate\kdd2017_china_tollgate_20min.csv:kdd2017_t1_d1#segment5,1,96.0,102.6,-6.599999999999994,True,102.0,moving_average
1476616800,D:\intelligent_transportation\data\lstm_sources\public\kddcup2017_china_tollgate\kdd2017_china_tollgate_20min.csv:kdd2017_t1_d1#segment5,1,99.0,100.2,-1.2000000000000028,True,96.0,moving_average
1476618000,D:\intelligent_transportation\data\lstm_sources\public\kddcup2017_china_tollgate\kdd2017_china_tollgate_20min.csv:kdd2017_t1_d1#segment5,1,77.0,98.4,-21.400000000000006,True,99.0,moving_average
1476619200,D:\intelligent_transportation\data\lstm_sources\public\kddcup2017_china_tollgate\kdd2017_china_tollgate_20min.csv:kdd2017_t1_d1#segment5,1,94.0,96.2,-2.200000000000003,True,77.0,moving_average
1476620400,D:\intelligent_transportation\data\lstm_sources\public\kddcup2017_china_tollgate\kdd2017_china_tollgate_20min.csv:kdd2017_t1_d1#segment5,1,73.0,93.6,-20.599999999999994,True,94.0,moving_average
1476621600,D:\intelligent_transportation\data\lstm_sources\public\kddcup2017_china_tollgate\kdd2017_china_tollgate_20min.csv:kdd2017_t1_d1#segment5,1,89.0,87.8,1.2000000000000028,True,73.0,moving_average
1476622800,D:\intelligent_transportation\data\lstm_sources\public\kddcup2017_china_tollgate\kdd2017_china_tollgate_20min.csv:kdd2017_t1_d1#segment5,1,108.0,86.4,21.599999999999994,True,89.0,moving_average
1476624000,D:\intelligent_transportation\data\lstm_sources\public\kddcup2017_china_tollgate\kdd2017_china_tollgate_20min.csv:kdd2017_t1_d1#segment5,1,104.0,88.2,15.799999999999997,True,108.0,moving_average
1476625200,D:\intelligent_transportation\data\lstm_sources\public\kddcup2017_china_tollgate\kdd2017_china_tollgate_20min.csv:kdd2017_t1_d1#segment5,1,105.0,93.6,11.400000000000006,True,104.0,moving_average
1476626400,D:\intelligent_transportation\data\lstm_sources\public\kddcup2017_china_tollgate\kdd2017_china_tollgate_20min.csv:kdd2017_t1_d1#segment5,1,112.0,95.8,16.200000000000003,True,105.0,moving_average
1476627600,D:\intelligent_transportation\data\lstm_sources\public\kddcup2017_china_tollgate\kdd2017_china_tollgate_20min.csv:kdd2017_t1_d1#segment5,1,108.0,103.6,4.400000000000006,True,112.0,moving_average
1476628800,D:\intelligent_transportation\data\lstm_sources\public\kddcup2017_china_tollgate\kdd2017_china_tollgate_20min.csv:kdd2017_t1_d1#segment5,1,97.0,107.4,-10.400000000000006,True,108.0,moving_average
1476630000,D:\intelligent_transportation\data\lstm_sources\public\kddcup2017_china_tollgate\kdd2017_china_tollgate_20min.csv:kdd2017_t1_d1#segment5,1,119.0,105.2,13.799999999999997,True,97.0,moving_average
1476631200,D:\intelligent_transportation\data\lstm_sources\public\kddcup2017_china_tollgate\kdd2017_china_tollgate_20min.csv:kdd2017_t1_d1#segment5,1,118.0,108.2,9.799999999999997,True,119.0,moving_average
1476632400,D:\intelligent_transportation\data\lstm_sources\public\kddcup2017_china_tollgate\kdd2017_china_tollgate_20min.csv:kdd2017_t1_d1#segment5,1,99.0,110.8,-11.799999999999997,True,118.0,moving_average
1476633600,D:\intelligent_transportation\data\lstm_sources\public\kddcup2017_china_tollgate\kdd2017_china_tollgate_20min.csv:kdd2017_t1_d1#segment5,1,135.0,108.2,26.799999999999997,True,99.0,moving_average
1476634800,D:\intelligent_transportation\data\lstm_sources\public\kddcup2017_china_tollgate\kdd2017_china_tollgate_20min.csv:kdd2017_t1_d1#segment5,1,111.0,113.6,-2.5999999999999943,True,135.0,moving_average
1476636000,D:\intelligent_transportation\data\lstm_sources\public\kddcup2017_china_tollgate\kdd2017_china_tollgate_20min.csv:kdd2017_t1_d1#segment5,1,105.0,116.4,-11.400000000000006,True,111.0,moving_average
1476637200,D:\intelligent_transportation\data\lstm_sources\public\kddcup2017_china_tollgate\kdd2017_china_tollgate_20min.csv:kdd2017_t1_d1#segment5,1,98.0,113.6,-15.599999999999994,True,105.0,moving_average
1476638400,D:\intelligent_transportation\data\lstm_sources\public\kddcup2017_china_tollgate\kdd2017_china_tollgate_20min.csv:kdd2017_t1_d1#segment5,1,134.0,109.6,24.400000000000006,True,98.0,moving_average
1476639600,D:\intelligent_transportation\data\lstm_sources\public\kddcup2017_china_tollgate\kdd2017_china_tollgate_20min.csv:kdd2017_t1_d1#segment5,1,111.0,116.6,-5.599999999999994,True,134.0,moving_average
1476640800,D:\intelligent_transportation\data\lstm_sources\public\kddcup2017_china_tollgate\kdd2017_china_tollgate_20min.csv:kdd2017_t1_d1#segment5,1,76.0,111.8,-35.8,True,111.0,moving_average
1476642000,D:\intelligent_transportation\data\lstm_sources\public\kddcup2017_china_tollgate\kdd2017_china_tollgate_20min.csv:kdd2017_t1_d1#segment5,1,77.0,104.8,-27.799999999999997,True,76.0,moving_average
1476643200,D:\intelligent_transportation\data\lstm_sources\public\kddcup2017_china_tollgate\kdd2017_china_tollgate_20min.csv:kdd2017_t1_d1#segment5,1,56.0,99.2,-43.2,True,77.0,moving_average
1476644400,D:\intelligent_transportation\data\lstm_sources\public\kddcup2017_china_tollgate\kdd2017_china_tollgate_20min.csv:kdd2017_t1_d1#segment5,1,63.0,90.8,-27.799999999999997,True,56.0,moving_average
1476645600,D:\intelligent_transportation\data\lstm_sources\public\kddcup2017_china_tollgate\kdd2017_china_tollgate_20min.csv:kdd2017_t1_d1#segment5,1,64.0,76.6,-12.599999999999994,True,63.0,moving_average
1476646800,D:\intelligent_transportation\data\lstm_sources\public\kddcup2017_china_tollgate\kdd2017_china_tollgate_20min.csv:kdd2017_t1_d1#segment5,1,64.0,67.2,-3.200000000000003,True,64.0,moving_average
1476648000,D:\intelligent_transportation\data\lstm_sources\public\kddcup2017_china_tollgate\kdd2017_china_tollgate_20min.csv:kdd2017_t1_d1#segment5,1,58.0,64.8,-6.799999999999997,True,64.0,moving_average
1476649200,D:\intelligent_transportation\data\lstm_sources\public\kddcup2017_china_tollgate\kdd2017_china_tollgate_20min.csv:kdd2017_t1_d1#segment5,1,53.0,61.0,-8.0,True,58.0,moving_average
1476650400,D:\intelligent_transportation\data\lstm_sources\public\kddcup2017_china_tollgate\kdd2017_china_tollgate_20min.csv:kdd2017_t1_d1#segment5,1,52.0,60.4,-8.399999999999999,True,53.0,moving_average
1476651600,D:\intelligent_transportation\data\lstm_sources\public\kddcup2017_china_tollgate\kdd2017_china_tollgate_20min.csv:kdd2017_t1_d1#segment5,1,34.0,58.2,-24.200000000000003,True,52.0,moving_average
1476652800,D:\intelligent_transportation\data\lstm_sources\public\kddcup2017_china_tollgate\kdd2017_china_tollgate_20min.csv:kdd2017_t1_d1#segment5,1,45.0,52.2,-7.200000000000003,True,34.0,moving_average
1476654000,D:\intelligent_transportation\data\lstm_sources\public\kddcup2017_china_tollgate\kdd2017_china_tollgate_20min.csv:kdd2017_t1_d1#segment5,1,27.0,48.4,-21.4,True,45.0,moving_average
1476655200,D:\intelligent_transportation\data\lstm_sources\public\kddcup2017_china_tollgate\kdd2017_china_tollgate_20min.csv:kdd2017_t1_d1#segment5,1,17.0,42.2,-25.200000000000003,True,27.0,moving_average
1476656400,D:\intelligent_transportation\data\lstm_sources\public\kddcup2017_china_tollgate\kdd2017_china_tollgate_20min.csv:kdd2017_t1_d1#segment5,1,16.0,35.0,-19.0,True,17.0,moving_average
1476657600,D:\intelligent_transportation\data\lstm_sources\public\kddcup2017_china_tollgate\kdd2017_china_tollgate_20min.csv:kdd2017_t1_d1#segment5,1,27.0,27.8,-0.8000000000000007,True,16.0,moving_average
1476658800,D:\intelligent_transportation\data\lstm_sources\public\kddcup2017_china_tollgate\kdd2017_china_tollgate_20min.csv:kdd2017_t1_d1#segment5,1,15.0,26.4,-11.399999999999999,True,27.0,moving_average
1476660000,D:\intelligent_transportation\data\lstm_sources\public\kddcup2017_china_tollgate\kdd2017_china_tollgate_20min.csv:kdd2017_t1_d1#segment5,1,21.0,20.4,0.6000000000000014,True,15.0,moving_average
1476661200,D:\intelligent_transportation\data\lstm_sources\public\kddcup2017_china_tollgate\kdd2017_china_tollgate_20min.csv:kdd2017_t1_d1#segment5,1,16.0,19.2,-3.1999999999999993,True,21.0,moving_average
1476662400,D:\intelligent_transportation\data\lstm_sources\public\kddcup2017_china_tollgate\kdd2017_china_tollgate_20min.csv:kdd2017_t1_d1#segment5,1,139.0,19.0,120.0,True,16.0,moving_average
1476663600,D:\intelligent_transportation\data\lstm_sources\public\kddcup2017_china_tollgate\kdd2017_china_tollgate_20min.csv:kdd2017_t1_d1#segment5,1,55.0,43.6,11.399999999999999,True,139.0,moving_average
1476664800,D:\intelligent_transportation\data\lstm_sources\public\kddcup2017_china_tollgate\kdd2017_china_tollgate_20min.csv:kdd2017_t1_d1#segment5,1,33.0,49.2,-16.200000000000003,True,55.0,moving_average
1476666000,D:\intelligent_transportation\data\lstm_sources\public\kddcup2017_china_tollgate\kdd2017_china_tollgate_20min.csv:kdd2017_t1_d1#segment5,1,7.0,52.8,-45.8,True,33.0,moving_average
1476667200,D:\intelligent_transportation\data\lstm_sources\public\kddcup2017_china_tollgate\kdd2017_china_tollgate_20min.csv:kdd2017_t1_d1#segment5,1,7.0,50.0,-43.0,True,7.0,moving_average
1476668400,D:\intelligent_transportation\data\lstm_sources\public\kddcup2017_china_tollgate\kdd2017_china_tollgate_20min.csv:kdd2017_t1_d1#segment5,1,10.0,48.2,-38.2,True,7.0,moving_average
1476669600,D:\intelligent_transportation\data\lstm_sources\public\kddcup2017_china_tollgate\kdd2017_china_tollgate_20min.csv:kdd2017_t1_d1#segment5,1,5.0,22.4,-17.4,True,10.0,moving_average
1476670800,D:\intelligent_transportation\data\lstm_sources\public\kddcup2017_china_tollgate\kdd2017_china_tollgate_20min.csv:kdd2017_t1_d1#segment5,1,9.0,12.4,-3.4000000000000004,True,5.0,moving_average
1476672000,D:\intelligent_transportation\data\lstm_sources\public\kddcup2017_china_tollgate\kdd2017_china_tollgate_20min.csv:kdd2017_t1_d1#segment5,1,6.0,7.6,-1.5999999999999996,True,9.0,moving_average
1476673200,D:\intelligent_transportation\data\lstm_sources\public\kddcup2017_china_tollgate\kdd2017_china_tollgate_20min.csv:kdd2017_t1_d1#segment5,1,6.0,7.4,-1.4000000000000004,True,6.0,moving_average
1476674400,D:\intelligent_transportation\data\lstm_sources\public\kddcup2017_china_tollgate\kdd2017_china_tollgate_20min.csv:kdd2017_t1_d1#segment5,1,11.0,7.2,3.8,True,6.0,moving_average
1476675600,D:\intelligent_transportation\data\lstm_sources\public\kddcup2017_china_tollgate\kdd2017_china_tollgate_20min.csv:kdd2017_t1_d1#segment5,1,21.0,7.4,13.6,True,11.0,moving_average
1476676800,D:\intelligent_transportation\data\lstm_sources\public\kddcup2017_china_tollgate\kdd2017_china_tollgate_20min.csv:kdd2017_t1_d1#segment5,1,13.0,10.6,2.4000000000000004,True,21.0,moving_average
1476678000,D:\intelligent_transportation\data\lstm_sources\public\kddcup2017_china_tollgate\kdd2017_china_tollgate_20min.csv:kdd2017_t1_d1#segment5,1,20.0,11.4,8.6,True,13.0,moving_average
1476679200,D:\intelligent_transportation\data\lstm_sources\public\kddcup2017_china_tollgate\kdd2017_china_tollgate_20min.csv:kdd2017_t1_d1#segment5,1,26.0,14.2,11.8,True,20.0,moving_average
1476680400,D:\intelligent_transportation\data\lstm_sources\public\kddcup2017_china_tollgate\kdd2017_china_tollgate_20min.csv:kdd2017_t1_d1#segment5,1,27.0,18.2,8.8,True,26.0,moving_average
1476681600,D:\intelligent_transportation\data\lstm_sources\public\kddcup2017_china_tollgate\kdd2017_china_tollgate_20min.csv:kdd2017_t1_d1#segment5,1,32.0,21.4,10.600000000000001,True,27.0,moving_average
1476682800,D:\intelligent_transportation\data\lstm_sources\public\kddcup2017_china_tollgate\kdd2017_china_tollgate_20min.csv:kdd2017_t1_d1#segment5,1,38.0,23.6,14.399999999999999,True,32.0,moving_average
1476684000,D:\intelligent_transportation\data\lstm_sources\public\kddcup2017_china_tollgate\kdd2017_china_tollgate_20min.csv:kdd2017_t1_d1#segment5,1,45.0,28.6,16.4,True,38.0,moving_average
1476685200,D:\intelligent_transportation\data\lstm_sources\public\kddcup2017_china_tollgate\kdd2017_china_tollgate_20min.csv:kdd2017_t1_d1#segment5,1,68.0,33.6,34.4,True,45.0,moving_average
1476686400,D:\intelligent_transportation\data\lstm_sources\public\kddcup2017_china_tollgate\kdd2017_china_tollgate_20min.csv:kdd2017_t1_d1#segment5,1,73.0,42.0,31.0,True,68.0,moving_average
1476687600,D:\intelligent_transportation\data\lstm_sources\public\kddcup2017_china_tollgate\kdd2017_china_tollgate_20min.csv:kdd2017_t1_d1#segment5,1,106.0,51.2,54.8,True,73.0,moving_average
1476688800,D:\intelligent_transportation\data\lstm_sources\public\kddcup2017_china_tollgate\kdd2017_china_tollgate_20min.csv:kdd2017_t1_d1#segment5,1,120.0,66.0,54.0,True,106.0,moving_average
1476690000,D:\intelligent_transportation\data\lstm_sources\public\kddcup2017_china_tollgate\kdd2017_china_tollgate_20min.csv:kdd2017_t1_d1#segment5,1,130.0,82.4,47.599999999999994,True,120.0,moving_average
1476691200,D:\intelligent_transportation\data\lstm_sources\public\kddcup2017_china_tollgate\kdd2017_china_tollgate_20min.csv:kdd2017_t1_d1#segment5,1,132.0,99.4,32.599999999999994,True,130.0,moving_average
1476692400,D:\intelligent_transportation\data\lstm_sources\public\kddcup2017_china_tollgate\kdd2017_china_tollgate_20min.csv:kdd2017_t1_d1#segment5,1,140.0,112.2,27.799999999999997,True,132.0,moving_average
1476693600,D:\intelligent_transportation\data\lstm_sources\public\kddcup2017_china_tollgate\kdd2017_china_tollgate_20min.csv:kdd2017_t1_d1#segment5,1,141.0,125.6,15.400000000000006,True,140.0,moving_average
1476694800,D:\intelligent_transportation\data\lstm_sources\public\kddcup2017_china_tollgate\kdd2017_china_tollgate_20min.csv:kdd2017_t1_d1#segment5,1,161.0,132.6,28.400000000000006,True,141.0,moving_average
1476696000,D:\intelligent_transportation\data\lstm_sources\public\kddcup2017_china_tollgate\kdd2017_china_tollgate_20min.csv:kdd2017_t1_d1#segment5,1,120.0,140.8,-20.80000000000001,True,161.0,moving_average
1476697200,D:\intelligent_transportation\data\lstm_sources\public\kddcup2017_china_tollgate\kdd2017_china_tollgate_20min.csv:kdd2017_t1_d1#segment5,1,121.0,138.8,-17.80000000000001,True,120.0,moving_average
1476698400,D:\intelligent_transportation\data\lstm_sources\public\kddcup2017_china_tollgate\kdd2017_china_tollgate_20min.csv:kdd2017_t1_d1#segment5,1,101.0,136.6,-35.599999999999994,True,121.0,moving_average
1476699600,D:\intelligent_transportation\data\lstm_sources\public\kddcup2017_china_tollgate\kdd2017_china_tollgate_20min.csv:kdd2017_t1_d1#segment5,1,101.0,128.8,-27.80000000000001,True,101.0,moving_average
1476700800,D:\intelligent_transportation\data\lstm_sources\public\kddcup2017_china_tollgate\kdd2017_china_tollgate_20min.csv:kdd2017_t1_d1#segment5,1,90.0,120.8,-30.799999999999997,True,101.0,moving_average
1476702000,D:\intelligent_transportation\data\lstm_sources\public\kddcup2017_china_tollgate\kdd2017_china_tollgate_20min.csv:kdd2017_t1_d1#segment5,1,62.0,106.6,-44.599999999999994,True,90.0,moving_average
1476703200,D:\intelligent_transportation\data\lstm_sources\public\kddcup2017_china_tollgate\kdd2017_china_tollgate_20min.csv:kdd2017_t1_d1#segment5,1,73.0,95.0,-22.0,True,62.0,moving_average
1476704400,D:\intelligent_transportation\data\lstm_sources\public\kddcup2017_china_tollgate\kdd2017_china_tollgate_20min.csv:kdd2017_t1_d1#segment5,1,107.0,85.4,21.599999999999994,True,73.0,moving_average
1476705600,D:\intelligent_transportation\data\lstm_sources\public\kddcup2017_china_tollgate\kdd2017_china_tollgate_20min.csv:kdd2017_t1_d1#segment5,1,87.0,86.6,0.4000000000000057,True,107.0,moving_average
1476706800,D:\intelligent_transportation\data\lstm_sources\public\kddcup2017_china_tollgate\kdd2017_china_tollgate_20min.csv:kdd2017_t1_d1#segment5,1,87.0,83.8,3.200000000000003,True,87.0,moving_average
1476708000,D:\intelligent_transportation\data\lstm_sources\public\kddcup2017_china_tollgate\kdd2017_china_tollgate_20min.csv:kdd2017_t1_d1#segment5,1,87.0,83.2,3.799999999999997,True,87.0,moving_average
1476709200,D:\intelligent_transportation\data\lstm_sources\public\kddcup2017_china_tollgate\kdd2017_china_tollgate_20min.csv:kdd2017_t1_d1#segment5,1,88.0,88.2,-0.20000000000000284,True,87.0,moving_average
1476710400,D:\intelligent_transportation\data\lstm_sources\public\kddcup2017_china_tollgate\kdd2017_china_tollgate_20min.csv:kdd2017_t1_d1#segment5,1,100.0,91.2,8.799999999999997,True,88.0,moving_average
1476711600,D:\intelligent_transportation\data\lstm_sources\public\kddcup2017_china_tollgate\kdd2017_china_tollgate_20min.csv:kdd2017_t1_d1#segment5,1,85.0,89.8,-4.799999999999997,True,100.0,moving_average
1476712800,D:\intelligent_transportation\data\lstm_sources\public\kddcup2017_china_tollgate\kdd2017_china_tollgate_20min.csv:kdd2017_t1_d1#segment5,1,87.0,89.4,-2.4000000000000057,True,85.0,moving_average
1476714000,D:\intelligent_transportation\data\lstm_sources\public\kddcup2017_china_tollgate\kdd2017_china_tollgate_20min.csv:kdd2017_t1_d1#segment5,1,93.0,89.4,3.5999999999999943,True,87.0,moving_average
1476715200,D:\intelligent_transportation\data\lstm_sources\public\kddcup2017_china_tollgate\kdd2017_china_tollgate_20min.csv:kdd2017_t1_d1#segment5,1,109.0,90.6,18.400000000000006,True,93.0,moving_average
1476716400,D:\intelligent_transportation\data\lstm_sources\public\kddcup2017_china_tollgate\kdd2017_china_tollgate_20min.csv:kdd2017_t1_d1#segment5,1,99.0,94.8,4.200000000000003,True,109.0,moving_average
1476717600,D:\intelligent_transportation\data\lstm_sources\public\kddcup2017_china_tollgate\kdd2017_china_tollgate_20min.csv:kdd2017_t1_d1#segment5,1,92.0,94.6,-2.5999999999999943,True,99.0,moving_average
1476718800,D:\intelligent_transportation\data\lstm_sources\public\kddcup2017_china_tollgate\kdd2017_china_tollgate_20min.csv:kdd2017_t1_d1#segment5,1,89.0,96.0,-7.0,True,92.0,moving_average
1476720000,D:\intelligent_transportation\data\lstm_sources\public\kddcup2017_china_tollgate\kdd2017_china_tollgate_20min.csv:kdd2017_t1_d1#segment5,1,101.0,96.4,4.599999999999994,True,89.0,moving_average
1476721200,D:\intelligent_transportation\data\lstm_sources\public\kddcup2017_china_tollgate\kdd2017_china_tollgate_20min.csv:kdd2017_t1_d1#segment5,1,108.0,98.0,10.0,True,101.0,moving_average
1476722400,D:\intelligent_transportation\data\lstm_sources\public\kddcup2017_china_tollgate\kdd2017_china_tollgate_20min.csv:kdd2017_t1_d1#segment5,1,104.0,97.8,6.200000000000003,True,108.0,moving_average
1476723600,D:\intelligent_transportation\data\lstm_sources\public\kddcup2017_china_tollgate\kdd2017_china_tollgate_20min.csv:kdd2017_t1_d1#segment5,1,112.0,98.8,13.200000000000003,True,104.0,moving_average
1476724800,D:\intelligent_transportation\data\lstm_sources\public\kddcup2017_china_tollgate\kdd2017_china_tollgate_20min.csv:kdd2017_t1_d1#segment5,1,126.0,102.8,23.200000000000003,True,112.0,moving_average
1476726000,D:\intelligent_transportation\data\lstm_sources\public\kddcup2017_china_tollgate\kdd2017_china_tollgate_20min.csv:kdd2017_t1_d1#segment5,1,130.0,110.2,19.799999999999997,True,126.0,moving_average
1476727200,D:\intelligent_transportation\data\lstm_sources\public\kddcup2017_china_tollgate\kdd2017_china_tollgate_20min.csv:kdd2017_t1_d1#segment5,1,52.0,116.0,-64.0,True,130.0,moving_average
1476728400,D:\intelligent_transportation\data\lstm_sources\public\kddcup2017_china_tollgate\kdd2017_china_tollgate_20min.csv:kdd2017_t1_d1#segment5,1,84.0,104.8,-20.799999999999997,True,52.0,moving_average
1476729600,D:\intelligent_transportation\data\lstm_sources\public\kddcup2017_china_tollgate\kdd2017_china_tollgate_20min.csv:kdd2017_t1_d1#segment5,1,49.0,100.8,-51.8,True,84.0,moving_average
1476730800,D:\intelligent_transportation\data\lstm_sources\public\kddcup2017_china_tollgate\kdd2017_china_tollgate_20min.csv:kdd2017_t1_d1#segment5,1,39.0,88.2,-49.2,True,49.0,moving_average
1476732000,D:\intelligent_transportation\data\lstm_sources\public\kddcup2017_china_tollgate\kdd2017_china_tollgate_20min.csv:kdd2017_t1_d1#segment5,1,46.0,70.8,-24.799999999999997,True,39.0,moving_average
1476733200,D:\intelligent_transportation\data\lstm_sources\public\kddcup2017_china_tollgate\kdd2017_china_tollgate_20min.csv:kdd2017_t1_d1#segment5,1,33.0,54.0,-21.0,True,46.0,moving_average
1476734400,D:\intelligent_transportation\data\lstm_sources\public\kddcup2017_china_tollgate\kdd2017_china_tollgate_20min.csv:kdd2017_t1_d1#segment5,1,33.0,50.2,-17.200000000000003,True,33.0,moving_average
1476735600,D:\intelligent_transportation\data\lstm_sources\public\kddcup2017_china_tollgate\kdd2017_china_tollgate_20min.csv:kdd2017_t1_d1#segment5,1,33.0,40.0,-7.0,True,33.0,moving_average
1476736800,D:\intelligent_transportation\data\lstm_sources\public\kddcup2017_china_tollgate\kdd2017_china_tollgate_20min.csv:kdd2017_t1_d1#segment5,1,33.0,36.8,-3.799999999999997,True,33.0,moving_average
1476738000,D:\intelligent_transportation\data\lstm_sources\public\kddcup2017_china_tollgate\kdd2017_china_tollgate_20min.csv:kdd2017_t1_d1#segment5,1,24.0,35.6,-11.600000000000001,True,33.0,moving_average
1476739200,D:\intelligent_transportation\data\lstm_sources\public\kddcup2017_china_tollgate\kdd2017_china_tollgate_20min.csv:kdd2017_t1_d1#segment5,1,24.0,31.2,-7.199999999999999,True,24.0,moving_average
1476740400,D:\intelligent_transportation\data\lstm_sources\public\kddcup2017_china_tollgate\kdd2017_china_tollgate_20min.csv:kdd2017_t1_d1#segment5,1,31.0,29.4,1.6000000000000014,True,24.0,moving_average
1476741600,D:\intelligent_transportation\data\lstm_sources\public\kddcup2017_china_tollgate\kdd2017_china_tollgate_20min.csv:kdd2017_t1_d1#segment5,1,15.0,29.0,-14.0,True,31.0,moving_average
1476742800,D:\intelligent_transportation\data\lstm_sources\public\kddcup2017_china_tollgate\kdd2017_china_tollgate_20min.csv:kdd2017_t1_d1#segment5,1,18.0,25.4,-7.399999999999999,True,15.0,moving_average
1476744000,D:\intelligent_transportation\data\lstm_sources\public\kddcup2017_china_tollgate\kdd2017_china_tollgate_20min.csv:kdd2017_t1_d1#segment5,1,19.0,22.4,-3.3999999999999986,True,18.0,moving_average
1476745200,D:\intelligent_transportation\data\lstm_sources\public\kddcup2017_china_tollgate\kdd2017_china_tollgate_20min.csv:kdd2017_t1_d1#segment5,1,11.0,21.4,-10.399999999999999,True,19.0,moving_average
1476746400,D:\intelligent_transportation\data\lstm_sources\public\kddcup2017_china_tollgate\kdd2017_china_tollgate_20min.csv:kdd2017_t1_d1#segment5,1,13.0,18.8,-5.800000000000001,True,11.0,moving_average
1476747600,D:\intelligent_transportation\data\lstm_sources\public\kddcup2017_china_tollgate\kdd2017_china_tollgate_20min.csv:kdd2017_t1_d1#segment5,1,10.0,15.2,-5.199999999999999,True,13.0,moving_average
1476379200,D:\intelligent_transportation\data\lstm_sources\public\kddcup2017_china_tollgate\kdd2017_china_tollgate_20min.csv:kdd2017_t2_d0#segment72,1,80.0,76.6,3.4000000000000057,True,77.0,moving_average
1476380400,D:\intelligent_transportation\data\lstm_sources\public\kddcup2017_china_tollgate\kdd2017_china_tollgate_20min.csv:kdd2017_t2_d0#segment72,1,80.0,78.2,1.7999999999999972,True,80.0,moving_average
1476381600,D:\intelligent_transportation\data\lstm_sources\public\kddcup2017_china_tollgate\kdd2017_china_tollgate_20min.csv:kdd2017_t2_d0#segment72,1,73.0,78.0,-5.0,True,80.0,moving_average
1476382800,D:\intelligent_transportation\data\lstm_sources\public\kddcup2017_china_tollgate\kdd2017_china_tollgate_20min.csv:kdd2017_t2_d0#segment72,1,70.0,76.8,-6.799999999999997,True,73.0,moving_average
1476384000,D:\intelligent_transportation\data\lstm_sources\public\kddcup2017_china_tollgate\kdd2017_china_tollgate_20min.csv:kdd2017_t2_d0#segment72,1,52.0,76.0,-24.0,True,70.0,moving_average
1476385200,D:\intelligent_transportation\data\lstm_sources\public\kddcup2017_china_tollgate\kdd2017_china_tollgate_20min.csv:kdd2017_t2_d0#segment72,1,46.0,71.0,-25.0,True,52.0,moving_average
1476386400,D:\intelligent_transportation\data\lstm_sources\public\kddcup2017_china_tollgate\kdd2017_china_tollgate_20min.csv:kdd2017_t2_d0#segment72,1,45.0,64.2,-19.200000000000003,True,46.0,moving_average
1476387600,D:\intelligent_transportation\data\lstm_sources\public\kddcup2017_china_tollgate\kdd2017_china_tollgate_20min.csv:kdd2017_t2_d0#segment72,1,37.0,57.2,-20.200000000000003,True,45.0,moving_average
1476388800,D:\intelligent_transportation\data\lstm_sources\public\kddcup2017_china_tollgate\kdd2017_china_tollgate_20min.csv:kdd2017_t2_d0#segment72,1,44.0,50.0,-6.0,True,37.0,moving_average
1476390000,D:\intelligent_transportation\data\lstm_sources\public\kddcup2017_china_tollgate\kdd2017_china_tollgate_20min.csv:kdd2017_t2_d0#segment72,1,34.0,44.8,-10.799999999999997,True,44.0,moving_average
1476391200,D:\intelligent_transportation\data\lstm_sources\public\kddcup2017_china_tollgate\kdd2017_china_tollgate_20min.csv:kdd2017_t2_d0#segment72,1,42.0,41.2,0.7999999999999972,True,34.0,moving_average
1476392400,D:\intelligent_transportation\data\lstm_sources\public\kddcup2017_china_tollgate\kdd2017_china_tollgate_20min.csv:kdd2017_t2_d0#segment72,1,26.0,40.4,-14.399999999999999,True,42.0,moving_average
1476393600,D:\intelligent_transportation\data\lstm_sources\public\kddcup2017_china_tollgate\kdd2017_china_tollgate_20min.csv:kdd2017_t2_d0#segment72,1,25.0,36.6,-11.600000000000001,True,26.0,moving_average
1476394800,D:\intelligent_transportation\data\lstm_sources\public\kddcup2017_china_tollgate\kdd2017_china_tollgate_20min.csv:kdd2017_t2_d0#segment72,1,27.0,34.2,-7.200000000000003,True,25.0,moving_average
1476396000,D:\intelligent_transportation\data\lstm_sources\public\kddcup2017_china_tollgate\kdd2017_china_tollgate_20min.csv:kdd2017_t2_d0#segment72,1,17.0,30.8,-13.8,True,27.0,moving_average
1476397200,D:\intelligent_transportation\data\lstm_sources\public\kddcup2017_china_tollgate\kdd2017_china_tollgate_20min.csv:kdd2017_t2_d0#segment72,1,13.0,27.4,-14.399999999999999,True,17.0,moving_average
1476398400,D:\intelligent_transportation\data\lstm_sources\public\kddcup2017_china_tollgate\kdd2017_china_tollgate_20min.csv:kdd2017_t2_d0#segment72,1,15.0,21.6,-6.600000000000001,True,13.0,moving_average
1476399600,D:\intelligent_transportation\data\lstm_sources\public\kddcup2017_china_tollgate\kdd2017_china_tollgate_20min.csv:kdd2017_t2_d0#segment72,1,6.0,19.4,-13.399999999999999,True,15.0,moving_average
1476400800,D:\intelligent_transportation\data\lstm_sources\public\kddcup2017_china_tollgate\kdd2017_china_tollgate_20min.csv:kdd2017_t2_d0#segment72,1,11.0,15.6,-4.6,True,6.0,moving_average
1476402000,D:\intelligent_transportation\data\lstm_sources\public\kddcup2017_china_tollgate\kdd2017_china_tollgate_20min.csv:kdd2017_t2_d0#segment72,1,9.0,12.4,-3.4000000000000004,True,11.0,moving_average
1476403200,D:\intelligent_transportation\data\lstm_sources\public\kddcup2017_china_tollgate\kdd2017_china_tollgate_20min.csv:kdd2017_t2_d0#segment72,1,1.0,10.8,-9.8,True,9.0,moving_average
1476404400,D:\intelligent_transportation\data\lstm_sources\public\kddcup2017_china_tollgate\kdd2017_china_tollgate_20min.csv:kdd2017_t2_d0#segment72,1,1.0,8.4,-7.4,True,1.0,moving_average
1476405600,D:\intelligent_transportation\data\lstm_sources\public\kddcup2017_china_tollgate\kdd2017_china_tollgate_20min.csv:kdd2017_t2_d0#segment72,1,1.0,5.6,-4.6,True,1.0,moving_average
1476426000,D:\intelligent_transportation\data\lstm_sources\public\kddcup2017_china_tollgate\kdd2017_china_tollgate_20min.csv:kdd2017_t2_d0#segment75,1,45.0,14.4,30.6,True,20.0,moving_average
1476427200,D:\intelligent_transportation\data\lstm_sources\public\kddcup2017_china_tollgate\kdd2017_china_tollgate_20min.csv:kdd2017_t2_d0#segment75,1,47.0,22.2,24.8,True,45.0,moving_average
1476428400,D:\intelligent_transportation\data\lstm_sources\public\kddcup2017_china_tollgate\kdd2017_china_tollgate_20min.csv:kdd2017_t2_d0#segment75,1,87.0,28.8,58.2,True,47.0,moving_average
1476429600,D:\intelligent_transportation\data\lstm_sources\public\kddcup2017_china_tollgate\kdd2017_china_tollgate_20min.csv:kdd2017_t2_d0#segment75,1,96.0,44.2,51.8,True,87.0,moving_average
1476430800,D:\intelligent_transportation\data\lstm_sources\public\kddcup2017_china_tollgate\kdd2017_china_tollgate_20min.csv:kdd2017_t2_d0#segment75,1,108.0,59.0,49.0,True,96.0,moving_average
1476432000,D:\intelligent_transportation\data\lstm_sources\public\kddcup2017_china_tollgate\kdd2017_china_tollgate_20min.csv:kdd2017_t2_d0#segment75,1,112.0,76.6,35.400000000000006,True,108.0,moving_average
1476433200,D:\intelligent_transportation\data\lstm_sources\public\kddcup2017_china_tollgate\kdd2017_china_tollgate_20min.csv:kdd2017_t2_d0#segment75,1,132.0,90.0,42.0,True,112.0,moving_average
1476434400,D:\intelligent_transportation\data\lstm_sources\public\kddcup2017_china_tollgate\kdd2017_china_tollgate_20min.csv:kdd2017_t2_d0#segment75,1,141.0,107.0,34.0,True,132.0,moving_average
1476435600,D:\intelligent_transportation\data\lstm_sources\public\kddcup2017_china_tollgate\kdd2017_china_tollgate_20min.csv:kdd2017_t2_d0#segment75,1,105.0,117.8,-12.799999999999997,True,141.0,moving_average
1476436800,D:\intelligent_transportation\data\lstm_sources\public\kddcup2017_china_tollgate\kdd2017_china_tollgate_20min.csv:kdd2017_t2_d0#segment75,1,117.0,119.6,-2.5999999999999943,True,105.0,moving_average
1476438000,D:\intelligent_transportation\data\lstm_sources\public\kddcup2017_china_tollgate\kdd2017_china_tollgate_20min.csv:kdd2017_t2_d0#segment75,1,77.0,121.4,-44.400000000000006,True,117.0,moving_average
1476439200,D:\intelligent_transportation\data\lstm_sources\public\kddcup2017_china_tollgate\kdd2017_china_tollgate_20min.csv:kdd2017_t2_d0#segment75,1,121.0,114.4,6.599999999999994,True,77.0,moving_average
1476440400,D:\intelligent_transportation\data\lstm_sources\public\kddcup2017_china_tollgate\kdd2017_china_tollgate_20min.csv:kdd2017_t2_d0#segment75,1,83.0,112.2,-29.200000000000003,True,121.0,moving_average
1476441600,D:\intelligent_transportation\data\lstm_sources\public\kddcup2017_china_tollgate\kdd2017_china_tollgate_20min.csv:kdd2017_t2_d0#segment75,1,76.0,100.6,-24.599999999999994,True,83.0,moving_average
1476442800,D:\intelligent_transportation\data\lstm_sources\public\kddcup2017_china_tollgate\kdd2017_china_tollgate_20min.csv:kdd2017_t2_d0#segment75,1,76.0,94.8,-18.799999999999997,True,76.0,moving_average
1476444000,D:\intelligent_transportation\data\lstm_sources\public\kddcup2017_china_tollgate\kdd2017_china_tollgate_20min.csv:kdd2017_t2_d0#segment75,1,66.0,86.6,-20.599999999999994,True,76.0,moving_average
1476445200,D:\intelligent_transportation\data\lstm_sources\public\kddcup2017_china_tollgate\kdd2017_china_tollgate_20min.csv:kdd2017_t2_d0#segment75,1,61.0,84.4,-23.400000000000006,True,66.0,moving_average
1476446400,D:\intelligent_transportation\data\lstm_sources\public\kddcup2017_china_tollgate\kdd2017_china_tollgate_20min.csv:kdd2017_t2_d0#segment75,1,65.0,72.4,-7.400000000000006,True,61.0,moving_average
1476447600,D:\intelligent_transportation\data\lstm_sources\public\kddcup2017_china_tollgate\kdd2017_china_tollgate_20min.csv:kdd2017_t2_d0#segment75,1,86.0,68.8,17.200000000000003,True,65.0,moving_average
1476448800,D:\intelligent_transportation\data\lstm_sources\public\kddcup2017_china_tollgate\kdd2017_china_tollgate_20min.csv:kdd2017_t2_d0#segment75,1,93.0,70.8,22.200000000000003,True,86.0,moving_average
1476450000,D:\intelligent_transportation\data\lstm_sources\public\kddcup2017_china_tollgate\kdd2017_china_tollgate_20min.csv:kdd2017_t2_d0#segment75,1,80.0,74.2,5.799999999999997,True,93.0,moving_average
1476451200,D:\intelligent_transportation\data\lstm_sources\public\kddcup2017_china_tollgate\kdd2017_china_tollgate_20min.csv:kdd2017_t2_d0#segment75,1,83.0,77.0,6.0,True,80.0,moving_average
1476452400,D:\intelligent_transportation\data\lstm_sources\public\kddcup2017_china_tollgate\kdd2017_china_tollgate_20min.csv:kdd2017_t2_d0#segment75,1,102.0,81.4,20.599999999999994,True,83.0,moving_average
1476453600,D:\intelligent_transportation\data\lstm_sources\public\kddcup2017_china_tollgate\kdd2017_china_tollgate_20min.csv:kdd2017_t2_d0#segment75,1,97.0,88.8,8.200000000000003,True,102.0,moving_average
1476454800,D:\intelligent_transportation\data\lstm_sources\public\kddcup2017_china_tollgate\kdd2017_china_tollgate_20min.csv:kdd2017_t2_d0#segment75,1,101.0,91.0,10.0,True,97.0,moving_average
1476456000,D:\intelligent_transportation\data\lstm_sources\public\kddcup2017_china_tollgate\kdd2017_china_tollgate_20min.csv:kdd2017_t2_d0#segment75,1,82.0,92.6,-10.599999999999994,True,101.0,moving_average
1476457200,D:\intelligent_transportation\data\lstm_sources\public\kddcup2017_china_tollgate\kdd2017_china_tollgate_20min.csv:kdd2017_t2_d0#segment75,1,81.0,93.0,-12.0,True,82.0,moving_average
1476458400,D:\intelligent_transportation\data\lstm_sources\public\kddcup2017_china_tollgate\kdd2017_china_tollgate_20min.csv:kdd2017_t2_d0#segment75,1,104.0,92.6,11.400000000000006,True,81.0,moving_average
1476459600,D:\intelligent_transportation\data\lstm_sources\public\kddcup2017_china_tollgate\kdd2017_china_tollgate_20min.csv:kdd2017_t2_d0#segment75,1,94.0,93.0,1.0,True,104.0,moving_average
1476460800,D:\intelligent_transportation\data\lstm_sources\public\kddcup2017_china_tollgate\kdd2017_china_tollgate_20min.csv:kdd2017_t2_d0#segment75,1,102.0,92.4,9.599999999999994,True,94.0,moving_average
1476462000,D:\intelligent_transportation\data\lstm_sources\public\kddcup2017_china_tollgate\kdd2017_china_tollgate_20min.csv:kdd2017_t2_d0#segment75,1,94.0,92.6,1.4000000000000057,True,102.0,moving_average
1476463200,D:\intelligent_transportation\data\lstm_sources\public\kddcup2017_china_tollgate\kdd2017_china_tollgate_20min.csv:kdd2017_t2_d0#segment75,1,87.0,95.0,-8.0,True,94.0,moving_average
1476464400,D:\intelligent_transportation\data\lstm_sources\public\kddcup2017_china_tollgate\kdd2017_china_tollgate_20min.csv:kdd2017_t2_d0#segment75,1,83.0,96.2,-13.200000000000003,True,87.0,moving_average
1476465600,D:\intelligent_transportation\data\lstm_sources\public\kddcup2017_china_tollgate\kdd2017_china_tollgate_20min.csv:kdd2017_t2_d0#segment75,1,98.0,92.0,6.0,True,83.0,moving_average
1476466800,D:\intelligent_transportation\data\lstm_sources\public\kddcup2017_china_tollgate\kdd2017_china_tollgate_20min.csv:kdd2017_t2_d0#segment75,1,79.0,92.8,-13.799999999999997,True,98.0,moving_average
1476468000,D:\intelligent_transportation\data\lstm_sources\public\kddcup2017_china_tollgate\kdd2017_china_tollgate_20min.csv:kdd2017_t2_d0#segment75,1,71.0,88.2,-17.200000000000003,True,79.0,moving_average
1476469200,D:\intelligent_transportation\data\lstm_sources\public\kddcup2017_china_tollgate\kdd2017_china_tollgate_20min.csv:kdd2017_t2_d0#segment75,1,89.0,83.6,5.400000000000006,True,71.0,moving_average
1476470400,D:\intelligent_transportation\data\lstm_sources\public\kddcup2017_china_tollgate\kdd2017_china_tollgate_20min.csv:kdd2017_t2_d0#segment75,1,69.0,84.0,-15.0,True,89.0,moving_average
1476471600,D:\intelligent_transportation\data\lstm_sources\public\kddcup2017_china_tollgate\kdd2017_china_tollgate_20min.csv:kdd2017_t2_d0#segment75,1,53.0,81.2,-28.200000000000003,True,69.0,moving_average
1476472800,D:\intelligent_transportation\data\lstm_sources\public\kddcup2017_china_tollgate\kdd2017_china_tollgate_20min.csv:kdd2017_t2_d0#segment75,1,52.0,72.2,-20.200000000000003,True,53.0,moving_average
1476474000,D:\intelligent_transportation\data\lstm_sources\public\kddcup2017_china_tollgate\kdd2017_china_tollgate_20min.csv:kdd2017_t2_d0#segment75,1,49.0,66.8,-17.799999999999997,True,52.0,moving_average
1476475200,D:\intelligent_transportation\data\lstm_sources\public\kddcup2017_china_tollgate\kdd2017_china_tollgate_20min.csv:kdd2017_t2_d0#segment75,1,48.0,62.4,-14.399999999999999,True,49.0,moving_average
1476476400,D:\intelligent_transportation\data\lstm_sources\public\kddcup2017_china_tollgate\kdd2017_china_tollgate_20min.csv:kdd2017_t2_d0#segment75,1,35.0,54.2,-19.200000000000003,True,48.0,moving_average
1476477600,D:\intelligent_transportation\data\lstm_sources\public\kddcup2017_china_tollgate\kdd2017_china_tollgate_20min.csv:kdd2017_t2_d0#segment75,1,38.0,47.4,-9.399999999999999,True,35.0,moving_average
1476478800,D:\intelligent_transportation\data\lstm_sources\public\kddcup2017_china_tollgate\kdd2017_china_tollgate_20min.csv:kdd2017_t2_d0#segment75,1,24.0,44.4,-20.4,True,38.0,moving_average
1476480000,D:\intelligent_transportation\data\lstm_sources\public\kddcup2017_china_tollgate\kdd2017_china_tollgate_20min.csv:kdd2017_t2_d0#segment75,1,29.0,38.8,-9.799999999999997,True,24.0,moving_average
1476481200,D:\intelligent_transportation\data\lstm_sources\public\kddcup2017_china_tollgate\kdd2017_china_tollgate_20min.csv:kdd2017_t2_d0#segment75,1,37.0,34.8,2.200000000000003,True,29.0,moving_average
1476482400,D:\intelligent_transportation\data\lstm_sources\public\kddcup2017_china_tollgate\kdd2017_china_tollgate_20min.csv:kdd2017_t2_d0#segment75,1,25.0,32.6,-7.600000000000001,True,37.0,moving_average
1476483600,D:\intelligent_transportation\data\lstm_sources\public\kddcup2017_china_tollgate\kdd2017_china_tollgate_20min.csv:kdd2017_t2_d0#segment75,1,24.0,30.6,-6.600000000000001,True,25.0,moving_average
1476484800,D:\intelligent_transportation\data\lstm_sources\public\kddcup2017_china_tollgate\kdd2017_china_tollgate_20min.csv:kdd2017_t2_d0#segment75,1,21.0,27.8,-6.800000000000001,True,24.0,moving_average
1476486000,D:\intelligent_transportation\data\lstm_sources\public\kddcup2017_china_tollgate\kdd2017_china_tollgate_20min.csv:kdd2017_t2_d0#segment75,1,8.0,27.2,-19.2,True,21.0,moving_average
1476487200,D:\intelligent_transportation\data\lstm_sources\public\kddcup2017_china_tollgate\kdd2017_china_tollgate_20min.csv:kdd2017_t2_d0#segment75,1,12.0,23.0,-11.0,True,8.0,moving_average
1476488400,D:\intelligent_transportation\data\lstm_sources\public\kddcup2017_china_tollgate\kdd2017_china_tollgate_20min.csv:kdd2017_t2_d0#segment75,1,7.0,18.0,-11.0,True,12.0,moving_average
1476489600,D:\intelligent_transportation\data\lstm_sources\public\kddcup2017_china_tollgate\kdd2017_china_tollgate_20min.csv:kdd2017_t2_d0#segment75,1,3.0,14.4,-11.4,True,7.0,moving_average
1476490800,D:\intelligent_transportation\data\lstm_sources\public\kddcup2017_china_tollgate\kdd2017_china_tollgate_20min.csv:kdd2017_t2_d0#segment75,1,2.0,10.2,-8.2,True,3.0,moving_average
1476492000,D:\intelligent_transportation\data\lstm_sources\public\kddcup2017_china_tollgate\kdd2017_china_tollgate_20min.csv:kdd2017_t2_d0#segment75,1,1.0,6.4,-5.4,True,2.0,moving_average
1476493200,D:\intelligent_transportation\data\lstm_sources\public\kddcup2017_china_tollgate\kdd2017_china_tollgate_20min.csv:kdd2017_t2_d0#segment75,1,1.0,5.0,-4.0,True,1.0,moving_average
1476494400,D:\intelligent_transportation\data\lstm_sources\public\kddcup2017_china_tollgate\kdd2017_china_tollgate_20min.csv:kdd2017_t2_d0#segment75,1,1.0,2.8,-1.7999999999999998,True,1.0,moving_average
1476495600,D:\intelligent_transportation\data\lstm_sources\public\kddcup2017_china_tollgate\kdd2017_china_tollgate_20min.csv:kdd2017_t2_d0#segment75,1,2.0,1.6,0.3999999999999999,True,1.0,moving_average
1476512400,D:\intelligent_transportation\data\lstm_sources\public\kddcup2017_china_tollgate\kdd2017_china_tollgate_20min.csv:kdd2017_t2_d0#segment78,1,13.0,14.8,-1.8000000000000007,True,21.0,moving_average
1476523200,D:\intelligent_transportation\data\lstm_sources\public\kddcup2017_china_tollgate\kdd2017_china_tollgate_20min.csv:kdd2017_t2_d0#segment79,1,124.0,102.2,21.799999999999997,True,108.0,moving_average
1476524400,D:\intelligent_transportation\data\lstm_sources\public\kddcup2017_china_tollgate\kdd2017_china_tollgate_20min.csv:kdd2017_t2_d0#segment79,1,95.0,110.8,-15.799999999999997,True,124.0,moving_average
1476525600,D:\intelligent_transportation\data\lstm_sources\public\kddcup2017_china_tollgate\kdd2017_china_tollgate_20min.csv:kdd2017_t2_d0#segment79,1,111.0,109.6,1.4000000000000057,True,95.0,moving_average
1476526800,D:\intelligent_transportation\data\lstm_sources\public\kddcup2017_china_tollgate\kdd2017_china_tollgate_20min.csv:kdd2017_t2_d0#segment79,1,111.0,108.2,2.799999999999997,True,111.0,moving_average
1476528000,D:\intelligent_transportation\data\lstm_sources\public\kddcup2017_china_tollgate\kdd2017_china_tollgate_20min.csv:kdd2017_t2_d0#segment79,1,101.0,109.8,-8.799999999999997,True,111.0,moving_average
1476529200,D:\intelligent_transportation\data\lstm_sources\public\kddcup2017_china_tollgate\kdd2017_china_tollgate_20min.csv:kdd2017_t2_d0#segment79,1,77.0,108.4,-31.400000000000006,True,101.0,moving_average
1476530400,D:\intelligent_transportation\data\lstm_sources\public\kddcup2017_china_tollgate\kdd2017_china_tollgate_20min.csv:kdd2017_t2_d0#segment79,1,76.0,99.0,-23.0,True,77.0,moving_average
1476531600,D:\intelligent_transportation\data\lstm_sources\public\kddcup2017_china_tollgate\kdd2017_china_tollgate_20min.csv:kdd2017_t2_d0#segment79,1,58.0,95.2,-37.2,True,76.0,moving_average
1476532800,D:\intelligent_transportation\data\lstm_sources\public\kddcup2017_china_tollgate\kdd2017_china_tollgate_20min.csv:kdd2017_t2_d0#segment79,1,62.0,84.6,-22.599999999999994,True,58.0,moving_average
1476534000,D:\intelligent_transportation\data\lstm_sources\public\kddcup2017_china_tollgate\kdd2017_china_tollgate_20min.csv:kdd2017_t2_d0#segment79,1,85.0,74.8,10.200000000000003,True,62.0,moving_average
1476535200,D:\intelligent_transportation\data\lstm_sources\public\kddcup2017_china_tollgate\kdd2017_china_tollgate_20min.csv:kdd2017_t2_d0#segment79,1,78.0,71.6,6.400000000000006,True,85.0,moving_average
1476536400,D:\intelligent_transportation\data\lstm_sources\public\kddcup2017_china_tollgate\kdd2017_china_tollgate_20min.csv:kdd2017_t2_d0#segment79,1,85.0,71.8,13.200000000000003,True,78.0,moving_average
1476537600,D:\intelligent_transportation\data\lstm_sources\public\kddcup2017_china_tollgate\kdd2017_china_tollgate_20min.csv:kdd2017_t2_d0#segment79,1,90.0,73.6,16.400000000000006,True,85.0,moving_average
1476538800,D:\intelligent_transportation\data\lstm_sources\public\kddcup2017_china_tollgate\kdd2017_china_tollgate_20min.csv:kdd2017_t2_d0#segment79,1,93.0,80.0,13.0,True,90.0,moving_average
1476540000,D:\intelligent_transportation\data\lstm_sources\public\kddcup2017_china_tollgate\kdd2017_china_tollgate_20min.csv:kdd2017_t2_d0#segment79,1,79.0,86.2,-7.200000000000003,True,93.0,moving_average
1476541200,D:\intelligent_transportation\data\lstm_sources\public\kddcup2017_china_tollgate\kdd2017_china_tollgate_20min.csv:kdd2017_t2_d0#segment79,1,88.0,85.0,3.0,True,79.0,moving_average
1476542400,D:\intelligent_transportation\data\lstm_sources\public\kddcup2017_china_tollgate\kdd2017_china_tollgate_20min.csv:kdd2017_t2_d0#segment79,1,60.0,87.0,-27.0,True,88.0,moving_average
1476543600,D:\intelligent_transportation\data\lstm_sources\public\kddcup2017_china_tollgate\kdd2017_china_tollgate_20min.csv:kdd2017_t2_d0#segment79,1,72.0,82.0,-10.0,True,60.0,moving_average
1476544800,D:\intelligent_transportation\data\lstm_sources\public\kddcup2017_china_tollgate\kdd2017_china_tollgate_20min.csv:kdd2017_t2_d0#segment79,1,82.0,78.4,3.5999999999999943,True,72.0,moving_average
1476546000,D:\intelligent_transportation\data\lstm_sources\public\kddcup2017_china_tollgate\kdd2017_china_tollgate_20min.csv:kdd2017_t2_d0#segment79,1,88.0,76.2,11.799999999999997,True,82.0,moving_average
1476547200,D:\intelligent_transportation\data\lstm_sources\public\kddcup2017_china_tollgate\kdd2017_china_tollgate_20min.csv:kdd2017_t2_d0#segment79,1,85.0,78.0,7.0,True,88.0,moving_average
1476548400,D:\intelligent_transportation\data\lstm_sources\public\kddcup2017_china_tollgate\kdd2017_china_tollgate_20min.csv:kdd2017_t2_d0#segment79,1,79.0,77.4,1.5999999999999943,True,85.0,moving_average
1476549600,D:\intelligent_transportation\data\lstm_sources\public\kddcup2017_china_tollgate\kdd2017_china_tollgate_20min.csv:kdd2017_t2_d0#segment79,1,91.0,81.2,9.799999999999997,True,79.0,moving_average
1476550800,D:\intelligent_transportation\data\lstm_sources\public\kddcup2017_china_tollgate\kdd2017_china_tollgate_20min.csv:kdd2017_t2_d0#segment79,1,72.0,85.0,-13.0,True,91.0,moving_average
1476552000,D:\intelligent_transportation\data\lstm_sources\public\kddcup2017_china_tollgate\kdd2017_china_tollgate_20min.csv:kdd2017_t2_d0#segment79,1,84.0,83.0,1.0,True,72.0,moving_average
1476553200,D:\intelligent_transportation\data\lstm_sources\public\kddcup2017_china_tollgate\kdd2017_china_tollgate_20min.csv:kdd2017_t2_d0#segment79,1,50.0,82.2,-32.2,True,84.0,moving_average
1476554400,D:\intelligent_transportation\data\lstm_sources\public\kddcup2017_china_tollgate\kdd2017_china_tollgate_20min.csv:kdd2017_t2_d0#segment79,1,41.0,75.2,-34.2,True,50.0,moving_average
1476555600,D:\intelligent_transportation\data\lstm_sources\public\kddcup2017_china_tollgate\kdd2017_china_tollgate_20min.csv:kdd2017_t2_d0#segment79,1,35.0,67.6,-32.599999999999994,True,41.0,moving_average
1476556800,D:\intelligent_transportation\data\lstm_sources\public\kddcup2017_china_tollgate\kdd2017_china_tollgate_20min.csv:kdd2017_t2_d0#segment79,1,37.0,56.4,-19.4,True,35.0,moving_average
1476558000,D:\intelligent_transportation\data\lstm_sources\public\kddcup2017_china_tollgate\kdd2017_china_tollgate_20min.csv:kdd2017_t2_d0#segment79,1,40.0,49.4,-9.399999999999999,True,37.0,moving_average
1476559200,D:\intelligent_transportation\data\lstm_sources\public\kddcup2017_china_tollgate\kdd2017_china_tollgate_20min.csv:kdd2017_t2_d0#segment79,1,37.0,40.6,-3.6000000000000014,True,40.0,moving_average
1476560400,D:\intelligent_transportation\data\lstm_sources\public\kddcup2017_china_tollgate\kdd2017_china_tollgate_20min.csv:kdd2017_t2_d0#segment79,1,34.0,38.0,-4.0,True,37.0,moving_average
1476561600,D:\intelligent_transportation\data\lstm_sources\public\kddcup2017_china_tollgate\kdd2017_china_tollgate_20min.csv:kdd2017_t2_d0#segment79,1,36.0,36.6,-0.6000000000000014,True,34.0,moving_average
1476562800,D:\intelligent_transportation\data\lstm_sources\public\kddcup2017_china_tollgate\kdd2017_china_tollgate_20min.csv:kdd2017_t2_d0#segment79,1,50.0,36.8,13.200000000000003,True,36.0,moving_average
1476564000,D:\intelligent_transportation\data\lstm_sources\public\kddcup2017_china_tollgate\kdd2017_china_tollgate_20min.csv:kdd2017_t2_d0#segment79,1,32.0,39.4,-7.399999999999999,True,50.0,moving_average
1476565200,D:\intelligent_transportation\data\lstm_sources\public\kddcup2017_china_tollgate\kdd2017_china_tollgate_20min.csv:kdd2017_t2_d0#segment79,1,26.0,37.8,-11.799999999999997,True,32.0,moving_average
1476566400,D:\intelligent_transportation\data\lstm_sources\public\kddcup2017_china_tollgate\kdd2017_china_tollgate_20min.csv:kdd2017_t2_d0#segment79,1,21.0,35.6,-14.600000000000001,True,26.0,moving_average
1476567600,D:\intelligent_transportation\data\lstm_sources\public\kddcup2017_china_tollgate\kdd2017_china_tollgate_20min.csv:kdd2017_t2_d0#segment79,1,26.0,33.0,-7.0,True,21.0,moving_average
1476568800,D:\intelligent_transportation\data\lstm_sources\public\kddcup2017_china_tollgate\kdd2017_china_tollgate_20min.csv:kdd2017_t2_d0#segment79,1,16.0,31.0,-15.0,True,26.0,moving_average
1476570000,D:\intelligent_transportation\data\lstm_sources\public\kddcup2017_china_tollgate\kdd2017_china_tollgate_20min.csv:kdd2017_t2_d0#segment79,1,10.0,24.2,-14.2,True,16.0,moving_average
1476571200,D:\intelligent_transportation\data\lstm_sources\public\kddcup2017_china_tollgate\kdd2017_china_tollgate_20min.csv:kdd2017_t2_d0#segment79,1,11.0,19.8,-8.8,True,10.0,moving_average
1476572400,D:\intelligent_transportation\data\lstm_sources\public\kddcup2017_china_tollgate\kdd2017_china_tollgate_20min.csv:kdd2017_t2_d0#segment79,1,6.0,16.8,-10.8,True,11.0,moving_average
1476573600,D:\intelligent_transportation\data\lstm_sources\public\kddcup2017_china_tollgate\kdd2017_china_tollgate_20min.csv:kdd2017_t2_d0#segment79,1,8.0,13.8,-5.800000000000001,True,6.0,moving_average
1476574800,D:\intelligent_transportation\data\lstm_sources\public\kddcup2017_china_tollgate\kdd2017_china_tollgate_20min.csv:kdd2017_t2_d0#segment79,1,7.0,10.2,-3.1999999999999993,True,8.0,moving_average
1476576000,D:\intelligent_transportation\data\lstm_sources\public\kddcup2017_china_tollgate\kdd2017_china_tollgate_20min.csv:kdd2017_t2_d0#segment79,1,2.0,8.4,-6.4,True,7.0,moving_average
1476601200,D:\intelligent_transportation\data\lstm_sources\public\kddcup2017_china_tollgate\kdd2017_china_tollgate_20min.csv:kdd2017_t2_d0#segment82,1,40.0,21.8,18.2,True,34.0,moving_average
1476602400,D:\intelligent_transportation\data\lstm_sources\public\kddcup2017_china_tollgate\kdd2017_china_tollgate_20min.csv:kdd2017_t2_d0#segment82,1,69.0,28.0,41.0,True,40.0,moving_average
1476603600,D:\intelligent_transportation\data\lstm_sources\public\kddcup2017_china_tollgate\kdd2017_china_tollgate_20min.csv:kdd2017_t2_d0#segment82,1,58.0,37.8,20.200000000000003,True,69.0,moving_average
1476604800,D:\intelligent_transportation\data\lstm_sources\public\kddcup2017_china_tollgate\kdd2017_china_tollgate_20min.csv:kdd2017_t2_d0#segment82,1,81.0,47.0,34.0,True,58.0,moving_average
1476606000,D:\intelligent_transportation\data\lstm_sources\public\kddcup2017_china_tollgate\kdd2017_china_tollgate_20min.csv:kdd2017_t2_d0#segment82,1,92.0,56.4,35.6,True,81.0,moving_average
1476607200,D:\intelligent_transportation\data\lstm_sources\public\kddcup2017_china_tollgate\kdd2017_china_tollgate_20min.csv:kdd2017_t2_d0#segment82,1,99.0,68.0,31.0,True,92.0,moving_average
1476608400,D:\intelligent_transportation\data\lstm_sources\public\kddcup2017_china_tollgate\kdd2017_china_tollgate_20min.csv:kdd2017_t2_d0#segment82,1,95.0,79.8,15.200000000000003,True,99.0,moving_average
1476609600,D:\intelligent_transportation\data\lstm_sources\public\kddcup2017_china_tollgate\kdd2017_china_tollgate_20min.csv:kdd2017_t2_d0#segment82,1,107.0,85.0,22.0,True,95.0,moving_average
1476610800,D:\intelligent_transportation\data\lstm_sources\public\kddcup2017_china_tollgate\kdd2017_china_tollgate_20min.csv:kdd2017_t2_d0#segment82,1,87.0,94.8,-7.799999999999997,True,107.0,moving_average
1476612000,D:\intelligent_transportation\data\lstm_sources\public\kddcup2017_china_tollgate\kdd2017_china_tollgate_20min.csv:kdd2017_t2_d0#segment82,1,90.0,96.0,-6.0,True,87.0,moving_average
1476613200,D:\intelligent_transportation\data\lstm_sources\public\kddcup2017_china_tollgate\kdd2017_china_tollgate_20min.csv:kdd2017_t2_d0#segment82,1,75.0,95.6,-20.599999999999994,True,90.0,moving_average
1476614400,D:\intelligent_transportation\data\lstm_sources\public\kddcup2017_china_tollgate\kdd2017_china_tollgate_20min.csv:kdd2017_t2_d0#segment82,1,97.0,90.8,6.200000000000003,True,75.0,moving_average
1476615600,D:\intelligent_transportation\data\lstm_sources\public\kddcup2017_china_tollgate\kdd2017_china_tollgate_20min.csv:kdd2017_t2_d0#segment82,1,67.0,91.2,-24.200000000000003,True,97.0,moving_average
1476616800,D:\intelligent_transportation\data\lstm_sources\public\kddcup2017_china_tollgate\kdd2017_china_tollgate_20min.csv:kdd2017_t2_d0#segment82,1,80.0,83.2,-3.200000000000003,True,67.0,moving_average
1476618000,D:\intelligent_transportation\data\lstm_sources\public\kddcup2017_china_tollgate\kdd2017_china_tollgate_20min.csv:kdd2017_t2_d0#segment82,1,57.0,81.8,-24.799999999999997,True,80.0,moving_average
1476619200,D:\intelligent_transportation\data\lstm_sources\public\kddcup2017_china_tollgate\kdd2017_china_tollgate_20min.csv:kdd2017_t2_d0#segment82,1,68.0,75.2,-7.200000000000003,True,57.0,moving_average
1476620400,D:\intelligent_transportation\data\lstm_sources\public\kddcup2017_china_tollgate\kdd2017_china_tollgate_20min.csv:kdd2017_t2_d0#segment82,1,68.0,73.8,-5.799999999999997,True,68.0,moving_average
1476621600,D:\intelligent_transportation\data\lstm_sources\public\kddcup2017_china_tollgate\kdd2017_china_tollgate_20min.csv:kdd2017_t2_d0#segment82,1,63.0,68.0,-5.0,True,68.0,moving_average
1476622800,D:\intelligent_transportation\data\lstm_sources\public\kddcup2017_china_tollgate\kdd2017_china_tollgate_20min.csv:kdd2017_t2_d0#segment82,1,79.0,67.2,11.799999999999997,True,63.0,moving_average
1476624000,D:\intelligent_transportation\data\lstm_sources\public\kddcup2017_china_tollgate\kdd2017_china_tollgate_20min.csv:kdd2017_t2_d0#segment82,1,61.0,67.0,-6.0,True,79.0,moving_average
1476625200,D:\intelligent_transportation\data\lstm_sources\public\kddcup2017_china_tollgate\kdd2017_china_tollgate_20min.csv:kdd2017_t2_d0#segment82,1,90.0,67.8,22.200000000000003,True,61.0,moving_average
1476626400,D:\intelligent_transportation\data\lstm_sources\public\kddcup2017_china_tollgate\kdd2017_china_tollgate_20min.csv:kdd2017_t2_d0#segment82,1,66.0,72.2,-6.200000000000003,True,90.0,moving_average
1476627600,D:\intelligent_transportation\data\lstm_sources\public\kddcup2017_china_tollgate\kdd2017_china_tollgate_20min.csv:kdd2017_t2_d0#segment82,1,81.0,71.8,9.200000000000003,True,66.0,moving_average
1476628800,D:\intelligent_transportation\data\lstm_sources\public\kddcup2017_china_tollgate\kdd2017_china_tollgate_20min.csv:kdd2017_t2_d0#segment82,1,63.0,75.4,-12.400000000000006,True,81.0,moving_average
1476630000,D:\intelligent_transportation\data\lstm_sources\public\kddcup2017_china_tollgate\kdd2017_china_tollgate_20min.csv:kdd2017_t2_d0#segment82,1,78.0,72.2,5.799999999999997,True,63.0,moving_average
1476631200,D:\intelligent_transportation\data\lstm_sources\public\kddcup2017_china_tollgate\kdd2017_china_tollgate_20min.csv:kdd2017_t2_d0#segment82,1,86.0,75.6,10.400000000000006,True,78.0,moving_average
1476632400,D:\intelligent_transportation\data\lstm_sources\public\kddcup2017_china_tollgate\kdd2017_china_tollgate_20min.csv:kdd2017_t2_d0#segment82,1,69.0,74.8,-5.799999999999997,True,86.0,moving_average
1476633600,D:\intelligent_transportation\data\lstm_sources\public\kddcup2017_china_tollgate\kdd2017_china_tollgate_20min.csv:kdd2017_t2_d0#segment82,1,84.0,75.4,8.599999999999994,True,69.0,moving_average
1476634800,D:\intelligent_transportation\data\lstm_sources\public\kddcup2017_china_tollgate\kdd2017_china_tollgate_20min.csv:kdd2017_t2_d0#segment82,1,98.0,76.0,22.0,True,84.0,moving_average
1476636000,D:\intelligent_transportation\data\lstm_sources\public\kddcup2017_china_tollgate\kdd2017_china_tollgate_20min.csv:kdd2017_t2_d0#segment82,1,71.0,83.0,-12.0,True,98.0,moving_average
1476637200,D:\intelligent_transportation\data\lstm_sources\public\kddcup2017_china_tollgate\kdd2017_china_tollgate_20min.csv:kdd2017_t2_d0#segment82,1,82.0,81.6,0.4000000000000057,True,71.0,moving_average
1476638400,D:\intelligent_transportation\data\lstm_sources\public\kddcup2017_china_tollgate\kdd2017_china_tollgate_20min.csv:kdd2017_t2_d0#segment82,1,65.0,80.8,-15.799999999999997,True,82.0,moving_average
1476639600,D:\intelligent_transportation\data\lstm_sources\public\kddcup2017_china_tollgate\kdd2017_china_tollgate_20min.csv:kdd2017_t2_d0#segment82,1,74.0,80.0,-6.0,True,65.0,moving_average
1476640800,D:\intelligent_transportation\data\lstm_sources\public\kddcup2017_china_tollgate\kdd2017_china_tollgate_20min.csv:kdd2017_t2_d0#segment82,1,46.0,78.0,-32.0,True,74.0,moving_average
1476642000,D:\intelligent_transportation\data\lstm_sources\public\kddcup2017_china_tollgate\kdd2017_china_tollgate_20min.csv:kdd2017_t2_d0#segment82,1,54.0,67.6,-13.599999999999994,True,46.0,moving_average
1476643200,D:\intelligent_transportation\data\lstm_sources\public\kddcup2017_china_tollgate\kdd2017_china_tollgate_20min.csv:kdd2017_t2_d0#segment82,1,32.0,64.2,-32.2,True,54.0,moving_average
1476644400,D:\intelligent_transportation\data\lstm_sources\public\kddcup2017_china_tollgate\kdd2017_china_tollgate_20min.csv:kdd2017_t2_d0#segment82,1,44.0,54.2,-10.200000000000003,True,32.0,moving_average
1476645600,D:\intelligent_transportation\data\lstm_sources\public\kddcup2017_china_tollgate\kdd2017_china_tollgate_20min.csv:kdd2017_t2_d0#segment82,1,35.0,50.0,-15.0,True,44.0,moving_average
1476646800,D:\intelligent_transportation\data\lstm_sources\public\kddcup2017_china_tollgate\kdd2017_china_tollgate_20min.csv:kdd2017_t2_d0#segment82,1,38.0,42.2,-4.200000000000003,True,35.0,moving_average
1476648000,D:\intelligent_transportation\data\lstm_sources\public\kddcup2017_china_tollgate\kdd2017_china_tollgate_20min.csv:kdd2017_t2_d0#segment82,1,31.0,40.6,-9.600000000000001,True,38.0,moving_average
1476649200,D:\intelligent_transportation\data\lstm_sources\public\kddcup2017_china_tollgate\kdd2017_china_tollgate_20min.csv:kdd2017_t2_d0#segment82,1,46.0,36.0,10.0,True,31.0,moving_average
1476650400,D:\intelligent_transportation\data\lstm_sources\public\kddcup2017_china_tollgate\kdd2017_china_tollgate_20min.csv:kdd2017_t2_d0#segment82,1,33.0,38.8,-5.799999999999997,True,46.0,moving_average
1476651600,D:\intelligent_transportation\data\lstm_sources\public\kddcup2017_china_tollgate\kdd2017_china_tollgate_20min.csv:kdd2017_t2_d0#segment82,1,22.0,36.6,-14.600000000000001,True,33.0,moving_average
1476652800,D:\intelligent_transportation\data\lstm_sources\public\kddcup2017_china_tollgate\kdd2017_china_tollgate_20min.csv:kdd2017_t2_d0#segment82,1,23.0,34.0,-11.0,True,22.0,moving_average
1476654000,D:\intelligent_transportation\data\lstm_sources\public\kddcup2017_china_tollgate\kdd2017_china_tollgate_20min.csv:kdd2017_t2_d0#segment82,1,21.0,31.0,-10.0,True,23.0,moving_average
1476655200,D:\intelligent_transportation\data\lstm_sources\public\kddcup2017_china_tollgate\kdd2017_china_tollgate_20min.csv:kdd2017_t2_d0#segment82,1,14.0,29.0,-15.0,True,21.0,moving_average
1476656400,D:\intelligent_transportation\data\lstm_sources\public\kddcup2017_china_tollgate\kdd2017_china_tollgate_20min.csv:kdd2017_t2_d0#segment82,1,11.0,22.6,-11.600000000000001,True,14.0,moving_average
1476657600,D:\intelligent_transportation\data\lstm_sources\public\kddcup2017_china_tollgate\kdd2017_china_tollgate_20min.csv:kdd2017_t2_d0#segment82,1,6.0,18.2,-12.2,True,11.0,moving_average
1476658800,D:\intelligent_transportation\data\lstm_sources\public\kddcup2017_china_tollgate\kdd2017_china_tollgate_20min.csv:kdd2017_t2_d0#segment82,1,4.0,15.0,-11.0,True,6.0,moving_average
1476660000,D:\intelligent_transportation\data\lstm_sources\public\kddcup2017_china_tollgate\kdd2017_china_tollgate_20min.csv:kdd2017_t2_d0#segment82,1,6.0,11.2,-5.199999999999999,True,4.0,moving_average
1476661200,D:\intelligent_transportation\data\lstm_sources\public\kddcup2017_china_tollgate\kdd2017_china_tollgate_20min.csv:kdd2017_t2_d0#segment82,1,4.0,8.2,-4.199999999999999,True,6.0,moving_average
1476662400,D:\intelligent_transportation\data\lstm_sources\public\kddcup2017_china_tollgate\kdd2017_china_tollgate_20min.csv:kdd2017_t2_d0#segment82,1,3.0,6.2,-3.2,True,4.0,moving_average
1476663600,D:\intelligent_transportation\data\lstm_sources\public\kddcup2017_china_tollgate\kdd2017_china_tollgate_20min.csv:kdd2017_t2_d0#segment82,1,1.0,4.6,-3.5999999999999996,True,3.0,moving_average
1476664800,D:\intelligent_transportation\data\lstm_sources\public\kddcup2017_china_tollgate\kdd2017_china_tollgate_20min.csv:kdd2017_t2_d0#segment82,1,4.0,3.6,0.3999999999999999,True,1.0,moving_average
1476666000,D:\intelligent_transportation\data\lstm_sources\public\kddcup2017_china_tollgate\kdd2017_china_tollgate_20min.csv:kdd2017_t2_d0#segment82,1,2.0,3.6,-1.6,True,4.0,moving_average
1476667200,D:\intelligent_transportation\data\lstm_sources\public\kddcup2017_china_tollgate\kdd2017_china_tollgate_20min.csv:kdd2017_t2_d0#segment82,1,1.0,2.8,-1.7999999999999998,True,2.0,moving_average
1476687600,D:\intelligent_transportation\data\lstm_sources\public\kddcup2017_china_tollgate\kdd2017_china_tollgate_20min.csv:kdd2017_t2_d0#segment85,1,84.0,34.0,50.0,True,52.0,moving_average
1476688800,D:\intelligent_transportation\data\lstm_sources\public\kddcup2017_china_tollgate\kdd2017_china_tollgate_20min.csv:kdd2017_t2_d0#segment85,1,125.0,47.0,78.0,True,84.0,moving_average
1476690000,D:\intelligent_transportation\data\lstm_sources\public\kddcup2017_china_tollgate\kdd2017_china_tollgate_20min.csv:kdd2017_t2_d0#segment85,1,119.0,67.4,51.599999999999994,True,125.0,moving_average
1476691200,D:\intelligent_transportation\data\lstm_sources\public\kddcup2017_china_tollgate\kdd2017_china_tollgate_20min.csv:kdd2017_t2_d0#segment85,1,130.0,85.0,45.0,True,119.0,moving_average
1476692400,D:\intelligent_transportation\data\lstm_sources\public\kddcup2017_china_tollgate\kdd2017_china_tollgate_20min.csv:kdd2017_t2_d0#segment85,1,133.0,102.0,31.0,True,130.0,moving_average
1476693600,D:\intelligent_transportation\data\lstm_sources\public\kddcup2017_china_tollgate\kdd2017_china_tollgate_20min.csv:kdd2017_t2_d0#segment85,1,109.0,118.2,-9.200000000000003,True,133.0,moving_average
1476694800,D:\intelligent_transportation\data\lstm_sources\public\kddcup2017_china_tollgate\kdd2017_china_tollgate_20min.csv:kdd2017_t2_d0#segment85,1,114.0,123.2,-9.200000000000003,True,109.0,moving_average
1476696000,D:\intelligent_transportation\data\lstm_sources\public\kddcup2017_china_tollgate\kdd2017_china_tollgate_20min.csv:kdd2017_t2_d0#segment85,1,102.0,121.0,-19.0,True,114.0,moving_average
1476697200,D:\intelligent_transportation\data\lstm_sources\public\kddcup2017_china_tollgate\kdd2017_china_tollgate_20min.csv:kdd2017_t2_d0#segment85,1,91.0,117.6,-26.599999999999994,True,102.0,moving_average
1476698400,D:\intelligent_transportation\data\lstm_sources\public\kddcup2017_china_tollgate\kdd2017_china_tollgate_20min.csv:kdd2017_t2_d0#segment85,1,65.0,109.8,-44.8,True,91.0,moving_average
1476699600,D:\intelligent_transportation\data\lstm_sources\public\kddcup2017_china_tollgate\kdd2017_china_tollgate_20min.csv:kdd2017_t2_d0#segment85,1,65.0,96.2,-31.200000000000003,True,65.0,moving_average
1476700800,D:\intelligent_transportation\data\lstm_sources\public\kddcup2017_china_tollgate\kdd2017_china_tollgate_20min.csv:kdd2017_t2_d0#segment85,1,58.0,87.4,-29.400000000000006,True,65.0,moving_average
1476702000,D:\intelligent_transportation\data\lstm_sources\public\kddcup2017_china_tollgate\kdd2017_china_tollgate_20min.csv:kdd2017_t2_d0#segment85,1,63.0,76.2,-13.200000000000003,True,58.0,moving_average
1476703200,D:\intelligent_transportation\data\lstm_sources\public\kddcup2017_china_tollgate\kdd2017_china_tollgate_20min.csv:kdd2017_t2_d0#segment85,1,54.0,68.4,-14.400000000000006,True,63.0,moving_average
1476704400,D:\intelligent_transportation\data\lstm_sources\public\kddcup2017_china_tollgate\kdd2017_china_tollgate_20min.csv:kdd2017_t2_d0#segment85,1,50.0,61.0,-11.0,True,54.0,moving_average
1476705600,D:\intelligent_transportation\data\lstm_sources\public\kddcup2017_china_tollgate\kdd2017_china_tollgate_20min.csv:kdd2017_t2_d0#segment85,1,66.0,58.0,8.0,True,50.0,moving_average
1476706800,D:\intelligent_transportation\data\lstm_sources\public\kddcup2017_china_tollgate\kdd2017_china_tollgate_20min.csv:kdd2017_t2_d0#segment85,1,54.0,58.2,-4.200000000000003,True,66.0,moving_average
1476708000,D:\intelligent_transportation\data\lstm_sources\public\kddcup2017_china_tollgate\kdd2017_china_tollgate_20min.csv:kdd2017_t2_d0#segment85,1,70.0,57.4,12.600000000000001,True,54.0,moving_average
1476709200,D:\intelligent_transportation\data\lstm_sources\public\kddcup2017_china_tollgate\kdd2017_china_tollgate_20min.csv:kdd2017_t2_d0#segment85,1,62.0,58.8,3.200000000000003,True,70.0,moving_average
1476710400,D:\intelligent_transportation\data\lstm_sources\public\kddcup2017_china_tollgate\kdd2017_china_tollgate_20min.csv:kdd2017_t2_d0#segment85,1,71.0,60.4,10.600000000000001,True,62.0,moving_average
1476711600,D:\intelligent_transportation\data\lstm_sources\public\kddcup2017_china_tollgate\kdd2017_china_tollgate_20min.csv:kdd2017_t2_d0#segment85,1,66.0,64.6,1.4000000000000057,True,71.0,moving_average
1476712800,D:\intelligent_transportation\data\lstm_sources\public\kddcup2017_china_tollgate\kdd2017_china_tollgate_20min.csv:kdd2017_t2_d0#segment85,1,82.0,64.6,17.400000000000006,True,66.0,moving_average
1476714000,D:\intelligent_transportation\data\lstm_sources\public\kddcup2017_china_tollgate\kdd2017_china_tollgate_20min.csv:kdd2017_t2_d0#segment85,1,72.0,70.2,1.7999999999999972,True,82.0,moving_average
1476715200,D:\intelligent_transportation\data\lstm_sources\public\kddcup2017_china_tollgate\kdd2017_china_tollgate_20min.csv:kdd2017_t2_d0#segment85,1,56.0,70.6,-14.599999999999994,True,72.0,moving_average
1476716400,D:\intelligent_transportation\data\lstm_sources\public\kddcup2017_china_tollgate\kdd2017_china_tollgate_20min.csv:kdd2017_t2_d0#segment85,1,53.0,69.4,-16.400000000000006,True,56.0,moving_average
1476717600,D:\intelligent_transportation\data\lstm_sources\public\kddcup2017_china_tollgate\kdd2017_china_tollgate_20min.csv:kdd2017_t2_d0#segment85,1,84.0,65.8,18.200000000000003,True,53.0,moving_average
1476718800,D:\intelligent_transportation\data\lstm_sources\public\kddcup2017_china_tollgate\kdd2017_china_tollgate_20min.csv:kdd2017_t2_d0#segment85,1,76.0,69.4,6.599999999999994,True,84.0,moving_average
1476720000,D:\intelligent_transportation\data\lstm_sources\public\kddcup2017_china_tollgate\kdd2017_china_tollgate_20min.csv:kdd2017_t2_d0#segment85,1,68.0,68.2,-0.20000000000000284,True,76.0,moving_average
1476721200,D:\intelligent_transportation\data\lstm_sources\public\kddcup2017_china_tollgate\kdd2017_china_tollgate_20min.csv:kdd2017_t2_d0#segment85,1,92.0,67.4,24.599999999999994,True,68.0,moving_average
1476722400,D:\intelligent_transportation\data\lstm_sources\public\kddcup2017_china_tollgate\kdd2017_china_tollgate_20min.csv:kdd2017_t2_d0#segment85,1,72.0,74.6,-2.5999999999999943,True,92.0,moving_average
1476723600,D:\intelligent_transportation\data\lstm_sources\public\kddcup2017_china_tollgate\kdd2017_china_tollgate_20min.csv:kdd2017_t2_d0#segment85,1,86.0,78.4,7.599999999999994,True,72.0,moving_average
1476724800,D:\intelligent_transportation\data\lstm_sources\public\kddcup2017_china_tollgate\kdd2017_china_tollgate_20min.csv:kdd2017_t2_d0#segment85,1,83.0,78.8,4.200000000000003,True,86.0,moving_average
1476726000,D:\intelligent_transportation\data\lstm_sources\public\kddcup2017_china_tollgate\kdd2017_china_tollgate_20min.csv:kdd2017_t2_d0#segment85,1,58.0,80.2,-22.200000000000003,True,83.0,moving_average
1476727200,D:\intelligent_transportation\data\lstm_sources\public\kddcup2017_china_tollgate\kdd2017_china_tollgate_20min.csv:kdd2017_t2_d0#segment85,1,56.0,78.2,-22.200000000000003,True,58.0,moving_average
1476728400,D:\intelligent_transportation\data\lstm_sources\public\kddcup2017_china_tollgate\kdd2017_china_tollgate_20min.csv:kdd2017_t2_d0#segment85,1,53.0,71.0,-18.0,True,56.0,moving_average
1476729600,D:\intelligent_transportation\data\lstm_sources\public\kddcup2017_china_tollgate\kdd2017_china_tollgate_20min.csv:kdd2017_t2_d0#segment85,1,53.0,67.2,-14.200000000000003,True,53.0,moving_average
1476730800,D:\intelligent_transportation\data\lstm_sources\public\kddcup2017_china_tollgate\kdd2017_china_tollgate_20min.csv:kdd2017_t2_d0#segment85,1,38.0,60.6,-22.6,True,53.0,moving_average
1476732000,D:\intelligent_transportation\data\lstm_sources\public\kddcup2017_china_tollgate\kdd2017_china_tollgate_20min.csv:kdd2017_t2_d0#segment85,1,48.0,51.6,-3.6000000000000014,True,38.0,moving_average
1476733200,D:\intelligent_transportation\data\lstm_sources\public\kddcup2017_china_tollgate\kdd2017_china_tollgate_20min.csv:kdd2017_t2_d0#segment85,1,26.0,49.6,-23.6,True,48.0,moving_average
1476734400,D:\intelligent_transportation\data\lstm_sources\public\kddcup2017_china_tollgate\kdd2017_china_tollgate_20min.csv:kdd2017_t2_d0#segment85,1,29.0,43.6,-14.600000000000001,True,26.0,moving_average
1476735600,D:\intelligent_transportation\data\lstm_sources\public\kddcup2017_china_tollgate\kdd2017_china_tollgate_20min.csv:kdd2017_t2_d0#segment85,1,33.0,38.8,-5.799999999999997,True,29.0,moving_average
1476736800,D:\intelligent_transportation\data\lstm_sources\public\kddcup2017_china_tollgate\kdd2017_china_tollgate_20min.csv:kdd2017_t2_d0#segment85,1,26.0,34.8,-8.799999999999997,True,33.0,moving_average
1476738000,D:\intelligent_transportation\data\lstm_sources\public\kddcup2017_china_tollgate\kdd2017_china_tollgate_20min.csv:kdd2017_t2_d0#segment85,1,28.0,32.4,-4.399999999999999,True,26.0,moving_average
1476739200,D:\intelligent_transportation\data\lstm_sources\public\kddcup2017_china_tollgate\kdd2017_china_tollgate_20min.csv:kdd2017_t2_d0#segment85,1,20.0,28.4,-8.399999999999999,True,28.0,moving_average
1476740400,D:\intelligent_transportation\data\lstm_sources\public\kddcup2017_china_tollgate\kdd2017_china_tollgate_20min.csv:kdd2017_t2_d0#segment85,1,17.0,27.2,-10.2,True,20.0,moving_average
1476741600,D:\intelligent_transportation\data\lstm_sources\public\kddcup2017_china_tollgate\kdd2017_china_tollgate_20min.csv:kdd2017_t2_d0#segment85,1,21.0,24.8,-3.8000000000000007,True,17.0,moving_average
1476742800,D:\intelligent_transportation\data\lstm_sources\public\kddcup2017_china_tollgate\kdd2017_china_tollgate_20min.csv:kdd2017_t2_d0#segment85,1,21.0,22.4,-1.3999999999999986,True,21.0,moving_average
1476744000,D:\intelligent_transportation\data\lstm_sources\public\kddcup2017_china_tollgate\kdd2017_china_tollgate_20min.csv:kdd2017_t2_d0#segment85,1,23.0,21.4,1.6000000000000014,True,21.0,moving_average
1476745200,D:\intelligent_transportation\data\lstm_sources\public\kddcup2017_china_tollgate\kdd2017_china_tollgate_20min.csv:kdd2017_t2_d0#segment85,1,9.0,20.4,-11.399999999999999,True,23.0,moving_average
1476746400,D:\intelligent_transportation\data\lstm_sources\public\kddcup2017_china_tollgate\kdd2017_china_tollgate_20min.csv:kdd2017_t2_d0#segment85,1,10.0,18.2,-8.2,True,9.0,moving_average
1476747600,D:\intelligent_transportation\data\lstm_sources\public\kddcup2017_china_tollgate\kdd2017_china_tollgate_20min.csv:kdd2017_t2_d0#segment85,1,18.0,16.8,1.1999999999999993,True,10.0,moving_average
1476379200,D:\intelligent_transportation\data\lstm_sources\public\kddcup2017_china_tollgate\kdd2017_china_tollgate_20min.csv:kdd2017_t3_d0#segment3,1,123.0,125.8,-2.799999999999997,True,114.0,moving_average
1476380400,D:\intelligent_transportation\data\lstm_sources\public\kddcup2017_china_tollgate\kdd2017_china_tollgate_20min.csv:kdd2017_t3_d0#segment3,1,113.0,123.6,-10.599999999999994,True,123.0,moving_average
1476381600,D:\intelligent_transportation\data\lstm_sources\public\kddcup2017_china_tollgate\kdd2017_china_tollgate_20min.csv:kdd2017_t3_d0#segment3,1,89.0,124.2,-35.2,True,113.0,moving_average
1476382800,D:\intelligent_transportation\data\lstm_sources\public\kddcup2017_china_tollgate\kdd2017_china_tollgate_20min.csv:kdd2017_t3_d0#segment3,1,70.0,117.6,-47.599999999999994,True,89.0,moving_average
1476384000,D:\intelligent_transportation\data\lstm_sources\public\kddcup2017_china_tollgate\kdd2017_china_tollgate_20min.csv:kdd2017_t3_d0#segment3,1,64.0,101.8,-37.8,True,70.0,moving_average
1476385200,D:\intelligent_transportation\data\lstm_sources\public\kddcup2017_china_tollgate\kdd2017_china_tollgate_20min.csv:kdd2017_t3_d0#segment3,1,49.0,91.8,-42.8,True,64.0,moving_average
1476386400,D:\intelligent_transportation\data\lstm_sources\public\kddcup2017_china_tollgate\kdd2017_china_tollgate_20min.csv:kdd2017_t3_d0#segment3,1,51.0,77.0,-26.0,True,49.0,moving_average
1476387600,D:\intelligent_transportation\data\lstm_sources\public\kddcup2017_china_tollgate\kdd2017_china_tollgate_20min.csv:kdd2017_t3_d0#segment3,1,51.0,64.6,-13.599999999999994,True,51.0,moving_average
1476388800,D:\intelligent_transportation\data\lstm_sources\public\kddcup2017_china_tollgate\kdd2017_china_tollgate_20min.csv:kdd2017_t3_d0#segment3,1,65.0,57.0,8.0,True,51.0,moving_average
1476390000,D:\intelligent_transportation\data\lstm_sources\public\kddcup2017_china_tollgate\kdd2017_china_tollgate_20min.csv:kdd2017_t3_d0#segment3,1,47.0,56.0,-9.0,True,65.0,moving_average
1476391200,D:\intelligent_transportation\data\lstm_sources\public\kddcup2017_china_tollgate\kdd2017_china_tollgate_20min.csv:kdd2017_t3_d0#segment3,1,34.0,52.6,-18.6,True,47.0,moving_average
1476392400,D:\intelligent_transportation\data\lstm_sources\public\kddcup2017_china_tollgate\kdd2017_china_tollgate_20min.csv:kdd2017_t3_d0#segment3,1,37.0,49.6,-12.600000000000001,True,34.0,moving_average
1476393600,D:\intelligent_transportation\data\lstm_sources\public\kddcup2017_china_tollgate\kdd2017_china_tollgate_20min.csv:kdd2017_t3_d0#segment3,1,31.0,46.8,-15.799999999999997,True,37.0,moving_average
1476394800,D:\intelligent_transportation\data\lstm_sources\public\kddcup2017_china_tollgate\kdd2017_china_tollgate_20min.csv:kdd2017_t3_d0#segment3,1,27.0,42.8,-15.799999999999997,True,31.0,moving_average
1476396000,D:\intelligent_transportation\data\lstm_sources\public\kddcup2017_china_tollgate\kdd2017_china_tollgate_20min.csv:kdd2017_t3_d0#segment3,1,23.0,35.2,-12.200000000000003,True,27.0,moving_average
1476397200,D:\intelligent_transportation\data\lstm_sources\public\kddcup2017_china_tollgate\kdd2017_china_tollgate_20min.csv:kdd2017_t3_d0#segment3,1,22.0,30.4,-8.399999999999999,True,23.0,moving_average
1476398400,D:\intelligent_transportation\data\lstm_sources\public\kddcup2017_china_tollgate\kdd2017_china_tollgate_20min.csv:kdd2017_t3_d0#segment3,1,17.0,28.0,-11.0,True,22.0,moving_average
1476399600,D:\intelligent_transportation\data\lstm_sources\public\kddcup2017_china_tollgate\kdd2017_china_tollgate_20min.csv:kdd2017_t3_d0#segment3,1,4.0,24.0,-20.0,True,17.0,moving_average
1476400800,D:\intelligent_transportation\data\lstm_sources\public\kddcup2017_china_tollgate\kdd2017_china_tollgate_20min.csv:kdd2017_t3_d0#segment3,1,15.0,18.6,-3.6000000000000014,True,4.0,moving_average
1476402000,D:\intelligent_transportation\data\lstm_sources\public\kddcup2017_china_tollgate\kdd2017_china_tollgate_20min.csv:kdd2017_t3_d0#segment3,1,16.0,16.2,-0.1999999999999993,True,15.0,moving_average
1476403200,D:\intelligent_transportation\data\lstm_sources\public\kddcup2017_china_tollgate\kdd2017_china_tollgate_20min.csv:kdd2017_t3_d0#segment3,1,16.0,14.8,1.1999999999999993,True,16.0,moving_average
1476404400,D:\intelligent_transportation\data\lstm_sources\public\kddcup2017_china_tollgate\kdd2017_china_tollgate_20min.csv:kdd2017_t3_d0#segment3,1,16.0,13.6,2.4000000000000004,True,16.0,moving_average
1476405600,D:\intelligent_transportation\data\lstm_sources\public\kddcup2017_china_tollgate\kdd2017_china_tollgate_20min.csv:kdd2017_t3_d0#segment3,1,18.0,13.4,4.6,True,16.0,moving_average
1476406800,D:\intelligent_transportation\data\lstm_sources\public\kddcup2017_china_tollgate\kdd2017_china_tollgate_20min.csv:kdd2017_t3_d0#segment3,1,22.0,16.2,5.800000000000001,True,18.0,moving_average
1476408000,D:\intelligent_transportation\data\lstm_sources\public\kddcup2017_china_tollgate\kdd2017_china_tollgate_20min.csv:kdd2017_t3_d0#segment3,1,16.0,17.6,-1.6000000000000014,True,22.0,moving_average
1476409200,D:\intelligent_transportation\data\lstm_sources\public\kddcup2017_china_tollgate\kdd2017_china_tollgate_20min.csv:kdd2017_t3_d0#segment3,1,15.0,17.6,-2.6000000000000014,True,16.0,moving_average
1476410400,D:\intelligent_transportation\data\lstm_sources\public\kddcup2017_china_tollgate\kdd2017_china_tollgate_20min.csv:kdd2017_t3_d0#segment3,1,12.0,17.4,-5.399999999999999,True,15.0,moving_average
1476411600,D:\intelligent_transportation\data\lstm_sources\public\kddcup2017_china_tollgate\kdd2017_china_tollgate_20min.csv:kdd2017_t3_d0#segment3,1,14.0,16.6,-2.6000000000000014,True,12.0,moving_average
1476412800,D:\intelligent_transportation\data\lstm_sources\public\kddcup2017_china_tollgate\kdd2017_china_tollgate_20min.csv:kdd2017_t3_d0#segment3,1,16.0,15.8,0.1999999999999993,True,14.0,moving_average
1476414000,D:\intelligent_transportation\data\lstm_sources\public\kddcup2017_china_tollgate\kdd2017_china_tollgate_20min.csv:kdd2017_t3_d0#segment3,1,13.0,14.6,-1.5999999999999996,True,16.0,moving_average
1476415200,D:\intelligent_transportation\data\lstm_sources\public\kddcup2017_china_tollgate\kdd2017_china_tollgate_20min.csv:kdd2017_t3_d0#segment3,1,12.0,14.0,-2.0,True,13.0,moving_average
1476416400,D:\intelligent_transportation\data\lstm_sources\public\kddcup2017_china_tollgate\kdd2017_china_tollgate_20min.csv:kdd2017_t3_d0#segment3,1,7.0,13.4,-6.4,True,12.0,moving_average
1476417600,D:\intelligent_transportation\data\lstm_sources\public\kddcup2017_china_tollgate\kdd2017_china_tollgate_20min.csv:kdd2017_t3_d0#segment3,1,11.0,12.4,-1.4000000000000004,True,7.0,moving_average
1476418800,D:\intelligent_transportation\data\lstm_sources\public\kddcup2017_china_tollgate\kdd2017_china_tollgate_20min.csv:kdd2017_t3_d0#segment3,1,13.0,11.8,1.1999999999999993,True,11.0,moving_average
1476420000,D:\intelligent_transportation\data\lstm_sources\public\kddcup2017_china_tollgate\kdd2017_china_tollgate_20min.csv:kdd2017_t3_d0#segment3,1,14.0,11.2,2.8000000000000007,True,13.0,moving_average
1476421200,D:\intelligent_transportation\data\lstm_sources\public\kddcup2017_china_tollgate\kdd2017_china_tollgate_20min.csv:kdd2017_t3_d0#segment3,1,15.0,11.4,3.5999999999999996,True,14.0,moving_average
1476422400,D:\intelligent_transportation\data\lstm_sources\public\kddcup2017_china_tollgate\kdd2017_china_tollgate_20min.csv:kdd2017_t3_d0#segment3,1,16.0,12.0,4.0,True,15.0,moving_average
1476423600,D:\intelligent_transportation\data\lstm_sources\public\kddcup2017_china_tollgate\kdd2017_china_tollgate_20min.csv:kdd2017_t3_d0#segment3,1,18.0,13.8,4.199999999999999,True,16.0,moving_average
1476424800,D:\intelligent_transportation\data\lstm_sources\public\kddcup2017_china_tollgate\kdd2017_china_tollgate_20min.csv:kdd2017_t3_d0#segment3,1,19.0,15.2,3.8000000000000007,True,18.0,moving_average
1476426000,D:\intelligent_transportation\data\lstm_sources\public\kddcup2017_china_tollgate\kdd2017_china_tollgate_20min.csv:kdd2017_t3_d0#segment3,1,38.0,16.4,21.6,True,19.0,moving_average
1476427200,D:\intelligent_transportation\data\lstm_sources\public\kddcup2017_china_tollgate\kdd2017_china_tollgate_20min.csv:kdd2017_t3_d0#segment3,1,78.0,21.2,56.8,True,38.0,moving_average
1476428400,D:\intelligent_transportation\data\lstm_sources\public\kddcup2017_china_tollgate\kdd2017_china_tollgate_20min.csv:kdd2017_t3_d0#segment3,1,93.0,33.8,59.2,True,78.0,moving_average
1476429600,D:\intelligent_transportation\data\lstm_sources\public\kddcup2017_china_tollgate\kdd2017_china_tollgate_20min.csv:kdd2017_t3_d0#segment3,1,126.0,49.2,76.8,True,93.0,moving_average
1476430800,D:\intelligent_transportation\data\lstm_sources\public\kddcup2017_china_tollgate\kdd2017_china_tollgate_20min.csv:kdd2017_t3_d0#segment3,1,152.0,70.8,81.2,True,126.0,moving_average
1476432000,D:\intelligent_transportation\data\lstm_sources\public\kddcup2017_china_tollgate\kdd2017_china_tollgate_20min.csv:kdd2017_t3_d0#segment3,1,158.0,97.4,60.599999999999994,True,152.0,moving_average
1476433200,D:\intelligent_transportation\data\lstm_sources\public\kddcup2017_china_tollgate\kdd2017_china_tollgate_20min.csv:kdd2017_t3_d0#segment3,1,180.0,121.4,58.599999999999994,True,158.0,moving_average
1476434400,D:\intelligent_transportation\data\lstm_sources\public\kddcup2017_china_tollgate\kdd2017_china_tollgate_20min.csv:kdd2017_t3_d0#segment3,1,146.0,141.8,4.199999999999989,True,180.0,moving_average
1476435600,D:\intelligent_transportation\data\lstm_sources\public\kddcup2017_china_tollgate\kdd2017_china_tollgate_20min.csv:kdd2017_t3_d0#segment3,1,161.0,152.4,8.599999999999994,True,146.0,moving_average
1476436800,D:\intelligent_transportation\data\lstm_sources\public\kddcup2017_china_tollgate\kdd2017_china_tollgate_20min.csv:kdd2017_t3_d0#segment3,1,140.0,159.4,-19.400000000000006,True,161.0,moving_average
1476438000,D:\intelligent_transportation\data\lstm_sources\public\kddcup2017_china_tollgate\kdd2017_china_tollgate_20min.csv:kdd2017_t3_d0#segment3,1,129.0,157.0,-28.0,True,140.0,moving_average
1476439200,D:\intelligent_transportation\data\lstm_sources\public\kddcup2017_china_tollgate\kdd2017_china_tollgate_20min.csv:kdd2017_t3_d0#segment3,1,132.0,151.2,-19.19999999999999,True,129.0,moving_average
1476440400,D:\intelligent_transportation\data\lstm_sources\public\kddcup2017_china_tollgate\kdd2017_china_tollgate_20min.csv:kdd2017_t3_d0#segment3,1,140.0,141.6,-1.5999999999999943,True,132.0,moving_average
1476441600,D:\intelligent_transportation\data\lstm_sources\public\kddcup2017_china_tollgate\kdd2017_china_tollgate_20min.csv:kdd2017_t3_d0#segment3,1,133.0,140.4,-7.400000000000006,True,140.0,moving_average
1476442800,D:\intelligent_transportation\data\lstm_sources\public\kddcup2017_china_tollgate\kdd2017_china_tollgate_20min.csv:kdd2017_t3_d0#segment3,1,124.0,134.8,-10.800000000000011,True,133.0,moving_average
1476444000,D:\intelligent_transportation\data\lstm_sources\public\kddcup2017_china_tollgate\kdd2017_china_tollgate_20min.csv:kdd2017_t3_d0#segment3,1,97.0,131.6,-34.599999999999994,True,124.0,moving_average
1476445200,D:\intelligent_transportation\data\lstm_sources\public\kddcup2017_china_tollgate\kdd2017_china_tollgate_20min.csv:kdd2017_t3_d0#segment3,1,93.0,125.2,-32.2,True,97.0,moving_average
1476446400,D:\intelligent_transportation\data\lstm_sources\public\kddcup2017_china_tollgate\kdd2017_china_tollgate_20min.csv:kdd2017_t3_d0#segment3,1,99.0,117.4,-18.400000000000006,True,93.0,moving_average
1476447600,D:\intelligent_transportation\data\lstm_sources\public\kddcup2017_china_tollgate\kdd2017_china_tollgate_20min.csv:kdd2017_t3_d0#segment3,1,95.0,109.2,-14.200000000000003,True,99.0,moving_average
1476448800,D:\intelligent_transportation\data\lstm_sources\public\kddcup2017_china_tollgate\kdd2017_china_tollgate_20min.csv:kdd2017_t3_d0#segment3,1,105.0,101.6,3.4000000000000057,True,95.0,moving_average
1476450000,D:\intelligent_transportation\data\lstm_sources\public\kddcup2017_china_tollgate\kdd2017_china_tollgate_20min.csv:kdd2017_t3_d0#segment3,1,124.0,97.8,26.200000000000003,True,105.0,moving_average
1476451200,D:\intelligent_transportation\data\lstm_sources\public\kddcup2017_china_tollgate\kdd2017_china_tollgate_20min.csv:kdd2017_t3_d0#segment3,1,108.0,103.2,4.799999999999997,True,124.0,moving_average
1476452400,D:\intelligent_transportation\data\lstm_sources\public\kddcup2017_china_tollgate\kdd2017_china_tollgate_20min.csv:kdd2017_t3_d0#segment3,1,111.0,106.2,4.799999999999997,True,108.0,moving_average
1476453600,D:\intelligent_transportation\data\lstm_sources\public\kddcup2017_china_tollgate\kdd2017_china_tollgate_20min.csv:kdd2017_t3_d0#segment3,1,121.0,108.6,12.400000000000006,True,111.0,moving_average
1476454800,D:\intelligent_transportation\data\lstm_sources\public\kddcup2017_china_tollgate\kdd2017_china_tollgate_20min.csv:kdd2017_t3_d0#segment3,1,94.0,113.8,-19.799999999999997,True,121.0,moving_average
1476456000,D:\intelligent_transportation\data\lstm_sources\public\kddcup2017_china_tollgate\kdd2017_china_tollgate_20min.csv:kdd2017_t3_d0#segment3,1,130.0,111.6,18.400000000000006,True,94.0,moving_average
1476457200,D:\intelligent_transportation\data\lstm_sources\public\kddcup2017_china_tollgate\kdd2017_china_tollgate_20min.csv:kdd2017_t3_d0#segment3,1,140.0,112.8,27.200000000000003,True,130.0,moving_average
1476458400,D:\intelligent_transportation\data\lstm_sources\public\kddcup2017_china_tollgate\kdd2017_china_tollgate_20min.csv:kdd2017_t3_d0#segment3,1,138.0,119.2,18.799999999999997,True,140.0,moving_average
1476459600,D:\intelligent_transportation\data\lstm_sources\public\kddcup2017_china_tollgate\kdd2017_china_tollgate_20min.csv:kdd2017_t3_d0#segment3,1,137.0,124.6,12.400000000000006,True,138.0,moving_average
1476460800,D:\intelligent_transportation\data\lstm_sources\public\kddcup2017_china_tollgate\kdd2017_china_tollgate_20min.csv:kdd2017_t3_d0#segment3,1,139.0,127.8,11.200000000000003,True,137.0,moving_average
1476462000,D:\intelligent_transportation\data\lstm_sources\public\kddcup2017_china_tollgate\kdd2017_china_tollgate_20min.csv:kdd2017_t3_d0#segment3,1,135.0,136.8,-1.8000000000000114,True,139.0,moving_average
1476463200,D:\intelligent_transportation\data\lstm_sources\public\kddcup2017_china_tollgate\kdd2017_china_tollgate_20min.csv:kdd2017_t3_d0#segment3,1,148.0,137.8,10.199999999999989,True,135.0,moving_average
1476464400,D:\intelligent_transportation\data\lstm_sources\public\kddcup2017_china_tollgate\kdd2017_china_tollgate_20min.csv:kdd2017_t3_d0#segment3,1,146.0,139.4,6.599999999999994,True,148.0,moving_average
1476465600,D:\intelligent_transportation\data\lstm_sources\public\kddcup2017_china_tollgate\kdd2017_china_tollgate_20min.csv:kdd2017_t3_d0#segment3,1,122.0,141.0,-19.0,True,146.0,moving_average
1476466800,D:\intelligent_transportation\data\lstm_sources\public\kddcup2017_china_tollgate\kdd2017_china_tollgate_20min.csv:kdd2017_t3_d0#segment3,1,112.0,138.0,-26.0,True,122.0,moving_average
1476468000,D:\intelligent_transportation\data\lstm_sources\public\kddcup2017_china_tollgate\kdd2017_china_tollgate_20min.csv:kdd2017_t3_d0#segment3,1,74.0,132.6,-58.599999999999994,True,112.0,moving_average
1476469200,D:\intelligent_transportation\data\lstm_sources\public\kddcup2017_china_tollgate\kdd2017_china_tollgate_20min.csv:kdd2017_t3_d0#segment3,1,68.0,120.4,-52.400000000000006,True,74.0,moving_average
1476470400,D:\intelligent_transportation\data\lstm_sources\public\kddcup2017_china_tollgate\kdd2017_china_tollgate_20min.csv:kdd2017_t3_d0#segment3,1,57.0,104.4,-47.400000000000006,True,68.0,moving_average
1476471600,D:\intelligent_transportation\data\lstm_sources\public\kddcup2017_china_tollgate\kdd2017_china_tollgate_20min.csv:kdd2017_t3_d0#segment3,1,65.0,86.6,-21.599999999999994,True,57.0,moving_average
1476472800,D:\intelligent_transportation\data\lstm_sources\public\kddcup2017_china_tollgate\kdd2017_china_tollgate_20min.csv:kdd2017_t3_d0#segment3,1,79.0,75.2,3.799999999999997,True,65.0,moving_average
1476474000,D:\intelligent_transportation\data\lstm_sources\public\kddcup2017_china_tollgate\kdd2017_china_tollgate_20min.csv:kdd2017_t3_d0#segment3,1,57.0,68.6,-11.599999999999994,True,79.0,moving_average
1476475200,D:\intelligent_transportation\data\lstm_sources\public\kddcup2017_china_tollgate\kdd2017_china_tollgate_20min.csv:kdd2017_t3_d0#segment3,1,53.0,65.2,-12.200000000000003,True,57.0,moving_average
1476476400,D:\intelligent_transportation\data\lstm_sources\public\kddcup2017_china_tollgate\kdd2017_china_tollgate_20min.csv:kdd2017_t3_d0#segment3,1,47.0,62.2,-15.200000000000003,True,53.0,moving_average
1476477600,D:\intelligent_transportation\data\lstm_sources\public\kddcup2017_china_tollgate\kdd2017_china_tollgate_20min.csv:kdd2017_t3_d0#segment3,1,53.0,60.2,-7.200000000000003,True,47.0,moving_average
1476478800,D:\intelligent_transportation\data\lstm_sources\public\kddcup2017_china_tollgate\kdd2017_china_tollgate_20min.csv:kdd2017_t3_d0#segment3,1,40.0,57.8,-17.799999999999997,True,53.0,moving_average
1476480000,D:\intelligent_transportation\data\lstm_sources\public\kddcup2017_china_tollgate\kdd2017_china_tollgate_20min.csv:kdd2017_t3_d0#segment3,1,31.0,50.0,-19.0,True,40.0,moving_average
1476481200,D:\intelligent_transportation\data\lstm_sources\public\kddcup2017_china_tollgate\kdd2017_china_tollgate_20min.csv:kdd2017_t3_d0#segment3,1,35.0,44.8,-9.799999999999997,True,31.0,moving_average
1476482400,D:\intelligent_transportation\data\lstm_sources\public\kddcup2017_china_tollgate\kdd2017_china_tollgate_20min.csv:kdd2017_t3_d0#segment3,1,37.0,41.2,-4.200000000000003,True,35.0,moving_average
1476483600,D:\intelligent_transportation\data\lstm_sources\public\kddcup2017_china_tollgate\kdd2017_china_tollgate_20min.csv:kdd2017_t3_d0#segment3,1,22.0,39.2,-17.200000000000003,True,37.0,moving_average
1476484800,D:\intelligent_transportation\data\lstm_sources\public\kddcup2017_china_tollgate\kdd2017_china_tollgate_20min.csv:kdd2017_t3_d0#segment3,1,20.0,33.0,-13.0,True,22.0,moving_average
1476486000,D:\intelligent_transportation\data\lstm_sources\public\kddcup2017_china_tollgate\kdd2017_china_tollgate_20min.csv:kdd2017_t3_d0#segment3,1,19.0,29.0,-10.0,True,20.0,moving_average
1476487200,D:\intelligent_transportation\data\lstm_sources\public\kddcup2017_china_tollgate\kdd2017_china_tollgate_20min.csv:kdd2017_t3_d0#segment3,1,16.0,26.6,-10.600000000000001,True,19.0,moving_average
1476488400,D:\intelligent_transportation\data\lstm_sources\public\kddcup2017_china_tollgate\kdd2017_china_tollgate_20min.csv:kdd2017_t3_d0#segment3,1,8.0,22.8,-14.8,True,16.0,moving_average
1476489600,D:\intelligent_transportation\data\lstm_sources\public\kddcup2017_china_tollgate\kdd2017_china_tollgate_20min.csv:kdd2017_t3_d0#segment3,1,14.0,17.0,-3.0,True,8.0,moving_average
1476490800,D:\intelligent_transportation\data\lstm_sources\public\kddcup2017_china_tollgate\kdd2017_china_tollgate_20min.csv:kdd2017_t3_d0#segment3,1,17.0,15.4,1.5999999999999996,True,14.0,moving_average
1476492000,D:\intelligent_transportation\data\lstm_sources\public\kddcup2017_china_tollgate\kdd2017_china_tollgate_20min.csv:kdd2017_t3_d0#segment3,1,16.0,14.8,1.1999999999999993,True,17.0,moving_average
1476493200,D:\intelligent_transportation\data\lstm_sources\public\kddcup2017_china_tollgate\kdd2017_china_tollgate_20min.csv:kdd2017_t3_d0#segment3,1,24.0,14.2,9.8,True,16.0,moving_average
1476494400,D:\intelligent_transportation\data\lstm_sources\public\kddcup2017_china_tollgate\kdd2017_china_tollgate_20min.csv:kdd2017_t3_d0#segment3,1,22.0,15.8,6.199999999999999,True,24.0,moving_average
1476495600,D:\intelligent_transportation\data\lstm_sources\public\kddcup2017_china_tollgate\kdd2017_china_tollgate_20min.csv:kdd2017_t3_d0#segment3,1,12.0,18.6,-6.600000000000001,True,22.0,moving_average
1476496800,D:\intelligent_transportation\data\lstm_sources\public\kddcup2017_china_tollgate\kdd2017_china_tollgate_20min.csv:kdd2017_t3_d0#segment3,1,13.0,18.2,-5.199999999999999,True,12.0,moving_average
1476498000,D:\intelligent_transportation\data\lstm_sources\public\kddcup2017_china_tollgate\kdd2017_china_tollgate_20min.csv:kdd2017_t3_d0#segment3,1,21.0,17.4,3.6000000000000014,True,13.0,moving_average
1476499200,D:\intelligent_transportation\data\lstm_sources\public\kddcup2017_china_tollgate\kdd2017_china_tollgate_20min.csv:kdd2017_t3_d0#segment3,1,11.0,18.4,-7.399999999999999,True,21.0,moving_average
1476500400,D:\intelligent_transportation\data\lstm_sources\public\kddcup2017_china_tollgate\kdd2017_china_tollgate_20min.csv:kdd2017_t3_d0#segment3,1,10.0,15.8,-5.800000000000001,True,11.0,moving_average
1476501600,D:\intelligent_transportation\data\lstm_sources\public\kddcup2017_china_tollgate\kdd2017_china_tollgate_20min.csv:kdd2017_t3_d0#segment3,1,15.0,13.4,1.5999999999999996,True,10.0,moving_average
1476502800,D:\intelligent_transportation\data\lstm_sources\public\kddcup2017_china_tollgate\kdd2017_china_tollgate_20min.csv:kdd2017_t3_d0#segment3,1,12.0,14.0,-2.0,True,15.0,moving_average
1476504000,D:\intelligent_transportation\data\lstm_sources\public\kddcup2017_china_tollgate\kdd2017_china_tollgate_20min.csv:kdd2017_t3_d0#segment3,1,14.0,13.8,0.1999999999999993,True,12.0,moving_average
1476505200,D:\intelligent_transportation\data\lstm_sources\public\kddcup2017_china_tollgate\kdd2017_china_tollgate_20min.csv:kdd2017_t3_d0#segment3,1,12.0,12.4,-0.40000000000000036,True,14.0,moving_average
1476506400,D:\intelligent_transportation\data\lstm_sources\public\kddcup2017_china_tollgate\kdd2017_china_tollgate_20min.csv:kdd2017_t3_d0#segment3,1,17.0,12.6,4.4,True,12.0,moving_average
1476507600,D:\intelligent_transportation\data\lstm_sources\public\kddcup2017_china_tollgate\kdd2017_china_tollgate_20min.csv:kdd2017_t3_d0#segment3,1,18.0,14.0,4.0,True,17.0,moving_average
1476508800,D:\intelligent_transportation\data\lstm_sources\public\kddcup2017_china_tollgate\kdd2017_china_tollgate_20min.csv:kdd2017_t3_d0#segment3,1,10.0,14.6,-4.6,True,18.0,moving_average
1476510000,D:\intelligent_transportation\data\lstm_sources\public\kddcup2017_china_tollgate\kdd2017_china_tollgate_20min.csv:kdd2017_t3_d0#segment3,1,22.0,14.2,7.800000000000001,True,10.0,moving_average
1476511200,D:\intelligent_transportation\data\lstm_sources\public\kddcup2017_china_tollgate\kdd2017_china_tollgate_20min.csv:kdd2017_t3_d0#segment3,1,19.0,15.8,3.1999999999999993,True,22.0,moving_average
1476512400,D:\intelligent_transportation\data\lstm_sources\public\kddcup2017_china_tollgate\kdd2017_china_tollgate_20min.csv:kdd2017_t3_d0#segment3,1,42.0,17.2,24.8,True,19.0,moving_average
1476513600,D:\intelligent_transportation\data\lstm_sources\public\kddcup2017_china_tollgate\kdd2017_china_tollgate_20min.csv:kdd2017_t3_d0#segment3,1,80.0,22.2,57.8,True,42.0,moving_average
1476514800,D:\intelligent_transportation\data\lstm_sources\public\kddcup2017_china_tollgate\kdd2017_china_tollgate_20min.csv:kdd2017_t3_d0#segment3,1,103.0,34.6,68.4,True,80.0,moving_average
1476516000,D:\intelligent_transportation\data\lstm_sources\public\kddcup2017_china_tollgate\kdd2017_china_tollgate_20min.csv:kdd2017_t3_d0#segment3,1,107.0,53.2,53.8,True,103.0,moving_average
1476517200,D:\intelligent_transportation\data\lstm_sources\public\kddcup2017_china_tollgate\kdd2017_china_tollgate_20min.csv:kdd2017_t3_d0#segment3,1,92.0,70.2,21.799999999999997,True,107.0,moving_average
1476518400,D:\intelligent_transportation\data\lstm_sources\public\kddcup2017_china_tollgate\kdd2017_china_tollgate_20min.csv:kdd2017_t3_d0#segment3,1,105.0,84.8,20.200000000000003,True,92.0,moving_average
1476519600,D:\intelligent_transportation\data\lstm_sources\public\kddcup2017_china_tollgate\kdd2017_china_tollgate_20min.csv:kdd2017_t3_d0#segment3,1,97.0,97.4,-0.4000000000000057,True,105.0,moving_average
1476520800,D:\intelligent_transportation\data\lstm_sources\public\kddcup2017_china_tollgate\kdd2017_china_tollgate_20min.csv:kdd2017_t3_d0#segment3,1,128.0,100.8,27.200000000000003,True,97.0,moving_average
1476522000,D:\intelligent_transportation\data\lstm_sources\public\kddcup2017_china_tollgate\kdd2017_china_tollgate_20min.csv:kdd2017_t3_d0#segment3,1,127.0,105.8,21.200000000000003,True,128.0,moving_average
1476523200,D:\intelligent_transportation\data\lstm_sources\public\kddcup2017_china_tollgate\kdd2017_china_tollgate_20min.csv:kdd2017_t3_d0#segment3,1,115.0,109.8,5.200000000000003,True,127.0,moving_average
1476524400,D:\intelligent_transportation\data\lstm_sources\public\kddcup2017_china_tollgate\kdd2017_china_tollgate_20min.csv:kdd2017_t3_d0#segment3,1,121.0,114.4,6.599999999999994,True,115.0,moving_average
1476525600,D:\intelligent_transportation\data\lstm_sources\public\kddcup2017_china_tollgate\kdd2017_china_tollgate_20min.csv:kdd2017_t3_d0#segment3,1,119.0,117.6,1.4000000000000057,True,121.0,moving_average
1476526800,D:\intelligent_transportation\data\lstm_sources\public\kddcup2017_china_tollgate\kdd2017_china_tollgate_20min.csv:kdd2017_t3_d0#segment3,1,135.0,122.0,13.0,True,119.0,moving_average
1476528000,D:\intelligent_transportation\data\lstm_sources\public\kddcup2017_china_tollgate\kdd2017_china_tollgate_20min.csv:kdd2017_t3_d0#segment3,1,94.0,123.4,-29.400000000000006,True,135.0,moving_average
1476529200,D:\intelligent_transportation\data\lstm_sources\public\kddcup2017_china_tollgate\kdd2017_china_tollgate_20min.csv:kdd2017_t3_d0#segment3,1,122.0,116.8,5.200000000000003,True,94.0,moving_average
1476530400,D:\intelligent_transportation\data\lstm_sources\public\kddcup2017_china_tollgate\kdd2017_china_tollgate_20min.csv:kdd2017_t3_d0#segment3,1,103.0,118.2,-15.200000000000003,True,122.0,moving_average
1476531600,D:\intelligent_transportation\data\lstm_sources\public\kddcup2017_china_tollgate\kdd2017_china_tollgate_20min.csv:kdd2017_t3_d0#segment3,1,109.0,114.6,-5.599999999999994,True,103.0,moving_average
1476532800,D:\intelligent_transportation\data\lstm_sources\public\kddcup2017_china_tollgate\kdd2017_china_tollgate_20min.csv:kdd2017_t3_d0#segment3,1,89.0,112.6,-23.599999999999994,True,109.0,moving_average
1476534000,D:\intelligent_transportation\data\lstm_sources\public\kddcup2017_china_tollgate\kdd2017_china_tollgate_20min.csv:kdd2017_t3_d0#segment3,1,104.0,103.4,0.5999999999999943,True,89.0,moving_average
1476535200,D:\intelligent_transportation\data\lstm_sources\public\kddcup2017_china_tollgate\kdd2017_china_tollgate_20min.csv:kdd2017_t3_d0#segment3,1,102.0,105.4,-3.4000000000000057,True,104.0,moving_average
1476536400,D:\intelligent_transportation\data\lstm_sources\public\kddcup2017_china_tollgate\kdd2017_china_tollgate_20min.csv:kdd2017_t3_d0#segment3,1,110.0,101.4,8.599999999999994,True,102.0,moving_average
1476537600,D:\intelligent_transportation\data\lstm_sources\public\kddcup2017_china_tollgate\kdd2017_china_tollgate_20min.csv:kdd2017_t3_d0#segment3,1,128.0,102.8,25.200000000000003,True,110.0,moving_average
1476538800,D:\intelligent_transportation\data\lstm_sources\public\kddcup2017_china_tollgate\kdd2017_china_tollgate_20min.csv:kdd2017_t3_d0#segment3,1,135.0,106.6,28.400000000000006,True,128.0,moving_average
1476540000,D:\intelligent_transportation\data\lstm_sources\public\kddcup2017_china_tollgate\kdd2017_china_tollgate_20min.csv:kdd2017_t3_d0#segment3,1,108.0,115.8,-7.799999999999997,True,135.0,moving_average
1476541200,D:\intelligent_transportation\data\lstm_sources\public\kddcup2017_china_tollgate\kdd2017_china_tollgate_20min.csv:kdd2017_t3_d0#segment3,1,114.0,116.6,-2.5999999999999943,True,108.0,moving_average
1476542400,D:\intelligent_transportation\data\lstm_sources\public\kddcup2017_china_tollgate\kdd2017_china_tollgate_20min.csv:kdd2017_t3_d0#segment3,1,118.0,119.0,-1.0,True,114.0,moving_average
1476543600,D:\intelligent_transportation\data\lstm_sources\public\kddcup2017_china_tollgate\kdd2017_china_tollgate_20min.csv:kdd2017_t3_d0#segment3,1,109.0,120.6,-11.599999999999994,True,118.0,moving_average
1476544800,D:\intelligent_transportation\data\lstm_sources\public\kddcup2017_china_tollgate\kdd2017_china_tollgate_20min.csv:kdd2017_t3_d0#segment3,1,159.0,116.8,42.2,True,109.0,moving_average
1476546000,D:\intelligent_transportation\data\lstm_sources\public\kddcup2017_china_tollgate\kdd2017_china_tollgate_20min.csv:kdd2017_t3_d0#segment3,1,127.0,121.6,5.400000000000006,True,159.0,moving_average
1476547200,D:\intelligent_transportation\data\lstm_sources\public\kddcup2017_china_tollgate\kdd2017_china_tollgate_20min.csv:kdd2017_t3_d0#segment3,1,137.0,125.4,11.599999999999994,True,127.0,moving_average
1476548400,D:\intelligent_transportation\data\lstm_sources\public\kddcup2017_china_tollgate\kdd2017_china_tollgate_20min.csv:kdd2017_t3_d0#segment3,1,125.0,130.0,-5.0,True,137.0,moving_average
1476549600,D:\intelligent_transportation\data\lstm_sources\public\kddcup2017_china_tollgate\kdd2017_china_tollgate_20min.csv:kdd2017_t3_d0#segment3,1,124.0,131.4,-7.400000000000006,True,125.0,moving_average
1476550800,D:\intelligent_transportation\data\lstm_sources\public\kddcup2017_china_tollgate\kdd2017_china_tollgate_20min.csv:kdd2017_t3_d0#segment3,1,105.0,134.4,-29.400000000000006,True,124.0,moving_average
1476552000,D:\intelligent_transportation\data\lstm_sources\public\kddcup2017_china_tollgate\kdd2017_china_tollgate_20min.csv:kdd2017_t3_d0#segment3,1,127.0,123.6,3.4000000000000057,True,105.0,moving_average
1476553200,D:\intelligent_transportation\data\lstm_sources\public\kddcup2017_china_tollgate\kdd2017_china_tollgate_20min.csv:kdd2017_t3_d0#segment3,1,104.0,123.6,-19.599999999999994,True,127.0,moving_average
1476554400,D:\intelligent_transportation\data\lstm_sources\public\kddcup2017_china_tollgate\kdd2017_china_tollgate_20min.csv:kdd2017_t3_d0#segment3,1,82.0,117.0,-35.0,True,104.0,moving_average
1476555600,D:\intelligent_transportation\data\lstm_sources\public\kddcup2017_china_tollgate\kdd2017_china_tollgate_20min.csv:kdd2017_t3_d0#segment3,1,70.0,108.4,-38.400000000000006,True,82.0,moving_average
1476556800,D:\intelligent_transportation\data\lstm_sources\public\kddcup2017_china_tollgate\kdd2017_china_tollgate_20min.csv:kdd2017_t3_d0#segment3,1,62.0,97.6,-35.599999999999994,True,70.0,moving_average
1476558000,D:\intelligent_transportation\data\lstm_sources\public\kddcup2017_china_tollgate\kdd2017_china_tollgate_20min.csv:kdd2017_t3_d0#segment3,1,64.0,89.0,-25.0,True,62.0,moving_average
1476559200,D:\intelligent_transportation\data\lstm_sources\public\kddcup2017_china_tollgate\kdd2017_china_tollgate_20min.csv:kdd2017_t3_d0#segment3,1,67.0,76.4,-9.400000000000006,True,64.0,moving_average
1476560400,D:\intelligent_transportation\data\lstm_sources\public\kddcup2017_china_tollgate\kdd2017_china_tollgate_20min.csv:kdd2017_t3_d0#segment3,1,73.0,69.0,4.0,True,67.0,moving_average
1476561600,D:\intelligent_transportation\data\lstm_sources\public\kddcup2017_china_tollgate\kdd2017_china_tollgate_20min.csv:kdd2017_t3_d0#segment3,1,55.0,67.2,-12.200000000000003,True,73.0,moving_average
1476562800,D:\intelligent_transportation\data\lstm_sources\public\kddcup2017_china_tollgate\kdd2017_china_tollgate_20min.csv:kdd2017_t3_d0#segment3,1,48.0,64.2,-16.200000000000003,True,55.0,moving_average
1476564000,D:\intelligent_transportation\data\lstm_sources\public\kddcup2017_china_tollgate\kdd2017_china_tollgate_20min.csv:kdd2017_t3_d0#segment3,1,53.0,61.4,-8.399999999999999,True,48.0,moving_average
1476565200,D:\intelligent_transportation\data\lstm_sources\public\kddcup2017_china_tollgate\kdd2017_china_tollgate_20min.csv:kdd2017_t3_d0#segment3,1,45.0,59.2,-14.200000000000003,True,53.0,moving_average
1476566400,D:\intelligent_transportation\data\lstm_sources\public\kddcup2017_china_tollgate\kdd2017_china_tollgate_20min.csv:kdd2017_t3_d0#segment3,1,42.0,54.8,-12.799999999999997,True,45.0,moving_average
1476567600,D:\intelligent_transportation\data\lstm_sources\public\kddcup2017_china_tollgate\kdd2017_china_tollgate_20min.csv:kdd2017_t3_d0#segment3,1,31.0,48.6,-17.6,True,42.0,moving_average
1476568800,D:\intelligent_transportation\data\lstm_sources\public\kddcup2017_china_tollgate\kdd2017_china_tollgate_20min.csv:kdd2017_t3_d0#segment3,1,22.0,43.8,-21.799999999999997,True,31.0,moving_average
1476570000,D:\intelligent_transportation\data\lstm_sources\public\kddcup2017_china_tollgate\kdd2017_china_tollgate_20min.csv:kdd2017_t3_d0#segment3,1,22.0,38.6,-16.6,True,22.0,moving_average
1476571200,D:\intelligent_transportation\data\lstm_sources\public\kddcup2017_china_tollgate\kdd2017_china_tollgate_20min.csv:kdd2017_t3_d0#segment3,1,20.0,32.4,-12.399999999999999,True,22.0,moving_average
1476572400,D:\intelligent_transportation\data\lstm_sources\public\kddcup2017_china_tollgate\kdd2017_china_tollgate_20min.csv:kdd2017_t3_d0#segment3,1,9.0,27.4,-18.4,True,20.0,moving_average
1476573600,D:\intelligent_transportation\data\lstm_sources\public\kddcup2017_china_tollgate\kdd2017_china_tollgate_20min.csv:kdd2017_t3_d0#segment3,1,9.0,20.8,-11.8,True,9.0,moving_average
1476574800,D:\intelligent_transportation\data\lstm_sources\public\kddcup2017_china_tollgate\kdd2017_china_tollgate_20min.csv:kdd2017_t3_d0#segment3,1,13.0,16.4,-3.3999999999999986,True,9.0,moving_average
1476576000,D:\intelligent_transportation\data\lstm_sources\public\kddcup2017_china_tollgate\kdd2017_china_tollgate_20min.csv:kdd2017_t3_d0#segment3,1,24.0,14.6,9.4,True,13.0,moving_average
1476577200,D:\intelligent_transportation\data\lstm_sources\public\kddcup2017_china_tollgate\kdd2017_china_tollgate_20min.csv:kdd2017_t3_d0#segment3,1,18.0,15.0,3.0,True,24.0,moving_average
1476578400,D:\intelligent_transportation\data\lstm_sources\public\kddcup2017_china_tollgate\kdd2017_china_tollgate_20min.csv:kdd2017_t3_d0#segment3,1,20.0,14.6,5.4,True,18.0,moving_average
1476579600,D:\intelligent_transportation\data\lstm_sources\public\kddcup2017_china_tollgate\kdd2017_china_tollgate_20min.csv:kdd2017_t3_d0#segment3,1,19.0,16.8,2.1999999999999993,True,20.0,moving_average
1476580800,D:\intelligent_transportation\data\lstm_sources\public\kddcup2017_china_tollgate\kdd2017_china_tollgate_20min.csv:kdd2017_t3_d0#segment3,1,19.0,18.8,0.1999999999999993,True,19.0,moving_average
1476582000,D:\intelligent_transportation\data\lstm_sources\public\kddcup2017_china_tollgate\kdd2017_china_tollgate_20min.csv:kdd2017_t3_d0#segment3,1,17.0,20.0,-3.0,True,19.0,moving_average
1476583200,D:\intelligent_transportation\data\lstm_sources\public\kddcup2017_china_tollgate\kdd2017_china_tollgate_20min.csv:kdd2017_t3_d0#segment3,1,10.0,18.6,-8.600000000000001,True,17.0,moving_average
1476584400,D:\intelligent_transportation\data\lstm_sources\public\kddcup2017_china_tollgate\kdd2017_china_tollgate_20min.csv:kdd2017_t3_d0#segment3,1,12.0,17.0,-5.0,True,10.0,moving_average
1476585600,D:\intelligent_transportation\data\lstm_sources\public\kddcup2017_china_tollgate\kdd2017_china_tollgate_20min.csv:kdd2017_t3_d0#segment3,1,19.0,15.4,3.5999999999999996,True,12.0,moving_average
1476586800,D:\intelligent_transportation\data\lstm_sources\public\kddcup2017_china_tollgate\kdd2017_china_tollgate_20min.csv:kdd2017_t3_d0#segment3,1,9.0,15.4,-6.4,True,19.0,moving_average
1476588000,D:\intelligent_transportation\data\lstm_sources\public\kddcup2017_china_tollgate\kdd2017_china_tollgate_20min.csv:kdd2017_t3_d0#segment3,1,14.0,13.4,0.5999999999999996,True,9.0,moving_average
1476589200,D:\intelligent_transportation\data\lstm_sources\public\kddcup2017_china_tollgate\kdd2017_china_tollgate_20min.csv:kdd2017_t3_d0#segment3,1,12.0,12.8,-0.8000000000000007,True,14.0,moving_average
1476590400,D:\intelligent_transportation\data\lstm_sources\public\kddcup2017_china_tollgate\kdd2017_china_tollgate_20min.csv:kdd2017_t3_d0#segment3,1,11.0,13.2,-2.1999999999999993,True,12.0,moving_average
1476591600,D:\intelligent_transportation\data\lstm_sources\public\kddcup2017_china_tollgate\kdd2017_china_tollgate_20min.csv:kdd2017_t3_d0#segment3,1,14.0,13.0,1.0,True,11.0,moving_average
1476592800,D:\intelligent_transportation\data\lstm_sources\public\kddcup2017_china_tollgate\kdd2017_china_tollgate_20min.csv:kdd2017_t3_d0#segment3,1,17.0,12.0,5.0,True,14.0,moving_average
1476594000,D:\intelligent_transportation\data\lstm_sources\public\kddcup2017_china_tollgate\kdd2017_china_tollgate_20min.csv:kdd2017_t3_d0#segment3,1,8.0,13.6,-5.6,True,17.0,moving_average
1476595200,D:\intelligent_transportation\data\lstm_sources\public\kddcup2017_china_tollgate\kdd2017_china_tollgate_20min.csv:kdd2017_t3_d0#segment3,1,13.0,12.4,0.5999999999999996,True,8.0,moving_average
1476596400,D:\intelligent_transportation\data\lstm_sources\public\kddcup2017_china_tollgate\kdd2017_china_tollgate_20min.csv:kdd2017_t3_d0#segment3,1,12.0,12.6,-0.5999999999999996,True,13.0,moving_average
1476597600,D:\intelligent_transportation\data\lstm_sources\public\kddcup2017_china_tollgate\kdd2017_china_tollgate_20min.csv:kdd2017_t3_d0#segment3,1,28.0,12.8,15.2,True,12.0,moving_average
1476598800,D:\intelligent_transportation\data\lstm_sources\public\kddcup2017_china_tollgate\kdd2017_china_tollgate_20min.csv:kdd2017_t3_d0#segment3,1,39.0,15.6,23.4,True,28.0,moving_average
1476600000,D:\intelligent_transportation\data\lstm_sources\public\kddcup2017_china_tollgate\kdd2017_china_tollgate_20min.csv:kdd2017_t3_d0#segment3,1,62.0,20.0,42.0,True,39.0,moving_average
1476601200,D:\intelligent_transportation\data\lstm_sources\public\kddcup2017_china_tollgate\kdd2017_china_tollgate_20min.csv:kdd2017_t3_d0#segment3,1,65.0,30.8,34.2,True,62.0,moving_average
1476602400,D:\intelligent_transportation\data\lstm_sources\public\kddcup2017_china_tollgate\kdd2017_china_tollgate_20min.csv:kdd2017_t3_d0#segment3,1,78.0,41.2,36.8,True,65.0,moving_average
1476603600,D:\intelligent_transportation\data\lstm_sources\public\kddcup2017_china_tollgate\kdd2017_china_tollgate_20min.csv:kdd2017_t3_d0#segment3,1,74.0,54.4,19.6,True,78.0,moving_average
1476604800,D:\intelligent_transportation\data\lstm_sources\public\kddcup2017_china_tollgate\kdd2017_china_tollgate_20min.csv:kdd2017_t3_d0#segment3,1,85.0,63.6,21.4,True,74.0,moving_average
1476606000,D:\intelligent_transportation\data\lstm_sources\public\kddcup2017_china_tollgate\kdd2017_china_tollgate_20min.csv:kdd2017_t3_d0#segment3,1,114.0,72.8,41.2,True,85.0,moving_average
1476607200,D:\intelligent_transportation\data\lstm_sources\public\kddcup2017_china_tollgate\kdd2017_china_tollgate_20min.csv:kdd2017_t3_d0#segment3,1,102.0,83.2,18.799999999999997,True,114.0,moving_average
1476608400,D:\intelligent_transportation\data\lstm_sources\public\kddcup2017_china_tollgate\kdd2017_china_tollgate_20min.csv:kdd2017_t3_d0#segment3,1,105.0,90.6,14.400000000000006,True,102.0,moving_average
1476609600,D:\intelligent_transportation\data\lstm_sources\public\kddcup2017_china_tollgate\kdd2017_china_tollgate_20min.csv:kdd2017_t3_d0#segment3,1,94.0,96.0,-2.0,True,105.0,moving_average
1476610800,D:\intelligent_transportation\data\lstm_sources\public\kddcup2017_china_tollgate\kdd2017_china_tollgate_20min.csv:kdd2017_t3_d0#segment3,1,72.0,100.0,-28.0,True,94.0,moving_average
1476612000,D:\intelligent_transportation\data\lstm_sources\public\kddcup2017_china_tollgate\kdd2017_china_tollgate_20min.csv:kdd2017_t3_d0#segment3,1,102.0,97.4,4.599999999999994,True,72.0,moving_average
1476613200,D:\intelligent_transportation\data\lstm_sources\public\kddcup2017_china_tollgate\kdd2017_china_tollgate_20min.csv:kdd2017_t3_d0#segment3,1,69.0,95.0,-26.0,True,102.0,moving_average
1476614400,D:\intelligent_transportation\data\lstm_sources\public\kddcup2017_china_tollgate\kdd2017_china_tollgate_20min.csv:kdd2017_t3_d0#segment3,1,68.0,88.4,-20.400000000000006,True,69.0,moving_average
1476615600,D:\intelligent_transportation\data\lstm_sources\public\kddcup2017_china_tollgate\kdd2017_china_tollgate_20min.csv:kdd2017_t3_d0#segment3,1,53.0,81.0,-28.0,True,68.0,moving_average
1476616800,D:\intelligent_transportation\data\lstm_sources\public\kddcup2017_china_tollgate\kdd2017_china_tollgate_20min.csv:kdd2017_t3_d0#segment3,1,58.0,72.8,-14.799999999999997,True,53.0,moving_average
1476618000,D:\intelligent_transportation\data\lstm_sources\public\kddcup2017_china_tollgate\kdd2017_china_tollgate_20min.csv:kdd2017_t3_d0#segment3,1,93.0,70.0,23.0,True,58.0,moving_average
1476619200,D:\intelligent_transportation\data\lstm_sources\public\kddcup2017_china_tollgate\kdd2017_china_tollgate_20min.csv:kdd2017_t3_d0#segment3,1,96.0,68.2,27.799999999999997,True,93.0,moving_average
1476620400,D:\intelligent_transportation\data\lstm_sources\public\kddcup2017_china_tollgate\kdd2017_china_tollgate_20min.csv:kdd2017_t3_d0#segment3,1,92.0,73.6,18.400000000000006,True,96.0,moving_average
1476621600,D:\intelligent_transportation\data\lstm_sources\public\kddcup2017_china_tollgate\kdd2017_china_tollgate_20min.csv:kdd2017_t3_d0#segment3,1,104.0,78.4,25.599999999999994,True,92.0,moving_average
1476622800,D:\intelligent_transportation\data\lstm_sources\public\kddcup2017_china_tollgate\kdd2017_china_tollgate_20min.csv:kdd2017_t3_d0#segment3,1,114.0,88.6,25.400000000000006,True,104.0,moving_average
1476624000,D:\intelligent_transportation\data\lstm_sources\public\kddcup2017_china_tollgate\kdd2017_china_tollgate_20min.csv:kdd2017_t3_d0#segment3,1,120.0,99.8,20.200000000000003,True,114.0,moving_average
1476625200,D:\intelligent_transportation\data\lstm_sources\public\kddcup2017_china_tollgate\kdd2017_china_tollgate_20min.csv:kdd2017_t3_d0#segment3,1,126.0,105.2,20.799999999999997,True,120.0,moving_average
1476626400,D:\intelligent_transportation\data\lstm_sources\public\kddcup2017_china_tollgate\kdd2017_china_tollgate_20min.csv:kdd2017_t3_d0#segment3,1,126.0,111.2,14.799999999999997,True,126.0,moving_average
1476627600,D:\intelligent_transportation\data\lstm_sources\public\kddcup2017_china_tollgate\kdd2017_china_tollgate_20min.csv:kdd2017_t3_d0#segment3,1,125.0,118.0,7.0,True,126.0,moving_average
1476628800,D:\intelligent_transportation\data\lstm_sources\public\kddcup2017_china_tollgate\kdd2017_china_tollgate_20min.csv:kdd2017_t3_d0#segment3,1,143.0,122.2,20.799999999999997,True,125.0,moving_average
1476630000,D:\intelligent_transportation\data\lstm_sources\public\kddcup2017_china_tollgate\kdd2017_china_tollgate_20min.csv:kdd2017_t3_d0#segment3,1,138.0,128.0,10.0,True,143.0,moving_average
1476631200,D:\intelligent_transportation\data\lstm_sources\public\kddcup2017_china_tollgate\kdd2017_china_tollgate_20min.csv:kdd2017_t3_d0#segment3,1,109.0,131.6,-22.599999999999994,True,138.0,moving_average
1476632400,D:\intelligent_transportation\data\lstm_sources\public\kddcup2017_china_tollgate\kdd2017_china_tollgate_20min.csv:kdd2017_t3_d0#segment3,1,109.0,128.2,-19.19999999999999,True,109.0,moving_average
1476633600,D:\intelligent_transportation\data\lstm_sources\public\kddcup2017_china_tollgate\kdd2017_china_tollgate_20min.csv:kdd2017_t3_d0#segment3,1,144.0,124.8,19.200000000000003,True,109.0,moving_average
1476634800,D:\intelligent_transportation\data\lstm_sources\public\kddcup2017_china_tollgate\kdd2017_china_tollgate_20min.csv:kdd2017_t3_d0#segment3,1,127.0,128.6,-1.5999999999999943,True,144.0,moving_average
1476636000,D:\intelligent_transportation\data\lstm_sources\public\kddcup2017_china_tollgate\kdd2017_china_tollgate_20min.csv:kdd2017_t3_d0#segment3,1,133.0,125.4,7.599999999999994,True,127.0,moving_average
1476637200,D:\intelligent_transportation\data\lstm_sources\public\kddcup2017_china_tollgate\kdd2017_china_tollgate_20min.csv:kdd2017_t3_d0#segment3,1,132.0,124.4,7.599999999999994,True,133.0,moving_average
1476638400,D:\intelligent_transportation\data\lstm_sources\public\kddcup2017_china_tollgate\kdd2017_china_tollgate_20min.csv:kdd2017_t3_d0#segment3,1,116.0,129.0,-13.0,True,132.0,moving_average
1476639600,D:\intelligent_transportation\data\lstm_sources\public\kddcup2017_china_tollgate\kdd2017_china_tollgate_20min.csv:kdd2017_t3_d0#segment3,1,120.0,130.4,-10.400000000000006,True,116.0,moving_average
1476640800,D:\intelligent_transportation\data\lstm_sources\public\kddcup2017_china_tollgate\kdd2017_china_tollgate_20min.csv:kdd2017_t3_d0#segment3,1,105.0,125.6,-20.599999999999994,True,120.0,moving_average
1476642000,D:\intelligent_transportation\data\lstm_sources\public\kddcup2017_china_tollgate\kdd2017_china_tollgate_20min.csv:kdd2017_t3_d0#segment3,1,93.0,121.2,-28.200000000000003,True,105.0,moving_average
1476643200,D:\intelligent_transportation\data\lstm_sources\public\kddcup2017_china_tollgate\kdd2017_china_tollgate_20min.csv:kdd2017_t3_d0#segment3,1,80.0,113.2,-33.2,True,93.0,moving_average
1476644400,D:\intelligent_transportation\data\lstm_sources\public\kddcup2017_china_tollgate\kdd2017_china_tollgate_20min.csv:kdd2017_t3_d0#segment3,1,81.0,102.8,-21.799999999999997,True,80.0,moving_average
1476645600,D:\intelligent_transportation\data\lstm_sources\public\kddcup2017_china_tollgate\kdd2017_china_tollgate_20min.csv:kdd2017_t3_d0#segment3,1,74.0,95.8,-21.799999999999997,True,81.0,moving_average
1476646800,D:\intelligent_transportation\data\lstm_sources\public\kddcup2017_china_tollgate\kdd2017_china_tollgate_20min.csv:kdd2017_t3_d0#segment3,1,76.0,86.6,-10.599999999999994,True,74.0,moving_average
1476648000,D:\intelligent_transportation\data\lstm_sources\public\kddcup2017_china_tollgate\kdd2017_china_tollgate_20min.csv:kdd2017_t3_d0#segment3,1,59.0,80.8,-21.799999999999997,True,76.0,moving_average
1476649200,D:\intelligent_transportation\data\lstm_sources\public\kddcup2017_china_tollgate\kdd2017_china_tollgate_20min.csv:kdd2017_t3_d0#segment3,1,56.0,74.0,-18.0,True,59.0,moving_average
1476650400,D:\intelligent_transportation\data\lstm_sources\public\kddcup2017_china_tollgate\kdd2017_china_tollgate_20min.csv:kdd2017_t3_d0#segment3,1,50.0,69.2,-19.200000000000003,True,56.0,moving_average
1476651600,D:\intelligent_transportation\data\lstm_sources\public\kddcup2017_china_tollgate\kdd2017_china_tollgate_20min.csv:kdd2017_t3_d0#segment3,1,42.0,63.0,-21.0,True,50.0,moving_average
1476652800,D:\intelligent_transportation\data\lstm_sources\public\kddcup2017_china_tollgate\kdd2017_china_tollgate_20min.csv:kdd2017_t3_d0#segment3,1,39.0,56.6,-17.6,True,42.0,moving_average
1476654000,D:\intelligent_transportation\data\lstm_sources\public\kddcup2017_china_tollgate\kdd2017_china_tollgate_20min.csv:kdd2017_t3_d0#segment3,1,32.0,49.2,-17.200000000000003,True,39.0,moving_average
1476655200,D:\intelligent_transportation\data\lstm_sources\public\kddcup2017_china_tollgate\kdd2017_china_tollgate_20min.csv:kdd2017_t3_d0#segment3,1,31.0,43.8,-12.799999999999997,True,32.0,moving_average
1476656400,D:\intelligent_transportation\data\lstm_sources\public\kddcup2017_china_tollgate\kdd2017_china_tollgate_20min.csv:kdd2017_t3_d0#segment3,1,26.0,38.8,-12.799999999999997,True,31.0,moving_average
1476657600,D:\intelligent_transportation\data\lstm_sources\public\kddcup2017_china_tollgate\kdd2017_china_tollgate_20min.csv:kdd2017_t3_d0#segment3,1,16.0,34.0,-18.0,True,26.0,moving_average
1476658800,D:\intelligent_transportation\data\lstm_sources\public\kddcup2017_china_tollgate\kdd2017_china_tollgate_20min.csv:kdd2017_t3_d0#segment3,1,17.0,28.8,-11.8,True,16.0,moving_average
1476660000,D:\intelligent_transportation\data\lstm_sources\public\kddcup2017_china_tollgate\kdd2017_china_tollgate_20min.csv:kdd2017_t3_d0#segment3,1,21.0,24.4,-3.3999999999999986,True,17.0,moving_average
1476661200,D:\intelligent_transportation\data\lstm_sources\public\kddcup2017_china_tollgate\kdd2017_china_tollgate_20min.csv:kdd2017_t3_d0#segment3,1,17.0,22.2,-5.199999999999999,True,21.0,moving_average
1476662400,D:\intelligent_transportation\data\lstm_sources\public\kddcup2017_china_tollgate\kdd2017_china_tollgate_20min.csv:kdd2017_t3_d0#segment3,1,17.0,19.4,-2.3999999999999986,True,17.0,moving_average
1476663600,D:\intelligent_transportation\data\lstm_sources\public\kddcup2017_china_tollgate\kdd2017_china_tollgate_20min.csv:kdd2017_t3_d0#segment3,1,21.0,17.6,3.3999999999999986,True,17.0,moving_average
1476664800,D:\intelligent_transportation\data\lstm_sources\public\kddcup2017_china_tollgate\kdd2017_china_tollgate_20min.csv:kdd2017_t3_d0#segment3,1,18.0,18.6,-0.6000000000000014,True,21.0,moving_average
1476666000,D:\intelligent_transportation\data\lstm_sources\public\kddcup2017_china_tollgate\kdd2017_china_tollgate_20min.csv:kdd2017_t3_d0#segment3,1,23.0,18.8,4.199999999999999,True,18.0,moving_average
1476667200,D:\intelligent_transportation\data\lstm_sources\public\kddcup2017_china_tollgate\kdd2017_china_tollgate_20min.csv:kdd2017_t3_d0#segment3,1,19.0,19.2,-0.1999999999999993,True,23.0,moving_average
1476668400,D:\intelligent_transportation\data\lstm_sources\public\kddcup2017_china_tollgate\kdd2017_china_tollgate_20min.csv:kdd2017_t3_d0#segment3,1,10.0,19.6,-9.600000000000001,True,19.0,moving_average
1476669600,D:\intelligent_transportation\data\lstm_sources\public\kddcup2017_china_tollgate\kdd2017_china_tollgate_20min.csv:kdd2017_t3_d0#segment3,1,11.0,18.2,-7.199999999999999,True,10.0,moving_average
1476670800,D:\intelligent_transportation\data\lstm_sources\public\kddcup2017_china_tollgate\kdd2017_china_tollgate_20min.csv:kdd2017_t3_d0#segment3,1,14.0,16.2,-2.1999999999999993,True,11.0,moving_average
1476672000,D:\intelligent_transportation\data\lstm_sources\public\kddcup2017_china_tollgate\kdd2017_china_tollgate_20min.csv:kdd2017_t3_d0#segment3,1,13.0,15.4,-2.4000000000000004,True,14.0,moving_average
1476673200,D:\intelligent_transportation\data\lstm_sources\public\kddcup2017_china_tollgate\kdd2017_china_tollgate_20min.csv:kdd2017_t3_d0#segment3,1,16.0,13.4,2.5999999999999996,True,13.0,moving_average
1476674400,D:\intelligent_transportation\data\lstm_sources\public\kddcup2017_china_tollgate\kdd2017_china_tollgate_20min.csv:kdd2017_t3_d0#segment3,1,15.0,12.8,2.1999999999999993,True,16.0,moving_average
1476675600,D:\intelligent_transportation\data\lstm_sources\public\kddcup2017_china_tollgate\kdd2017_china_tollgate_20min.csv:kdd2017_t3_d0#segment3,1,7.0,13.8,-6.800000000000001,True,15.0,moving_average
1476676800,D:\intelligent_transportation\data\lstm_sources\public\kddcup2017_china_tollgate\kdd2017_china_tollgate_20min.csv:kdd2017_t3_d0#segment3,1,15.0,13.0,2.0,True,7.0,moving_average
1476678000,D:\intelligent_transportation\data\lstm_sources\public\kddcup2017_china_tollgate\kdd2017_china_tollgate_20min.csv:kdd2017_t3_d0#segment3,1,12.0,13.2,-1.1999999999999993,True,15.0,moving_average
1476679200,D:\intelligent_transportation\data\lstm_sources\public\kddcup2017_china_tollgate\kdd2017_china_tollgate_20min.csv:kdd2017_t3_d0#segment3,1,11.0,13.0,-2.0,True,12.0,moving_average
1476680400,D:\intelligent_transportation\data\lstm_sources\public\kddcup2017_china_tollgate\kdd2017_china_tollgate_20min.csv:kdd2017_t3_d0#segment3,1,14.0,12.0,2.0,True,11.0,moving_average
1476681600,D:\intelligent_transportation\data\lstm_sources\public\kddcup2017_china_tollgate\kdd2017_china_tollgate_20min.csv:kdd2017_t3_d0#segment3,1,15.0,11.8,3.1999999999999993,True,14.0,moving_average
1476682800,D:\intelligent_transportation\data\lstm_sources\public\kddcup2017_china_tollgate\kdd2017_china_tollgate_20min.csv:kdd2017_t3_d0#segment3,1,23.0,13.4,9.6,True,15.0,moving_average
1476684000,D:\intelligent_transportation\data\lstm_sources\public\kddcup2017_china_tollgate\kdd2017_china_tollgate_20min.csv:kdd2017_t3_d0#segment3,1,40.0,15.0,25.0,True,23.0,moving_average
1476685200,D:\intelligent_transportation\data\lstm_sources\public\kddcup2017_china_tollgate\kdd2017_china_tollgate_20min.csv:kdd2017_t3_d0#segment3,1,59.0,20.6,38.4,True,40.0,moving_average
1476686400,D:\intelligent_transportation\data\lstm_sources\public\kddcup2017_china_tollgate\kdd2017_china_tollgate_20min.csv:kdd2017_t3_d0#segment3,1,95.0,30.2,64.8,True,59.0,moving_average
1476687600,D:\intelligent_transportation\data\lstm_sources\public\kddcup2017_china_tollgate\kdd2017_china_tollgate_20min.csv:kdd2017_t3_d0#segment3,1,145.0,46.4,98.6,True,95.0,moving_average
1476688800,D:\intelligent_transportation\data\lstm_sources\public\kddcup2017_china_tollgate\kdd2017_china_tollgate_20min.csv:kdd2017_t3_d0#segment3,1,162.0,72.4,89.6,True,145.0,moving_average
1476690000,D:\intelligent_transportation\data\lstm_sources\public\kddcup2017_china_tollgate\kdd2017_china_tollgate_20min.csv:kdd2017_t3_d0#segment3,1,165.0,100.2,64.8,True,162.0,moving_average
1476691200,D:\intelligent_transportation\data\lstm_sources\public\kddcup2017_china_tollgate\kdd2017_china_tollgate_20min.csv:kdd2017_t3_d0#segment3,1,175.0,125.2,49.8,True,165.0,moving_average
1476692400,D:\intelligent_transportation\data\lstm_sources\public\kddcup2017_china_tollgate\kdd2017_china_tollgate_20min.csv:kdd2017_t3_d0#segment3,1,182.0,148.4,33.599999999999994,True,175.0,moving_average
1476693600,D:\intelligent_transportation\data\lstm_sources\public\kddcup2017_china_tollgate\kdd2017_china_tollgate_20min.csv:kdd2017_t3_d0#segment3,1,180.0,165.8,14.199999999999989,True,182.0,moving_average
1476694800,D:\intelligent_transportation\data\lstm_sources\public\kddcup2017_china_tollgate\kdd2017_china_tollgate_20min.csv:kdd2017_t3_d0#segment3,1,138.0,172.8,-34.80000000000001,True,180.0,moving_average
1476696000,D:\intelligent_transportation\data\lstm_sources\public\kddcup2017_china_tollgate\kdd2017_china_tollgate_20min.csv:kdd2017_t3_d0#segment3,1,150.0,168.0,-18.0,True,138.0,moving_average
1476697200,D:\intelligent_transportation\data\lstm_sources\public\kddcup2017_china_tollgate\kdd2017_china_tollgate_20min.csv:kdd2017_t3_d0#segment3,1,117.0,165.0,-48.0,True,150.0,moving_average
1476698400,D:\intelligent_transportation\data\lstm_sources\public\kddcup2017_china_tollgate\kdd2017_china_tollgate_20min.csv:kdd2017_t3_d0#segment3,1,127.0,153.4,-26.400000000000006,True,117.0,moving_average
1476699600,D:\intelligent_transportation\data\lstm_sources\public\kddcup2017_china_tollgate\kdd2017_china_tollgate_20min.csv:kdd2017_t3_d0#segment3,1,108.0,142.4,-34.400000000000006,True,127.0,moving_average
1476700800,D:\intelligent_transportation\data\lstm_sources\public\kddcup2017_china_tollgate\kdd2017_china_tollgate_20min.csv:kdd2017_t3_d0#segment3,1,86.0,128.0,-42.0,True,108.0,moving_average
1476702000,D:\intelligent_transportation\data\lstm_sources\public\kddcup2017_china_tollgate\kdd2017_china_tollgate_20min.csv:kdd2017_t3_d0#segment3,1,102.0,117.6,-15.599999999999994,True,86.0,moving_average
1476703200,D:\intelligent_transportation\data\lstm_sources\public\kddcup2017_china_tollgate\kdd2017_china_tollgate_20min.csv:kdd2017_t3_d0#segment3,1,89.0,108.0,-19.0,True,102.0,moving_average
1476704400,D:\intelligent_transportation\data\lstm_sources\public\kddcup2017_china_tollgate\kdd2017_china_tollgate_20min.csv:kdd2017_t3_d0#segment3,1,88.0,102.4,-14.400000000000006,True,89.0,moving_average
1476705600,D:\intelligent_transportation\data\lstm_sources\public\kddcup2017_china_tollgate\kdd2017_china_tollgate_20min.csv:kdd2017_t3_d0#segment3,1,89.0,94.6,-5.599999999999994,True,88.0,moving_average
1476706800,D:\intelligent_transportation\data\lstm_sources\public\kddcup2017_china_tollgate\kdd2017_china_tollgate_20min.csv:kdd2017_t3_d0#segment3,1,78.0,90.8,-12.799999999999997,True,89.0,moving_average
1476708000,D:\intelligent_transportation\data\lstm_sources\public\kddcup2017_china_tollgate\kdd2017_china_tollgate_20min.csv:kdd2017_t3_d0#segment3,1,90.0,89.2,0.7999999999999972,True,78.0,moving_average
1476709200,D:\intelligent_transportation\data\lstm_sources\public\kddcup2017_china_tollgate\kdd2017_china_tollgate_20min.csv:kdd2017_t3_d0#segment3,1,108.0,86.8,21.200000000000003,True,90.0,moving_average
1476710400,D:\intelligent_transportation\data\lstm_sources\public\kddcup2017_china_tollgate\kdd2017_china_tollgate_20min.csv:kdd2017_t3_d0#segment3,1,93.0,90.6,2.4000000000000057,True,108.0,moving_average
1476711600,D:\intelligent_transportation\data\lstm_sources\public\kddcup2017_china_tollgate\kdd2017_china_tollgate_20min.csv:kdd2017_t3_d0#segment3,1,95.0,91.6,3.4000000000000057,True,93.0,moving_average
1476712800,D:\intelligent_transportation\data\lstm_sources\public\kddcup2017_china_tollgate\kdd2017_china_tollgate_20min.csv:kdd2017_t3_d0#segment3,1,114.0,92.8,21.200000000000003,True,95.0,moving_average
1476714000,D:\intelligent_transportation\data\lstm_sources\public\kddcup2017_china_tollgate\kdd2017_china_tollgate_20min.csv:kdd2017_t3_d0#segment3,1,118.0,100.0,18.0,True,114.0,moving_average
1476715200,D:\intelligent_transportation\data\lstm_sources\public\kddcup2017_china_tollgate\kdd2017_china_tollgate_20min.csv:kdd2017_t3_d0#segment3,1,85.0,105.6,-20.599999999999994,True,118.0,moving_average
1476716400,D:\intelligent_transportation\data\lstm_sources\public\kddcup2017_china_tollgate\kdd2017_china_tollgate_20min.csv:kdd2017_t3_d0#segment3,1,117.0,101.0,16.0,True,85.0,moving_average
1476717600,D:\intelligent_transportation\data\lstm_sources\public\kddcup2017_china_tollgate\kdd2017_china_tollgate_20min.csv:kdd2017_t3_d0#segment3,1,105.0,105.8,-0.7999999999999972,True,117.0,moving_average
1476718800,D:\intelligent_transportation\data\lstm_sources\public\kddcup2017_china_tollgate\kdd2017_china_tollgate_20min.csv:kdd2017_t3_d0#segment3,1,108.0,107.8,0.20000000000000284,True,105.0,moving_average
1476720000,D:\intelligent_transportation\data\lstm_sources\public\kddcup2017_china_tollgate\kdd2017_china_tollgate_20min.csv:kdd2017_t3_d0#segment3,1,114.0,106.6,7.400000000000006,True,108.0,moving_average
1476721200,D:\intelligent_transportation\data\lstm_sources\public\kddcup2017_china_tollgate\kdd2017_china_tollgate_20min.csv:kdd2017_t3_d0#segment3,1,112.0,105.8,6.200000000000003,True,114.0,moving_average
1476722400,D:\intelligent_transportation\data\lstm_sources\public\kddcup2017_china_tollgate\kdd2017_china_tollgate_20min.csv:kdd2017_t3_d0#segment3,1,96.0,111.2,-15.200000000000003,True,112.0,moving_average
1476723600,D:\intelligent_transportation\data\lstm_sources\public\kddcup2017_china_tollgate\kdd2017_china_tollgate_20min.csv:kdd2017_t3_d0#segment3,1,140.0,107.0,33.0,True,96.0,moving_average
1476724800,D:\intelligent_transportation\data\lstm_sources\public\kddcup2017_china_tollgate\kdd2017_china_tollgate_20min.csv:kdd2017_t3_d0#segment3,1,132.0,114.0,18.0,True,140.0,moving_average
1476726000,D:\intelligent_transportation\data\lstm_sources\public\kddcup2017_china_tollgate\kdd2017_china_tollgate_20min.csv:kdd2017_t3_d0#segment3,1,113.0,118.8,-5.799999999999997,True,132.0,moving_average
1476727200,D:\intelligent_transportation\data\lstm_sources\public\kddcup2017_china_tollgate\kdd2017_china_tollgate_20min.csv:kdd2017_t3_d0#segment3,1,90.0,118.6,-28.599999999999994,True,113.0,moving_average
1476728400,D:\intelligent_transportation\data\lstm_sources\public\kddcup2017_china_tollgate\kdd2017_china_tollgate_20min.csv:kdd2017_t3_d0#segment3,1,93.0,114.2,-21.200000000000003,True,90.0,moving_average
1476729600,D:\intelligent_transportation\data\lstm_sources\public\kddcup2017_china_tollgate\kdd2017_china_tollgate_20min.csv:kdd2017_t3_d0#segment3,1,65.0,113.6,-48.599999999999994,True,93.0,moving_average
1476730800,D:\intelligent_transportation\data\lstm_sources\public\kddcup2017_china_tollgate\kdd2017_china_tollgate_20min.csv:kdd2017_t3_d0#segment3,1,51.0,98.6,-47.599999999999994,True,65.0,moving_average
1476732000,D:\intelligent_transportation\data\lstm_sources\public\kddcup2017_china_tollgate\kdd2017_china_tollgate_20min.csv:kdd2017_t3_d0#segment3,1,46.0,82.4,-36.400000000000006,True,51.0,moving_average
1476733200,D:\intelligent_transportation\data\lstm_sources\public\kddcup2017_china_tollgate\kdd2017_china_tollgate_20min.csv:kdd2017_t3_d0#segment3,1,53.0,69.0,-16.0,True,46.0,moving_average
1476734400,D:\intelligent_transportation\data\lstm_sources\public\kddcup2017_china_tollgate\kdd2017_china_tollgate_20min.csv:kdd2017_t3_d0#segment3,1,46.0,61.6,-15.600000000000001,True,53.0,moving_average
1476735600,D:\intelligent_transportation\data\lstm_sources\public\kddcup2017_china_tollgate\kdd2017_china_tollgate_20min.csv:kdd2017_t3_d0#segment3,1,45.0,52.2,-7.200000000000003,True,46.0,moving_average
1476736800,D:\intelligent_transportation\data\lstm_sources\public\kddcup2017_china_tollgate\kdd2017_china_tollgate_20min.csv:kdd2017_t3_d0#segment3,1,39.0,48.2,-9.200000000000003,True,45.0,moving_average
1476738000,D:\intelligent_transportation\data\lstm_sources\public\kddcup2017_china_tollgate\kdd2017_china_tollgate_20min.csv:kdd2017_t3_d0#segment3,1,37.0,45.8,-8.799999999999997,True,39.0,moving_average
1476739200,D:\intelligent_transportation\data\lstm_sources\public\kddcup2017_china_tollgate\kdd2017_china_tollgate_20min.csv:kdd2017_t3_d0#segment3,1,31.0,44.0,-13.0,True,37.0,moving_average
1476740400,D:\intelligent_transportation\data\lstm_sources\public\kddcup2017_china_tollgate\kdd2017_china_tollgate_20min.csv:kdd2017_t3_d0#segment3,1,26.0,39.6,-13.600000000000001,True,31.0,moving_average
1476741600,D:\intelligent_transportation\data\lstm_sources\public\kddcup2017_china_tollgate\kdd2017_china_tollgate_20min.csv:kdd2017_t3_d0#segment3,1,17.0,35.6,-18.6,True,26.0,moving_average
1476742800,D:\intelligent_transportation\data\lstm_sources\public\kddcup2017_china_tollgate\kdd2017_china_tollgate_20min.csv:kdd2017_t3_d0#segment3,1,20.0,30.0,-10.0,True,17.0,moving_average
1476744000,D:\intelligent_transportation\data\lstm_sources\public\kddcup2017_china_tollgate\kdd2017_china_tollgate_20min.csv:kdd2017_t3_d0#segment3,1,19.0,26.2,-7.199999999999999,True,20.0,moving_average
1476745200,D:\intelligent_transportation\data\lstm_sources\public\kddcup2017_china_tollgate\kdd2017_china_tollgate_20min.csv:kdd2017_t3_d0#segment3,1,2.0,22.6,-20.6,True,19.0,moving_average
1476746400,D:\intelligent_transportation\data\lstm_sources\public\kddcup2017_china_tollgate\kdd2017_china_tollgate_20min.csv:kdd2017_t3_d0#segment3,1,8.0,16.8,-8.8,True,2.0,moving_average
1476747600,D:\intelligent_transportation\data\lstm_sources\public\kddcup2017_china_tollgate\kdd2017_china_tollgate_20min.csv:kdd2017_t3_d0#segment3,1,15.0,13.2,1.8000000000000007,True,8.0,moving_average
1476379200,D:\intelligent_transportation\data\lstm_sources\public\kddcup2017_china_tollgate\kdd2017_china_tollgate_20min.csv:kdd2017_t3_d1#segment4,1,96.0,106.8,-10.799999999999997,True,88.0,moving_average
1476380400,D:\intelligent_transportation\data\lstm_sources\public\kddcup2017_china_tollgate\kdd2017_china_tollgate_20min.csv:kdd2017_t3_d1#segment4,1,105.0,105.0,0.0,True,96.0,moving_average
1476381600,D:\intelligent_transportation\data\lstm_sources\public\kddcup2017_china_tollgate\kdd2017_china_tollgate_20min.csv:kdd2017_t3_d1#segment4,1,87.0,102.0,-15.0,True,105.0,moving_average
1476382800,D:\intelligent_transportation\data\lstm_sources\public\kddcup2017_china_tollgate\kdd2017_china_tollgate_20min.csv:kdd2017_t3_d1#segment4,1,80.0,95.0,-15.0,True,87.0,moving_average
1476384000,D:\intelligent_transportation\data\lstm_sources\public\kddcup2017_china_tollgate\kdd2017_china_tollgate_20min.csv:kdd2017_t3_d1#segment4,1,75.0,91.2,-16.200000000000003,True,80.0,moving_average
1476385200,D:\intelligent_transportation\data\lstm_sources\public\kddcup2017_china_tollgate\kdd2017_china_tollgate_20min.csv:kdd2017_t3_d1#segment4,1,49.0,88.6,-39.599999999999994,True,75.0,moving_average
1476386400,D:\intelligent_transportation\data\lstm_sources\public\kddcup2017_china_tollgate\kdd2017_china_tollgate_20min.csv:kdd2017_t3_d1#segment4,1,57.0,79.2,-22.200000000000003,True,49.0,moving_average
1476387600,D:\intelligent_transportation\data\lstm_sources\public\kddcup2017_china_tollgate\kdd2017_china_tollgate_20min.csv:kdd2017_t3_d1#segment4,1,68.0,69.6,-1.5999999999999943,True,57.0,moving_average
1476388800,D:\intelligent_transportation\data\lstm_sources\public\kddcup2017_china_tollgate\kdd2017_china_tollgate_20min.csv:kdd2017_t3_d1#segment4,1,50.0,65.8,-15.799999999999997,True,68.0,moving_average
1476390000,D:\intelligent_transportation\data\lstm_sources\public\kddcup2017_china_tollgate\kdd2017_china_tollgate_20min.csv:kdd2017_t3_d1#segment4,1,42.0,59.8,-17.799999999999997,True,50.0,moving_average
1476391200,D:\intelligent_transportation\data\lstm_sources\public\kddcup2017_china_tollgate\kdd2017_china_tollgate_20min.csv:kdd2017_t3_d1#segment4,1,50.0,53.2,-3.200000000000003,True,42.0,moving_average
1476392400,D:\intelligent_transportation\data\lstm_sources\public\kddcup2017_china_tollgate\kdd2017_china_tollgate_20min.csv:kdd2017_t3_d1#segment4,1,38.0,53.4,-15.399999999999999,True,50.0,moving_average
1476393600,D:\intelligent_transportation\data\lstm_sources\public\kddcup2017_china_tollgate\kdd2017_china_tollgate_20min.csv:kdd2017_t3_d1#segment4,1,35.0,49.6,-14.600000000000001,True,38.0,moving_average
1476394800,D:\intelligent_transportation\data\lstm_sources\public\kddcup2017_china_tollgate\kdd2017_china_tollgate_20min.csv:kdd2017_t3_d1#segment4,1,45.0,43.0,2.0,True,35.0,moving_average
1476396000,D:\intelligent_transportation\data\lstm_sources\public\kddcup2017_china_tollgate\kdd2017_china_tollgate_20min.csv:kdd2017_t3_d1#segment4,1,36.0,42.0,-6.0,True,45.0,moving_average
1476397200,D:\intelligent_transportation\data\lstm_sources\public\kddcup2017_china_tollgate\kdd2017_china_tollgate_20min.csv:kdd2017_t3_d1#segment4,1,33.0,40.8,-7.799999999999997,True,36.0,moving_average
1476398400,D:\intelligent_transportation\data\lstm_sources\public\kddcup2017_china_tollgate\kdd2017_china_tollgate_20min.csv:kdd2017_t3_d1#segment4,1,25.0,37.4,-12.399999999999999,True,33.0,moving_average
1476399600,D:\intelligent_transportation\data\lstm_sources\public\kddcup2017_china_tollgate\kdd2017_china_tollgate_20min.csv:kdd2017_t3_d1#segment4,1,15.0,34.8,-19.799999999999997,True,25.0,moving_average
1476400800,D:\intelligent_transportation\data\lstm_sources\public\kddcup2017_china_tollgate\kdd2017_china_tollgate_20min.csv:kdd2017_t3_d1#segment4,1,15.0,30.8,-15.8,True,15.0,moving_average
1476402000,D:\intelligent_transportation\data\lstm_sources\public\kddcup2017_china_tollgate\kdd2017_china_tollgate_20min.csv:kdd2017_t3_d1#segment4,1,13.0,24.8,-11.8,True,15.0,moving_average
1476403200,D:\intelligent_transportation\data\lstm_sources\public\kddcup2017_china_tollgate\kdd2017_china_tollgate_20min.csv:kdd2017_t3_d1#segment4,1,128.0,20.2,107.8,True,13.0,moving_average
1476404400,D:\intelligent_transportation\data\lstm_sources\public\kddcup2017_china_tollgate\kdd2017_china_tollgate_20min.csv:kdd2017_t3_d1#segment4,1,112.0,39.2,72.8,True,128.0,moving_average
1476405600,D:\intelligent_transportation\data\lstm_sources\public\kddcup2017_china_tollgate\kdd2017_china_tollgate_20min.csv:kdd2017_t3_d1#segment4,1,81.0,56.6,24.4,True,112.0,moving_average
1476406800,D:\intelligent_transportation\data\lstm_sources\public\kddcup2017_china_tollgate\kdd2017_china_tollgate_20min.csv:kdd2017_t3_d1#segment4,1,14.0,69.8,-55.8,True,81.0,moving_average
1476408000,D:\intelligent_transportation\data\lstm_sources\public\kddcup2017_china_tollgate\kdd2017_china_tollgate_20min.csv:kdd2017_t3_d1#segment4,1,12.0,69.6,-57.599999999999994,True,14.0,moving_average
1476409200,D:\intelligent_transportation\data\lstm_sources\public\kddcup2017_china_tollgate\kdd2017_china_tollgate_20min.csv:kdd2017_t3_d1#segment4,1,14.0,69.4,-55.400000000000006,True,12.0,moving_average
1476410400,D:\intelligent_transportation\data\lstm_sources\public\kddcup2017_china_tollgate\kdd2017_china_tollgate_20min.csv:kdd2017_t3_d1#segment4,1,6.0,46.6,-40.6,True,14.0,moving_average
1476411600,D:\intelligent_transportation\data\lstm_sources\public\kddcup2017_china_tollgate\kdd2017_china_tollgate_20min.csv:kdd2017_t3_d1#segment4,1,5.0,25.4,-20.4,True,6.0,moving_average
1476412800,D:\intelligent_transportation\data\lstm_sources\public\kddcup2017_china_tollgate\kdd2017_china_tollgate_20min.csv:kdd2017_t3_d1#segment4,1,9.0,10.2,-1.1999999999999993,True,5.0,moving_average
1476414000,D:\intelligent_transportation\data\lstm_sources\public\kddcup2017_china_tollgate\kdd2017_china_tollgate_20min.csv:kdd2017_t3_d1#segment4,1,2.0,9.2,-7.199999999999999,True,9.0,moving_average
1476415200,D:\intelligent_transportation\data\lstm_sources\public\kddcup2017_china_tollgate\kdd2017_china_tollgate_20min.csv:kdd2017_t3_d1#segment4,1,6.0,7.2,-1.2000000000000002,True,2.0,moving_average
1476416400,D:\intelligent_transportation\data\lstm_sources\public\kddcup2017_china_tollgate\kdd2017_china_tollgate_20min.csv:kdd2017_t3_d1#segment4,1,2.0,5.6,-3.5999999999999996,True,6.0,moving_average
1476417600,D:\intelligent_transportation\data\lstm_sources\public\kddcup2017_china_tollgate\kdd2017_china_tollgate_20min.csv:kdd2017_t3_d1#segment4,1,3.0,4.8,-1.7999999999999998,True,2.0,moving_average
1476418800,D:\intelligent_transportation\data\lstm_sources\public\kddcup2017_china_tollgate\kdd2017_china_tollgate_20min.csv:kdd2017_t3_d1#segment4,1,9.0,4.4,4.6,True,3.0,moving_average
1476420000,D:\intelligent_transportation\data\lstm_sources\public\kddcup2017_china_tollgate\kdd2017_china_tollgate_20min.csv:kdd2017_t3_d1#segment4,1,11.0,4.4,6.6,True,9.0,moving_average
1476421200,D:\intelligent_transportation\data\lstm_sources\public\kddcup2017_china_tollgate\kdd2017_china_tollgate_20min.csv:kdd2017_t3_d1#segment4,1,11.0,6.2,4.8,True,11.0,moving_average
1476422400,D:\intelligent_transportation\data\lstm_sources\public\kddcup2017_china_tollgate\kdd2017_china_tollgate_20min.csv:kdd2017_t3_d1#segment4,1,5.0,7.2,-2.2,True,11.0,moving_average
1476423600,D:\intelligent_transportation\data\lstm_sources\public\kddcup2017_china_tollgate\kdd2017_china_tollgate_20min.csv:kdd2017_t3_d1#segment4,1,13.0,7.8,5.2,True,5.0,moving_average
1476424800,D:\intelligent_transportation\data\lstm_sources\public\kddcup2017_china_tollgate\kdd2017_china_tollgate_20min.csv:kdd2017_t3_d1#segment4,1,17.0,9.8,7.199999999999999,True,13.0,moving_average
1476426000,D:\intelligent_transportation\data\lstm_sources\public\kddcup2017_china_tollgate\kdd2017_china_tollgate_20min.csv:kdd2017_t3_d1#segment4,1,34.0,11.4,22.6,True,17.0,moving_average
1476427200,D:\intelligent_transportation\data\lstm_sources\public\kddcup2017_china_tollgate\kdd2017_china_tollgate_20min.csv:kdd2017_t3_d1#segment4,1,54.0,16.0,38.0,True,34.0,moving_average
1476428400,D:\intelligent_transportation\data\lstm_sources\public\kddcup2017_china_tollgate\kdd2017_china_tollgate_20min.csv:kdd2017_t3_d1#segment4,1,73.0,24.6,48.4,True,54.0,moving_average
1476429600,D:\intelligent_transportation\data\lstm_sources\public\kddcup2017_china_tollgate\kdd2017_china_tollgate_20min.csv:kdd2017_t3_d1#segment4,1,71.0,38.2,32.8,True,73.0,moving_average
1476430800,D:\intelligent_transportation\data\lstm_sources\public\kddcup2017_china_tollgate\kdd2017_china_tollgate_20min.csv:kdd2017_t3_d1#segment4,1,77.0,49.8,27.200000000000003,True,71.0,moving_average
1476432000,D:\intelligent_transportation\data\lstm_sources\public\kddcup2017_china_tollgate\kdd2017_china_tollgate_20min.csv:kdd2017_t3_d1#segment4,1,99.0,61.8,37.2,True,77.0,moving_average
1476433200,D:\intelligent_transportation\data\lstm_sources\public\kddcup2017_china_tollgate\kdd2017_china_tollgate_20min.csv:kdd2017_t3_d1#segment4,1,134.0,74.8,59.2,True,99.0,moving_average
1476434400,D:\intelligent_transportation\data\lstm_sources\public\kddcup2017_china_tollgate\kdd2017_china_tollgate_20min.csv:kdd2017_t3_d1#segment4,1,127.0,90.8,36.2,True,134.0,moving_average
1476435600,D:\intelligent_transportation\data\lstm_sources\public\kddcup2017_china_tollgate\kdd2017_china_tollgate_20min.csv:kdd2017_t3_d1#segment4,1,125.0,101.6,23.400000000000006,True,127.0,moving_average
1476436800,D:\intelligent_transportation\data\lstm_sources\public\kddcup2017_china_tollgate\kdd2017_china_tollgate_20min.csv:kdd2017_t3_d1#segment4,1,100.0,112.4,-12.400000000000006,True,125.0,moving_average
1476438000,D:\intelligent_transportation\data\lstm_sources\public\kddcup2017_china_tollgate\kdd2017_china_tollgate_20min.csv:kdd2017_t3_d1#segment4,1,105.0,117.0,-12.0,True,100.0,moving_average
1476439200,D:\intelligent_transportation\data\lstm_sources\public\kddcup2017_china_tollgate\kdd2017_china_tollgate_20min.csv:kdd2017_t3_d1#segment4,1,92.0,118.2,-26.200000000000003,True,105.0,moving_average
1476440400,D:\intelligent_transportation\data\lstm_sources\public\kddcup2017_china_tollgate\kdd2017_china_tollgate_20min.csv:kdd2017_t3_d1#segment4,1,85.0,109.8,-24.799999999999997,True,92.0,moving_average
1476441600,D:\intelligent_transportation\data\lstm_sources\public\kddcup2017_china_tollgate\kdd2017_china_tollgate_20min.csv:kdd2017_t3_d1#segment4,1,76.0,101.4,-25.400000000000006,True,85.0,moving_average
1476442800,D:\intelligent_transportation\data\lstm_sources\public\kddcup2017_china_tollgate\kdd2017_china_tollgate_20min.csv:kdd2017_t3_d1#segment4,1,77.0,91.6,-14.599999999999994,True,76.0,moving_average
1476444000,D:\intelligent_transportation\data\lstm_sources\public\kddcup2017_china_tollgate\kdd2017_china_tollgate_20min.csv:kdd2017_t3_d1#segment4,1,89.0,87.0,2.0,True,77.0,moving_average
1476445200,D:\intelligent_transportation\data\lstm_sources\public\kddcup2017_china_tollgate\kdd2017_china_tollgate_20min.csv:kdd2017_t3_d1#segment4,1,85.0,83.8,1.2000000000000028,True,89.0,moving_average
1476446400,D:\intelligent_transportation\data\lstm_sources\public\kddcup2017_china_tollgate\kdd2017_china_tollgate_20min.csv:kdd2017_t3_d1#segment4,1,95.0,82.4,12.599999999999994,True,85.0,moving_average
1476447600,D:\intelligent_transportation\data\lstm_sources\public\kddcup2017_china_tollgate\kdd2017_china_tollgate_20min.csv:kdd2017_t3_d1#segment4,1,107.0,84.4,22.599999999999994,True,95.0,moving_average
1476448800,D:\intelligent_transportation\data\lstm_sources\public\kddcup2017_china_tollgate\kdd2017_china_tollgate_20min.csv:kdd2017_t3_d1#segment4,1,94.0,90.6,3.4000000000000057,True,107.0,moving_average
1476450000,D:\intelligent_transportation\data\lstm_sources\public\kddcup2017_china_tollgate\kdd2017_china_tollgate_20min.csv:kdd2017_t3_d1#segment4,1,141.0,94.0,47.0,True,94.0,moving_average
1476451200,D:\intelligent_transportation\data\lstm_sources\public\kddcup2017_china_tollgate\kdd2017_china_tollgate_20min.csv:kdd2017_t3_d1#segment4,1,129.0,104.4,24.599999999999994,True,141.0,moving_average
1476452400,D:\intelligent_transportation\data\lstm_sources\public\kddcup2017_china_tollgate\kdd2017_china_tollgate_20min.csv:kdd2017_t3_d1#segment4,1,123.0,113.2,9.799999999999997,True,129.0,moving_average
1476453600,D:\intelligent_transportation\data\lstm_sources\public\kddcup2017_china_tollgate\kdd2017_china_tollgate_20min.csv:kdd2017_t3_d1#segment4,1,121.0,118.8,2.200000000000003,True,123.0,moving_average
1476454800,D:\intelligent_transportation\data\lstm_sources\public\kddcup2017_china_tollgate\kdd2017_china_tollgate_20min.csv:kdd2017_t3_d1#segment4,1,116.0,121.6,-5.599999999999994,True,121.0,moving_average
1476456000,D:\intelligent_transportation\data\lstm_sources\public\kddcup2017_china_tollgate\kdd2017_china_tollgate_20min.csv:kdd2017_t3_d1#segment4,1,113.0,126.0,-13.0,True,116.0,moving_average
1476457200,D:\intelligent_transportation\data\lstm_sources\public\kddcup2017_china_tollgate\kdd2017_china_tollgate_20min.csv:kdd2017_t3_d1#segment4,1,100.0,120.4,-20.400000000000006,True,113.0,moving_average
1476458400,D:\intelligent_transportation\data\lstm_sources\public\kddcup2017_china_tollgate\kdd2017_china_tollgate_20min.csv:kdd2017_t3_d1#segment4,1,106.0,114.6,-8.599999999999994,True,100.0,moving_average
1476459600,D:\intelligent_transportation\data\lstm_sources\public\kddcup2017_china_tollgate\kdd2017_china_tollgate_20min.csv:kdd2017_t3_d1#segment4,1,109.0,111.2,-2.200000000000003,True,106.0,moving_average
1476460800,D:\intelligent_transportation\data\lstm_sources\public\kddcup2017_china_tollgate\kdd2017_china_tollgate_20min.csv:kdd2017_t3_d1#segment4,1,115.0,108.8,6.200000000000003,True,109.0,moving_average
1476462000,D:\intelligent_transportation\data\lstm_sources\public\kddcup2017_china_tollgate\kdd2017_china_tollgate_20min.csv:kdd2017_t3_d1#segment4,1,89.0,108.6,-19.599999999999994,True,115.0,moving_average
1476463200,D:\intelligent_transportation\data\lstm_sources\public\kddcup2017_china_tollgate\kdd2017_china_tollgate_20min.csv:kdd2017_t3_d1#segment4,1,103.0,103.8,-0.7999999999999972,True,89.0,moving_average
1476464400,D:\intelligent_transportation\data\lstm_sources\public\kddcup2017_china_tollgate\kdd2017_china_tollgate_20min.csv:kdd2017_t3_d1#segment4,1,112.0,104.4,7.599999999999994,True,103.0,moving_average
1476465600,D:\intelligent_transportation\data\lstm_sources\public\kddcup2017_china_tollgate\kdd2017_china_tollgate_20min.csv:kdd2017_t3_d1#segment4,1,107.0,105.6,1.4000000000000057,True,112.0,moving_average
1476466800,D:\intelligent_transportation\data\lstm_sources\public\kddcup2017_china_tollgate\kdd2017_china_tollgate_20min.csv:kdd2017_t3_d1#segment4,1,128.0,105.2,22.799999999999997,True,107.0,moving_average
1476468000,D:\intelligent_transportation\data\lstm_sources\public\kddcup2017_china_tollgate\kdd2017_china_tollgate_20min.csv:kdd2017_t3_d1#segment4,1,125.0,107.8,17.200000000000003,True,128.0,moving_average
1476469200,D:\intelligent_transportation\data\lstm_sources\public\kddcup2017_china_tollgate\kdd2017_china_tollgate_20min.csv:kdd2017_t3_d1#segment4,1,67.0,115.0,-48.0,True,125.0,moving_average
1476470400,D:\intelligent_transportation\data\lstm_sources\public\kddcup2017_china_tollgate\kdd2017_china_tollgate_20min.csv:kdd2017_t3_d1#segment4,1,38.0,107.8,-69.8,True,67.0,moving_average
1476471600,D:\intelligent_transportation\data\lstm_sources\public\kddcup2017_china_tollgate\kdd2017_china_tollgate_20min.csv:kdd2017_t3_d1#segment4,1,54.0,93.0,-39.0,True,38.0,moving_average
1476472800,D:\intelligent_transportation\data\lstm_sources\public\kddcup2017_china_tollgate\kdd2017_china_tollgate_20min.csv:kdd2017_t3_d1#segment4,1,51.0,82.4,-31.400000000000006,True,54.0,moving_average
1476474000,D:\intelligent_transportation\data\lstm_sources\public\kddcup2017_china_tollgate\kdd2017_china_tollgate_20min.csv:kdd2017_t3_d1#segment4,1,52.0,67.0,-15.0,True,51.0,moving_average
1476475200,D:\intelligent_transportation\data\lstm_sources\public\kddcup2017_china_tollgate\kdd2017_china_tollgate_20min.csv:kdd2017_t3_d1#segment4,1,51.0,52.4,-1.3999999999999986,True,52.0,moving_average
1476476400,D:\intelligent_transportation\data\lstm_sources\public\kddcup2017_china_tollgate\kdd2017_china_tollgate_20min.csv:kdd2017_t3_d1#segment4,1,44.0,49.2,-5.200000000000003,True,51.0,moving_average
1476477600,D:\intelligent_transportation\data\lstm_sources\public\kddcup2017_china_tollgate\kdd2017_china_tollgate_20min.csv:kdd2017_t3_d1#segment4,1,50.0,50.4,-0.3999999999999986,True,44.0,moving_average
1476478800,D:\intelligent_transportation\data\lstm_sources\public\kddcup2017_china_tollgate\kdd2017_china_tollgate_20min.csv:kdd2017_t3_d1#segment4,1,43.0,49.6,-6.600000000000001,True,50.0,moving_average
1476480000,D:\intelligent_transportation\data\lstm_sources\public\kddcup2017_china_tollgate\kdd2017_china_tollgate_20min.csv:kdd2017_t3_d1#segment4,1,44.0,48.0,-4.0,True,43.0,moving_average
1476481200,D:\intelligent_transportation\data\lstm_sources\public\kddcup2017_china_tollgate\kdd2017_china_tollgate_20min.csv:kdd2017_t3_d1#segment4,1,39.0,46.4,-7.399999999999999,True,44.0,moving_average
1476482400,D:\intelligent_transportation\data\lstm_sources\public\kddcup2017_china_tollgate\kdd2017_china_tollgate_20min.csv:kdd2017_t3_d1#segment4,1,27.0,44.0,-17.0,True,39.0,moving_average
1476483600,D:\intelligent_transportation\data\lstm_sources\public\kddcup2017_china_tollgate\kdd2017_china_tollgate_20min.csv:kdd2017_t3_d1#segment4,1,37.0,40.6,-3.6000000000000014,True,27.0,moving_average
1476484800,D:\intelligent_transportation\data\lstm_sources\public\kddcup2017_china_tollgate\kdd2017_china_tollgate_20min.csv:kdd2017_t3_d1#segment4,1,29.0,38.0,-9.0,True,37.0,moving_average
1476486000,D:\intelligent_transportation\data\lstm_sources\public\kddcup2017_china_tollgate\kdd2017_china_tollgate_20min.csv:kdd2017_t3_d1#segment4,1,19.0,35.2,-16.200000000000003,True,29.0,moving_average
1476487200,D:\intelligent_transportation\data\lstm_sources\public\kddcup2017_china_tollgate\kdd2017_china_tollgate_20min.csv:kdd2017_t3_d1#segment4,1,26.0,30.2,-4.199999999999999,True,19.0,moving_average
1476488400,D:\intelligent_transportation\data\lstm_sources\public\kddcup2017_china_tollgate\kdd2017_china_tollgate_20min.csv:kdd2017_t3_d1#segment4,1,12.0,27.6,-15.600000000000001,True,26.0,moving_average
1476489600,D:\intelligent_transportation\data\lstm_sources\public\kddcup2017_china_tollgate\kdd2017_china_tollgate_20min.csv:kdd2017_t3_d1#segment4,1,171.0,24.6,146.4,True,12.0,moving_average
1476490800,D:\intelligent_transportation\data\lstm_sources\public\kddcup2017_china_tollgate\kdd2017_china_tollgate_20min.csv:kdd2017_t3_d1#segment4,1,100.0,51.4,48.6,True,171.0,moving_average
1476492000,D:\intelligent_transportation\data\lstm_sources\public\kddcup2017_china_tollgate\kdd2017_china_tollgate_20min.csv:kdd2017_t3_d1#segment4,1,83.0,65.6,17.400000000000006,True,100.0,moving_average
1476493200,D:\intelligent_transportation\data\lstm_sources\public\kddcup2017_china_tollgate\kdd2017_china_tollgate_20min.csv:kdd2017_t3_d1#segment4,1,11.0,78.4,-67.4,True,83.0,moving_average
1476494400,D:\intelligent_transportation\data\lstm_sources\public\kddcup2017_china_tollgate\kdd2017_china_tollgate_20min.csv:kdd2017_t3_d1#segment4,1,7.0,75.4,-68.4,True,11.0,moving_average
1476495600,D:\intelligent_transportation\data\lstm_sources\public\kddcup2017_china_tollgate\kdd2017_china_tollgate_20min.csv:kdd2017_t3_d1#segment4,1,7.0,74.4,-67.4,True,7.0,moving_average
1476496800,D:\intelligent_transportation\data\lstm_sources\public\kddcup2017_china_tollgate\kdd2017_china_tollgate_20min.csv:kdd2017_t3_d1#segment4,1,6.0,41.6,-35.6,True,7.0,moving_average
1476498000,D:\intelligent_transportation\data\lstm_sources\public\kddcup2017_china_tollgate\kdd2017_china_tollgate_20min.csv:kdd2017_t3_d1#segment4,1,7.0,22.8,-15.8,True,6.0,moving_average
1476499200,D:\intelligent_transportation\data\lstm_sources\public\kddcup2017_china_tollgate\kdd2017_china_tollgate_20min.csv:kdd2017_t3_d1#segment4,1,5.0,7.6,-2.5999999999999996,True,7.0,moving_average
1476500400,D:\intelligent_transportation\data\lstm_sources\public\kddcup2017_china_tollgate\kdd2017_china_tollgate_20min.csv:kdd2017_t3_d1#segment4,1,5.0,6.4,-1.4000000000000004,True,5.0,moving_average
1476501600,D:\intelligent_transportation\data\lstm_sources\public\kddcup2017_china_tollgate\kdd2017_china_tollgate_20min.csv:kdd2017_t3_d1#segment4,1,5.0,6.0,-1.0,True,5.0,moving_average
1476502800,D:\intelligent_transportation\data\lstm_sources\public\kddcup2017_china_tollgate\kdd2017_china_tollgate_20min.csv:kdd2017_t3_d1#segment4,1,4.0,5.6,-1.5999999999999996,True,5.0,moving_average
1476504000,D:\intelligent_transportation\data\lstm_sources\public\kddcup2017_china_tollgate\kdd2017_china_tollgate_20min.csv:kdd2017_t3_d1#segment4,1,5.0,5.2,-0.20000000000000018,True,4.0,moving_average
1476505200,D:\intelligent_transportation\data\lstm_sources\public\kddcup2017_china_tollgate\kdd2017_china_tollgate_20min.csv:kdd2017_t3_d1#segment4,1,6.0,4.8,1.2000000000000002,True,5.0,moving_average
1476506400,D:\intelligent_transportation\data\lstm_sources\public\kddcup2017_china_tollgate\kdd2017_china_tollgate_20min.csv:kdd2017_t3_d1#segment4,1,6.0,5.0,1.0,True,6.0,moving_average
1476507600,D:\intelligent_transportation\data\lstm_sources\public\kddcup2017_china_tollgate\kdd2017_china_tollgate_20min.csv:kdd2017_t3_d1#segment4,1,13.0,5.2,7.8,True,6.0,moving_average
1476508800,D:\intelligent_transportation\data\lstm_sources\public\kddcup2017_china_tollgate\kdd2017_china_tollgate_20min.csv:kdd2017_t3_d1#segment4,1,12.0,6.8,5.2,True,13.0,moving_average
1476510000,D:\intelligent_transportation\data\lstm_sources\public\kddcup2017_china_tollgate\kdd2017_china_tollgate_20min.csv:kdd2017_t3_d1#segment4,1,20.0,8.4,11.6,True,12.0,moving_average
1476511200,D:\intelligent_transportation\data\lstm_sources\public\kddcup2017_china_tollgate\kdd2017_china_tollgate_20min.csv:kdd2017_t3_d1#segment4,1,16.0,11.4,4.6,True,20.0,moving_average
1476512400,D:\intelligent_transportation\data\lstm_sources\public\kddcup2017_china_tollgate\kdd2017_china_tollgate_20min.csv:kdd2017_t3_d1#segment4,1,39.0,13.4,25.6,True,16.0,moving_average
1476513600,D:\intelligent_transportation\data\lstm_sources\public\kddcup2017_china_tollgate\kdd2017_china_tollgate_20min.csv:kdd2017_t3_d1#segment4,1,63.0,20.0,43.0,True,39.0,moving_average
1476514800,D:\intelligent_transportation\data\lstm_sources\public\kddcup2017_china_tollgate\kdd2017_china_tollgate_20min.csv:kdd2017_t3_d1#segment4,1,59.0,30.0,29.0,True,63.0,moving_average
1476516000,D:\intelligent_transportation\data\lstm_sources\public\kddcup2017_china_tollgate\kdd2017_china_tollgate_20min.csv:kdd2017_t3_d1#segment4,1,62.0,39.4,22.6,True,59.0,moving_average
1476517200,D:\intelligent_transportation\data\lstm_sources\public\kddcup2017_china_tollgate\kdd2017_china_tollgate_20min.csv:kdd2017_t3_d1#segment4,1,77.0,47.8,29.200000000000003,True,62.0,moving_average
1476518400,D:\intelligent_transportation\data\lstm_sources\public\kddcup2017_china_tollgate\kdd2017_china_tollgate_20min.csv:kdd2017_t3_d1#segment4,1,80.0,60.0,20.0,True,77.0,moving_average
1476519600,D:\intelligent_transportation\data\lstm_sources\public\kddcup2017_china_tollgate\kdd2017_china_tollgate_20min.csv:kdd2017_t3_d1#segment4,1,80.0,68.2,11.799999999999997,True,80.0,moving_average
1476520800,D:\intelligent_transportation\data\lstm_sources\public\kddcup2017_china_tollgate\kdd2017_china_tollgate_20min.csv:kdd2017_t3_d1#segment4,1,121.0,71.6,49.400000000000006,True,80.0,moving_average
1476522000,D:\intelligent_transportation\data\lstm_sources\public\kddcup2017_china_tollgate\kdd2017_china_tollgate_20min.csv:kdd2017_t3_d1#segment4,1,90.0,84.0,6.0,True,121.0,moving_average
1476523200,D:\intelligent_transportation\data\lstm_sources\public\kddcup2017_china_tollgate\kdd2017_china_tollgate_20min.csv:kdd2017_t3_d1#segment4,1,97.0,89.6,7.400000000000006,True,90.0,moving_average
1476524400,D:\intelligent_transportation\data\lstm_sources\public\kddcup2017_china_tollgate\kdd2017_china_tollgate_20min.csv:kdd2017_t3_d1#segment4,1,105.0,93.6,11.400000000000006,True,97.0,moving_average
1476525600,D:\intelligent_transportation\data\lstm_sources\public\kddcup2017_china_tollgate\kdd2017_china_tollgate_20min.csv:kdd2017_t3_d1#segment4,1,97.0,98.6,-1.5999999999999943,True,105.0,moving_average
1476526800,D:\intelligent_transportation\data\lstm_sources\public\kddcup2017_china_tollgate\kdd2017_china_tollgate_20min.csv:kdd2017_t3_d1#segment4,1,91.0,102.0,-11.0,True,97.0,moving_average
1476528000,D:\intelligent_transportation\data\lstm_sources\public\kddcup2017_china_tollgate\kdd2017_china_tollgate_20min.csv:kdd2017_t3_d1#segment4,1,107.0,96.0,11.0,True,91.0,moving_average
1476529200,D:\intelligent_transportation\data\lstm_sources\public\kddcup2017_china_tollgate\kdd2017_china_tollgate_20min.csv:kdd2017_t3_d1#segment4,1,84.0,99.4,-15.400000000000006,True,107.0,moving_average
1476530400,D:\intelligent_transportation\data\lstm_sources\public\kddcup2017_china_tollgate\kdd2017_china_tollgate_20min.csv:kdd2017_t3_d1#segment4,1,94.0,96.8,-2.799999999999997,True,84.0,moving_average
1476531600,D:\intelligent_transportation\data\lstm_sources\public\kddcup2017_china_tollgate\kdd2017_china_tollgate_20min.csv:kdd2017_t3_d1#segment4,1,81.0,94.6,-13.599999999999994,True,94.0,moving_average
1476532800,D:\intelligent_transportation\data\lstm_sources\public\kddcup2017_china_tollgate\kdd2017_china_tollgate_20min.csv:kdd2017_t3_d1#segment4,1,103.0,91.4,11.599999999999994,True,81.0,moving_average
1476534000,D:\intelligent_transportation\data\lstm_sources\public\kddcup2017_china_tollgate\kdd2017_china_tollgate_20min.csv:kdd2017_t3_d1#segment4,1,84.0,93.8,-9.799999999999997,True,103.0,moving_average
1476535200,D:\intelligent_transportation\data\lstm_sources\public\kddcup2017_china_tollgate\kdd2017_china_tollgate_20min.csv:kdd2017_t3_d1#segment4,1,76.0,89.2,-13.200000000000003,True,84.0,moving_average
1476536400,D:\intelligent_transportation\data\lstm_sources\public\kddcup2017_china_tollgate\kdd2017_china_tollgate_20min.csv:kdd2017_t3_d1#segment4,1,115.0,87.6,27.400000000000006,True,76.0,moving_average
1476537600,D:\intelligent_transportation\data\lstm_sources\public\kddcup2017_china_tollgate\kdd2017_china_tollgate_20min.csv:kdd2017_t3_d1#segment4,1,117.0,91.8,25.200000000000003,True,115.0,moving_average
1476538800,D:\intelligent_transportation\data\lstm_sources\public\kddcup2017_china_tollgate\kdd2017_china_tollgate_20min.csv:kdd2017_t3_d1#segment4,1,109.0,99.0,10.0,True,117.0,moving_average
1476540000,D:\intelligent_transportation\data\lstm_sources\public\kddcup2017_china_tollgate\kdd2017_china_tollgate_20min.csv:kdd2017_t3_d1#segment4,1,104.0,100.2,3.799999999999997,True,109.0,moving_average
1476541200,D:\intelligent_transportation\data\lstm_sources\public\kddcup2017_china_tollgate\kdd2017_china_tollgate_20min.csv:kdd2017_t3_d1#segment4,1,97.0,104.2,-7.200000000000003,True,104.0,moving_average
1476542400,D:\intelligent_transportation\data\lstm_sources\public\kddcup2017_china_tollgate\kdd2017_china_tollgate_20min.csv:kdd2017_t3_d1#segment4,1,103.0,108.4,-5.400000000000006,True,97.0,moving_average
1476543600,D:\intelligent_transportation\data\lstm_sources\public\kddcup2017_china_tollgate\kdd2017_china_tollgate_20min.csv:kdd2017_t3_d1#segment4,1,119.0,106.0,13.0,True,103.0,moving_average
1476544800,D:\intelligent_transportation\data\lstm_sources\public\kddcup2017_china_tollgate\kdd2017_china_tollgate_20min.csv:kdd2017_t3_d1#segment4,1,101.0,106.4,-5.400000000000006,True,119.0,moving_average
1476546000,D:\intelligent_transportation\data\lstm_sources\public\kddcup2017_china_tollgate\kdd2017_china_tollgate_20min.csv:kdd2017_t3_d1#segment4,1,106.0,104.8,1.2000000000000028,True,101.0,moving_average
1476547200,D:\intelligent_transportation\data\lstm_sources\public\kddcup2017_china_tollgate\kdd2017_china_tollgate_20min.csv:kdd2017_t3_d1#segment4,1,90.0,105.2,-15.200000000000003,True,106.0,moving_average
1476548400,D:\intelligent_transportation\data\lstm_sources\public\kddcup2017_china_tollgate\kdd2017_china_tollgate_20min.csv:kdd2017_t3_d1#segment4,1,95.0,103.8,-8.799999999999997,True,90.0,moving_average
1476549600,D:\intelligent_transportation\data\lstm_sources\public\kddcup2017_china_tollgate\kdd2017_china_tollgate_20min.csv:kdd2017_t3_d1#segment4,1,89.0,102.2,-13.200000000000003,True,95.0,moving_average
1476550800,D:\intelligent_transportation\data\lstm_sources\public\kddcup2017_china_tollgate\kdd2017_china_tollgate_20min.csv:kdd2017_t3_d1#segment4,1,104.0,96.2,7.799999999999997,True,89.0,moving_average
1476552000,D:\intelligent_transportation\data\lstm_sources\public\kddcup2017_china_tollgate\kdd2017_china_tollgate_20min.csv:kdd2017_t3_d1#segment4,1,87.0,96.8,-9.799999999999997,True,104.0,moving_average
1476553200,D:\intelligent_transportation\data\lstm_sources\public\kddcup2017_china_tollgate\kdd2017_china_tollgate_20min.csv:kdd2017_t3_d1#segment4,1,87.0,93.0,-6.0,True,87.0,moving_average
1476554400,D:\intelligent_transportation\data\lstm_sources\public\kddcup2017_china_tollgate\kdd2017_china_tollgate_20min.csv:kdd2017_t3_d1#segment4,1,92.0,92.4,-0.4000000000000057,True,87.0,moving_average
1476555600,D:\intelligent_transportation\data\lstm_sources\public\kddcup2017_china_tollgate\kdd2017_china_tollgate_20min.csv:kdd2017_t3_d1#segment4,1,85.0,91.8,-6.799999999999997,True,92.0,moving_average
1476556800,D:\intelligent_transportation\data\lstm_sources\public\kddcup2017_china_tollgate\kdd2017_china_tollgate_20min.csv:kdd2017_t3_d1#segment4,1,82.0,91.0,-9.0,True,85.0,moving_average
1476558000,D:\intelligent_transportation\data\lstm_sources\public\kddcup2017_china_tollgate\kdd2017_china_tollgate_20min.csv:kdd2017_t3_d1#segment4,1,83.0,86.6,-3.5999999999999943,True,82.0,moving_average
1476559200,D:\intelligent_transportation\data\lstm_sources\public\kddcup2017_china_tollgate\kdd2017_china_tollgate_20min.csv:kdd2017_t3_d1#segment4,1,49.0,85.8,-36.8,True,83.0,moving_average
1476560400,D:\intelligent_transportation\data\lstm_sources\public\kddcup2017_china_tollgate\kdd2017_china_tollgate_20min.csv:kdd2017_t3_d1#segment4,1,63.0,78.2,-15.200000000000003,True,49.0,moving_average
1476561600,D:\intelligent_transportation\data\lstm_sources\public\kddcup2017_china_tollgate\kdd2017_china_tollgate_20min.csv:kdd2017_t3_d1#segment4,1,73.0,72.4,0.5999999999999943,True,63.0,moving_average
1476562800,D:\intelligent_transportation\data\lstm_sources\public\kddcup2017_china_tollgate\kdd2017_china_tollgate_20min.csv:kdd2017_t3_d1#segment4,1,55.0,70.0,-15.0,True,73.0,moving_average
1476564000,D:\intelligent_transportation\data\lstm_sources\public\kddcup2017_china_tollgate\kdd2017_china_tollgate_20min.csv:kdd2017_t3_d1#segment4,1,54.0,64.6,-10.599999999999994,True,55.0,moving_average
1476565200,D:\intelligent_transportation\data\lstm_sources\public\kddcup2017_china_tollgate\kdd2017_china_tollgate_20min.csv:kdd2017_t3_d1#segment4,1,43.0,58.8,-15.799999999999997,True,54.0,moving_average
1476566400,D:\intelligent_transportation\data\lstm_sources\public\kddcup2017_china_tollgate\kdd2017_china_tollgate_20min.csv:kdd2017_t3_d1#segment4,1,36.0,57.6,-21.6,True,43.0,moving_average
1476567600,D:\intelligent_transportation\data\lstm_sources\public\kddcup2017_china_tollgate\kdd2017_china_tollgate_20min.csv:kdd2017_t3_d1#segment4,1,30.0,52.2,-22.200000000000003,True,36.0,moving_average
1476568800,D:\intelligent_transportation\data\lstm_sources\public\kddcup2017_china_tollgate\kdd2017_china_tollgate_20min.csv:kdd2017_t3_d1#segment4,1,24.0,43.6,-19.6,True,30.0,moving_average
1476570000,D:\intelligent_transportation\data\lstm_sources\public\kddcup2017_china_tollgate\kdd2017_china_tollgate_20min.csv:kdd2017_t3_d1#segment4,1,23.0,37.4,-14.399999999999999,True,24.0,moving_average
1476571200,D:\intelligent_transportation\data\lstm_sources\public\kddcup2017_china_tollgate\kdd2017_china_tollgate_20min.csv:kdd2017_t3_d1#segment4,1,22.0,31.2,-9.2,True,23.0,moving_average
1476572400,D:\intelligent_transportation\data\lstm_sources\public\kddcup2017_china_tollgate\kdd2017_china_tollgate_20min.csv:kdd2017_t3_d1#segment4,1,15.0,27.0,-12.0,True,22.0,moving_average
1476573600,D:\intelligent_transportation\data\lstm_sources\public\kddcup2017_china_tollgate\kdd2017_china_tollgate_20min.csv:kdd2017_t3_d1#segment4,1,31.0,22.8,8.2,True,15.0,moving_average
1476574800,D:\intelligent_transportation\data\lstm_sources\public\kddcup2017_china_tollgate\kdd2017_china_tollgate_20min.csv:kdd2017_t3_d1#segment4,1,9.0,23.0,-14.0,True,31.0,moving_average
1476576000,D:\intelligent_transportation\data\lstm_sources\public\kddcup2017_china_tollgate\kdd2017_china_tollgate_20min.csv:kdd2017_t3_d1#segment4,1,135.0,20.0,115.0,True,9.0,moving_average
1476577200,D:\intelligent_transportation\data\lstm_sources\public\kddcup2017_china_tollgate\kdd2017_china_tollgate_20min.csv:kdd2017_t3_d1#segment4,1,109.0,42.4,66.6,True,135.0,moving_average
1476578400,D:\intelligent_transportation\data\lstm_sources\public\kddcup2017_china_tollgate\kdd2017_china_tollgate_20min.csv:kdd2017_t3_d1#segment4,1,87.0,59.8,27.200000000000003,True,109.0,moving_average
1476579600,D:\intelligent_transportation\data\lstm_sources\public\kddcup2017_china_tollgate\kdd2017_china_tollgate_20min.csv:kdd2017_t3_d1#segment4,1,9.0,74.2,-65.2,True,87.0,moving_average
1476580800,D:\intelligent_transportation\data\lstm_sources\public\kddcup2017_china_tollgate\kdd2017_china_tollgate_20min.csv:kdd2017_t3_d1#segment4,1,5.0,69.8,-64.8,True,9.0,moving_average
1476582000,D:\intelligent_transportation\data\lstm_sources\public\kddcup2017_china_tollgate\kdd2017_china_tollgate_20min.csv:kdd2017_t3_d1#segment4,1,7.0,69.0,-62.0,True,5.0,moving_average
1476583200,D:\intelligent_transportation\data\lstm_sources\public\kddcup2017_china_tollgate\kdd2017_china_tollgate_20min.csv:kdd2017_t3_d1#segment4,1,4.0,43.4,-39.4,True,7.0,moving_average
1476584400,D:\intelligent_transportation\data\lstm_sources\public\kddcup2017_china_tollgate\kdd2017_china_tollgate_20min.csv:kdd2017_t3_d1#segment4,1,8.0,22.4,-14.399999999999999,True,4.0,moving_average
1476585600,D:\intelligent_transportation\data\lstm_sources\public\kddcup2017_china_tollgate\kdd2017_china_tollgate_20min.csv:kdd2017_t3_d1#segment4,1,7.0,6.6,0.40000000000000036,True,8.0,moving_average
1476586800,D:\intelligent_transportation\data\lstm_sources\public\kddcup2017_china_tollgate\kdd2017_china_tollgate_20min.csv:kdd2017_t3_d1#segment4,1,8.0,6.2,1.7999999999999998,True,7.0,moving_average
1476588000,D:\intelligent_transportation\data\lstm_sources\public\kddcup2017_china_tollgate\kdd2017_china_tollgate_20min.csv:kdd2017_t3_d1#segment4,1,4.0,6.8,-2.8,True,8.0,moving_average
1476589200,D:\intelligent_transportation\data\lstm_sources\public\kddcup2017_china_tollgate\kdd2017_china_tollgate_20min.csv:kdd2017_t3_d1#segment4,1,5.0,6.2,-1.2000000000000002,True,4.0,moving_average
1476590400,D:\intelligent_transportation\data\lstm_sources\public\kddcup2017_china_tollgate\kdd2017_china_tollgate_20min.csv:kdd2017_t3_d1#segment4,1,3.0,6.4,-3.4000000000000004,True,5.0,moving_average
1476591600,D:\intelligent_transportation\data\lstm_sources\public\kddcup2017_china_tollgate\kdd2017_china_tollgate_20min.csv:kdd2017_t3_d1#segment4,1,5.0,5.4,-0.40000000000000036,True,3.0,moving_average
1476592800,D:\intelligent_transportation\data\lstm_sources\public\kddcup2017_china_tollgate\kdd2017_china_tollgate_20min.csv:kdd2017_t3_d1#segment4,1,7.0,5.0,2.0,True,5.0,moving_average
1476594000,D:\intelligent_transportation\data\lstm_sources\public\kddcup2017_china_tollgate\kdd2017_china_tollgate_20min.csv:kdd2017_t3_d1#segment4,1,13.0,4.8,8.2,True,7.0,moving_average
1476595200,D:\intelligent_transportation\data\lstm_sources\public\kddcup2017_china_tollgate\kdd2017_china_tollgate_20min.csv:kdd2017_t3_d1#segment4,1,15.0,6.6,8.4,True,13.0,moving_average
1476596400,D:\intelligent_transportation\data\lstm_sources\public\kddcup2017_china_tollgate\kdd2017_china_tollgate_20min.csv:kdd2017_t3_d1#segment4,1,17.0,8.6,8.4,True,15.0,moving_average
1476597600,D:\intelligent_transportation\data\lstm_sources\public\kddcup2017_china_tollgate\kdd2017_china_tollgate_20min.csv:kdd2017_t3_d1#segment4,1,24.0,11.4,12.6,True,17.0,moving_average
1476598800,D:\intelligent_transportation\data\lstm_sources\public\kddcup2017_china_tollgate\kdd2017_china_tollgate_20min.csv:kdd2017_t3_d1#segment4,1,44.0,15.2,28.8,True,24.0,moving_average
1476600000,D:\intelligent_transportation\data\lstm_sources\public\kddcup2017_china_tollgate\kdd2017_china_tollgate_20min.csv:kdd2017_t3_d1#segment4,1,37.0,22.6,14.399999999999999,True,44.0,moving_average
1476601200,D:\intelligent_transportation\data\lstm_sources\public\kddcup2017_china_tollgate\kdd2017_china_tollgate_20min.csv:kdd2017_t3_d1#segment4,1,40.0,27.4,12.600000000000001,True,37.0,moving_average
1476602400,D:\intelligent_transportation\data\lstm_sources\public\kddcup2017_china_tollgate\kdd2017_china_tollgate_20min.csv:kdd2017_t3_d1#segment4,1,50.0,32.4,17.6,True,40.0,moving_average
1476603600,D:\intelligent_transportation\data\lstm_sources\public\kddcup2017_china_tollgate\kdd2017_china_tollgate_20min.csv:kdd2017_t3_d1#segment4,1,65.0,39.0,26.0,True,50.0,moving_average
1476604800,D:\intelligent_transportation\data\lstm_sources\public\kddcup2017_china_tollgate\kdd2017_china_tollgate_20min.csv:kdd2017_t3_d1#segment4,1,85.0,47.2,37.8,True,65.0,moving_average
1476606000,D:\intelligent_transportation\data\lstm_sources\public\kddcup2017_china_tollgate\kdd2017_china_tollgate_20min.csv:kdd2017_t3_d1#segment4,1,80.0,55.4,24.6,True,85.0,moving_average
1476607200,D:\intelligent_transportation\data\lstm_sources\public\kddcup2017_china_tollgate\kdd2017_china_tollgate_20min.csv:kdd2017_t3_d1#segment4,1,86.0,64.0,22.0,True,80.0,moving_average
1476608400,D:\intelligent_transportation\data\lstm_sources\public\kddcup2017_china_tollgate\kdd2017_china_tollgate_20min.csv:kdd2017_t3_d1#segment4,1,107.0,73.2,33.8,True,86.0,moving_average
1476609600,D:\intelligent_transportation\data\lstm_sources\public\kddcup2017_china_tollgate\kdd2017_china_tollgate_20min.csv:kdd2017_t3_d1#segment4,1,90.0,84.6,5.400000000000006,True,107.0,moving_average
1476610800,D:\intelligent_transportation\data\lstm_sources\public\kddcup2017_china_tollgate\kdd2017_china_tollgate_20min.csv:kdd2017_t3_d1#segment4,1,98.0,89.6,8.400000000000006,True,90.0,moving_average
1476612000,D:\intelligent_transportation\data\lstm_sources\public\kddcup2017_china_tollgate\kdd2017_china_tollgate_20min.csv:kdd2017_t3_d1#segment4,1,107.0,92.2,14.799999999999997,True,98.0,moving_average
1476613200,D:\intelligent_transportation\data\lstm_sources\public\kddcup2017_china_tollgate\kdd2017_china_tollgate_20min.csv:kdd2017_t3_d1#segment4,1,135.0,97.6,37.400000000000006,True,107.0,moving_average
1476614400,D:\intelligent_transportation\data\lstm_sources\public\kddcup2017_china_tollgate\kdd2017_china_tollgate_20min.csv:kdd2017_t3_d1#segment4,1,110.0,107.4,2.5999999999999943,True,135.0,moving_average
1476615600,D:\intelligent_transportation\data\lstm_sources\public\kddcup2017_china_tollgate\kdd2017_china_tollgate_20min.csv:kdd2017_t3_d1#segment4,1,81.0,108.0,-27.0,True,110.0,moving_average
1476616800,D:\intelligent_transportation\data\lstm_sources\public\kddcup2017_china_tollgate\kdd2017_china_tollgate_20min.csv:kdd2017_t3_d1#segment4,1,98.0,106.2,-8.200000000000003,True,81.0,moving_average
1476618000,D:\intelligent_transportation\data\lstm_sources\public\kddcup2017_china_tollgate\kdd2017_china_tollgate_20min.csv:kdd2017_t3_d1#segment4,1,64.0,106.2,-42.2,True,98.0,moving_average
1476619200,D:\intelligent_transportation\data\lstm_sources\public\kddcup2017_china_tollgate\kdd2017_china_tollgate_20min.csv:kdd2017_t3_d1#segment4,1,110.0,97.6,12.400000000000006,True,64.0,moving_average
1476620400,D:\intelligent_transportation\data\lstm_sources\public\kddcup2017_china_tollgate\kdd2017_china_tollgate_20min.csv:kdd2017_t3_d1#segment4,1,96.0,92.6,3.4000000000000057,True,110.0,moving_average
1476621600,D:\intelligent_transportation\data\lstm_sources\public\kddcup2017_china_tollgate\kdd2017_china_tollgate_20min.csv:kdd2017_t3_d1#segment4,1,115.0,89.8,25.200000000000003,True,96.0,moving_average
1476622800,D:\intelligent_transportation\data\lstm_sources\public\kddcup2017_china_tollgate\kdd2017_china_tollgate_20min.csv:kdd2017_t3_d1#segment4,1,136.0,96.6,39.400000000000006,True,115.0,moving_average
1476624000,D:\intelligent_transportation\data\lstm_sources\public\kddcup2017_china_tollgate\kdd2017_china_tollgate_20min.csv:kdd2017_t3_d1#segment4,1,125.0,104.2,20.799999999999997,True,136.0,moving_average
1476625200,D:\intelligent_transportation\data\lstm_sources\public\kddcup2017_china_tollgate\kdd2017_china_tollgate_20min.csv:kdd2017_t3_d1#segment4,1,146.0,116.4,29.599999999999994,True,125.0,moving_average
1476626400,D:\intelligent_transportation\data\lstm_sources\public\kddcup2017_china_tollgate\kdd2017_china_tollgate_20min.csv:kdd2017_t3_d1#segment4,1,143.0,123.6,19.400000000000006,True,146.0,moving_average
1476627600,D:\intelligent_transportation\data\lstm_sources\public\kddcup2017_china_tollgate\kdd2017_china_tollgate_20min.csv:kdd2017_t3_d1#segment4,1,133.0,133.0,0.0,True,143.0,moving_average
1476628800,D:\intelligent_transportation\data\lstm_sources\public\kddcup2017_china_tollgate\kdd2017_china_tollgate_20min.csv:kdd2017_t3_d1#segment4,1,147.0,136.6,10.400000000000006,True,133.0,moving_average
1476630000,D:\intelligent_transportation\data\lstm_sources\public\kddcup2017_china_tollgate\kdd2017_china_tollgate_20min.csv:kdd2017_t3_d1#segment4,1,140.0,138.8,1.1999999999999886,True,147.0,moving_average
1476631200,D:\intelligent_transportation\data\lstm_sources\public\kddcup2017_china_tollgate\kdd2017_china_tollgate_20min.csv:kdd2017_t3_d1#segment4,1,134.0,141.8,-7.800000000000011,True,140.0,moving_average
1476632400,D:\intelligent_transportation\data\lstm_sources\public\kddcup2017_china_tollgate\kdd2017_china_tollgate_20min.csv:kdd2017_t3_d1#segment4,1,135.0,139.4,-4.400000000000006,True,134.0,moving_average
1476633600,D:\intelligent_transportation\data\lstm_sources\public\kddcup2017_china_tollgate\kdd2017_china_tollgate_20min.csv:kdd2017_t3_d1#segment4,1,144.0,137.8,6.199999999999989,True,135.0,moving_average
1476634800,D:\intelligent_transportation\data\lstm_sources\public\kddcup2017_china_tollgate\kdd2017_china_tollgate_20min.csv:kdd2017_t3_d1#segment4,1,126.0,140.0,-14.0,True,144.0,moving_average
1476636000,D:\intelligent_transportation\data\lstm_sources\public\kddcup2017_china_tollgate\kdd2017_china_tollgate_20min.csv:kdd2017_t3_d1#segment4,1,105.0,135.8,-30.80000000000001,True,126.0,moving_average
1476637200,D:\intelligent_transportation\data\lstm_sources\public\kddcup2017_china_tollgate\kdd2017_china_tollgate_20min.csv:kdd2017_t3_d1#segment4,1,100.0,128.8,-28.80000000000001,True,105.0,moving_average
1476638400,D:\intelligent_transportation\data\lstm_sources\public\kddcup2017_china_tollgate\kdd2017_china_tollgate_20min.csv:kdd2017_t3_d1#segment4,1,108.0,122.0,-14.0,True,100.0,moving_average
1476639600,D:\intelligent_transportation\data\lstm_sources\public\kddcup2017_china_tollgate\kdd2017_china_tollgate_20min.csv:kdd2017_t3_d1#segment4,1,100.0,116.6,-16.599999999999994,True,108.0,moving_average
1476640800,D:\intelligent_transportation\data\lstm_sources\public\kddcup2017_china_tollgate\kdd2017_china_tollgate_20min.csv:kdd2017_t3_d1#segment4,1,88.0,107.8,-19.799999999999997,True,100.0,moving_average
1476642000,D:\intelligent_transportation\data\lstm_sources\public\kddcup2017_china_tollgate\kdd2017_china_tollgate_20min.csv:kdd2017_t3_d1#segment4,1,109.0,100.2,8.799999999999997,True,88.0,moving_average
1476643200,D:\intelligent_transportation\data\lstm_sources\public\kddcup2017_china_tollgate\kdd2017_china_tollgate_20min.csv:kdd2017_t3_d1#segment4,1,82.0,101.0,-19.0,True,109.0,moving_average
1476644400,D:\intelligent_transportation\data\lstm_sources\public\kddcup2017_china_tollgate\kdd2017_china_tollgate_20min.csv:kdd2017_t3_d1#segment4,1,74.0,97.4,-23.400000000000006,True,82.0,moving_average
1476645600,D:\intelligent_transportation\data\lstm_sources\public\kddcup2017_china_tollgate\kdd2017_china_tollgate_20min.csv:kdd2017_t3_d1#segment4,1,87.0,90.6,-3.5999999999999943,True,74.0,moving_average
1476646800,D:\intelligent_transportation\data\lstm_sources\public\kddcup2017_china_tollgate\kdd2017_china_tollgate_20min.csv:kdd2017_t3_d1#segment4,1,84.0,88.0,-4.0,True,87.0,moving_average
1476648000,D:\intelligent_transportation\data\lstm_sources\public\kddcup2017_china_tollgate\kdd2017_china_tollgate_20min.csv:kdd2017_t3_d1#segment4,1,66.0,87.2,-21.200000000000003,True,84.0,moving_average
1476649200,D:\intelligent_transportation\data\lstm_sources\public\kddcup2017_china_tollgate\kdd2017_china_tollgate_20min.csv:kdd2017_t3_d1#segment4,1,58.0,78.6,-20.599999999999994,True,66.0,moving_average
1476650400,D:\intelligent_transportation\data\lstm_sources\public\kddcup2017_china_tollgate\kdd2017_china_tollgate_20min.csv:kdd2017_t3_d1#segment4,1,67.0,73.8,-6.799999999999997,True,58.0,moving_average
1476651600,D:\intelligent_transportation\data\lstm_sources\public\kddcup2017_china_tollgate\kdd2017_china_tollgate_20min.csv:kdd2017_t3_d1#segment4,1,21.0,72.4,-51.400000000000006,True,67.0,moving_average
1476652800,D:\intelligent_transportation\data\lstm_sources\public\kddcup2017_china_tollgate\kdd2017_china_tollgate_20min.csv:kdd2017_t3_d1#segment4,1,41.0,59.2,-18.200000000000003,True,21.0,moving_average
1476654000,D:\intelligent_transportation\data\lstm_sources\public\kddcup2017_china_tollgate\kdd2017_china_tollgate_20min.csv:kdd2017_t3_d1#segment4,1,32.0,50.6,-18.6,True,41.0,moving_average
1476655200,D:\intelligent_transportation\data\lstm_sources\public\kddcup2017_china_tollgate\kdd2017_china_tollgate_20min.csv:kdd2017_t3_d1#segment4,1,21.0,43.8,-22.799999999999997,True,32.0,moving_average
1476656400,D:\intelligent_transportation\data\lstm_sources\public\kddcup2017_china_tollgate\kdd2017_china_tollgate_20min.csv:kdd2017_t3_d1#segment4,1,22.0,36.4,-14.399999999999999,True,21.0,moving_average
1476657600,D:\intelligent_transportation\data\lstm_sources\public\kddcup2017_china_tollgate\kdd2017_china_tollgate_20min.csv:kdd2017_t3_d1#segment4,1,21.0,27.4,-6.399999999999999,True,22.0,moving_average
1476658800,D:\intelligent_transportation\data\lstm_sources\public\kddcup2017_china_tollgate\kdd2017_china_tollgate_20min.csv:kdd2017_t3_d1#segment4,1,12.0,27.4,-15.399999999999999,True,21.0,moving_average
1476660000,D:\intelligent_transportation\data\lstm_sources\public\kddcup2017_china_tollgate\kdd2017_china_tollgate_20min.csv:kdd2017_t3_d1#segment4,1,12.0,21.6,-9.600000000000001,True,12.0,moving_average
1476661200,D:\intelligent_transportation\data\lstm_sources\public\kddcup2017_china_tollgate\kdd2017_china_tollgate_20min.csv:kdd2017_t3_d1#segment4,1,11.0,17.6,-6.600000000000001,True,12.0,moving_average
1476662400,D:\intelligent_transportation\data\lstm_sources\public\kddcup2017_china_tollgate\kdd2017_china_tollgate_20min.csv:kdd2017_t3_d1#segment4,1,143.0,15.6,127.4,True,11.0,moving_average
1476663600,D:\intelligent_transportation\data\lstm_sources\public\kddcup2017_china_tollgate\kdd2017_china_tollgate_20min.csv:kdd2017_t3_d1#segment4,1,107.0,39.8,67.2,True,143.0,moving_average
1476664800,D:\intelligent_transportation\data\lstm_sources\public\kddcup2017_china_tollgate\kdd2017_china_tollgate_20min.csv:kdd2017_t3_d1#segment4,1,88.0,57.0,31.0,True,107.0,moving_average
1476666000,D:\intelligent_transportation\data\lstm_sources\public\kddcup2017_china_tollgate\kdd2017_china_tollgate_20min.csv:kdd2017_t3_d1#segment4,1,10.0,72.2,-62.2,True,88.0,moving_average
1476667200,D:\intelligent_transportation\data\lstm_sources\public\kddcup2017_china_tollgate\kdd2017_china_tollgate_20min.csv:kdd2017_t3_d1#segment4,1,10.0,71.8,-61.8,True,10.0,moving_average
1476668400,D:\intelligent_transportation\data\lstm_sources\public\kddcup2017_china_tollgate\kdd2017_china_tollgate_20min.csv:kdd2017_t3_d1#segment4,1,4.0,71.6,-67.6,True,10.0,moving_average
1476669600,D:\intelligent_transportation\data\lstm_sources\public\kddcup2017_china_tollgate\kdd2017_china_tollgate_20min.csv:kdd2017_t3_d1#segment4,1,5.0,43.8,-38.8,True,4.0,moving_average
1476670800,D:\intelligent_transportation\data\lstm_sources\public\kddcup2017_china_tollgate\kdd2017_china_tollgate_20min.csv:kdd2017_t3_d1#segment4,1,3.0,23.4,-20.4,True,5.0,moving_average
1476672000,D:\intelligent_transportation\data\lstm_sources\public\kddcup2017_china_tollgate\kdd2017_china_tollgate_20min.csv:kdd2017_t3_d1#segment4,1,1.0,6.4,-5.4,True,3.0,moving_average
1476673200,D:\intelligent_transportation\data\lstm_sources\public\kddcup2017_china_tollgate\kdd2017_china_tollgate_20min.csv:kdd2017_t3_d1#segment4,1,8.0,4.6,3.4000000000000004,True,1.0,moving_average
1476674400,D:\intelligent_transportation\data\lstm_sources\public\kddcup2017_china_tollgate\kdd2017_china_tollgate_20min.csv:kdd2017_t3_d1#segment4,1,1.0,4.2,-3.2,True,8.0,moving_average
1476675600,D:\intelligent_transportation\data\lstm_sources\public\kddcup2017_china_tollgate\kdd2017_china_tollgate_20min.csv:kdd2017_t3_d1#segment4,1,7.0,3.6,3.4,True,1.0,moving_average
1476676800,D:\intelligent_transportation\data\lstm_sources\public\kddcup2017_china_tollgate\kdd2017_china_tollgate_20min.csv:kdd2017_t3_d1#segment4,1,7.0,4.0,3.0,True,7.0,moving_average
1476678000,D:\intelligent_transportation\data\lstm_sources\public\kddcup2017_china_tollgate\kdd2017_china_tollgate_20min.csv:kdd2017_t3_d1#segment4,1,5.0,4.8,0.20000000000000018,True,7.0,moving_average
1476679200,D:\intelligent_transportation\data\lstm_sources\public\kddcup2017_china_tollgate\kdd2017_china_tollgate_20min.csv:kdd2017_t3_d1#segment4,1,6.0,5.6,0.40000000000000036,True,5.0,moving_average
1476680400,D:\intelligent_transportation\data\lstm_sources\public\kddcup2017_china_tollgate\kdd2017_china_tollgate_20min.csv:kdd2017_t3_d1#segment4,1,6.0,5.2,0.7999999999999998,True,6.0,moving_average
1476681600,D:\intelligent_transportation\data\lstm_sources\public\kddcup2017_china_tollgate\kdd2017_china_tollgate_20min.csv:kdd2017_t3_d1#segment4,1,10.0,6.2,3.8,True,6.0,moving_average
1476682800,D:\intelligent_transportation\data\lstm_sources\public\kddcup2017_china_tollgate\kdd2017_china_tollgate_20min.csv:kdd2017_t3_d1#segment4,1,15.0,6.8,8.2,True,10.0,moving_average
1476684000,D:\intelligent_transportation\data\lstm_sources\public\kddcup2017_china_tollgate\kdd2017_china_tollgate_20min.csv:kdd2017_t3_d1#segment4,1,32.0,8.4,23.6,True,15.0,moving_average
1476685200,D:\intelligent_transportation\data\lstm_sources\public\kddcup2017_china_tollgate\kdd2017_china_tollgate_20min.csv:kdd2017_t3_d1#segment4,1,41.0,13.8,27.2,True,32.0,moving_average
1476686400,D:\intelligent_transportation\data\lstm_sources\public\kddcup2017_china_tollgate\kdd2017_china_tollgate_20min.csv:kdd2017_t3_d1#segment4,1,49.0,20.8,28.2,True,41.0,moving_average
1476687600,D:\intelligent_transportation\data\lstm_sources\public\kddcup2017_china_tollgate\kdd2017_china_tollgate_20min.csv:kdd2017_t3_d1#segment4,1,87.0,29.4,57.6,True,49.0,moving_average
1476688800,D:\intelligent_transportation\data\lstm_sources\public\kddcup2017_china_tollgate\kdd2017_china_tollgate_20min.csv:kdd2017_t3_d1#segment4,1,111.0,44.8,66.2,True,87.0,moving_average
1476690000,D:\intelligent_transportation\data\lstm_sources\public\kddcup2017_china_tollgate\kdd2017_china_tollgate_20min.csv:kdd2017_t3_d1#segment4,1,104.0,64.0,40.0,True,111.0,moving_average
1476691200,D:\intelligent_transportation\data\lstm_sources\public\kddcup2017_china_tollgate\kdd2017_china_tollgate_20min.csv:kdd2017_t3_d1#segment4,1,123.0,78.4,44.599999999999994,True,104.0,moving_average
1476692400,D:\intelligent_transportation\data\lstm_sources\public\kddcup2017_china_tollgate\kdd2017_china_tollgate_20min.csv:kdd2017_t3_d1#segment4,1,147.0,94.8,52.2,True,123.0,moving_average
1476693600,D:\intelligent_transportation\data\lstm_sources\public\kddcup2017_china_tollgate\kdd2017_china_tollgate_20min.csv:kdd2017_t3_d1#segment4,1,150.0,114.4,35.599999999999994,True,147.0,moving_average
1476694800,D:\intelligent_transportation\data\lstm_sources\public\kddcup2017_china_tollgate\kdd2017_china_tollgate_20min.csv:kdd2017_t3_d1#segment4,1,136.0,127.0,9.0,True,150.0,moving_average
1476696000,D:\intelligent_transportation\data\lstm_sources\public\kddcup2017_china_tollgate\kdd2017_china_tollgate_20min.csv:kdd2017_t3_d1#segment4,1,137.0,132.0,5.0,True,136.0,moving_average
1476697200,D:\intelligent_transportation\data\lstm_sources\public\kddcup2017_china_tollgate\kdd2017_china_tollgate_20min.csv:kdd2017_t3_d1#segment4,1,106.0,138.6,-32.599999999999994,True,137.0,moving_average
1476698400,D:\intelligent_transportation\data\lstm_sources\public\kddcup2017_china_tollgate\kdd2017_china_tollgate_20min.csv:kdd2017_t3_d1#segment4,1,78.0,135.2,-57.19999999999999,True,106.0,moving_average
1476699600,D:\intelligent_transportation\data\lstm_sources\public\kddcup2017_china_tollgate\kdd2017_china_tollgate_20min.csv:kdd2017_t3_d1#segment4,1,77.0,121.4,-44.400000000000006,True,78.0,moving_average
1476700800,D:\intelligent_transportation\data\lstm_sources\public\kddcup2017_china_tollgate\kdd2017_china_tollgate_20min.csv:kdd2017_t3_d1#segment4,1,84.0,106.8,-22.799999999999997,True,77.0,moving_average
1476702000,D:\intelligent_transportation\data\lstm_sources\public\kddcup2017_china_tollgate\kdd2017_china_tollgate_20min.csv:kdd2017_t3_d1#segment4,1,79.0,96.4,-17.400000000000006,True,84.0,moving_average
1476703200,D:\intelligent_transportation\data\lstm_sources\public\kddcup2017_china_tollgate\kdd2017_china_tollgate_20min.csv:kdd2017_t3_d1#segment4,1,79.0,84.8,-5.799999999999997,True,79.0,moving_average
1476704400,D:\intelligent_transportation\data\lstm_sources\public\kddcup2017_china_tollgate\kdd2017_china_tollgate_20min.csv:kdd2017_t3_d1#segment4,1,71.0,79.4,-8.400000000000006,True,79.0,moving_average
1476705600,D:\intelligent_transportation\data\lstm_sources\public\kddcup2017_china_tollgate\kdd2017_china_tollgate_20min.csv:kdd2017_t3_d1#segment4,1,77.0,78.0,-1.0,True,71.0,moving_average
1476706800,D:\intelligent_transportation\data\lstm_sources\public\kddcup2017_china_tollgate\kdd2017_china_tollgate_20min.csv:kdd2017_t3_d1#segment4,1,75.0,78.0,-3.0,True,77.0,moving_average
1476708000,D:\intelligent_transportation\data\lstm_sources\public\kddcup2017_china_tollgate\kdd2017_china_tollgate_20min.csv:kdd2017_t3_d1#segment4,1,111.0,76.2,34.8,True,75.0,moving_average
1476709200,D:\intelligent_transportation\data\lstm_sources\public\kddcup2017_china_tollgate\kdd2017_china_tollgate_20min.csv:kdd2017_t3_d1#segment4,1,127.0,82.6,44.400000000000006,True,111.0,moving_average
1476710400,D:\intelligent_transportation\data\lstm_sources\public\kddcup2017_china_tollgate\kdd2017_china_tollgate_20min.csv:kdd2017_t3_d1#segment4,1,91.0,92.2,-1.2000000000000028,True,127.0,moving_average
1476711600,D:\intelligent_transportation\data\lstm_sources\public\kddcup2017_china_tollgate\kdd2017_china_tollgate_20min.csv:kdd2017_t3_d1#segment4,1,73.0,96.2,-23.200000000000003,True,91.0,moving_average
1476712800,D:\intelligent_transportation\data\lstm_sources\public\kddcup2017_china_tollgate\kdd2017_china_tollgate_20min.csv:kdd2017_t3_d1#segment4,1,75.0,95.4,-20.400000000000006,True,73.0,moving_average
1476714000,D:\intelligent_transportation\data\lstm_sources\public\kddcup2017_china_tollgate\kdd2017_china_tollgate_20min.csv:kdd2017_t3_d1#segment4,1,83.0,95.4,-12.400000000000006,True,75.0,moving_average
1476715200,D:\intelligent_transportation\data\lstm_sources\public\kddcup2017_china_tollgate\kdd2017_china_tollgate_20min.csv:kdd2017_t3_d1#segment4,1,100.0,89.8,10.200000000000003,True,83.0,moving_average
1476716400,D:\intelligent_transportation\data\lstm_sources\public\kddcup2017_china_tollgate\kdd2017_china_tollgate_20min.csv:kdd2017_t3_d1#segment4,1,93.0,84.4,8.599999999999994,True,100.0,moving_average
1476717600,D:\intelligent_transportation\data\lstm_sources\public\kddcup2017_china_tollgate\kdd2017_china_tollgate_20min.csv:kdd2017_t3_d1#segment4,1,122.0,84.8,37.2,True,93.0,moving_average
1476718800,D:\intelligent_transportation\data\lstm_sources\public\kddcup2017_china_tollgate\kdd2017_china_tollgate_20min.csv:kdd2017_t3_d1#segment4,1,90.0,94.6,-4.599999999999994,True,122.0,moving_average
1476720000,D:\intelligent_transportation\data\lstm_sources\public\kddcup2017_china_tollgate\kdd2017_china_tollgate_20min.csv:kdd2017_t3_d1#segment4,1,91.0,97.6,-6.599999999999994,True,90.0,moving_average
1476721200,D:\intelligent_transportation\data\lstm_sources\public\kddcup2017_china_tollgate\kdd2017_china_tollgate_20min.csv:kdd2017_t3_d1#segment4,1,94.0,99.2,-5.200000000000003,True,91.0,moving_average
1476722400,D:\intelligent_transportation\data\lstm_sources\public\kddcup2017_china_tollgate\kdd2017_china_tollgate_20min.csv:kdd2017_t3_d1#segment4,1,90.0,98.0,-8.0,True,94.0,moving_average
1476723600,D:\intelligent_transportation\data\lstm_sources\public\kddcup2017_china_tollgate\kdd2017_china_tollgate_20min.csv:kdd2017_t3_d1#segment4,1,80.0,97.4,-17.400000000000006,True,90.0,moving_average
1476724800,D:\intelligent_transportation\data\lstm_sources\public\kddcup2017_china_tollgate\kdd2017_china_tollgate_20min.csv:kdd2017_t3_d1#segment4,1,82.0,89.0,-7.0,True,80.0,moving_average
1476726000,D:\intelligent_transportation\data\lstm_sources\public\kddcup2017_china_tollgate\kdd2017_china_tollgate_20min.csv:kdd2017_t3_d1#segment4,1,84.0,87.4,-3.4000000000000057,True,82.0,moving_average
1476727200,D:\intelligent_transportation\data\lstm_sources\public\kddcup2017_china_tollgate\kdd2017_china_tollgate_20min.csv:kdd2017_t3_d1#segment4,1,79.0,86.0,-7.0,True,84.0,moving_average
1476728400,D:\intelligent_transportation\data\lstm_sources\public\kddcup2017_china_tollgate\kdd2017_china_tollgate_20min.csv:kdd2017_t3_d1#segment4,1,86.0,83.0,3.0,True,79.0,moving_average
1476729600,D:\intelligent_transportation\data\lstm_sources\public\kddcup2017_china_tollgate\kdd2017_china_tollgate_20min.csv:kdd2017_t3_d1#segment4,1,80.0,82.2,-2.200000000000003,True,86.0,moving_average
1476730800,D:\intelligent_transportation\data\lstm_sources\public\kddcup2017_china_tollgate\kdd2017_china_tollgate_20min.csv:kdd2017_t3_d1#segment4,1,54.0,82.2,-28.200000000000003,True,80.0,moving_average
1476732000,D:\intelligent_transportation\data\lstm_sources\public\kddcup2017_china_tollgate\kdd2017_china_tollgate_20min.csv:kdd2017_t3_d1#segment4,1,47.0,76.6,-29.599999999999994,True,54.0,moving_average
1476733200,D:\intelligent_transportation\data\lstm_sources\public\kddcup2017_china_tollgate\kdd2017_china_tollgate_20min.csv:kdd2017_t3_d1#segment4,1,54.0,69.2,-15.200000000000003,True,47.0,moving_average
1476734400,D:\intelligent_transportation\data\lstm_sources\public\kddcup2017_china_tollgate\kdd2017_china_tollgate_20min.csv:kdd2017_t3_d1#segment4,1,51.0,64.2,-13.200000000000003,True,54.0,moving_average
1476735600,D:\intelligent_transportation\data\lstm_sources\public\kddcup2017_china_tollgate\kdd2017_china_tollgate_20min.csv:kdd2017_t3_d1#segment4,1,25.0,57.2,-32.2,True,51.0,moving_average
1476736800,D:\intelligent_transportation\data\lstm_sources\public\kddcup2017_china_tollgate\kdd2017_china_tollgate_20min.csv:kdd2017_t3_d1#segment4,1,43.0,46.2,-3.200000000000003,True,25.0,moving_average
1476738000,D:\intelligent_transportation\data\lstm_sources\public\kddcup2017_china_tollgate\kdd2017_china_tollgate_20min.csv:kdd2017_t3_d1#segment4,1,23.0,44.0,-21.0,True,43.0,moving_average
1476739200,D:\intelligent_transportation\data\lstm_sources\public\kddcup2017_china_tollgate\kdd2017_china_tollgate_20min.csv:kdd2017_t3_d1#segment4,1,25.0,39.2,-14.200000000000003,True,23.0,moving_average
1476740400,D:\intelligent_transportation\data\lstm_sources\public\kddcup2017_china_tollgate\kdd2017_china_tollgate_20min.csv:kdd2017_t3_d1#segment4,1,22.0,33.4,-11.399999999999999,True,25.0,moving_average
1476741600,D:\intelligent_transportation\data\lstm_sources\public\kddcup2017_china_tollgate\kdd2017_china_tollgate_20min.csv:kdd2017_t3_d1#segment4,1,16.0,27.6,-11.600000000000001,True,22.0,moving_average
1476742800,D:\intelligent_transportation\data\lstm_sources\public\kddcup2017_china_tollgate\kdd2017_china_tollgate_20min.csv:kdd2017_t3_d1#segment4,1,18.0,25.8,-7.800000000000001,True,16.0,moving_average
1476744000,D:\intelligent_transportation\data\lstm_sources\public\kddcup2017_china_tollgate\kdd2017_china_tollgate_20min.csv:kdd2017_t3_d1#segment4,1,28.0,20.8,7.199999999999999,True,18.0,moving_average
1476745200,D:\intelligent_transportation\data\lstm_sources\public\kddcup2017_china_tollgate\kdd2017_china_tollgate_20min.csv:kdd2017_t3_d1#segment4,1,9.0,21.8,-12.8,True,28.0,moving_average
1476746400,D:\intelligent_transportation\data\lstm_sources\public\kddcup2017_china_tollgate\kdd2017_china_tollgate_20min.csv:kdd2017_t3_d1#segment4,1,12.0,18.6,-6.600000000000001,True,9.0,moving_average
1476747600,D:\intelligent_transportation\data\lstm_sources\public\kddcup2017_china_tollgate\kdd2017_china_tollgate_20min.csv:kdd2017_t3_d1#segment4,1,22.0,16.6,5.399999999999999,True,12.0,moving_average
