sample_id,series_id,horizon_step,residual,absolute_error,squared_error
1476379200,D:\intelligent_transportation\data\lstm_sources\public\kddcup2017_china_tollgate\kdd2017_china_tollgate_20min.csv:kdd2017_t1_d0#segment5,1,-0.7999999999999972,0.7999999999999972,0.6399999999999955
1476380400,D:\intelligent_transportation\data\lstm_sources\public\kddcup2017_china_tollgate\kdd2017_china_tollgate_20min.csv:kdd2017_t1_d0#segment5,1,-9.200000000000003,9.200000000000003,84.64000000000006
1476381600,D:\intelligent_transportation\data\lstm_sources\public\kddcup2017_china_tollgate\kdd2017_china_tollgate_20min.csv:kdd2017_t1_d0#segment5,1,-13.200000000000003,13.200000000000003,174.24000000000007
1476382800,D:\intelligent_transportation\data\lstm_sources\public\kddcup2017_china_tollgate\kdd2017_china_tollgate_20min.csv:kdd2017_t1_d0#segment5,1,-11.399999999999999,11.399999999999999,129.95999999999998
1476384000,D:\intelligent_transportation\data\lstm_sources\public\kddcup2017_china_tollgate\kdd2017_china_tollgate_20min.csv:kdd2017_t1_d0#segment5,1,-18.0,18.0,324.0
1476385200,D:\intelligent_transportation\data\lstm_sources\public\kddcup2017_china_tollgate\kdd2017_china_tollgate_20min.csv:kdd2017_t1_d0#segment5,1,-17.799999999999997,17.799999999999997,316.8399999999999
1476386400,D:\intelligent_transportation\data\lstm_sources\public\kddcup2017_china_tollgate\kdd2017_china_tollgate_20min.csv:kdd2017_t1_d0#segment5,1,-10.2,10.2,104.03999999999999
1476387600,D:\intelligent_transportation\data\lstm_sources\public\kddcup2017_china_tollgate\kdd2017_china_tollgate_20min.csv:kdd2017_t1_d0#segment5,1,-4.199999999999999,4.199999999999999,17.639999999999993
1476388800,D:\intelligent_transportation\data\lstm_sources\public\kddcup2017_china_tollgate\kdd2017_china_tollgate_20min.csv:kdd2017_t1_d0#segment5,1,-5.600000000000001,5.600000000000001,31.360000000000017
1476390000,D:\intelligent_transportation\data\lstm_sources\public\kddcup2017_china_tollgate\kdd2017_china_tollgate_20min.csv:kdd2017_t1_d0#segment5,1,-1.3999999999999986,1.3999999999999986,1.959999999999996
1476391200,D:\intelligent_transportation\data\lstm_sources\public\kddcup2017_china_tollgate\kdd2017_china_tollgate_20min.csv:kdd2017_t1_d0#segment5,1,-0.3999999999999986,0.3999999999999986,0.15999999999999887
1476392400,D:\intelligent_transportation\data\lstm_sources\public\kddcup2017_china_tollgate\kdd2017_china_tollgate_20min.csv:kdd2017_t1_d0#segment5,1,-0.6000000000000014,0.6000000000000014,0.3600000000000017
1476393600,D:\intelligent_transportation\data\lstm_sources\public\kddcup2017_china_tollgate\kdd2017_china_tollgate_20min.csv:kdd2017_t1_d0#segment5,1,-0.3999999999999986,0.3999999999999986,0.15999999999999887
1476394800,D:\intelligent_transportation\data\lstm_sources\public\kddcup2017_china_tollgate\kdd2017_china_tollgate_20min.csv:kdd2017_t1_d0#segment5,1,-1.8000000000000007,1.8000000000000007,3.2400000000000024
1476396000,D:\intelligent_transportation\data\lstm_sources\public\kddcup2017_china_tollgate\kdd2017_china_tollgate_20min.csv:kdd2017_t1_d0#segment5,1,-8.600000000000001,8.600000000000001,73.96000000000002
1476397200,D:\intelligent_transportation\data\lstm_sources\public\kddcup2017_china_tollgate\kdd2017_china_tollgate_20min.csv:kdd2017_t1_d0#segment5,1,-4.800000000000001,4.800000000000001,23.040000000000006
1476398400,D:\intelligent_transportation\data\lstm_sources\public\kddcup2017_china_tollgate\kdd2017_china_tollgate_20min.csv:kdd2017_t1_d0#segment5,1,-8.4,8.4,70.56
1476399600,D:\intelligent_transportation\data\lstm_sources\public\kddcup2017_china_tollgate\kdd2017_china_tollgate_20min.csv:kdd2017_t1_d0#segment5,1,-9.0,9.0,81.0
1476400800,D:\intelligent_transportation\data\lstm_sources\public\kddcup2017_china_tollgate\kdd2017_china_tollgate_20min.csv:kdd2017_t1_d0#segment5,1,2.0,2.0,4.0
1476402000,D:\intelligent_transportation\data\lstm_sources\public\kddcup2017_china_tollgate\kdd2017_china_tollgate_20min.csv:kdd2017_t1_d0#segment5,1,1.0,1.0,1.0
1476403200,D:\intelligent_transportation\data\lstm_sources\public\kddcup2017_china_tollgate\kdd2017_china_tollgate_20min.csv:kdd2017_t1_d0#segment5,1,7.0,7.0,49.0
1476404400,D:\intelligent_transportation\data\lstm_sources\public\kddcup2017_china_tollgate\kdd2017_china_tollgate_20min.csv:kdd2017_t1_d0#segment5,1,6.199999999999999,6.199999999999999,38.43999999999999
1476405600,D:\intelligent_transportation\data\lstm_sources\public\kddcup2017_china_tollgate\kdd2017_china_tollgate_20min.csv:kdd2017_t1_d0#segment5,1,-2.5999999999999996,2.5999999999999996,6.759999999999998
1476406800,D:\intelligent_transportation\data\lstm_sources\public\kddcup2017_china_tollgate\kdd2017_china_tollgate_20min.csv:kdd2017_t1_d0#segment5,1,-5.6,5.6,31.359999999999996
1476408000,D:\intelligent_transportation\data\lstm_sources\public\kddcup2017_china_tollgate\kdd2017_china_tollgate_20min.csv:kdd2017_t1_d0#segment5,1,0.40000000000000036,0.40000000000000036,0.16000000000000028
1476409200,D:\intelligent_transportation\data\lstm_sources\public\kddcup2017_china_tollgate\kdd2017_china_tollgate_20min.csv:kdd2017_t1_d0#segment5,1,1.0,1.0,1.0
1476410400,D:\intelligent_transportation\data\lstm_sources\public\kddcup2017_china_tollgate\kdd2017_china_tollgate_20min.csv:kdd2017_t1_d0#segment5,1,-3.4000000000000004,3.4000000000000004,11.560000000000002
1476411600,D:\intelligent_transportation\data\lstm_sources\public\kddcup2017_china_tollgate\kdd2017_china_tollgate_20min.csv:kdd2017_t1_d0#segment5,1,-3.8000000000000007,3.8000000000000007,14.440000000000005
1476412800,D:\intelligent_transportation\data\lstm_sources\public\kddcup2017_china_tollgate\kdd2017_china_tollgate_20min.csv:kdd2017_t1_d0#segment5,1,3.8000000000000007,3.8000000000000007,14.440000000000005
1476414000,D:\intelligent_transportation\data\lstm_sources\public\kddcup2017_china_tollgate\kdd2017_china_tollgate_20min.csv:kdd2017_t1_d0#segment5,1,-5.4,5.4,29.160000000000004
1476415200,D:\intelligent_transportation\data\lstm_sources\public\kddcup2017_china_tollgate\kdd2017_china_tollgate_20min.csv:kdd2017_t1_d0#segment5,1,-5.0,5.0,25.0
1476416400,D:\intelligent_transportation\data\lstm_sources\public\kddcup2017_china_tollgate\kdd2017_china_tollgate_20min.csv:kdd2017_t1_d0#segment5,1,1.7999999999999998,1.7999999999999998,3.2399999999999993
1476417600,D:\intelligent_transportation\data\lstm_sources\public\kddcup2017_china_tollgate\kdd2017_china_tollgate_20min.csv:kdd2017_t1_d0#segment5,1,5.6,5.6,31.359999999999996
1476418800,D:\intelligent_transportation\data\lstm_sources\public\kddcup2017_china_tollgate\kdd2017_china_tollgate_20min.csv:kdd2017_t1_d0#segment5,1,5.2,5.2,27.040000000000003
1476420000,D:\intelligent_transportation\data\lstm_sources\public\kddcup2017_china_tollgate\kdd2017_china_tollgate_20min.csv:kdd2017_t1_d0#segment5,1,-2.0,2.0,4.0
1476421200,D:\intelligent_transportation\data\lstm_sources\public\kddcup2017_china_tollgate\kdd2017_china_tollgate_20min.csv:kdd2017_t1_d0#segment5,1,-5.4,5.4,29.160000000000004
1476422400,D:\intelligent_transportation\data\lstm_sources\public\kddcup2017_china_tollgate\kdd2017_china_tollgate_20min.csv:kdd2017_t1_d0#segment5,1,-1.4000000000000004,1.4000000000000004,1.960000000000001
1476423600,D:\intelligent_transportation\data\lstm_sources\public\kddcup2017_china_tollgate\kdd2017_china_tollgate_20min.csv:kdd2017_t1_d0#segment5,1,-0.1999999999999993,0.1999999999999993,0.039999999999999716
1476424800,D:\intelligent_transportation\data\lstm_sources\public\kddcup2017_china_tollgate\kdd2017_china_tollgate_20min.csv:kdd2017_t1_d0#segment5,1,6.6,6.6,43.559999999999995
1476426000,D:\intelligent_transportation\data\lstm_sources\public\kddcup2017_china_tollgate\kdd2017_china_tollgate_20min.csv:kdd2017_t1_d0#segment5,1,12.4,12.4,153.76000000000002
1476427200,D:\intelligent_transportation\data\lstm_sources\public\kddcup2017_china_tollgate\kdd2017_china_tollgate_20min.csv:kdd2017_t1_d0#segment5,1,9.6,9.6,92.16
1476428400,D:\intelligent_transportation\data\lstm_sources\public\kddcup2017_china_tollgate\kdd2017_china_tollgate_20min.csv:kdd2017_t1_d0#segment5,1,9.2,9.2,84.63999999999999
1476429600,D:\intelligent_transportation\data\lstm_sources\public\kddcup2017_china_tollgate\kdd2017_china_tollgate_20min.csv:kdd2017_t1_d0#segment5,1,11.0,11.0,121.0
1476430800,D:\intelligent_transportation\data\lstm_sources\public\kddcup2017_china_tollgate\kdd2017_china_tollgate_20min.csv:kdd2017_t1_d0#segment5,1,9.0,9.0,81.0
1476432000,D:\intelligent_transportation\data\lstm_sources\public\kddcup2017_china_tollgate\kdd2017_china_tollgate_20min.csv:kdd2017_t1_d0#segment5,1,9.8,9.8,96.04000000000002
1476433200,D:\intelligent_transportation\data\lstm_sources\public\kddcup2017_china_tollgate\kdd2017_china_tollgate_20min.csv:kdd2017_t1_d0#segment5,1,32.0,32.0,1024.0
1476434400,D:\intelligent_transportation\data\lstm_sources\public\kddcup2017_china_tollgate\kdd2017_china_tollgate_20min.csv:kdd2017_t1_d0#segment5,1,11.200000000000003,11.200000000000003,125.44000000000007
1476435600,D:\intelligent_transportation\data\lstm_sources\public\kddcup2017_china_tollgate\kdd2017_china_tollgate_20min.csv:kdd2017_t1_d0#segment5,1,4.600000000000001,4.600000000000001,21.160000000000014
1476436800,D:\intelligent_transportation\data\lstm_sources\public\kddcup2017_china_tollgate\kdd2017_china_tollgate_20min.csv:kdd2017_t1_d0#segment5,1,5.399999999999999,5.399999999999999,29.159999999999986
1476438000,D:\intelligent_transportation\data\lstm_sources\public\kddcup2017_china_tollgate\kdd2017_china_tollgate_20min.csv:kdd2017_t1_d0#segment5,1,-1.2000000000000028,1.2000000000000028,1.4400000000000068
1476439200,D:\intelligent_transportation\data\lstm_sources\public\kddcup2017_china_tollgate\kdd2017_china_tollgate_20min.csv:kdd2017_t1_d0#segment5,1,4.600000000000001,4.600000000000001,21.160000000000014
1476440400,D:\intelligent_transportation\data\lstm_sources\public\kddcup2017_china_tollgate\kdd2017_china_tollgate_20min.csv:kdd2017_t1_d0#segment5,1,-0.20000000000000284,0.20000000000000284,0.04000000000000114
1476441600,D:\intelligent_transportation\data\lstm_sources\public\kddcup2017_china_tollgate\kdd2017_china_tollgate_20min.csv:kdd2017_t1_d0#segment5,1,-4.399999999999999,4.399999999999999,19.35999999999999
1476442800,D:\intelligent_transportation\data\lstm_sources\public\kddcup2017_china_tollgate\kdd2017_china_tollgate_20min.csv:kdd2017_t1_d0#segment5,1,-4.200000000000003,4.200000000000003,17.640000000000025
1476444000,D:\intelligent_transportation\data\lstm_sources\public\kddcup2017_china_tollgate\kdd2017_china_tollgate_20min.csv:kdd2017_t1_d0#segment5,1,-5.200000000000003,5.200000000000003,27.04000000000003
1476445200,D:\intelligent_transportation\data\lstm_sources\public\kddcup2017_china_tollgate\kdd2017_china_tollgate_20min.csv:kdd2017_t1_d0#segment5,1,-4.399999999999999,4.399999999999999,19.35999999999999
1476446400,D:\intelligent_transportation\data\lstm_sources\public\kddcup2017_china_tollgate\kdd2017_china_tollgate_20min.csv:kdd2017_t1_d0#segment5,1,-19.0,19.0,361.0
1476447600,D:\intelligent_transportation\data\lstm_sources\public\kddcup2017_china_tollgate\kdd2017_china_tollgate_20min.csv:kdd2017_t1_d0#segment5,1,3.6000000000000014,3.6000000000000014,12.96000000000001
1476448800,D:\intelligent_transportation\data\lstm_sources\public\kddcup2017_china_tollgate\kdd2017_china_tollgate_20min.csv:kdd2017_t1_d0#segment5,1,15.799999999999997,15.799999999999997,249.6399999999999
1476450000,D:\intelligent_transportation\data\lstm_sources\public\kddcup2017_china_tollgate\kdd2017_china_tollgate_20min.csv:kdd2017_t1_d0#segment5,1,17.6,17.6,309.76000000000005
1476451200,D:\intelligent_transportation\data\lstm_sources\public\kddcup2017_china_tollgate\kdd2017_china_tollgate_20min.csv:kdd2017_t1_d0#segment5,1,9.200000000000003,9.200000000000003,84.64000000000006
1476452400,D:\intelligent_transportation\data\lstm_sources\public\kddcup2017_china_tollgate\kdd2017_china_tollgate_20min.csv:kdd2017_t1_d0#segment5,1,-2.200000000000003,2.200000000000003,4.840000000000012
1476453600,D:\intelligent_transportation\data\lstm_sources\public\kddcup2017_china_tollgate\kdd2017_china_tollgate_20min.csv:kdd2017_t1_d0#segment5,1,15.799999999999997,15.799999999999997,249.6399999999999
1476454800,D:\intelligent_transportation\data\lstm_sources\public\kddcup2017_china_tollgate\kdd2017_china_tollgate_20min.csv:kdd2017_t1_d0#segment5,1,11.0,11.0,121.0
1476456000,D:\intelligent_transportation\data\lstm_sources\public\kddcup2017_china_tollgate\kdd2017_china_tollgate_20min.csv:kdd2017_t1_d0#segment5,1,-7.399999999999999,7.399999999999999,54.75999999999998
1476457200,D:\intelligent_transportation\data\lstm_sources\public\kddcup2017_china_tollgate\kdd2017_china_tollgate_20min.csv:kdd2017_t1_d0#segment5,1,20.200000000000003,20.200000000000003,408.04000000000013
1476458400,D:\intelligent_transportation\data\lstm_sources\public\kddcup2017_china_tollgate\kdd2017_china_tollgate_20min.csv:kdd2017_t1_d0#segment5,1,5.600000000000001,5.600000000000001,31.360000000000017
1476459600,D:\intelligent_transportation\data\lstm_sources\public\kddcup2017_china_tollgate\kdd2017_china_tollgate_20min.csv:kdd2017_t1_d0#segment5,1,5.200000000000003,5.200000000000003,27.04000000000003
1476460800,D:\intelligent_transportation\data\lstm_sources\public\kddcup2017_china_tollgate\kdd2017_china_tollgate_20min.csv:kdd2017_t1_d0#segment5,1,-2.5999999999999943,2.5999999999999943,6.7599999999999705
1476462000,D:\intelligent_transportation\data\lstm_sources\public\kddcup2017_china_tollgate\kdd2017_china_tollgate_20min.csv:kdd2017_t1_d0#segment5,1,6.0,6.0,36.0
1476463200,D:\intelligent_transportation\data\lstm_sources\public\kddcup2017_china_tollgate\kdd2017_china_tollgate_20min.csv:kdd2017_t1_d0#segment5,1,-7.200000000000003,7.200000000000003,51.84000000000004
1476464400,D:\intelligent_transportation\data\lstm_sources\public\kddcup2017_china_tollgate\kdd2017_china_tollgate_20min.csv:kdd2017_t1_d0#segment5,1,-22.400000000000006,22.400000000000006,501.7600000000003
1476465600,D:\intelligent_transportation\data\lstm_sources\public\kddcup2017_china_tollgate\kdd2017_china_tollgate_20min.csv:kdd2017_t1_d0#segment5,1,-15.0,15.0,225.0
1476466800,D:\intelligent_transportation\data\lstm_sources\public\kddcup2017_china_tollgate\kdd2017_china_tollgate_20min.csv:kdd2017_t1_d0#segment5,1,-18.4,18.4,338.55999999999995
1476468000,D:\intelligent_transportation\data\lstm_sources\public\kddcup2017_china_tollgate\kdd2017_china_tollgate_20min.csv:kdd2017_t1_d0#segment5,1,-17.6,17.6,309.76000000000005
1476469200,D:\intelligent_transportation\data\lstm_sources\public\kddcup2017_china_tollgate\kdd2017_china_tollgate_20min.csv:kdd2017_t1_d0#segment5,1,-15.399999999999999,15.399999999999999,237.15999999999997
1476470400,D:\intelligent_transportation\data\lstm_sources\public\kddcup2017_china_tollgate\kdd2017_china_tollgate_20min.csv:kdd2017_t1_d0#segment5,1,4.0,4.0,16.0
1476471600,D:\intelligent_transportation\data\lstm_sources\public\kddcup2017_china_tollgate\kdd2017_china_tollgate_20min.csv:kdd2017_t1_d0#segment5,1,4.200000000000003,4.200000000000003,17.640000000000025
1476472800,D:\intelligent_transportation\data\lstm_sources\public\kddcup2017_china_tollgate\kdd2017_china_tollgate_20min.csv:kdd2017_t1_d0#segment5,1,-2.0,2.0,4.0
1476474000,D:\intelligent_transportation\data\lstm_sources\public\kddcup2017_china_tollgate\kdd2017_china_tollgate_20min.csv:kdd2017_t1_d0#segment5,1,-7.399999999999999,7.399999999999999,54.75999999999998
1476475200,D:\intelligent_transportation\data\lstm_sources\public\kddcup2017_china_tollgate\kdd2017_china_tollgate_20min.csv:kdd2017_t1_d0#segment5,1,-4.399999999999999,4.399999999999999,19.35999999999999
1476476400,D:\intelligent_transportation\data\lstm_sources\public\kddcup2017_china_tollgate\kdd2017_china_tollgate_20min.csv:kdd2017_t1_d0#segment5,1,-15.799999999999997,15.799999999999997,249.6399999999999
1476477600,D:\intelligent_transportation\data\lstm_sources\public\kddcup2017_china_tollgate\kdd2017_china_tollgate_20min.csv:kdd2017_t1_d0#segment5,1,-3.3999999999999986,3.3999999999999986,11.55999999999999
1476478800,D:\intelligent_transportation\data\lstm_sources\public\kddcup2017_china_tollgate\kdd2017_china_tollgate_20min.csv:kdd2017_t1_d0#segment5,1,-14.600000000000001,14.600000000000001,213.16000000000005
1476480000,D:\intelligent_transportation\data\lstm_sources\public\kddcup2017_china_tollgate\kdd2017_china_tollgate_20min.csv:kdd2017_t1_d0#segment5,1,-7.399999999999999,7.399999999999999,54.75999999999998
1476481200,D:\intelligent_transportation\data\lstm_sources\public\kddcup2017_china_tollgate\kdd2017_china_tollgate_20min.csv:kdd2017_t1_d0#segment5,1,-9.0,9.0,81.0
1476482400,D:\intelligent_transportation\data\lstm_sources\public\kddcup2017_china_tollgate\kdd2017_china_tollgate_20min.csv:kdd2017_t1_d0#segment5,1,-6.399999999999999,6.399999999999999,40.95999999999998
1476483600,D:\intelligent_transportation\data\lstm_sources\public\kddcup2017_china_tollgate\kdd2017_china_tollgate_20min.csv:kdd2017_t1_d0#segment5,1,-2.8000000000000007,2.8000000000000007,7.840000000000004
1476484800,D:\intelligent_transportation\data\lstm_sources\public\kddcup2017_china_tollgate\kdd2017_china_tollgate_20min.csv:kdd2017_t1_d0#segment5,1,-5.0,5.0,25.0
1476486000,D:\intelligent_transportation\data\lstm_sources\public\kddcup2017_china_tollgate\kdd2017_china_tollgate_20min.csv:kdd2017_t1_d0#segment5,1,-6.0,6.0,36.0
1476487200,D:\intelligent_transportation\data\lstm_sources\public\kddcup2017_china_tollgate\kdd2017_china_tollgate_20min.csv:kdd2017_t1_d0#segment5,1,2.0,2.0,4.0
1476488400,D:\intelligent_transportation\data\lstm_sources\public\kddcup2017_china_tollgate\kdd2017_china_tollgate_20min.csv:kdd2017_t1_d0#segment5,1,-7.0,7.0,49.0
1476489600,D:\intelligent_transportation\data\lstm_sources\public\kddcup2017_china_tollgate\kdd2017_china_tollgate_20min.csv:kdd2017_t1_d0#segment5,1,-2.4000000000000004,2.4000000000000004,5.760000000000002
1476490800,D:\intelligent_transportation\data\lstm_sources\public\kddcup2017_china_tollgate\kdd2017_china_tollgate_20min.csv:kdd2017_t1_d0#segment5,1,0.0,0.0,0.0
1476492000,D:\intelligent_transportation\data\lstm_sources\public\kddcup2017_china_tollgate\kdd2017_china_tollgate_20min.csv:kdd2017_t1_d0#segment5,1,1.1999999999999993,1.1999999999999993,1.4399999999999984
1476493200,D:\intelligent_transportation\data\lstm_sources\public\kddcup2017_china_tollgate\kdd2017_china_tollgate_20min.csv:kdd2017_t1_d0#segment5,1,-0.1999999999999993,0.1999999999999993,0.039999999999999716
1476494400,D:\intelligent_transportation\data\lstm_sources\public\kddcup2017_china_tollgate\kdd2017_china_tollgate_20min.csv:kdd2017_t1_d0#segment5,1,-0.1999999999999993,0.1999999999999993,0.039999999999999716
1476495600,D:\intelligent_transportation\data\lstm_sources\public\kddcup2017_china_tollgate\kdd2017_china_tollgate_20min.csv:kdd2017_t1_d0#segment5,1,0.1999999999999993,0.1999999999999993,0.039999999999999716
1476496800,D:\intelligent_transportation\data\lstm_sources\public\kddcup2017_china_tollgate\kdd2017_china_tollgate_20min.csv:kdd2017_t1_d0#segment5,1,2.0,2.0,4.0
1476498000,D:\intelligent_transportation\data\lstm_sources\public\kddcup2017_china_tollgate\kdd2017_china_tollgate_20min.csv:kdd2017_t1_d0#segment5,1,-1.4000000000000004,1.4000000000000004,1.960000000000001
1476499200,D:\intelligent_transportation\data\lstm_sources\public\kddcup2017_china_tollgate\kdd2017_china_tollgate_20min.csv:kdd2017_t1_d0#segment5,1,-4.0,4.0,16.0
1476500400,D:\intelligent_transportation\data\lstm_sources\public\kddcup2017_china_tollgate\kdd2017_china_tollgate_20min.csv:kdd2017_t1_d0#segment5,1,-2.1999999999999993,2.1999999999999993,4.839999999999997
1476501600,D:\intelligent_transportation\data\lstm_sources\public\kddcup2017_china_tollgate\kdd2017_china_tollgate_20min.csv:kdd2017_t1_d0#segment5,1,1.2000000000000002,1.2000000000000002,1.4400000000000004
1476502800,D:\intelligent_transportation\data\lstm_sources\public\kddcup2017_china_tollgate\kdd2017_china_tollgate_20min.csv:kdd2017_t1_d0#segment5,1,1.2000000000000002,1.2000000000000002,1.4400000000000004
1476504000,D:\intelligent_transportation\data\lstm_sources\public\kddcup2017_china_tollgate\kdd2017_china_tollgate_20min.csv:kdd2017_t1_d0#segment5,1,1.5999999999999996,1.5999999999999996,2.5599999999999987
1476505200,D:\intelligent_transportation\data\lstm_sources\public\kddcup2017_china_tollgate\kdd2017_china_tollgate_20min.csv:kdd2017_t1_d0#segment5,1,1.4000000000000004,1.4000000000000004,1.960000000000001
1476506400,D:\intelligent_transportation\data\lstm_sources\public\kddcup2017_china_tollgate\kdd2017_china_tollgate_20min.csv:kdd2017_t1_d0#segment5,1,2.5999999999999996,2.5999999999999996,6.759999999999998
1476507600,D:\intelligent_transportation\data\lstm_sources\public\kddcup2017_china_tollgate\kdd2017_china_tollgate_20min.csv:kdd2017_t1_d0#segment5,1,0.5999999999999996,0.5999999999999996,0.3599999999999996
1476508800,D:\intelligent_transportation\data\lstm_sources\public\kddcup2017_china_tollgate\kdd2017_china_tollgate_20min.csv:kdd2017_t1_d0#segment5,1,-2.5999999999999996,2.5999999999999996,6.759999999999998
1476510000,D:\intelligent_transportation\data\lstm_sources\public\kddcup2017_china_tollgate\kdd2017_china_tollgate_20min.csv:kdd2017_t1_d0#segment5,1,-0.1999999999999993,0.1999999999999993,0.039999999999999716
1476511200,D:\intelligent_transportation\data\lstm_sources\public\kddcup2017_china_tollgate\kdd2017_china_tollgate_20min.csv:kdd2017_t1_d0#segment5,1,0.8000000000000007,0.8000000000000007,0.6400000000000011
1476512400,D:\intelligent_transportation\data\lstm_sources\public\kddcup2017_china_tollgate\kdd2017_china_tollgate_20min.csv:kdd2017_t1_d0#segment5,1,9.6,9.6,92.16
1476513600,D:\intelligent_transportation\data\lstm_sources\public\kddcup2017_china_tollgate\kdd2017_china_tollgate_20min.csv:kdd2017_t1_d0#segment5,1,20.0,20.0,400.0
1476514800,D:\intelligent_transportation\data\lstm_sources\public\kddcup2017_china_tollgate\kdd2017_china_tollgate_20min.csv:kdd2017_t1_d0#segment5,1,23.8,23.8,566.44
1476516000,D:\intelligent_transportation\data\lstm_sources\public\kddcup2017_china_tollgate\kdd2017_china_tollgate_20min.csv:kdd2017_t1_d0#segment5,1,31.4,31.4,985.9599999999999
1476517200,D:\intelligent_transportation\data\lstm_sources\public\kddcup2017_china_tollgate\kdd2017_china_tollgate_20min.csv:kdd2017_t1_d0#segment5,1,15.600000000000001,15.600000000000001,243.36000000000004
1476518400,D:\intelligent_transportation\data\lstm_sources\public\kddcup2017_china_tollgate\kdd2017_china_tollgate_20min.csv:kdd2017_t1_d0#segment5,1,6.399999999999999,6.399999999999999,40.95999999999998
1476519600,D:\intelligent_transportation\data\lstm_sources\public\kddcup2017_china_tollgate\kdd2017_china_tollgate_20min.csv:kdd2017_t1_d0#segment5,1,4.399999999999999,4.399999999999999,19.35999999999999
1476520800,D:\intelligent_transportation\data\lstm_sources\public\kddcup2017_china_tollgate\kdd2017_china_tollgate_20min.csv:kdd2017_t1_d0#segment5,1,9.200000000000003,9.200000000000003,84.64000000000006
1476522000,D:\intelligent_transportation\data\lstm_sources\public\kddcup2017_china_tollgate\kdd2017_china_tollgate_20min.csv:kdd2017_t1_d0#segment5,1,21.0,21.0,441.0
1476523200,D:\intelligent_transportation\data\lstm_sources\public\kddcup2017_china_tollgate\kdd2017_china_tollgate_20min.csv:kdd2017_t1_d0#segment5,1,19.6,19.6,384.1600000000001
1476524400,D:\intelligent_transportation\data\lstm_sources\public\kddcup2017_china_tollgate\kdd2017_china_tollgate_20min.csv:kdd2017_t1_d0#segment5,1,-2.6000000000000014,2.6000000000000014,6.760000000000008
1476525600,D:\intelligent_transportation\data\lstm_sources\public\kddcup2017_china_tollgate\kdd2017_china_tollgate_20min.csv:kdd2017_t1_d0#segment5,1,0.20000000000000284,0.20000000000000284,0.04000000000000114
1476526800,D:\intelligent_transportation\data\lstm_sources\public\kddcup2017_china_tollgate\kdd2017_china_tollgate_20min.csv:kdd2017_t1_d0#segment5,1,2.6000000000000014,2.6000000000000014,6.760000000000008
1476528000,D:\intelligent_transportation\data\lstm_sources\public\kddcup2017_china_tollgate\kdd2017_china_tollgate_20min.csv:kdd2017_t1_d0#segment5,1,-10.400000000000006,10.400000000000006,108.16000000000012
1476529200,D:\intelligent_transportation\data\lstm_sources\public\kddcup2017_china_tollgate\kdd2017_china_tollgate_20min.csv:kdd2017_t1_d0#segment5,1,-2.200000000000003,2.200000000000003,4.840000000000012
1476530400,D:\intelligent_transportation\data\lstm_sources\public\kddcup2017_china_tollgate\kdd2017_china_tollgate_20min.csv:kdd2017_t1_d0#segment5,1,-14.600000000000001,14.600000000000001,213.16000000000005
1476531600,D:\intelligent_transportation\data\lstm_sources\public\kddcup2017_china_tollgate\kdd2017_china_tollgate_20min.csv:kdd2017_t1_d0#segment5,1,-11.399999999999999,11.399999999999999,129.95999999999998
1476532800,D:\intelligent_transportation\data\lstm_sources\public\kddcup2017_china_tollgate\kdd2017_china_tollgate_20min.csv:kdd2017_t1_d0#segment5,1,-10.399999999999999,10.399999999999999,108.15999999999997
1476534000,D:\intelligent_transportation\data\lstm_sources\public\kddcup2017_china_tollgate\kdd2017_china_tollgate_20min.csv:kdd2017_t1_d0#segment5,1,-1.0,1.0,1.0
1476535200,D:\intelligent_transportation\data\lstm_sources\public\kddcup2017_china_tollgate\kdd2017_china_tollgate_20min.csv:kdd2017_t1_d0#segment5,1,-6.799999999999997,6.799999999999997,46.23999999999996
1476536400,D:\intelligent_transportation\data\lstm_sources\public\kddcup2017_china_tollgate\kdd2017_china_tollgate_20min.csv:kdd2017_t1_d0#segment5,1,18.799999999999997,18.799999999999997,353.4399999999999
1476537600,D:\intelligent_transportation\data\lstm_sources\public\kddcup2017_china_tollgate\kdd2017_china_tollgate_20min.csv:kdd2017_t1_d0#segment5,1,-7.0,7.0,49.0
1476538800,D:\intelligent_transportation\data\lstm_sources\public\kddcup2017_china_tollgate\kdd2017_china_tollgate_20min.csv:kdd2017_t1_d0#segment5,1,-12.200000000000003,12.200000000000003,148.84000000000006
1476540000,D:\intelligent_transportation\data\lstm_sources\public\kddcup2017_china_tollgate\kdd2017_china_tollgate_20min.csv:kdd2017_t1_d0#segment5,1,10.399999999999999,10.399999999999999,108.15999999999997
1476541200,D:\intelligent_transportation\data\lstm_sources\public\kddcup2017_china_tollgate\kdd2017_china_tollgate_20min.csv:kdd2017_t1_d0#segment5,1,21.799999999999997,21.799999999999997,475.2399999999999
1476542400,D:\intelligent_transportation\data\lstm_sources\public\kddcup2017_china_tollgate\kdd2017_china_tollgate_20min.csv:kdd2017_t1_d0#segment5,1,11.200000000000003,11.200000000000003,125.44000000000007
1476543600,D:\intelligent_transportation\data\lstm_sources\public\kddcup2017_china_tollgate\kdd2017_china_tollgate_20min.csv:kdd2017_t1_d0#segment5,1,-16.0,16.0,256.0
1476544800,D:\intelligent_transportation\data\lstm_sources\public\kddcup2017_china_tollgate\kdd2017_china_tollgate_20min.csv:kdd2017_t1_d0#segment5,1,6.799999999999997,6.799999999999997,46.23999999999996
1476546000,D:\intelligent_transportation\data\lstm_sources\public\kddcup2017_china_tollgate\kdd2017_china_tollgate_20min.csv:kdd2017_t1_d0#segment5,1,0.0,0.0,0.0
1476547200,D:\intelligent_transportation\data\lstm_sources\public\kddcup2017_china_tollgate\kdd2017_china_tollgate_20min.csv:kdd2017_t1_d0#segment5,1,-0.20000000000000284,0.20000000000000284,0.04000000000000114
1476548400,D:\intelligent_transportation\data\lstm_sources\public\kddcup2017_china_tollgate\kdd2017_china_tollgate_20min.csv:kdd2017_t1_d0#segment5,1,11.200000000000003,11.200000000000003,125.44000000000007
1476549600,D:\intelligent_transportation\data\lstm_sources\public\kddcup2017_china_tollgate\kdd2017_china_tollgate_20min.csv:kdd2017_t1_d0#segment5,1,8.799999999999997,8.799999999999997,77.43999999999996
1476550800,D:\intelligent_transportation\data\lstm_sources\public\kddcup2017_china_tollgate\kdd2017_china_tollgate_20min.csv:kdd2017_t1_d0#segment5,1,5.399999999999999,5.399999999999999,29.159999999999986
1476552000,D:\intelligent_transportation\data\lstm_sources\public\kddcup2017_china_tollgate\kdd2017_china_tollgate_20min.csv:kdd2017_t1_d0#segment5,1,-7.0,7.0,49.0
1476553200,D:\intelligent_transportation\data\lstm_sources\public\kddcup2017_china_tollgate\kdd2017_china_tollgate_20min.csv:kdd2017_t1_d0#segment5,1,-29.6,29.6,876.1600000000001
1476554400,D:\intelligent_transportation\data\lstm_sources\public\kddcup2017_china_tollgate\kdd2017_china_tollgate_20min.csv:kdd2017_t1_d0#segment5,1,-23.6,23.6,556.96
1476555600,D:\intelligent_transportation\data\lstm_sources\public\kddcup2017_china_tollgate\kdd2017_china_tollgate_20min.csv:kdd2017_t1_d0#segment5,1,-20.0,20.0,400.0
1476556800,D:\intelligent_transportation\data\lstm_sources\public\kddcup2017_china_tollgate\kdd2017_china_tollgate_20min.csv:kdd2017_t1_d0#segment5,1,-14.200000000000003,14.200000000000003,201.64000000000007
1476558000,D:\intelligent_transportation\data\lstm_sources\public\kddcup2017_china_tollgate\kdd2017_china_tollgate_20min.csv:kdd2017_t1_d0#segment5,1,-15.799999999999997,15.799999999999997,249.6399999999999
1476559200,D:\intelligent_transportation\data\lstm_sources\public\kddcup2017_china_tollgate\kdd2017_china_tollgate_20min.csv:kdd2017_t1_d0#segment5,1,-8.8,8.8,77.44000000000001
1476560400,D:\intelligent_transportation\data\lstm_sources\public\kddcup2017_china_tollgate\kdd2017_china_tollgate_20min.csv:kdd2017_t1_d0#segment5,1,-0.3999999999999986,0.3999999999999986,0.15999999999999887
1476561600,D:\intelligent_transportation\data\lstm_sources\public\kddcup2017_china_tollgate\kdd2017_china_tollgate_20min.csv:kdd2017_t1_d0#segment5,1,-3.0,3.0,9.0
1476562800,D:\intelligent_transportation\data\lstm_sources\public\kddcup2017_china_tollgate\kdd2017_china_tollgate_20min.csv:kdd2017_t1_d0#segment5,1,-6.399999999999999,6.399999999999999,40.95999999999998
1476564000,D:\intelligent_transportation\data\lstm_sources\public\kddcup2017_china_tollgate\kdd2017_china_tollgate_20min.csv:kdd2017_t1_d0#segment5,1,2.0,2.0,4.0
1476565200,D:\intelligent_transportation\data\lstm_sources\public\kddcup2017_china_tollgate\kdd2017_china_tollgate_20min.csv:kdd2017_t1_d0#segment5,1,-0.6000000000000014,0.6000000000000014,0.3600000000000017
1476566400,D:\intelligent_transportation\data\lstm_sources\public\kddcup2017_china_tollgate\kdd2017_china_tollgate_20min.csv:kdd2017_t1_d0#segment5,1,-3.8000000000000007,3.8000000000000007,14.440000000000005
1476567600,D:\intelligent_transportation\data\lstm_sources\public\kddcup2017_china_tollgate\kdd2017_china_tollgate_20min.csv:kdd2017_t1_d0#segment5,1,-0.1999999999999993,0.1999999999999993,0.039999999999999716
1476568800,D:\intelligent_transportation\data\lstm_sources\public\kddcup2017_china_tollgate\kdd2017_china_tollgate_20min.csv:kdd2017_t1_d0#segment5,1,-3.8000000000000007,3.8000000000000007,14.440000000000005
1476570000,D:\intelligent_transportation\data\lstm_sources\public\kddcup2017_china_tollgate\kdd2017_china_tollgate_20min.csv:kdd2017_t1_d0#segment5,1,-2.6000000000000014,2.6000000000000014,6.760000000000008
1476571200,D:\intelligent_transportation\data\lstm_sources\public\kddcup2017_china_tollgate\kdd2017_china_tollgate_20min.csv:kdd2017_t1_d0#segment5,1,-14.399999999999999,14.399999999999999,207.35999999999996
1476572400,D:\intelligent_transportation\data\lstm_sources\public\kddcup2017_china_tollgate\kdd2017_china_tollgate_20min.csv:kdd2017_t1_d0#segment5,1,0.0,0.0,0.0
1476573600,D:\intelligent_transportation\data\lstm_sources\public\kddcup2017_china_tollgate\kdd2017_china_tollgate_20min.csv:kdd2017_t1_d0#segment5,1,-9.4,9.4,88.36000000000001
1476574800,D:\intelligent_transportation\data\lstm_sources\public\kddcup2017_china_tollgate\kdd2017_china_tollgate_20min.csv:kdd2017_t1_d0#segment5,1,-2.4000000000000004,2.4000000000000004,5.760000000000002
1476576000,D:\intelligent_transportation\data\lstm_sources\public\kddcup2017_china_tollgate\kdd2017_china_tollgate_20min.csv:kdd2017_t1_d0#segment5,1,0.0,0.0,0.0
1476577200,D:\intelligent_transportation\data\lstm_sources\public\kddcup2017_china_tollgate\kdd2017_china_tollgate_20min.csv:kdd2017_t1_d0#segment5,1,0.40000000000000036,0.40000000000000036,0.16000000000000028
1476578400,D:\intelligent_transportation\data\lstm_sources\public\kddcup2017_china_tollgate\kdd2017_china_tollgate_20min.csv:kdd2017_t1_d0#segment5,1,-1.5999999999999996,1.5999999999999996,2.5599999999999987
1476579600,D:\intelligent_transportation\data\lstm_sources\public\kddcup2017_china_tollgate\kdd2017_china_tollgate_20min.csv:kdd2017_t1_d0#segment5,1,-1.1999999999999993,1.1999999999999993,1.4399999999999984
1476580800,D:\intelligent_transportation\data\lstm_sources\public\kddcup2017_china_tollgate\kdd2017_china_tollgate_20min.csv:kdd2017_t1_d0#segment5,1,1.4000000000000004,1.4000000000000004,1.960000000000001
1476582000,D:\intelligent_transportation\data\lstm_sources\public\kddcup2017_china_tollgate\kdd2017_china_tollgate_20min.csv:kdd2017_t1_d0#segment5,1,-4.800000000000001,4.800000000000001,23.040000000000006
1476583200,D:\intelligent_transportation\data\lstm_sources\public\kddcup2017_china_tollgate\kdd2017_china_tollgate_20min.csv:kdd2017_t1_d0#segment5,1,-1.5999999999999996,1.5999999999999996,2.5599999999999987
1476584400,D:\intelligent_transportation\data\lstm_sources\public\kddcup2017_china_tollgate\kdd2017_china_tollgate_20min.csv:kdd2017_t1_d0#segment5,1,-1.0,1.0,1.0
1476585600,D:\intelligent_transportation\data\lstm_sources\public\kddcup2017_china_tollgate\kdd2017_china_tollgate_20min.csv:kdd2017_t1_d0#segment5,1,-4.6,4.6,21.159999999999997
1476586800,D:\intelligent_transportation\data\lstm_sources\public\kddcup2017_china_tollgate\kdd2017_china_tollgate_20min.csv:kdd2017_t1_d0#segment5,1,0.40000000000000036,0.40000000000000036,0.16000000000000028
1476588000,D:\intelligent_transportation\data\lstm_sources\public\kddcup2017_china_tollgate\kdd2017_china_tollgate_20min.csv:kdd2017_t1_d0#segment5,1,0.20000000000000018,0.20000000000000018,0.04000000000000007
1476589200,D:\intelligent_transportation\data\lstm_sources\public\kddcup2017_china_tollgate\kdd2017_china_tollgate_20min.csv:kdd2017_t1_d0#segment5,1,4.0,4.0,16.0
1476590400,D:\intelligent_transportation\data\lstm_sources\public\kddcup2017_china_tollgate\kdd2017_china_tollgate_20min.csv:kdd2017_t1_d0#segment5,1,3.4000000000000004,3.4000000000000004,11.560000000000002
1476591600,D:\intelligent_transportation\data\lstm_sources\public\kddcup2017_china_tollgate\kdd2017_china_tollgate_20min.csv:kdd2017_t1_d0#segment5,1,4.8,4.8,23.04
1476592800,D:\intelligent_transportation\data\lstm_sources\public\kddcup2017_china_tollgate\kdd2017_china_tollgate_20min.csv:kdd2017_t1_d0#segment5,1,8.0,8.0,64.0
1476594000,D:\intelligent_transportation\data\lstm_sources\public\kddcup2017_china_tollgate\kdd2017_china_tollgate_20min.csv:kdd2017_t1_d0#segment5,1,-6.0,6.0,36.0
1476595200,D:\intelligent_transportation\data\lstm_sources\public\kddcup2017_china_tollgate\kdd2017_china_tollgate_20min.csv:kdd2017_t1_d0#segment5,1,-6.800000000000001,6.800000000000001,46.24000000000001
1476596400,D:\intelligent_transportation\data\lstm_sources\public\kddcup2017_china_tollgate\kdd2017_china_tollgate_20min.csv:kdd2017_t1_d0#segment5,1,-1.5999999999999996,1.5999999999999996,2.5599999999999987
1476597600,D:\intelligent_transportation\data\lstm_sources\public\kddcup2017_china_tollgate\kdd2017_china_tollgate_20min.csv:kdd2017_t1_d0#segment5,1,-2.1999999999999993,2.1999999999999993,4.839999999999997
1476598800,D:\intelligent_transportation\data\lstm_sources\public\kddcup2017_china_tollgate\kdd2017_china_tollgate_20min.csv:kdd2017_t1_d0#segment5,1,-0.20000000000000018,0.20000000000000018,0.04000000000000007
1476600000,D:\intelligent_transportation\data\lstm_sources\public\kddcup2017_china_tollgate\kdd2017_china_tollgate_20min.csv:kdd2017_t1_d0#segment5,1,4.6,4.6,21.159999999999997
1476601200,D:\intelligent_transportation\data\lstm_sources\public\kddcup2017_china_tollgate\kdd2017_china_tollgate_20min.csv:kdd2017_t1_d0#segment5,1,12.4,12.4,153.76000000000002
1476602400,D:\intelligent_transportation\data\lstm_sources\public\kddcup2017_china_tollgate\kdd2017_china_tollgate_20min.csv:kdd2017_t1_d0#segment5,1,18.2,18.2,331.23999999999995
1476603600,D:\intelligent_transportation\data\lstm_sources\public\kddcup2017_china_tollgate\kdd2017_china_tollgate_20min.csv:kdd2017_t1_d0#segment5,1,39.0,39.0,1521.0
1476604800,D:\intelligent_transportation\data\lstm_sources\public\kddcup2017_china_tollgate\kdd2017_china_tollgate_20min.csv:kdd2017_t1_d0#segment5,1,5.600000000000001,5.600000000000001,31.360000000000017
1476606000,D:\intelligent_transportation\data\lstm_sources\public\kddcup2017_china_tollgate\kdd2017_china_tollgate_20min.csv:kdd2017_t1_d0#segment5,1,16.2,16.2,262.44
1476607200,D:\intelligent_transportation\data\lstm_sources\public\kddcup2017_china_tollgate\kdd2017_china_tollgate_20min.csv:kdd2017_t1_d0#segment5,1,0.3999999999999986,0.3999999999999986,0.15999999999999887
1476608400,D:\intelligent_transportation\data\lstm_sources\public\kddcup2017_china_tollgate\kdd2017_china_tollgate_20min.csv:kdd2017_t1_d0#segment5,1,13.200000000000003,13.200000000000003,174.24000000000007
1476609600,D:\intelligent_transportation\data\lstm_sources\public\kddcup2017_china_tollgate\kdd2017_china_tollgate_20min.csv:kdd2017_t1_d0#segment5,1,4.600000000000001,4.600000000000001,21.160000000000014
1476610800,D:\intelligent_transportation\data\lstm_sources\public\kddcup2017_china_tollgate\kdd2017_china_tollgate_20min.csv:kdd2017_t1_d0#segment5,1,6.799999999999997,6.799999999999997,46.23999999999996
1476612000,D:\intelligent_transportation\data\lstm_sources\public\kddcup2017_china_tollgate\kdd2017_china_tollgate_20min.csv:kdd2017_t1_d0#segment5,1,-7.0,7.0,49.0
1476613200,D:\intelligent_transportation\data\lstm_sources\public\kddcup2017_china_tollgate\kdd2017_china_tollgate_20min.csv:kdd2017_t1_d0#segment5,1,16.200000000000003,16.200000000000003,262.4400000000001
1476614400,D:\intelligent_transportation\data\lstm_sources\public\kddcup2017_china_tollgate\kdd2017_china_tollgate_20min.csv:kdd2017_t1_d0#segment5,1,3.200000000000003,3.200000000000003,10.240000000000018
1476615600,D:\intelligent_transportation\data\lstm_sources\public\kddcup2017_china_tollgate\kdd2017_china_tollgate_20min.csv:kdd2017_t1_d0#segment5,1,1.0,1.0,1.0
1476616800,D:\intelligent_transportation\data\lstm_sources\public\kddcup2017_china_tollgate\kdd2017_china_tollgate_20min.csv:kdd2017_t1_d0#segment5,1,-6.600000000000001,6.600000000000001,43.56000000000002
1476618000,D:\intelligent_transportation\data\lstm_sources\public\kddcup2017_china_tollgate\kdd2017_china_tollgate_20min.csv:kdd2017_t1_d0#segment5,1,-22.6,22.6,510.76000000000005
1476619200,D:\intelligent_transportation\data\lstm_sources\public\kddcup2017_china_tollgate\kdd2017_china_tollgate_20min.csv:kdd2017_t1_d0#segment5,1,6.799999999999997,6.799999999999997,46.23999999999996
1476620400,D:\intelligent_transportation\data\lstm_sources\public\kddcup2017_china_tollgate\kdd2017_china_tollgate_20min.csv:kdd2017_t1_d0#segment5,1,3.200000000000003,3.200000000000003,10.240000000000018
1476621600,D:\intelligent_transportation\data\lstm_sources\public\kddcup2017_china_tollgate\kdd2017_china_tollgate_20min.csv:kdd2017_t1_d0#segment5,1,6.0,6.0,36.0
1476622800,D:\intelligent_transportation\data\lstm_sources\public\kddcup2017_china_tollgate\kdd2017_china_tollgate_20min.csv:kdd2017_t1_d0#segment5,1,17.0,17.0,289.0
1476624000,D:\intelligent_transportation\data\lstm_sources\public\kddcup2017_china_tollgate\kdd2017_china_tollgate_20min.csv:kdd2017_t1_d0#segment5,1,1.3999999999999986,1.3999999999999986,1.959999999999996
1476625200,D:\intelligent_transportation\data\lstm_sources\public\kddcup2017_china_tollgate\kdd2017_china_tollgate_20min.csv:kdd2017_t1_d0#segment5,1,-4.200000000000003,4.200000000000003,17.640000000000025
1476626400,D:\intelligent_transportation\data\lstm_sources\public\kddcup2017_china_tollgate\kdd2017_china_tollgate_20min.csv:kdd2017_t1_d0#segment5,1,-0.20000000000000284,0.20000000000000284,0.04000000000000114
1476627600,D:\intelligent_transportation\data\lstm_sources\public\kddcup2017_china_tollgate\kdd2017_china_tollgate_20min.csv:kdd2017_t1_d0#segment5,1,10.200000000000003,10.200000000000003,104.04000000000006
1476628800,D:\intelligent_transportation\data\lstm_sources\public\kddcup2017_china_tollgate\kdd2017_china_tollgate_20min.csv:kdd2017_t1_d0#segment5,1,3.799999999999997,3.799999999999997,14.439999999999978
1476630000,D:\intelligent_transportation\data\lstm_sources\public\kddcup2017_china_tollgate\kdd2017_china_tollgate_20min.csv:kdd2017_t1_d0#segment5,1,4.399999999999999,4.399999999999999,19.35999999999999
1476631200,D:\intelligent_transportation\data\lstm_sources\public\kddcup2017_china_tollgate\kdd2017_china_tollgate_20min.csv:kdd2017_t1_d0#segment5,1,9.600000000000001,9.600000000000001,92.16000000000003
1476632400,D:\intelligent_transportation\data\lstm_sources\public\kddcup2017_china_tollgate\kdd2017_china_tollgate_20min.csv:kdd2017_t1_d0#segment5,1,19.200000000000003,19.200000000000003,368.6400000000001
1476633600,D:\intelligent_transportation\data\lstm_sources\public\kddcup2017_china_tollgate\kdd2017_china_tollgate_20min.csv:kdd2017_t1_d0#segment5,1,4.799999999999997,4.799999999999997,23.039999999999974
1476634800,D:\intelligent_transportation\data\lstm_sources\public\kddcup2017_china_tollgate\kdd2017_china_tollgate_20min.csv:kdd2017_t1_d0#segment5,1,-0.5999999999999943,0.5999999999999943,0.35999999999999316
1476636000,D:\intelligent_transportation\data\lstm_sources\public\kddcup2017_china_tollgate\kdd2017_china_tollgate_20min.csv:kdd2017_t1_d0#segment5,1,2.0,2.0,4.0
1476637200,D:\intelligent_transportation\data\lstm_sources\public\kddcup2017_china_tollgate\kdd2017_china_tollgate_20min.csv:kdd2017_t1_d0#segment5,1,0.7999999999999972,0.7999999999999972,0.6399999999999955
1476638400,D:\intelligent_transportation\data\lstm_sources\public\kddcup2017_china_tollgate\kdd2017_china_tollgate_20min.csv:kdd2017_t1_d0#segment5,1,-11.200000000000003,11.200000000000003,125.44000000000007
1476639600,D:\intelligent_transportation\data\lstm_sources\public\kddcup2017_china_tollgate\kdd2017_china_tollgate_20min.csv:kdd2017_t1_d0#segment5,1,-29.400000000000006,29.400000000000006,864.3600000000004
1476640800,D:\intelligent_transportation\data\lstm_sources\public\kddcup2017_china_tollgate\kdd2017_china_tollgate_20min.csv:kdd2017_t1_d0#segment5,1,-21.0,21.0,441.0
1476642000,D:\intelligent_transportation\data\lstm_sources\public\kddcup2017_china_tollgate\kdd2017_china_tollgate_20min.csv:kdd2017_t1_d0#segment5,1,-13.799999999999997,13.799999999999997,190.4399999999999
1476643200,D:\intelligent_transportation\data\lstm_sources\public\kddcup2017_china_tollgate\kdd2017_china_tollgate_20min.csv:kdd2017_t1_d0#segment5,1,-11.200000000000003,11.200000000000003,125.44000000000007
1476644400,D:\intelligent_transportation\data\lstm_sources\public\kddcup2017_china_tollgate\kdd2017_china_tollgate_20min.csv:kdd2017_t1_d0#segment5,1,-9.799999999999997,9.799999999999997,96.03999999999995
1476645600,D:\intelligent_transportation\data\lstm_sources\public\kddcup2017_china_tollgate\kdd2017_china_tollgate_20min.csv:kdd2017_t1_d0#segment5,1,-7.600000000000001,7.600000000000001,57.76000000000002
1476646800,D:\intelligent_transportation\data\lstm_sources\public\kddcup2017_china_tollgate\kdd2017_china_tollgate_20min.csv:kdd2017_t1_d0#segment5,1,-2.200000000000003,2.200000000000003,4.840000000000012
1476648000,D:\intelligent_transportation\data\lstm_sources\public\kddcup2017_china_tollgate\kdd2017_china_tollgate_20min.csv:kdd2017_t1_d0#segment5,1,-3.200000000000003,3.200000000000003,10.240000000000018
1476649200,D:\intelligent_transportation\data\lstm_sources\public\kddcup2017_china_tollgate\kdd2017_china_tollgate_20min.csv:kdd2017_t1_d0#segment5,1,0.6000000000000014,0.6000000000000014,0.3600000000000017
1476650400,D:\intelligent_transportation\data\lstm_sources\public\kddcup2017_china_tollgate\kdd2017_china_tollgate_20min.csv:kdd2017_t1_d0#segment5,1,-11.600000000000001,11.600000000000001,134.56000000000003
1476651600,D:\intelligent_transportation\data\lstm_sources\public\kddcup2017_china_tollgate\kdd2017_china_tollgate_20min.csv:kdd2017_t1_d0#segment5,1,-6.199999999999999,6.199999999999999,38.43999999999999
1476652800,D:\intelligent_transportation\data\lstm_sources\public\kddcup2017_china_tollgate\kdd2017_china_tollgate_20min.csv:kdd2017_t1_d0#segment5,1,1.0,1.0,1.0
1476654000,D:\intelligent_transportation\data\lstm_sources\public\kddcup2017_china_tollgate\kdd2017_china_tollgate_20min.csv:kdd2017_t1_d0#segment5,1,-13.2,13.2,174.23999999999998
1476655200,D:\intelligent_transportation\data\lstm_sources\public\kddcup2017_china_tollgate\kdd2017_china_tollgate_20min.csv:kdd2017_t1_d0#segment5,1,-6.800000000000001,6.800000000000001,46.24000000000001
1476656400,D:\intelligent_transportation\data\lstm_sources\public\kddcup2017_china_tollgate\kdd2017_china_tollgate_20min.csv:kdd2017_t1_d0#segment5,1,-14.600000000000001,14.600000000000001,213.16000000000005
1476657600,D:\intelligent_transportation\data\lstm_sources\public\kddcup2017_china_tollgate\kdd2017_china_tollgate_20min.csv:kdd2017_t1_d0#segment5,1,-15.8,15.8,249.64000000000001
1476658800,D:\intelligent_transportation\data\lstm_sources\public\kddcup2017_china_tollgate\kdd2017_china_tollgate_20min.csv:kdd2017_t1_d0#segment5,1,-5.6,5.6,31.359999999999996
1476660000,D:\intelligent_transportation\data\lstm_sources\public\kddcup2017_china_tollgate\kdd2017_china_tollgate_20min.csv:kdd2017_t1_d0#segment5,1,-5.4,5.4,29.160000000000004
1476661200,D:\intelligent_transportation\data\lstm_sources\public\kddcup2017_china_tollgate\kdd2017_china_tollgate_20min.csv:kdd2017_t1_d0#segment5,1,-3.4000000000000004,3.4000000000000004,11.560000000000002
1476662400,D:\intelligent_transportation\data\lstm_sources\public\kddcup2017_china_tollgate\kdd2017_china_tollgate_20min.csv:kdd2017_t1_d0#segment5,1,7.2,7.2,51.84
1476663600,D:\intelligent_transportation\data\lstm_sources\public\kddcup2017_china_tollgate\kdd2017_china_tollgate_20min.csv:kdd2017_t1_d0#segment5,1,5.0,5.0,25.0
1476664800,D:\intelligent_transportation\data\lstm_sources\public\kddcup2017_china_tollgate\kdd2017_china_tollgate_20min.csv:kdd2017_t1_d0#segment5,1,-1.8000000000000007,1.8000000000000007,3.2400000000000024
1476666000,D:\intelligent_transportation\data\lstm_sources\public\kddcup2017_china_tollgate\kdd2017_china_tollgate_20min.csv:kdd2017_t1_d0#segment5,1,-2.4000000000000004,2.4000000000000004,5.760000000000002
1476667200,D:\intelligent_transportation\data\lstm_sources\public\kddcup2017_china_tollgate\kdd2017_china_tollgate_20min.csv:kdd2017_t1_d0#segment5,1,2.4000000000000004,2.4000000000000004,5.760000000000002
1476668400,D:\intelligent_transportation\data\lstm_sources\public\kddcup2017_china_tollgate\kdd2017_china_tollgate_20min.csv:kdd2017_t1_d0#segment5,1,-4.800000000000001,4.800000000000001,23.040000000000006
1476669600,D:\intelligent_transportation\data\lstm_sources\public\kddcup2017_china_tollgate\kdd2017_china_tollgate_20min.csv:kdd2017_t1_d0#segment5,1,-4.199999999999999,4.199999999999999,17.639999999999993
1476670800,D:\intelligent_transportation\data\lstm_sources\public\kddcup2017_china_tollgate\kdd2017_china_tollgate_20min.csv:kdd2017_t1_d0#segment5,1,-0.5999999999999996,0.5999999999999996,0.3599999999999996
1476672000,D:\intelligent_transportation\data\lstm_sources\public\kddcup2017_china_tollgate\kdd2017_china_tollgate_20min.csv:kdd2017_t1_d0#segment5,1,0.5999999999999996,0.5999999999999996,0.3599999999999996
1476673200,D:\intelligent_transportation\data\lstm_sources\public\kddcup2017_china_tollgate\kdd2017_china_tollgate_20min.csv:kdd2017_t1_d0#segment5,1,0.40000000000000036,0.40000000000000036,0.16000000000000028
1476674400,D:\intelligent_transportation\data\lstm_sources\public\kddcup2017_china_tollgate\kdd2017_china_tollgate_20min.csv:kdd2017_t1_d0#segment5,1,4.2,4.2,17.64
1476675600,D:\intelligent_transportation\data\lstm_sources\public\kddcup2017_china_tollgate\kdd2017_china_tollgate_20min.csv:kdd2017_t1_d0#segment5,1,0.20000000000000018,0.20000000000000018,0.04000000000000007
1476676800,D:\intelligent_transportation\data\lstm_sources\public\kddcup2017_china_tollgate\kdd2017_china_tollgate_20min.csv:kdd2017_t1_d0#segment5,1,6.6,6.6,43.559999999999995
1476678000,D:\intelligent_transportation\data\lstm_sources\public\kddcup2017_china_tollgate\kdd2017_china_tollgate_20min.csv:kdd2017_t1_d0#segment5,1,3.0,3.0,9.0
1476679200,D:\intelligent_transportation\data\lstm_sources\public\kddcup2017_china_tollgate\kdd2017_china_tollgate_20min.csv:kdd2017_t1_d0#segment5,1,7.0,7.0,49.0
1476680400,D:\intelligent_transportation\data\lstm_sources\public\kddcup2017_china_tollgate\kdd2017_china_tollgate_20min.csv:kdd2017_t1_d0#segment5,1,-10.0,10.0,100.0
1476681600,D:\intelligent_transportation\data\lstm_sources\public\kddcup2017_china_tollgate\kdd2017_china_tollgate_20min.csv:kdd2017_t1_d0#segment5,1,-5.4,5.4,29.160000000000004
1476682800,D:\intelligent_transportation\data\lstm_sources\public\kddcup2017_china_tollgate\kdd2017_china_tollgate_20min.csv:kdd2017_t1_d0#segment5,1,-3.0,3.0,9.0
1476684000,D:\intelligent_transportation\data\lstm_sources\public\kddcup2017_china_tollgate\kdd2017_china_tollgate_20min.csv:kdd2017_t1_d0#segment5,1,4.4,4.4,19.360000000000003
1476685200,D:\intelligent_transportation\data\lstm_sources\public\kddcup2017_china_tollgate\kdd2017_china_tollgate_20min.csv:kdd2017_t1_d0#segment5,1,9.2,9.2,84.63999999999999
1476686400,D:\intelligent_transportation\data\lstm_sources\public\kddcup2017_china_tollgate\kdd2017_china_tollgate_20min.csv:kdd2017_t1_d0#segment5,1,10.0,10.0,100.0
1476687600,D:\intelligent_transportation\data\lstm_sources\public\kddcup2017_china_tollgate\kdd2017_china_tollgate_20min.csv:kdd2017_t1_d0#segment5,1,32.6,32.6,1062.76
1476688800,D:\intelligent_transportation\data\lstm_sources\public\kddcup2017_china_tollgate\kdd2017_china_tollgate_20min.csv:kdd2017_t1_d0#segment5,1,23.6,23.6,556.96
1476690000,D:\intelligent_transportation\data\lstm_sources\public\kddcup2017_china_tollgate\kdd2017_china_tollgate_20min.csv:kdd2017_t1_d0#segment5,1,28.2,28.2,795.24
1476691200,D:\intelligent_transportation\data\lstm_sources\public\kddcup2017_china_tollgate\kdd2017_china_tollgate_20min.csv:kdd2017_t1_d0#segment5,1,13.600000000000001,13.600000000000001,184.96000000000004
1476692400,D:\intelligent_transportation\data\lstm_sources\public\kddcup2017_china_tollgate\kdd2017_china_tollgate_20min.csv:kdd2017_t1_d0#segment5,1,3.200000000000003,3.200000000000003,10.240000000000018
1476693600,D:\intelligent_transportation\data\lstm_sources\public\kddcup2017_china_tollgate\kdd2017_china_tollgate_20min.csv:kdd2017_t1_d0#segment5,1,7.799999999999997,7.799999999999997,60.839999999999954
1476694800,D:\intelligent_transportation\data\lstm_sources\public\kddcup2017_china_tollgate\kdd2017_china_tollgate_20min.csv:kdd2017_t1_d0#segment5,1,-7.399999999999999,7.399999999999999,54.75999999999998
1476696000,D:\intelligent_transportation\data\lstm_sources\public\kddcup2017_china_tollgate\kdd2017_china_tollgate_20min.csv:kdd2017_t1_d0#segment5,1,3.799999999999997,3.799999999999997,14.439999999999978
1476697200,D:\intelligent_transportation\data\lstm_sources\public\kddcup2017_china_tollgate\kdd2017_china_tollgate_20min.csv:kdd2017_t1_d0#segment5,1,-8.799999999999997,8.799999999999997,77.43999999999996
1476698400,D:\intelligent_transportation\data\lstm_sources\public\kddcup2017_china_tollgate\kdd2017_china_tollgate_20min.csv:kdd2017_t1_d0#segment5,1,-2.0,2.0,4.0
1476699600,D:\intelligent_transportation\data\lstm_sources\public\kddcup2017_china_tollgate\kdd2017_china_tollgate_20min.csv:kdd2017_t1_d0#segment5,1,9.0,9.0,81.0
1476700800,D:\intelligent_transportation\data\lstm_sources\public\kddcup2017_china_tollgate\kdd2017_china_tollgate_20min.csv:kdd2017_t1_d0#segment5,1,-10.200000000000003,10.200000000000003,104.04000000000006
1476702000,D:\intelligent_transportation\data\lstm_sources\public\kddcup2017_china_tollgate\kdd2017_china_tollgate_20min.csv:kdd2017_t1_d0#segment5,1,-18.200000000000003,18.200000000000003,331.2400000000001
1476703200,D:\intelligent_transportation\data\lstm_sources\public\kddcup2017_china_tollgate\kdd2017_china_tollgate_20min.csv:kdd2017_t1_d0#segment5,1,-3.200000000000003,3.200000000000003,10.240000000000018
1476704400,D:\intelligent_transportation\data\lstm_sources\public\kddcup2017_china_tollgate\kdd2017_china_tollgate_20min.csv:kdd2017_t1_d0#segment5,1,-8.799999999999997,8.799999999999997,77.43999999999996
1476705600,D:\intelligent_transportation\data\lstm_sources\public\kddcup2017_china_tollgate\kdd2017_china_tollgate_20min.csv:kdd2017_t1_d0#segment5,1,-7.200000000000003,7.200000000000003,51.84000000000004
1476706800,D:\intelligent_transportation\data\lstm_sources\public\kddcup2017_china_tollgate\kdd2017_china_tollgate_20min.csv:kdd2017_t1_d0#segment5,1,12.799999999999997,12.799999999999997,163.83999999999992
1476708000,D:\intelligent_transportation\data\lstm_sources\public\kddcup2017_china_tollgate\kdd2017_china_tollgate_20min.csv:kdd2017_t1_d0#segment5,1,8.0,8.0,64.0
1476709200,D:\intelligent_transportation\data\lstm_sources\public\kddcup2017_china_tollgate\kdd2017_china_tollgate_20min.csv:kdd2017_t1_d0#segment5,1,-4.0,4.0,16.0
1476710400,D:\intelligent_transportation\data\lstm_sources\public\kddcup2017_china_tollgate\kdd2017_china_tollgate_20min.csv:kdd2017_t1_d0#segment5,1,12.799999999999997,12.799999999999997,163.83999999999992
1476711600,D:\intelligent_transportation\data\lstm_sources\public\kddcup2017_china_tollgate\kdd2017_china_tollgate_20min.csv:kdd2017_t1_d0#segment5,1,17.200000000000003,17.200000000000003,295.8400000000001
1476712800,D:\intelligent_transportation\data\lstm_sources\public\kddcup2017_china_tollgate\kdd2017_china_tollgate_20min.csv:kdd2017_t1_d0#segment5,1,-6.200000000000003,6.200000000000003,38.44000000000003
1476714000,D:\intelligent_transportation\data\lstm_sources\public\kddcup2017_china_tollgate\kdd2017_china_tollgate_20min.csv:kdd2017_t1_d0#segment5,1,1.0,1.0,1.0
1476715200,D:\intelligent_transportation\data\lstm_sources\public\kddcup2017_china_tollgate\kdd2017_china_tollgate_20min.csv:kdd2017_t1_d0#segment5,1,5.399999999999999,5.399999999999999,29.159999999999986
1476716400,D:\intelligent_transportation\data\lstm_sources\public\kddcup2017_china_tollgate\kdd2017_china_tollgate_20min.csv:kdd2017_t1_d0#segment5,1,-4.0,4.0,16.0
1476717600,D:\intelligent_transportation\data\lstm_sources\public\kddcup2017_china_tollgate\kdd2017_china_tollgate_20min.csv:kdd2017_t1_d0#segment5,1,-2.0,2.0,4.0
1476718800,D:\intelligent_transportation\data\lstm_sources\public\kddcup2017_china_tollgate\kdd2017_china_tollgate_20min.csv:kdd2017_t1_d0#segment5,1,-11.600000000000001,11.600000000000001,134.56000000000003
1476720000,D:\intelligent_transportation\data\lstm_sources\public\kddcup2017_china_tollgate\kdd2017_china_tollgate_20min.csv:kdd2017_t1_d0#segment5,1,17.6,17.6,309.76000000000005
1476721200,D:\intelligent_transportation\data\lstm_sources\public\kddcup2017_china_tollgate\kdd2017_china_tollgate_20min.csv:kdd2017_t1_d0#segment5,1,7.399999999999999,7.399999999999999,54.75999999999998
1476722400,D:\intelligent_transportation\data\lstm_sources\public\kddcup2017_china_tollgate\kdd2017_china_tollgate_20min.csv:kdd2017_t1_d0#segment5,1,-7.399999999999999,7.399999999999999,54.75999999999998
1476723600,D:\intelligent_transportation\data\lstm_sources\public\kddcup2017_china_tollgate\kdd2017_china_tollgate_20min.csv:kdd2017_t1_d0#segment5,1,-5.600000000000001,5.600000000000001,31.360000000000017
1476724800,D:\intelligent_transportation\data\lstm_sources\public\kddcup2017_china_tollgate\kdd2017_china_tollgate_20min.csv:kdd2017_t1_d0#segment5,1,-13.799999999999997,13.799999999999997,190.4399999999999
1476726000,D:\intelligent_transportation\data\lstm_sources\public\kddcup2017_china_tollgate\kdd2017_china_tollgate_20min.csv:kdd2017_t1_d0#segment5,1,-22.6,22.6,510.76000000000005
1476727200,D:\intelligent_transportation\data\lstm_sources\public\kddcup2017_china_tollgate\kdd2017_china_tollgate_20min.csv:kdd2017_t1_d0#segment5,1,-18.0,18.0,324.0
1476728400,D:\intelligent_transportation\data\lstm_sources\public\kddcup2017_china_tollgate\kdd2017_china_tollgate_20min.csv:kdd2017_t1_d0#segment5,1,-9.200000000000003,9.200000000000003,84.64000000000006
1476729600,D:\intelligent_transportation\data\lstm_sources\public\kddcup2017_china_tollgate\kdd2017_china_tollgate_20min.csv:kdd2017_t1_d0#segment5,1,-15.600000000000001,15.600000000000001,243.36000000000004
1476730800,D:\intelligent_transportation\data\lstm_sources\public\kddcup2017_china_tollgate\kdd2017_china_tollgate_20min.csv:kdd2017_t1_d0#segment5,1,2.1999999999999993,2.1999999999999993,4.839999999999997
1476732000,D:\intelligent_transportation\data\lstm_sources\public\kddcup2017_china_tollgate\kdd2017_china_tollgate_20min.csv:kdd2017_t1_d0#segment5,1,-7.199999999999999,7.199999999999999,51.83999999999999
1476733200,D:\intelligent_transportation\data\lstm_sources\public\kddcup2017_china_tollgate\kdd2017_china_tollgate_20min.csv:kdd2017_t1_d0#segment5,1,-4.199999999999999,4.199999999999999,17.639999999999993
1476734400,D:\intelligent_transportation\data\lstm_sources\public\kddcup2017_china_tollgate\kdd2017_china_tollgate_20min.csv:kdd2017_t1_d0#segment5,1,-8.0,8.0,64.0
1476735600,D:\intelligent_transportation\data\lstm_sources\public\kddcup2017_china_tollgate\kdd2017_china_tollgate_20min.csv:kdd2017_t1_d0#segment5,1,0.6000000000000014,0.6000000000000014,0.3600000000000017
1476736800,D:\intelligent_transportation\data\lstm_sources\public\kddcup2017_china_tollgate\kdd2017_china_tollgate_20min.csv:kdd2017_t1_d0#segment5,1,2.0,2.0,4.0
1476738000,D:\intelligent_transportation\data\lstm_sources\public\kddcup2017_china_tollgate\kdd2017_china_tollgate_20min.csv:kdd2017_t1_d0#segment5,1,1.4000000000000004,1.4000000000000004,1.960000000000001
1476739200,D:\intelligent_transportation\data\lstm_sources\public\kddcup2017_china_tollgate\kdd2017_china_tollgate_20min.csv:kdd2017_t1_d0#segment5,1,-5.0,5.0,25.0
1476740400,D:\intelligent_transportation\data\lstm_sources\public\kddcup2017_china_tollgate\kdd2017_china_tollgate_20min.csv:kdd2017_t1_d0#segment5,1,3.0,3.0,9.0
1476741600,D:\intelligent_transportation\data\lstm_sources\public\kddcup2017_china_tollgate\kdd2017_china_tollgate_20min.csv:kdd2017_t1_d0#segment5,1,-4.399999999999999,4.399999999999999,19.35999999999999
1476742800,D:\intelligent_transportation\data\lstm_sources\public\kddcup2017_china_tollgate\kdd2017_china_tollgate_20min.csv:kdd2017_t1_d0#segment5,1,-5.4,5.4,29.160000000000004
1476744000,D:\intelligent_transportation\data\lstm_sources\public\kddcup2017_china_tollgate\kdd2017_china_tollgate_20min.csv:kdd2017_t1_d0#segment5,1,-9.6,9.6,92.16
1476745200,D:\intelligent_transportation\data\lstm_sources\public\kddcup2017_china_tollgate\kdd2017_china_tollgate_20min.csv:kdd2017_t1_d0#segment5,1,-10.0,10.0,100.0
1476746400,D:\intelligent_transportation\data\lstm_sources\public\kddcup2017_china_tollgate\kdd2017_china_tollgate_20min.csv:kdd2017_t1_d0#segment5,1,-3.0,3.0,9.0
1476747600,D:\intelligent_transportation\data\lstm_sources\public\kddcup2017_china_tollgate\kdd2017_china_tollgate_20min.csv:kdd2017_t1_d0#segment5,1,-4.6,4.6,21.159999999999997
1476379200,D:\intelligent_transportation\data\lstm_sources\public\kddcup2017_china_tollgate\kdd2017_china_tollgate_20min.csv:kdd2017_t1_d1#segment5,1,-5.200000000000003,5.200000000000003,27.04000000000003
1476380400,D:\intelligent_transportation\data\lstm_sources\public\kddcup2017_china_tollgate\kdd2017_china_tollgate_20min.csv:kdd2017_t1_d1#segment5,1,18.599999999999994,18.599999999999994,345.9599999999998
1476381600,D:\intelligent_transportation\data\lstm_sources\public\kddcup2017_china_tollgate\kdd2017_china_tollgate_20min.csv:kdd2017_t1_d1#segment5,1,-55.599999999999994,55.599999999999994,3091.359999999999
1476382800,D:\intelligent_transportation\data\lstm_sources\public\kddcup2017_china_tollgate\kdd2017_china_tollgate_20min.csv:kdd2017_t1_d1#segment5,1,-23.0,23.0,529.0
1476384000,D:\intelligent_transportation\data\lstm_sources\public\kddcup2017_china_tollgate\kdd2017_china_tollgate_20min.csv:kdd2017_t1_d1#segment5,1,-14.799999999999997,14.799999999999997,219.0399999999999
1476385200,D:\intelligent_transportation\data\lstm_sources\public\kddcup2017_china_tollgate\kdd2017_china_tollgate_20min.csv:kdd2017_t1_d1#segment5,1,-35.2,35.2,1239.0400000000002
1476386400,D:\intelligent_transportation\data\lstm_sources\public\kddcup2017_china_tollgate\kdd2017_china_tollgate_20min.csv:kdd2017_t1_d1#segment5,1,-45.0,45.0,2025.0
1476387600,D:\intelligent_transportation\data\lstm_sources\public\kddcup2017_china_tollgate\kdd2017_china_tollgate_20min.csv:kdd2017_t1_d1#segment5,1,-2.799999999999997,2.799999999999997,7.839999999999984
1476388800,D:\intelligent_transportation\data\lstm_sources\public\kddcup2017_china_tollgate\kdd2017_china_tollgate_20min.csv:kdd2017_t1_d1#segment5,1,-12.799999999999997,12.799999999999997,163.83999999999992
1476390000,D:\intelligent_transportation\data\lstm_sources\public\kddcup2017_china_tollgate\kdd2017_china_tollgate_20min.csv:kdd2017_t1_d1#segment5,1,-11.799999999999997,11.799999999999997,139.23999999999992
1476391200,D:\intelligent_transportation\data\lstm_sources\public\kddcup2017_china_tollgate\kdd2017_china_tollgate_20min.csv:kdd2017_t1_d1#segment5,1,-4.200000000000003,4.200000000000003,17.640000000000025
1476392400,D:\intelligent_transportation\data\lstm_sources\public\kddcup2017_china_tollgate\kdd2017_china_tollgate_20min.csv:kdd2017_t1_d1#segment5,1,-11.200000000000003,11.200000000000003,125.44000000000007
1476393600,D:\intelligent_transportation\data\lstm_sources\public\kddcup2017_china_tollgate\kdd2017_china_tollgate_20min.csv:kdd2017_t1_d1#segment5,1,-17.200000000000003,17.200000000000003,295.8400000000001
1476394800,D:\intelligent_transportation\data\lstm_sources\public\kddcup2017_china_tollgate\kdd2017_china_tollgate_20min.csv:kdd2017_t1_d1#segment5,1,-9.200000000000003,9.200000000000003,84.64000000000006
1476396000,D:\intelligent_transportation\data\lstm_sources\public\kddcup2017_china_tollgate\kdd2017_china_tollgate_20min.csv:kdd2017_t1_d1#segment5,1,-6.600000000000001,6.600000000000001,43.56000000000002
1476397200,D:\intelligent_transportation\data\lstm_sources\public\kddcup2017_china_tollgate\kdd2017_china_tollgate_20min.csv:kdd2017_t1_d1#segment5,1,-8.8,8.8,77.44000000000001
1476398400,D:\intelligent_transportation\data\lstm_sources\public\kddcup2017_china_tollgate\kdd2017_china_tollgate_20min.csv:kdd2017_t1_d1#segment5,1,1.0,1.0,1.0
1476399600,D:\intelligent_transportation\data\lstm_sources\public\kddcup2017_china_tollgate\kdd2017_china_tollgate_20min.csv:kdd2017_t1_d1#segment5,1,-9.2,9.2,84.63999999999999
1476400800,D:\intelligent_transportation\data\lstm_sources\public\kddcup2017_china_tollgate\kdd2017_china_tollgate_20min.csv:kdd2017_t1_d1#segment5,1,-10.399999999999999,10.399999999999999,108.15999999999997
1476402000,D:\intelligent_transportation\data\lstm_sources\public\kddcup2017_china_tollgate\kdd2017_china_tollgate_20min.csv:kdd2017_t1_d1#segment5,1,-10.600000000000001,10.600000000000001,112.36000000000003
1476403200,D:\intelligent_transportation\data\lstm_sources\public\kddcup2017_china_tollgate\kdd2017_china_tollgate_20min.csv:kdd2017_t1_d1#segment5,1,106.6,106.6,11363.56
1476404400,D:\intelligent_transportation\data\lstm_sources\public\kddcup2017_china_tollgate\kdd2017_china_tollgate_20min.csv:kdd2017_t1_d1#segment5,1,21.0,21.0,441.0
1476405600,D:\intelligent_transportation\data\lstm_sources\public\kddcup2017_china_tollgate\kdd2017_china_tollgate_20min.csv:kdd2017_t1_d1#segment5,1,-10.399999999999999,10.399999999999999,108.15999999999997
1476406800,D:\intelligent_transportation\data\lstm_sources\public\kddcup2017_china_tollgate\kdd2017_china_tollgate_20min.csv:kdd2017_t1_d1#segment5,1,-40.0,40.0,1600.0
1476408000,D:\intelligent_transportation\data\lstm_sources\public\kddcup2017_china_tollgate\kdd2017_china_tollgate_20min.csv:kdd2017_t1_d1#segment5,1,-35.0,35.0,1225.0
1476409200,D:\intelligent_transportation\data\lstm_sources\public\kddcup2017_china_tollgate\kdd2017_china_tollgate_20min.csv:kdd2017_t1_d1#segment5,1,-38.4,38.4,1474.56
1476410400,D:\intelligent_transportation\data\lstm_sources\public\kddcup2017_china_tollgate\kdd2017_china_tollgate_20min.csv:kdd2017_t1_d1#segment5,1,-13.399999999999999,13.399999999999999,179.55999999999997
1476411600,D:\intelligent_transportation\data\lstm_sources\public\kddcup2017_china_tollgate\kdd2017_china_tollgate_20min.csv:kdd2017_t1_d1#segment5,1,-4.800000000000001,4.800000000000001,23.040000000000006
1476412800,D:\intelligent_transportation\data\lstm_sources\public\kddcup2017_china_tollgate\kdd2017_china_tollgate_20min.csv:kdd2017_t1_d1#segment5,1,-2.0,2.0,4.0
1476414000,D:\intelligent_transportation\data\lstm_sources\public\kddcup2017_china_tollgate\kdd2017_china_tollgate_20min.csv:kdd2017_t1_d1#segment5,1,-1.0,1.0,1.0
1476415200,D:\intelligent_transportation\data\lstm_sources\public\kddcup2017_china_tollgate\kdd2017_china_tollgate_20min.csv:kdd2017_t1_d1#segment5,1,0.5999999999999996,0.5999999999999996,0.3599999999999996
1476416400,D:\intelligent_transportation\data\lstm_sources\public\kddcup2017_china_tollgate\kdd2017_china_tollgate_20min.csv:kdd2017_t1_d1#segment5,1,4.4,4.4,19.360000000000003
1476417600,D:\intelligent_transportation\data\lstm_sources\public\kddcup2017_china_tollgate\kdd2017_china_tollgate_20min.csv:kdd2017_t1_d1#segment5,1,7.800000000000001,7.800000000000001,60.84000000000001
1476418800,D:\intelligent_transportation\data\lstm_sources\public\kddcup2017_china_tollgate\kdd2017_china_tollgate_20min.csv:kdd2017_t1_d1#segment5,1,7.199999999999999,7.199999999999999,51.83999999999999
1476420000,D:\intelligent_transportation\data\lstm_sources\public\kddcup2017_china_tollgate\kdd2017_china_tollgate_20min.csv:kdd2017_t1_d1#segment5,1,13.0,13.0,169.0
1476421200,D:\intelligent_transportation\data\lstm_sources\public\kddcup2017_china_tollgate\kdd2017_china_tollgate_20min.csv:kdd2017_t1_d1#segment5,1,13.4,13.4,179.56
1476422400,D:\intelligent_transportation\data\lstm_sources\public\kddcup2017_china_tollgate\kdd2017_china_tollgate_20min.csv:kdd2017_t1_d1#segment5,1,13.2,13.2,174.23999999999998
1476423600,D:\intelligent_transportation\data\lstm_sources\public\kddcup2017_china_tollgate\kdd2017_china_tollgate_20min.csv:kdd2017_t1_d1#segment5,1,17.0,17.0,289.0
1476424800,D:\intelligent_transportation\data\lstm_sources\public\kddcup2017_china_tollgate\kdd2017_china_tollgate_20min.csv:kdd2017_t1_d1#segment5,1,5.0,5.0,25.0
1476426000,D:\intelligent_transportation\data\lstm_sources\public\kddcup2017_china_tollgate\kdd2017_china_tollgate_20min.csv:kdd2017_t1_d1#segment5,1,15.600000000000001,15.600000000000001,243.36000000000004
1476427200,D:\intelligent_transportation\data\lstm_sources\public\kddcup2017_china_tollgate\kdd2017_china_tollgate_20min.csv:kdd2017_t1_d1#segment5,1,20.0,20.0,400.0
1476428400,D:\intelligent_transportation\data\lstm_sources\public\kddcup2017_china_tollgate\kdd2017_china_tollgate_20min.csv:kdd2017_t1_d1#segment5,1,29.4,29.4,864.3599999999999
1476429600,D:\intelligent_transportation\data\lstm_sources\public\kddcup2017_china_tollgate\kdd2017_china_tollgate_20min.csv:kdd2017_t1_d1#segment5,1,27.6,27.6,761.7600000000001
1476430800,D:\intelligent_transportation\data\lstm_sources\public\kddcup2017_china_tollgate\kdd2017_china_tollgate_20min.csv:kdd2017_t1_d1#segment5,1,62.2,62.2,3868.84
1476432000,D:\intelligent_transportation\data\lstm_sources\public\kddcup2017_china_tollgate\kdd2017_china_tollgate_20min.csv:kdd2017_t1_d1#segment5,1,33.0,33.0,1089.0
1476433200,D:\intelligent_transportation\data\lstm_sources\public\kddcup2017_china_tollgate\kdd2017_china_tollgate_20min.csv:kdd2017_t1_d1#segment5,1,20.0,20.0,400.0
1476434400,D:\intelligent_transportation\data\lstm_sources\public\kddcup2017_china_tollgate\kdd2017_china_tollgate_20min.csv:kdd2017_t1_d1#segment5,1,11.0,11.0,121.0
1476435600,D:\intelligent_transportation\data\lstm_sources\public\kddcup2017_china_tollgate\kdd2017_china_tollgate_20min.csv:kdd2017_t1_d1#segment5,1,21.799999999999997,21.799999999999997,475.2399999999999
1476436800,D:\intelligent_transportation\data\lstm_sources\public\kddcup2017_china_tollgate\kdd2017_china_tollgate_20min.csv:kdd2017_t1_d1#segment5,1,-2.799999999999997,2.799999999999997,7.839999999999984
1476438000,D:\intelligent_transportation\data\lstm_sources\public\kddcup2017_china_tollgate\kdd2017_china_tollgate_20min.csv:kdd2017_t1_d1#segment5,1,40.0,40.0,1600.0
1476439200,D:\intelligent_transportation\data\lstm_sources\public\kddcup2017_china_tollgate\kdd2017_china_tollgate_20min.csv:kdd2017_t1_d1#segment5,1,-31.799999999999997,31.799999999999997,1011.2399999999998
1476440400,D:\intelligent_transportation\data\lstm_sources\public\kddcup2017_china_tollgate\kdd2017_china_tollgate_20min.csv:kdd2017_t1_d1#segment5,1,19.799999999999997,19.799999999999997,392.0399999999999
1476441600,D:\intelligent_transportation\data\lstm_sources\public\kddcup2017_china_tollgate\kdd2017_china_tollgate_20min.csv:kdd2017_t1_d1#segment5,1,-29.0,29.0,841.0
1476442800,D:\intelligent_transportation\data\lstm_sources\public\kddcup2017_china_tollgate\kdd2017_china_tollgate_20min.csv:kdd2017_t1_d1#segment5,1,-25.599999999999994,25.599999999999994,655.3599999999997
1476444000,D:\intelligent_transportation\data\lstm_sources\public\kddcup2017_china_tollgate\kdd2017_china_tollgate_20min.csv:kdd2017_t1_d1#segment5,1,-14.599999999999994,14.599999999999994,213.15999999999983
1476445200,D:\intelligent_transportation\data\lstm_sources\public\kddcup2017_china_tollgate\kdd2017_china_tollgate_20min.csv:kdd2017_t1_d1#segment5,1,-12.799999999999997,12.799999999999997,163.83999999999992
1476446400,D:\intelligent_transportation\data\lstm_sources\public\kddcup2017_china_tollgate\kdd2017_china_tollgate_20min.csv:kdd2017_t1_d1#segment5,1,1.2000000000000028,1.2000000000000028,1.4400000000000068
1476447600,D:\intelligent_transportation\data\lstm_sources\public\kddcup2017_china_tollgate\kdd2017_china_tollgate_20min.csv:kdd2017_t1_d1#segment5,1,-2.0,2.0,4.0
1476448800,D:\intelligent_transportation\data\lstm_sources\public\kddcup2017_china_tollgate\kdd2017_china_tollgate_20min.csv:kdd2017_t1_d1#segment5,1,-6.799999999999997,6.799999999999997,46.23999999999996
1476450000,D:\intelligent_transportation\data\lstm_sources\public\kddcup2017_china_tollgate\kdd2017_china_tollgate_20min.csv:kdd2017_t1_d1#segment5,1,4.799999999999997,4.799999999999997,23.039999999999974
1476451200,D:\intelligent_transportation\data\lstm_sources\public\kddcup2017_china_tollgate\kdd2017_china_tollgate_20min.csv:kdd2017_t1_d1#segment5,1,16.599999999999994,16.599999999999994,275.55999999999983
1476452400,D:\intelligent_transportation\data\lstm_sources\public\kddcup2017_china_tollgate\kdd2017_china_tollgate_20min.csv:kdd2017_t1_d1#segment5,1,9.200000000000003,9.200000000000003,84.64000000000006
1476453600,D:\intelligent_transportation\data\lstm_sources\public\kddcup2017_china_tollgate\kdd2017_china_tollgate_20min.csv:kdd2017_t1_d1#segment5,1,22.200000000000003,22.200000000000003,492.84000000000015
1476454800,D:\intelligent_transportation\data\lstm_sources\public\kddcup2017_china_tollgate\kdd2017_china_tollgate_20min.csv:kdd2017_t1_d1#segment5,1,-4.599999999999994,4.599999999999994,21.159999999999947
1476456000,D:\intelligent_transportation\data\lstm_sources\public\kddcup2017_china_tollgate\kdd2017_china_tollgate_20min.csv:kdd2017_t1_d1#segment5,1,-8.200000000000003,8.200000000000003,67.24000000000005
1476457200,D:\intelligent_transportation\data\lstm_sources\public\kddcup2017_china_tollgate\kdd2017_china_tollgate_20min.csv:kdd2017_t1_d1#segment5,1,8.599999999999994,8.599999999999994,73.95999999999991
1476458400,D:\intelligent_transportation\data\lstm_sources\public\kddcup2017_china_tollgate\kdd2017_china_tollgate_20min.csv:kdd2017_t1_d1#segment5,1,6.400000000000006,6.400000000000006,40.96000000000007
1476459600,D:\intelligent_transportation\data\lstm_sources\public\kddcup2017_china_tollgate\kdd2017_china_tollgate_20min.csv:kdd2017_t1_d1#segment5,1,4.799999999999997,4.799999999999997,23.039999999999974
1476460800,D:\intelligent_transportation\data\lstm_sources\public\kddcup2017_china_tollgate\kdd2017_china_tollgate_20min.csv:kdd2017_t1_d1#segment5,1,-5.0,5.0,25.0
1476462000,D:\intelligent_transportation\data\lstm_sources\public\kddcup2017_china_tollgate\kdd2017_china_tollgate_20min.csv:kdd2017_t1_d1#segment5,1,14.200000000000003,14.200000000000003,201.64000000000007
1476463200,D:\intelligent_transportation\data\lstm_sources\public\kddcup2017_china_tollgate\kdd2017_china_tollgate_20min.csv:kdd2017_t1_d1#segment5,1,-1.7999999999999972,1.7999999999999972,3.2399999999999896
1476464400,D:\intelligent_transportation\data\lstm_sources\public\kddcup2017_china_tollgate\kdd2017_china_tollgate_20min.csv:kdd2017_t1_d1#segment5,1,6.799999999999997,6.799999999999997,46.23999999999996
1476465600,D:\intelligent_transportation\data\lstm_sources\public\kddcup2017_china_tollgate\kdd2017_china_tollgate_20min.csv:kdd2017_t1_d1#segment5,1,15.599999999999994,15.599999999999994,243.35999999999981
1476466800,D:\intelligent_transportation\data\lstm_sources\public\kddcup2017_china_tollgate\kdd2017_china_tollgate_20min.csv:kdd2017_t1_d1#segment5,1,15.400000000000006,15.400000000000006,237.16000000000017
1476468000,D:\intelligent_transportation\data\lstm_sources\public\kddcup2017_china_tollgate\kdd2017_china_tollgate_20min.csv:kdd2017_t1_d1#segment5,1,-36.599999999999994,36.599999999999994,1339.5599999999995
1476469200,D:\intelligent_transportation\data\lstm_sources\public\kddcup2017_china_tollgate\kdd2017_china_tollgate_20min.csv:kdd2017_t1_d1#segment5,1,-33.400000000000006,33.400000000000006,1115.5600000000004
1476470400,D:\intelligent_transportation\data\lstm_sources\public\kddcup2017_china_tollgate\kdd2017_china_tollgate_20min.csv:kdd2017_t1_d1#segment5,1,-28.599999999999994,28.599999999999994,817.9599999999997
1476471600,D:\intelligent_transportation\data\lstm_sources\public\kddcup2017_china_tollgate\kdd2017_china_tollgate_20min.csv:kdd2017_t1_d1#segment5,1,-47.0,47.0,2209.0
1476472800,D:\intelligent_transportation\data\lstm_sources\public\kddcup2017_china_tollgate\kdd2017_china_tollgate_20min.csv:kdd2017_t1_d1#segment5,1,-26.200000000000003,26.200000000000003,686.4400000000002
1476474000,D:\intelligent_transportation\data\lstm_sources\public\kddcup2017_china_tollgate\kdd2017_china_tollgate_20min.csv:kdd2017_t1_d1#segment5,1,-17.0,17.0,289.0
1476475200,D:\intelligent_transportation\data\lstm_sources\public\kddcup2017_china_tollgate\kdd2017_china_tollgate_20min.csv:kdd2017_t1_d1#segment5,1,-15.0,15.0,225.0
1476476400,D:\intelligent_transportation\data\lstm_sources\public\kddcup2017_china_tollgate\kdd2017_china_tollgate_20min.csv:kdd2017_t1_d1#segment5,1,-17.0,17.0,289.0
1476477600,D:\intelligent_transportation\data\lstm_sources\public\kddcup2017_china_tollgate\kdd2017_china_tollgate_20min.csv:kdd2017_t1_d1#segment5,1,-6.600000000000001,6.600000000000001,43.56000000000002
1476478800,D:\intelligent_transportation\data\lstm_sources\public\kddcup2017_china_tollgate\kdd2017_china_tollgate_20min.csv:kdd2017_t1_d1#segment5,1,-18.0,18.0,324.0
1476480000,D:\intelligent_transportation\data\lstm_sources\public\kddcup2017_china_tollgate\kdd2017_china_tollgate_20min.csv:kdd2017_t1_d1#segment5,1,-18.6,18.6,345.96000000000004
1476481200,D:\intelligent_transportation\data\lstm_sources\public\kddcup2017_china_tollgate\kdd2017_china_tollgate_20min.csv:kdd2017_t1_d1#segment5,1,-5.0,5.0,25.0
1476482400,D:\intelligent_transportation\data\lstm_sources\public\kddcup2017_china_tollgate\kdd2017_china_tollgate_20min.csv:kdd2017_t1_d1#segment5,1,-20.799999999999997,20.799999999999997,432.6399999999999
1476483600,D:\intelligent_transportation\data\lstm_sources\public\kddcup2017_china_tollgate\kdd2017_china_tollgate_20min.csv:kdd2017_t1_d1#segment5,1,-3.3999999999999986,3.3999999999999986,11.55999999999999
1476484800,D:\intelligent_transportation\data\lstm_sources\public\kddcup2017_china_tollgate\kdd2017_china_tollgate_20min.csv:kdd2017_t1_d1#segment5,1,-2.8000000000000007,2.8000000000000007,7.840000000000004
1476486000,D:\intelligent_transportation\data\lstm_sources\public\kddcup2017_china_tollgate\kdd2017_china_tollgate_20min.csv:kdd2017_t1_d1#segment5,1,-18.2,18.2,331.23999999999995
1476487200,D:\intelligent_transportation\data\lstm_sources\public\kddcup2017_china_tollgate\kdd2017_china_tollgate_20min.csv:kdd2017_t1_d1#segment5,1,-4.399999999999999,4.399999999999999,19.35999999999999
1476488400,D:\intelligent_transportation\data\lstm_sources\public\kddcup2017_china_tollgate\kdd2017_china_tollgate_20min.csv:kdd2017_t1_d1#segment5,1,-10.0,10.0,100.0
1476489600,D:\intelligent_transportation\data\lstm_sources\public\kddcup2017_china_tollgate\kdd2017_china_tollgate_20min.csv:kdd2017_t1_d1#segment5,1,105.4,105.4,11109.160000000002
1476490800,D:\intelligent_transportation\data\lstm_sources\public\kddcup2017_china_tollgate\kdd2017_china_tollgate_20min.csv:kdd2017_t1_d1#segment5,1,51.4,51.4,2641.96
1476492000,D:\intelligent_transportation\data\lstm_sources\public\kddcup2017_china_tollgate\kdd2017_china_tollgate_20min.csv:kdd2017_t1_d1#segment5,1,6.799999999999997,6.799999999999997,46.23999999999996
1476493200,D:\intelligent_transportation\data\lstm_sources\public\kddcup2017_china_tollgate\kdd2017_china_tollgate_20min.csv:kdd2017_t1_d1#segment5,1,-49.8,49.8,2480.0399999999995
1476494400,D:\intelligent_transportation\data\lstm_sources\public\kddcup2017_china_tollgate\kdd2017_china_tollgate_20min.csv:kdd2017_t1_d1#segment5,1,-50.0,50.0,2500.0
1476495600,D:\intelligent_transportation\data\lstm_sources\public\kddcup2017_china_tollgate\kdd2017_china_tollgate_20min.csv:kdd2017_t1_d1#segment5,1,-49.6,49.6,2460.1600000000003
1476496800,D:\intelligent_transportation\data\lstm_sources\public\kddcup2017_china_tollgate\kdd2017_china_tollgate_20min.csv:kdd2017_t1_d1#segment5,1,-29.4,29.4,864.3599999999999
1476498000,D:\intelligent_transportation\data\lstm_sources\public\kddcup2017_china_tollgate\kdd2017_china_tollgate_20min.csv:kdd2017_t1_d1#segment5,1,-16.6,16.6,275.56000000000006
1476499200,D:\intelligent_transportation\data\lstm_sources\public\kddcup2017_china_tollgate\kdd2017_china_tollgate_20min.csv:kdd2017_t1_d1#segment5,1,2.5999999999999996,2.5999999999999996,6.759999999999998
1476500400,D:\intelligent_transportation\data\lstm_sources\public\kddcup2017_china_tollgate\kdd2017_china_tollgate_20min.csv:kdd2017_t1_d1#segment5,1,0.8000000000000007,0.8000000000000007,0.6400000000000011
1476501600,D:\intelligent_transportation\data\lstm_sources\public\kddcup2017_china_tollgate\kdd2017_china_tollgate_20min.csv:kdd2017_t1_d1#segment5,1,0.0,0.0,0.0
1476502800,D:\intelligent_transportation\data\lstm_sources\public\kddcup2017_china_tollgate\kdd2017_china_tollgate_20min.csv:kdd2017_t1_d1#segment5,1,7.4,7.4,54.760000000000005
1476504000,D:\intelligent_transportation\data\lstm_sources\public\kddcup2017_china_tollgate\kdd2017_china_tollgate_20min.csv:kdd2017_t1_d1#segment5,1,2.8000000000000007,2.8000000000000007,7.840000000000004
1476505200,D:\intelligent_transportation\data\lstm_sources\public\kddcup2017_china_tollgate\kdd2017_china_tollgate_20min.csv:kdd2017_t1_d1#segment5,1,11.0,11.0,121.0
1476506400,D:\intelligent_transportation\data\lstm_sources\public\kddcup2017_china_tollgate\kdd2017_china_tollgate_20min.csv:kdd2017_t1_d1#segment5,1,8.8,8.8,77.44000000000001
1476507600,D:\intelligent_transportation\data\lstm_sources\public\kddcup2017_china_tollgate\kdd2017_china_tollgate_20min.csv:kdd2017_t1_d1#segment5,1,7.199999999999999,7.199999999999999,51.83999999999999
1476508800,D:\intelligent_transportation\data\lstm_sources\public\kddcup2017_china_tollgate\kdd2017_china_tollgate_20min.csv:kdd2017_t1_d1#segment5,1,8.2,8.2,67.24
1476510000,D:\intelligent_transportation\data\lstm_sources\public\kddcup2017_china_tollgate\kdd2017_china_tollgate_20min.csv:kdd2017_t1_d1#segment5,1,14.8,14.8,219.04000000000002
1476511200,D:\intelligent_transportation\data\lstm_sources\public\kddcup2017_china_tollgate\kdd2017_china_tollgate_20min.csv:kdd2017_t1_d1#segment5,1,16.0,16.0,256.0
1476512400,D:\intelligent_transportation\data\lstm_sources\public\kddcup2017_china_tollgate\kdd2017_china_tollgate_20min.csv:kdd2017_t1_d1#segment5,1,13.0,13.0,169.0
1476513600,D:\intelligent_transportation\data\lstm_sources\public\kddcup2017_china_tollgate\kdd2017_china_tollgate_20min.csv:kdd2017_t1_d1#segment5,1,23.799999999999997,23.799999999999997,566.4399999999998
1476514800,D:\intelligent_transportation\data\lstm_sources\public\kddcup2017_china_tollgate\kdd2017_china_tollgate_20min.csv:kdd2017_t1_d1#segment5,1,6.799999999999997,6.799999999999997,46.23999999999996
1476516000,D:\intelligent_transportation\data\lstm_sources\public\kddcup2017_china_tollgate\kdd2017_china_tollgate_20min.csv:kdd2017_t1_d1#segment5,1,28.6,28.6,817.96
1476517200,D:\intelligent_transportation\data\lstm_sources\public\kddcup2017_china_tollgate\kdd2017_china_tollgate_20min.csv:kdd2017_t1_d1#segment5,1,18.0,18.0,324.0
1476518400,D:\intelligent_transportation\data\lstm_sources\public\kddcup2017_china_tollgate\kdd2017_china_tollgate_20min.csv:kdd2017_t1_d1#segment5,1,13.200000000000003,13.200000000000003,174.24000000000007
1476519600,D:\intelligent_transportation\data\lstm_sources\public\kddcup2017_china_tollgate\kdd2017_china_tollgate_20min.csv:kdd2017_t1_d1#segment5,1,37.400000000000006,37.400000000000006,1398.7600000000004
1476520800,D:\intelligent_transportation\data\lstm_sources\public\kddcup2017_china_tollgate\kdd2017_china_tollgate_20min.csv:kdd2017_t1_d1#segment5,1,48.599999999999994,48.599999999999994,2361.9599999999996
1476522000,D:\intelligent_transportation\data\lstm_sources\public\kddcup2017_china_tollgate\kdd2017_china_tollgate_20min.csv:kdd2017_t1_d1#segment5,1,20.799999999999997,20.799999999999997,432.6399999999999
1476523200,D:\intelligent_transportation\data\lstm_sources\public\kddcup2017_china_tollgate\kdd2017_china_tollgate_20min.csv:kdd2017_t1_d1#segment5,1,6.799999999999997,6.799999999999997,46.23999999999996
1476524400,D:\intelligent_transportation\data\lstm_sources\public\kddcup2017_china_tollgate\kdd2017_china_tollgate_20min.csv:kdd2017_t1_d1#segment5,1,18.599999999999994,18.599999999999994,345.9599999999998
1476525600,D:\intelligent_transportation\data\lstm_sources\public\kddcup2017_china_tollgate\kdd2017_china_tollgate_20min.csv:kdd2017_t1_d1#segment5,1,2.0,2.0,4.0
1476526800,D:\intelligent_transportation\data\lstm_sources\public\kddcup2017_china_tollgate\kdd2017_china_tollgate_20min.csv:kdd2017_t1_d1#segment5,1,-9.200000000000003,9.200000000000003,84.64000000000006
1476528000,D:\intelligent_transportation\data\lstm_sources\public\kddcup2017_china_tollgate\kdd2017_china_tollgate_20min.csv:kdd2017_t1_d1#segment5,1,-6.599999999999994,6.599999999999994,43.559999999999924
1476529200,D:\intelligent_transportation\data\lstm_sources\public\kddcup2017_china_tollgate\kdd2017_china_tollgate_20min.csv:kdd2017_t1_d1#segment5,1,-8.400000000000006,8.400000000000006,70.5600000000001
1476530400,D:\intelligent_transportation\data\lstm_sources\public\kddcup2017_china_tollgate\kdd2017_china_tollgate_20min.csv:kdd2017_t1_d1#segment5,1,-18.0,18.0,324.0
1476531600,D:\intelligent_transportation\data\lstm_sources\public\kddcup2017_china_tollgate\kdd2017_china_tollgate_20min.csv:kdd2017_t1_d1#segment5,1,-12.0,12.0,144.0
1476532800,D:\intelligent_transportation\data\lstm_sources\public\kddcup2017_china_tollgate\kdd2017_china_tollgate_20min.csv:kdd2017_t1_d1#segment5,1,-26.400000000000006,26.400000000000006,696.9600000000003
1476534000,D:\intelligent_transportation\data\lstm_sources\public\kddcup2017_china_tollgate\kdd2017_china_tollgate_20min.csv:kdd2017_t1_d1#segment5,1,-4.799999999999997,4.799999999999997,23.039999999999974
1476535200,D:\intelligent_transportation\data\lstm_sources\public\kddcup2017_china_tollgate\kdd2017_china_tollgate_20min.csv:kdd2017_t1_d1#segment5,1,-2.4000000000000057,2.4000000000000057,5.760000000000027
1476536400,D:\intelligent_transportation\data\lstm_sources\public\kddcup2017_china_tollgate\kdd2017_china_tollgate_20min.csv:kdd2017_t1_d1#segment5,1,1.5999999999999943,1.5999999999999943,2.559999999999982
1476537600,D:\intelligent_transportation\data\lstm_sources\public\kddcup2017_china_tollgate\kdd2017_china_tollgate_20min.csv:kdd2017_t1_d1#segment5,1,2.4000000000000057,2.4000000000000057,5.760000000000027
1476538800,D:\intelligent_transportation\data\lstm_sources\public\kddcup2017_china_tollgate\kdd2017_china_tollgate_20min.csv:kdd2017_t1_d1#segment5,1,23.200000000000003,23.200000000000003,538.2400000000001
1476540000,D:\intelligent_transportation\data\lstm_sources\public\kddcup2017_china_tollgate\kdd2017_china_tollgate_20min.csv:kdd2017_t1_d1#segment5,1,17.200000000000003,17.200000000000003,295.8400000000001
1476541200,D:\intelligent_transportation\data\lstm_sources\public\kddcup2017_china_tollgate\kdd2017_china_tollgate_20min.csv:kdd2017_t1_d1#segment5,1,5.0,5.0,25.0
1476542400,D:\intelligent_transportation\data\lstm_sources\public\kddcup2017_china_tollgate\kdd2017_china_tollgate_20min.csv:kdd2017_t1_d1#segment5,1,-4.799999999999997,4.799999999999997,23.039999999999974
1476543600,D:\intelligent_transportation\data\lstm_sources\public\kddcup2017_china_tollgate\kdd2017_china_tollgate_20min.csv:kdd2017_t1_d1#segment5,1,9.0,9.0,81.0
1476544800,D:\intelligent_transportation\data\lstm_sources\public\kddcup2017_china_tollgate\kdd2017_china_tollgate_20min.csv:kdd2017_t1_d1#segment5,1,-18.200000000000003,18.200000000000003,331.2400000000001
1476546000,D:\intelligent_transportation\data\lstm_sources\public\kddcup2017_china_tollgate\kdd2017_china_tollgate_20min.csv:kdd2017_t1_d1#segment5,1,-2.799999999999997,2.799999999999997,7.839999999999984
1476547200,D:\intelligent_transportation\data\lstm_sources\public\kddcup2017_china_tollgate\kdd2017_china_tollgate_20min.csv:kdd2017_t1_d1#segment5,1,-4.400000000000006,4.400000000000006,19.36000000000005
1476548400,D:\intelligent_transportation\data\lstm_sources\public\kddcup2017_china_tollgate\kdd2017_china_tollgate_20min.csv:kdd2017_t1_d1#segment5,1,-5.799999999999997,5.799999999999997,33.639999999999965
1476549600,D:\intelligent_transportation\data\lstm_sources\public\kddcup2017_china_tollgate\kdd2017_china_tollgate_20min.csv:kdd2017_t1_d1#segment5,1,-1.0,1.0,1.0
1476550800,D:\intelligent_transportation\data\lstm_sources\public\kddcup2017_china_tollgate\kdd2017_china_tollgate_20min.csv:kdd2017_t1_d1#segment5,1,-6.0,6.0,36.0
1476552000,D:\intelligent_transportation\data\lstm_sources\public\kddcup2017_china_tollgate\kdd2017_china_tollgate_20min.csv:kdd2017_t1_d1#segment5,1,3.0,3.0,9.0
1476553200,D:\intelligent_transportation\data\lstm_sources\public\kddcup2017_china_tollgate\kdd2017_china_tollgate_20min.csv:kdd2017_t1_d1#segment5,1,-0.5999999999999943,0.5999999999999943,0.35999999999999316
1476554400,D:\intelligent_transportation\data\lstm_sources\public\kddcup2017_china_tollgate\kdd2017_china_tollgate_20min.csv:kdd2017_t1_d1#segment5,1,-23.200000000000003,23.200000000000003,538.2400000000001
1476555600,D:\intelligent_transportation\data\lstm_sources\public\kddcup2017_china_tollgate\kdd2017_china_tollgate_20min.csv:kdd2017_t1_d1#segment5,1,-14.799999999999997,14.799999999999997,219.0399999999999
1476556800,D:\intelligent_transportation\data\lstm_sources\public\kddcup2017_china_tollgate\kdd2017_china_tollgate_20min.csv:kdd2017_t1_d1#segment5,1,-20.400000000000006,20.400000000000006,416.16000000000025
1476558000,D:\intelligent_transportation\data\lstm_sources\public\kddcup2017_china_tollgate\kdd2017_china_tollgate_20min.csv:kdd2017_t1_d1#segment5,1,-30.599999999999994,30.599999999999994,936.3599999999997
1476559200,D:\intelligent_transportation\data\lstm_sources\public\kddcup2017_china_tollgate\kdd2017_china_tollgate_20min.csv:kdd2017_t1_d1#segment5,1,-12.0,12.0,144.0
1476560400,D:\intelligent_transportation\data\lstm_sources\public\kddcup2017_china_tollgate\kdd2017_china_tollgate_20min.csv:kdd2017_t1_d1#segment5,1,-12.0,12.0,144.0
1476561600,D:\intelligent_transportation\data\lstm_sources\public\kddcup2017_china_tollgate\kdd2017_china_tollgate_20min.csv:kdd2017_t1_d1#segment5,1,-12.200000000000003,12.200000000000003,148.84000000000006
1476562800,D:\intelligent_transportation\data\lstm_sources\public\kddcup2017_china_tollgate\kdd2017_china_tollgate_20min.csv:kdd2017_t1_d1#segment5,1,-12.799999999999997,12.799999999999997,163.83999999999992
1476564000,D:\intelligent_transportation\data\lstm_sources\public\kddcup2017_china_tollgate\kdd2017_china_tollgate_20min.csv:kdd2017_t1_d1#segment5,1,-6.200000000000003,6.200000000000003,38.44000000000003
1476565200,D:\intelligent_transportation\data\lstm_sources\public\kddcup2017_china_tollgate\kdd2017_china_tollgate_20min.csv:kdd2017_t1_d1#segment5,1,-11.0,11.0,121.0
1476566400,D:\intelligent_transportation\data\lstm_sources\public\kddcup2017_china_tollgate\kdd2017_china_tollgate_20min.csv:kdd2017_t1_d1#segment5,1,-12.799999999999997,12.799999999999997,163.83999999999992
1476567600,D:\intelligent_transportation\data\lstm_sources\public\kddcup2017_china_tollgate\kdd2017_china_tollgate_20min.csv:kdd2017_t1_d1#segment5,1,-8.799999999999997,8.799999999999997,77.43999999999996
1476568800,D:\intelligent_transportation\data\lstm_sources\public\kddcup2017_china_tollgate\kdd2017_china_tollgate_20min.csv:kdd2017_t1_d1#segment5,1,-8.600000000000001,8.600000000000001,73.96000000000002
1476570000,D:\intelligent_transportation\data\lstm_sources\public\kddcup2017_china_tollgate\kdd2017_china_tollgate_20min.csv:kdd2017_t1_d1#segment5,1,-10.0,10.0,100.0
1476571200,D:\intelligent_transportation\data\lstm_sources\public\kddcup2017_china_tollgate\kdd2017_china_tollgate_20min.csv:kdd2017_t1_d1#segment5,1,-6.199999999999999,6.199999999999999,38.43999999999999
1476572400,D:\intelligent_transportation\data\lstm_sources\public\kddcup2017_china_tollgate\kdd2017_china_tollgate_20min.csv:kdd2017_t1_d1#segment5,1,-4.600000000000001,4.600000000000001,21.160000000000014
1476573600,D:\intelligent_transportation\data\lstm_sources\public\kddcup2017_china_tollgate\kdd2017_china_tollgate_20min.csv:kdd2017_t1_d1#segment5,1,-10.0,10.0,100.0
1476574800,D:\intelligent_transportation\data\lstm_sources\public\kddcup2017_china_tollgate\kdd2017_china_tollgate_20min.csv:kdd2017_t1_d1#segment5,1,-5.0,5.0,25.0
1476576000,D:\intelligent_transportation\data\lstm_sources\public\kddcup2017_china_tollgate\kdd2017_china_tollgate_20min.csv:kdd2017_t1_d1#segment5,1,89.0,89.0,7921.0
1476577200,D:\intelligent_transportation\data\lstm_sources\public\kddcup2017_china_tollgate\kdd2017_china_tollgate_20min.csv:kdd2017_t1_d1#segment5,1,32.8,32.8,1075.84
1476578400,D:\intelligent_transportation\data\lstm_sources\public\kddcup2017_china_tollgate\kdd2017_china_tollgate_20min.csv:kdd2017_t1_d1#segment5,1,-9.600000000000001,9.600000000000001,92.16000000000003
1476579600,D:\intelligent_transportation\data\lstm_sources\public\kddcup2017_china_tollgate\kdd2017_china_tollgate_20min.csv:kdd2017_t1_d1#segment5,1,-43.6,43.6,1900.96
1476580800,D:\intelligent_transportation\data\lstm_sources\public\kddcup2017_china_tollgate\kdd2017_china_tollgate_20min.csv:kdd2017_t1_d1#segment5,1,-35.8,35.8,1281.6399999999999
1476582000,D:\intelligent_transportation\data\lstm_sources\public\kddcup2017_china_tollgate\kdd2017_china_tollgate_20min.csv:kdd2017_t1_d1#segment5,1,-33.8,33.8,1142.4399999999998
1476583200,D:\intelligent_transportation\data\lstm_sources\public\kddcup2017_china_tollgate\kdd2017_china_tollgate_20min.csv:kdd2017_t1_d1#segment5,1,-18.6,18.6,345.96000000000004
1476584400,D:\intelligent_transportation\data\lstm_sources\public\kddcup2017_china_tollgate\kdd2017_china_tollgate_20min.csv:kdd2017_t1_d1#segment5,1,-7.4,7.4,54.760000000000005
1476585600,D:\intelligent_transportation\data\lstm_sources\public\kddcup2017_china_tollgate\kdd2017_china_tollgate_20min.csv:kdd2017_t1_d1#segment5,1,0.40000000000000036,0.40000000000000036,0.16000000000000028
1476586800,D:\intelligent_transportation\data\lstm_sources\public\kddcup2017_china_tollgate\kdd2017_china_tollgate_20min.csv:kdd2017_t1_d1#segment5,1,-1.4000000000000004,1.4000000000000004,1.960000000000001
1476588000,D:\intelligent_transportation\data\lstm_sources\public\kddcup2017_china_tollgate\kdd2017_china_tollgate_20min.csv:kdd2017_t1_d1#segment5,1,7.2,7.2,51.84
1476589200,D:\intelligent_transportation\data\lstm_sources\public\kddcup2017_china_tollgate\kdd2017_china_tollgate_20min.csv:kdd2017_t1_d1#segment5,1,6.4,6.4,40.96000000000001
1476590400,D:\intelligent_transportation\data\lstm_sources\public\kddcup2017_china_tollgate\kdd2017_china_tollgate_20min.csv:kdd2017_t1_d1#segment5,1,6.800000000000001,6.800000000000001,46.24000000000001
1476591600,D:\intelligent_transportation\data\lstm_sources\public\kddcup2017_china_tollgate\kdd2017_china_tollgate_20min.csv:kdd2017_t1_d1#segment5,1,1.5999999999999996,1.5999999999999996,2.5599999999999987
1476592800,D:\intelligent_transportation\data\lstm_sources\public\kddcup2017_china_tollgate\kdd2017_china_tollgate_20min.csv:kdd2017_t1_d1#segment5,1,8.4,8.4,70.56
1476594000,D:\intelligent_transportation\data\lstm_sources\public\kddcup2017_china_tollgate\kdd2017_china_tollgate_20min.csv:kdd2017_t1_d1#segment5,1,15.399999999999999,15.399999999999999,237.15999999999997
1476595200,D:\intelligent_transportation\data\lstm_sources\public\kddcup2017_china_tollgate\kdd2017_china_tollgate_20min.csv:kdd2017_t1_d1#segment5,1,13.0,13.0,169.0
1476596400,D:\intelligent_transportation\data\lstm_sources\public\kddcup2017_china_tollgate\kdd2017_china_tollgate_20min.csv:kdd2017_t1_d1#segment5,1,13.399999999999999,13.399999999999999,179.55999999999997
1476597600,D:\intelligent_transportation\data\lstm_sources\public\kddcup2017_china_tollgate\kdd2017_china_tollgate_20min.csv:kdd2017_t1_d1#segment5,1,9.399999999999999,9.399999999999999,88.35999999999997
1476598800,D:\intelligent_transportation\data\lstm_sources\public\kddcup2017_china_tollgate\kdd2017_china_tollgate_20min.csv:kdd2017_t1_d1#segment5,1,-0.20000000000000284,0.20000000000000284,0.04000000000000114
1476600000,D:\intelligent_transportation\data\lstm_sources\public\kddcup2017_china_tollgate\kdd2017_china_tollgate_20min.csv:kdd2017_t1_d1#segment5,1,23.799999999999997,23.799999999999997,566.4399999999998
1476601200,D:\intelligent_transportation\data\lstm_sources\public\kddcup2017_china_tollgate\kdd2017_china_tollgate_20min.csv:kdd2017_t1_d1#segment5,1,-3.3999999999999986,3.3999999999999986,11.55999999999999
1476602400,D:\intelligent_transportation\data\lstm_sources\public\kddcup2017_china_tollgate\kdd2017_china_tollgate_20min.csv:kdd2017_t1_d1#segment5,1,10.0,10.0,100.0
1476603600,D:\intelligent_transportation\data\lstm_sources\public\kddcup2017_china_tollgate\kdd2017_china_tollgate_20min.csv:kdd2017_t1_d1#segment5,1,-3.6000000000000014,3.6000000000000014,12.96000000000001
1476604800,D:\intelligent_transportation\data\lstm_sources\public\kddcup2017_china_tollgate\kdd2017_china_tollgate_20min.csv:kdd2017_t1_d1#segment5,1,4.0,4.0,16.0
1476606000,D:\intelligent_transportation\data\lstm_sources\public\kddcup2017_china_tollgate\kdd2017_china_tollgate_20min.csv:kdd2017_t1_d1#segment5,1,26.0,26.0,676.0
1476607200,D:\intelligent_transportation\data\lstm_sources\public\kddcup2017_china_tollgate\kdd2017_china_tollgate_20min.csv:kdd2017_t1_d1#segment5,1,18.200000000000003,18.200000000000003,331.2400000000001
1476608400,D:\intelligent_transportation\data\lstm_sources\public\kddcup2017_china_tollgate\kdd2017_china_tollgate_20min.csv:kdd2017_t1_d1#segment5,1,45.0,45.0,2025.0
1476609600,D:\intelligent_transportation\data\lstm_sources\public\kddcup2017_china_tollgate\kdd2017_china_tollgate_20min.csv:kdd2017_t1_d1#segment5,1,43.0,43.0,1849.0
1476610800,D:\intelligent_transportation\data\lstm_sources\public\kddcup2017_china_tollgate\kdd2017_china_tollgate_20min.csv:kdd2017_t1_d1#segment5,1,29.200000000000003,29.200000000000003,852.6400000000002
1476612000,D:\intelligent_transportation\data\lstm_sources\public\kddcup2017_china_tollgate\kdd2017_china_tollgate_20min.csv:kdd2017_t1_d1#segment5,1,-3.0,3.0,9.0
1476613200,D:\intelligent_transportation\data\lstm_sources\public\kddcup2017_china_tollgate\kdd2017_china_tollgate_20min.csv:kdd2017_t1_d1#segment5,1,12.799999999999997,12.799999999999997,163.83999999999992
1476614400,D:\intelligent_transportation\data\lstm_sources\public\kddcup2017_china_tollgate\kdd2017_china_tollgate_20min.csv:kdd2017_t1_d1#segment5,1,-0.20000000000000284,0.20000000000000284,0.04000000000000114
1476615600,D:\intelligent_transportation\data\lstm_sources\public\kddcup2017_china_tollgate\kdd2017_china_tollgate_20min.csv:kdd2017_t1_d1#segment5,1,-6.599999999999994,6.599999999999994,43.559999999999924
1476616800,D:\intelligent_transportation\data\lstm_sources\public\kddcup2017_china_tollgate\kdd2017_china_tollgate_20min.csv:kdd2017_t1_d1#segment5,1,-1.2000000000000028,1.2000000000000028,1.4400000000000068
1476618000,D:\intelligent_transportation\data\lstm_sources\public\kddcup2017_china_tollgate\kdd2017_china_tollgate_20min.csv:kdd2017_t1_d1#segment5,1,-21.400000000000006,21.400000000000006,457.96000000000026
1476619200,D:\intelligent_transportation\data\lstm_sources\public\kddcup2017_china_tollgate\kdd2017_china_tollgate_20min.csv:kdd2017_t1_d1#segment5,1,-2.200000000000003,2.200000000000003,4.840000000000012
1476620400,D:\intelligent_transportation\data\lstm_sources\public\kddcup2017_china_tollgate\kdd2017_china_tollgate_20min.csv:kdd2017_t1_d1#segment5,1,-20.599999999999994,20.599999999999994,424.3599999999998
1476621600,D:\intelligent_transportation\data\lstm_sources\public\kddcup2017_china_tollgate\kdd2017_china_tollgate_20min.csv:kdd2017_t1_d1#segment5,1,1.2000000000000028,1.2000000000000028,1.4400000000000068
1476622800,D:\intelligent_transportation\data\lstm_sources\public\kddcup2017_china_tollgate\kdd2017_china_tollgate_20min.csv:kdd2017_t1_d1#segment5,1,21.599999999999994,21.599999999999994,466.5599999999998
1476624000,D:\intelligent_transportation\data\lstm_sources\public\kddcup2017_china_tollgate\kdd2017_china_tollgate_20min.csv:kdd2017_t1_d1#segment5,1,15.799999999999997,15.799999999999997,249.6399999999999
1476625200,D:\intelligent_transportation\data\lstm_sources\public\kddcup2017_china_tollgate\kdd2017_china_tollgate_20min.csv:kdd2017_t1_d1#segment5,1,11.400000000000006,11.400000000000006,129.96000000000012
1476626400,D:\intelligent_transportation\data\lstm_sources\public\kddcup2017_china_tollgate\kdd2017_china_tollgate_20min.csv:kdd2017_t1_d1#segment5,1,16.200000000000003,16.200000000000003,262.4400000000001
1476627600,D:\intelligent_transportation\data\lstm_sources\public\kddcup2017_china_tollgate\kdd2017_china_tollgate_20min.csv:kdd2017_t1_d1#segment5,1,4.400000000000006,4.400000000000006,19.36000000000005
1476628800,D:\intelligent_transportation\data\lstm_sources\public\kddcup2017_china_tollgate\kdd2017_china_tollgate_20min.csv:kdd2017_t1_d1#segment5,1,-10.400000000000006,10.400000000000006,108.16000000000012
1476630000,D:\intelligent_transportation\data\lstm_sources\public\kddcup2017_china_tollgate\kdd2017_china_tollgate_20min.csv:kdd2017_t1_d1#segment5,1,13.799999999999997,13.799999999999997,190.4399999999999
1476631200,D:\intelligent_transportation\data\lstm_sources\public\kddcup2017_china_tollgate\kdd2017_china_tollgate_20min.csv:kdd2017_t1_d1#segment5,1,9.799999999999997,9.799999999999997,96.03999999999995
1476632400,D:\intelligent_transportation\data\lstm_sources\public\kddcup2017_china_tollgate\kdd2017_china_tollgate_20min.csv:kdd2017_t1_d1#segment5,1,-11.799999999999997,11.799999999999997,139.23999999999992
1476633600,D:\intelligent_transportation\data\lstm_sources\public\kddcup2017_china_tollgate\kdd2017_china_tollgate_20min.csv:kdd2017_t1_d1#segment5,1,26.799999999999997,26.799999999999997,718.2399999999999
1476634800,D:\intelligent_transportation\data\lstm_sources\public\kddcup2017_china_tollgate\kdd2017_china_tollgate_20min.csv:kdd2017_t1_d1#segment5,1,-2.5999999999999943,2.5999999999999943,6.7599999999999705
1476636000,D:\intelligent_transportation\data\lstm_sources\public\kddcup2017_china_tollgate\kdd2017_china_tollgate_20min.csv:kdd2017_t1_d1#segment5,1,-11.400000000000006,11.400000000000006,129.96000000000012
1476637200,D:\intelligent_transportation\data\lstm_sources\public\kddcup2017_china_tollgate\kdd2017_china_tollgate_20min.csv:kdd2017_t1_d1#segment5,1,-15.599999999999994,15.599999999999994,243.35999999999981
1476638400,D:\intelligent_transportation\data\lstm_sources\public\kddcup2017_china_tollgate\kdd2017_china_tollgate_20min.csv:kdd2017_t1_d1#segment5,1,24.400000000000006,24.400000000000006,595.3600000000002
1476639600,D:\intelligent_transportation\data\lstm_sources\public\kddcup2017_china_tollgate\kdd2017_china_tollgate_20min.csv:kdd2017_t1_d1#segment5,1,-5.599999999999994,5.599999999999994,31.359999999999935
1476640800,D:\intelligent_transportation\data\lstm_sources\public\kddcup2017_china_tollgate\kdd2017_china_tollgate_20min.csv:kdd2017_t1_d1#segment5,1,-35.8,35.8,1281.6399999999999
1476642000,D:\intelligent_transportation\data\lstm_sources\public\kddcup2017_china_tollgate\kdd2017_china_tollgate_20min.csv:kdd2017_t1_d1#segment5,1,-27.799999999999997,27.799999999999997,772.8399999999998
1476643200,D:\intelligent_transportation\data\lstm_sources\public\kddcup2017_china_tollgate\kdd2017_china_tollgate_20min.csv:kdd2017_t1_d1#segment5,1,-43.2,43.2,1866.2400000000002
1476644400,D:\intelligent_transportation\data\lstm_sources\public\kddcup2017_china_tollgate\kdd2017_china_tollgate_20min.csv:kdd2017_t1_d1#segment5,1,-27.799999999999997,27.799999999999997,772.8399999999998
1476645600,D:\intelligent_transportation\data\lstm_sources\public\kddcup2017_china_tollgate\kdd2017_china_tollgate_20min.csv:kdd2017_t1_d1#segment5,1,-12.599999999999994,12.599999999999994,158.75999999999985
1476646800,D:\intelligent_transportation\data\lstm_sources\public\kddcup2017_china_tollgate\kdd2017_china_tollgate_20min.csv:kdd2017_t1_d1#segment5,1,-3.200000000000003,3.200000000000003,10.240000000000018
1476648000,D:\intelligent_transportation\data\lstm_sources\public\kddcup2017_china_tollgate\kdd2017_china_tollgate_20min.csv:kdd2017_t1_d1#segment5,1,-6.799999999999997,6.799999999999997,46.23999999999996
1476649200,D:\intelligent_transportation\data\lstm_sources\public\kddcup2017_china_tollgate\kdd2017_china_tollgate_20min.csv:kdd2017_t1_d1#segment5,1,-8.0,8.0,64.0
1476650400,D:\intelligent_transportation\data\lstm_sources\public\kddcup2017_china_tollgate\kdd2017_china_tollgate_20min.csv:kdd2017_t1_d1#segment5,1,-8.399999999999999,8.399999999999999,70.55999999999997
1476651600,D:\intelligent_transportation\data\lstm_sources\public\kddcup2017_china_tollgate\kdd2017_china_tollgate_20min.csv:kdd2017_t1_d1#segment5,1,-24.200000000000003,24.200000000000003,585.6400000000001
1476652800,D:\intelligent_transportation\data\lstm_sources\public\kddcup2017_china_tollgate\kdd2017_china_tollgate_20min.csv:kdd2017_t1_d1#segment5,1,-7.200000000000003,7.200000000000003,51.84000000000004
1476654000,D:\intelligent_transportation\data\lstm_sources\public\kddcup2017_china_tollgate\kdd2017_china_tollgate_20min.csv:kdd2017_t1_d1#segment5,1,-21.4,21.4,457.9599999999999
1476655200,D:\intelligent_transportation\data\lstm_sources\public\kddcup2017_china_tollgate\kdd2017_china_tollgate_20min.csv:kdd2017_t1_d1#segment5,1,-25.200000000000003,25.200000000000003,635.0400000000002
1476656400,D:\intelligent_transportation\data\lstm_sources\public\kddcup2017_china_tollgate\kdd2017_china_tollgate_20min.csv:kdd2017_t1_d1#segment5,1,-19.0,19.0,361.0
1476657600,D:\intelligent_transportation\data\lstm_sources\public\kddcup2017_china_tollgate\kdd2017_china_tollgate_20min.csv:kdd2017_t1_d1#segment5,1,-0.8000000000000007,0.8000000000000007,0.6400000000000011
1476658800,D:\intelligent_transportation\data\lstm_sources\public\kddcup2017_china_tollgate\kdd2017_china_tollgate_20min.csv:kdd2017_t1_d1#segment5,1,-11.399999999999999,11.399999999999999,129.95999999999998
1476660000,D:\intelligent_transportation\data\lstm_sources\public\kddcup2017_china_tollgate\kdd2017_china_tollgate_20min.csv:kdd2017_t1_d1#segment5,1,0.6000000000000014,0.6000000000000014,0.3600000000000017
1476661200,D:\intelligent_transportation\data\lstm_sources\public\kddcup2017_china_tollgate\kdd2017_china_tollgate_20min.csv:kdd2017_t1_d1#segment5,1,-3.1999999999999993,3.1999999999999993,10.239999999999995
1476662400,D:\intelligent_transportation\data\lstm_sources\public\kddcup2017_china_tollgate\kdd2017_china_tollgate_20min.csv:kdd2017_t1_d1#segment5,1,120.0,120.0,14400.0
1476663600,D:\intelligent_transportation\data\lstm_sources\public\kddcup2017_china_tollgate\kdd2017_china_tollgate_20min.csv:kdd2017_t1_d1#segment5,1,11.399999999999999,11.399999999999999,129.95999999999998
1476664800,D:\intelligent_transportation\data\lstm_sources\public\kddcup2017_china_tollgate\kdd2017_china_tollgate_20min.csv:kdd2017_t1_d1#segment5,1,-16.200000000000003,16.200000000000003,262.4400000000001
1476666000,D:\intelligent_transportation\data\lstm_sources\public\kddcup2017_china_tollgate\kdd2017_china_tollgate_20min.csv:kdd2017_t1_d1#segment5,1,-45.8,45.8,2097.64
1476667200,D:\intelligent_transportation\data\lstm_sources\public\kddcup2017_china_tollgate\kdd2017_china_tollgate_20min.csv:kdd2017_t1_d1#segment5,1,-43.0,43.0,1849.0
1476668400,D:\intelligent_transportation\data\lstm_sources\public\kddcup2017_china_tollgate\kdd2017_china_tollgate_20min.csv:kdd2017_t1_d1#segment5,1,-38.2,38.2,1459.2400000000002
1476669600,D:\intelligent_transportation\data\lstm_sources\public\kddcup2017_china_tollgate\kdd2017_china_tollgate_20min.csv:kdd2017_t1_d1#segment5,1,-17.4,17.4,302.75999999999993
1476670800,D:\intelligent_transportation\data\lstm_sources\public\kddcup2017_china_tollgate\kdd2017_china_tollgate_20min.csv:kdd2017_t1_d1#segment5,1,-3.4000000000000004,3.4000000000000004,11.560000000000002
1476672000,D:\intelligent_transportation\data\lstm_sources\public\kddcup2017_china_tollgate\kdd2017_china_tollgate_20min.csv:kdd2017_t1_d1#segment5,1,-1.5999999999999996,1.5999999999999996,2.5599999999999987
1476673200,D:\intelligent_transportation\data\lstm_sources\public\kddcup2017_china_tollgate\kdd2017_china_tollgate_20min.csv:kdd2017_t1_d1#segment5,1,-1.4000000000000004,1.4000000000000004,1.960000000000001
1476674400,D:\intelligent_transportation\data\lstm_sources\public\kddcup2017_china_tollgate\kdd2017_china_tollgate_20min.csv:kdd2017_t1_d1#segment5,1,3.8,3.8,14.44
1476675600,D:\intelligent_transportation\data\lstm_sources\public\kddcup2017_china_tollgate\kdd2017_china_tollgate_20min.csv:kdd2017_t1_d1#segment5,1,13.6,13.6,184.95999999999998
1476676800,D:\intelligent_transportation\data\lstm_sources\public\kddcup2017_china_tollgate\kdd2017_china_tollgate_20min.csv:kdd2017_t1_d1#segment5,1,2.4000000000000004,2.4000000000000004,5.760000000000002
1476678000,D:\intelligent_transportation\data\lstm_sources\public\kddcup2017_china_tollgate\kdd2017_china_tollgate_20min.csv:kdd2017_t1_d1#segment5,1,8.6,8.6,73.96
1476679200,D:\intelligent_transportation\data\lstm_sources\public\kddcup2017_china_tollgate\kdd2017_china_tollgate_20min.csv:kdd2017_t1_d1#segment5,1,11.8,11.8,139.24
1476680400,D:\intelligent_transportation\data\lstm_sources\public\kddcup2017_china_tollgate\kdd2017_china_tollgate_20min.csv:kdd2017_t1_d1#segment5,1,8.8,8.8,77.44000000000001
1476681600,D:\intelligent_transportation\data\lstm_sources\public\kddcup2017_china_tollgate\kdd2017_china_tollgate_20min.csv:kdd2017_t1_d1#segment5,1,10.600000000000001,10.600000000000001,112.36000000000003
1476682800,D:\intelligent_transportation\data\lstm_sources\public\kddcup2017_china_tollgate\kdd2017_china_tollgate_20min.csv:kdd2017_t1_d1#segment5,1,14.399999999999999,14.399999999999999,207.35999999999996
1476684000,D:\intelligent_transportation\data\lstm_sources\public\kddcup2017_china_tollgate\kdd2017_china_tollgate_20min.csv:kdd2017_t1_d1#segment5,1,16.4,16.4,268.96
1476685200,D:\intelligent_transportation\data\lstm_sources\public\kddcup2017_china_tollgate\kdd2017_china_tollgate_20min.csv:kdd2017_t1_d1#segment5,1,34.4,34.4,1183.36
1476686400,D:\intelligent_transportation\data\lstm_sources\public\kddcup2017_china_tollgate\kdd2017_china_tollgate_20min.csv:kdd2017_t1_d1#segment5,1,31.0,31.0,961.0
1476687600,D:\intelligent_transportation\data\lstm_sources\public\kddcup2017_china_tollgate\kdd2017_china_tollgate_20min.csv:kdd2017_t1_d1#segment5,1,54.8,54.8,3003.0399999999995
1476688800,D:\intelligent_transportation\data\lstm_sources\public\kddcup2017_china_tollgate\kdd2017_china_tollgate_20min.csv:kdd2017_t1_d1#segment5,1,54.0,54.0,2916.0
1476690000,D:\intelligent_transportation\data\lstm_sources\public\kddcup2017_china_tollgate\kdd2017_china_tollgate_20min.csv:kdd2017_t1_d1#segment5,1,47.599999999999994,47.599999999999994,2265.7599999999993
1476691200,D:\intelligent_transportation\data\lstm_sources\public\kddcup2017_china_tollgate\kdd2017_china_tollgate_20min.csv:kdd2017_t1_d1#segment5,1,32.599999999999994,32.599999999999994,1062.7599999999995
1476692400,D:\intelligent_transportation\data\lstm_sources\public\kddcup2017_china_tollgate\kdd2017_china_tollgate_20min.csv:kdd2017_t1_d1#segment5,1,27.799999999999997,27.799999999999997,772.8399999999998
1476693600,D:\intelligent_transportation\data\lstm_sources\public\kddcup2017_china_tollgate\kdd2017_china_tollgate_20min.csv:kdd2017_t1_d1#segment5,1,15.400000000000006,15.400000000000006,237.16000000000017
1476694800,D:\intelligent_transportation\data\lstm_sources\public\kddcup2017_china_tollgate\kdd2017_china_tollgate_20min.csv:kdd2017_t1_d1#segment5,1,28.400000000000006,28.400000000000006,806.5600000000003
1476696000,D:\intelligent_transportation\data\lstm_sources\public\kddcup2017_china_tollgate\kdd2017_china_tollgate_20min.csv:kdd2017_t1_d1#segment5,1,-20.80000000000001,20.80000000000001,432.6400000000005
1476697200,D:\intelligent_transportation\data\lstm_sources\public\kddcup2017_china_tollgate\kdd2017_china_tollgate_20min.csv:kdd2017_t1_d1#segment5,1,-17.80000000000001,17.80000000000001,316.84000000000043
1476698400,D:\intelligent_transportation\data\lstm_sources\public\kddcup2017_china_tollgate\kdd2017_china_tollgate_20min.csv:kdd2017_t1_d1#segment5,1,-35.599999999999994,35.599999999999994,1267.3599999999997
1476699600,D:\intelligent_transportation\data\lstm_sources\public\kddcup2017_china_tollgate\kdd2017_china_tollgate_20min.csv:kdd2017_t1_d1#segment5,1,-27.80000000000001,27.80000000000001,772.8400000000006
1476700800,D:\intelligent_transportation\data\lstm_sources\public\kddcup2017_china_tollgate\kdd2017_china_tollgate_20min.csv:kdd2017_t1_d1#segment5,1,-30.799999999999997,30.799999999999997,948.6399999999999
1476702000,D:\intelligent_transportation\data\lstm_sources\public\kddcup2017_china_tollgate\kdd2017_china_tollgate_20min.csv:kdd2017_t1_d1#segment5,1,-44.599999999999994,44.599999999999994,1989.1599999999994
1476703200,D:\intelligent_transportation\data\lstm_sources\public\kddcup2017_china_tollgate\kdd2017_china_tollgate_20min.csv:kdd2017_t1_d1#segment5,1,-22.0,22.0,484.0
1476704400,D:\intelligent_transportation\data\lstm_sources\public\kddcup2017_china_tollgate\kdd2017_china_tollgate_20min.csv:kdd2017_t1_d1#segment5,1,21.599999999999994,21.599999999999994,466.5599999999998
1476705600,D:\intelligent_transportation\data\lstm_sources\public\kddcup2017_china_tollgate\kdd2017_china_tollgate_20min.csv:kdd2017_t1_d1#segment5,1,0.4000000000000057,0.4000000000000057,0.16000000000000456
1476706800,D:\intelligent_transportation\data\lstm_sources\public\kddcup2017_china_tollgate\kdd2017_china_tollgate_20min.csv:kdd2017_t1_d1#segment5,1,3.200000000000003,3.200000000000003,10.240000000000018
1476708000,D:\intelligent_transportation\data\lstm_sources\public\kddcup2017_china_tollgate\kdd2017_china_tollgate_20min.csv:kdd2017_t1_d1#segment5,1,3.799999999999997,3.799999999999997,14.439999999999978
1476709200,D:\intelligent_transportation\data\lstm_sources\public\kddcup2017_china_tollgate\kdd2017_china_tollgate_20min.csv:kdd2017_t1_d1#segment5,1,-0.20000000000000284,0.20000000000000284,0.04000000000000114
1476710400,D:\intelligent_transportation\data\lstm_sources\public\kddcup2017_china_tollgate\kdd2017_china_tollgate_20min.csv:kdd2017_t1_d1#segment5,1,8.799999999999997,8.799999999999997,77.43999999999996
1476711600,D:\intelligent_transportation\data\lstm_sources\public\kddcup2017_china_tollgate\kdd2017_china_tollgate_20min.csv:kdd2017_t1_d1#segment5,1,-4.799999999999997,4.799999999999997,23.039999999999974
1476712800,D:\intelligent_transportation\data\lstm_sources\public\kddcup2017_china_tollgate\kdd2017_china_tollgate_20min.csv:kdd2017_t1_d1#segment5,1,-2.4000000000000057,2.4000000000000057,5.760000000000027
1476714000,D:\intelligent_transportation\data\lstm_sources\public\kddcup2017_china_tollgate\kdd2017_china_tollgate_20min.csv:kdd2017_t1_d1#segment5,1,3.5999999999999943,3.5999999999999943,12.959999999999958
1476715200,D:\intelligent_transportation\data\lstm_sources\public\kddcup2017_china_tollgate\kdd2017_china_tollgate_20min.csv:kdd2017_t1_d1#segment5,1,18.400000000000006,18.400000000000006,338.56000000000023
1476716400,D:\intelligent_transportation\data\lstm_sources\public\kddcup2017_china_tollgate\kdd2017_china_tollgate_20min.csv:kdd2017_t1_d1#segment5,1,4.200000000000003,4.200000000000003,17.640000000000025
1476717600,D:\intelligent_transportation\data\lstm_sources\public\kddcup2017_china_tollgate\kdd2017_china_tollgate_20min.csv:kdd2017_t1_d1#segment5,1,-2.5999999999999943,2.5999999999999943,6.7599999999999705
1476718800,D:\intelligent_transportation\data\lstm_sources\public\kddcup2017_china_tollgate\kdd2017_china_tollgate_20min.csv:kdd2017_t1_d1#segment5,1,-7.0,7.0,49.0
1476720000,D:\intelligent_transportation\data\lstm_sources\public\kddcup2017_china_tollgate\kdd2017_china_tollgate_20min.csv:kdd2017_t1_d1#segment5,1,4.599999999999994,4.599999999999994,21.159999999999947
1476721200,D:\intelligent_transportation\data\lstm_sources\public\kddcup2017_china_tollgate\kdd2017_china_tollgate_20min.csv:kdd2017_t1_d1#segment5,1,10.0,10.0,100.0
1476722400,D:\intelligent_transportation\data\lstm_sources\public\kddcup2017_china_tollgate\kdd2017_china_tollgate_20min.csv:kdd2017_t1_d1#segment5,1,6.200000000000003,6.200000000000003,38.44000000000003
1476723600,D:\intelligent_transportation\data\lstm_sources\public\kddcup2017_china_tollgate\kdd2017_china_tollgate_20min.csv:kdd2017_t1_d1#segment5,1,13.200000000000003,13.200000000000003,174.24000000000007
1476724800,D:\intelligent_transportation\data\lstm_sources\public\kddcup2017_china_tollgate\kdd2017_china_tollgate_20min.csv:kdd2017_t1_d1#segment5,1,23.200000000000003,23.200000000000003,538.2400000000001
1476726000,D:\intelligent_transportation\data\lstm_sources\public\kddcup2017_china_tollgate\kdd2017_china_tollgate_20min.csv:kdd2017_t1_d1#segment5,1,19.799999999999997,19.799999999999997,392.0399999999999
1476727200,D:\intelligent_transportation\data\lstm_sources\public\kddcup2017_china_tollgate\kdd2017_china_tollgate_20min.csv:kdd2017_t1_d1#segment5,1,-64.0,64.0,4096.0
1476728400,D:\intelligent_transportation\data\lstm_sources\public\kddcup2017_china_tollgate\kdd2017_china_tollgate_20min.csv:kdd2017_t1_d1#segment5,1,-20.799999999999997,20.799999999999997,432.6399999999999
1476729600,D:\intelligent_transportation\data\lstm_sources\public\kddcup2017_china_tollgate\kdd2017_china_tollgate_20min.csv:kdd2017_t1_d1#segment5,1,-51.8,51.8,2683.24
1476730800,D:\intelligent_transportation\data\lstm_sources\public\kddcup2017_china_tollgate\kdd2017_china_tollgate_20min.csv:kdd2017_t1_d1#segment5,1,-49.2,49.2,2420.6400000000003
1476732000,D:\intelligent_transportation\data\lstm_sources\public\kddcup2017_china_tollgate\kdd2017_china_tollgate_20min.csv:kdd2017_t1_d1#segment5,1,-24.799999999999997,24.799999999999997,615.0399999999998
1476733200,D:\intelligent_transportation\data\lstm_sources\public\kddcup2017_china_tollgate\kdd2017_china_tollgate_20min.csv:kdd2017_t1_d1#segment5,1,-21.0,21.0,441.0
1476734400,D:\intelligent_transportation\data\lstm_sources\public\kddcup2017_china_tollgate\kdd2017_china_tollgate_20min.csv:kdd2017_t1_d1#segment5,1,-17.200000000000003,17.200000000000003,295.8400000000001
1476735600,D:\intelligent_transportation\data\lstm_sources\public\kddcup2017_china_tollgate\kdd2017_china_tollgate_20min.csv:kdd2017_t1_d1#segment5,1,-7.0,7.0,49.0
1476736800,D:\intelligent_transportation\data\lstm_sources\public\kddcup2017_china_tollgate\kdd2017_china_tollgate_20min.csv:kdd2017_t1_d1#segment5,1,-3.799999999999997,3.799999999999997,14.439999999999978
1476738000,D:\intelligent_transportation\data\lstm_sources\public\kddcup2017_china_tollgate\kdd2017_china_tollgate_20min.csv:kdd2017_t1_d1#segment5,1,-11.600000000000001,11.600000000000001,134.56000000000003
1476739200,D:\intelligent_transportation\data\lstm_sources\public\kddcup2017_china_tollgate\kdd2017_china_tollgate_20min.csv:kdd2017_t1_d1#segment5,1,-7.199999999999999,7.199999999999999,51.83999999999999
1476740400,D:\intelligent_transportation\data\lstm_sources\public\kddcup2017_china_tollgate\kdd2017_china_tollgate_20min.csv:kdd2017_t1_d1#segment5,1,1.6000000000000014,1.6000000000000014,2.5600000000000045
1476741600,D:\intelligent_transportation\data\lstm_sources\public\kddcup2017_china_tollgate\kdd2017_china_tollgate_20min.csv:kdd2017_t1_d1#segment5,1,-14.0,14.0,196.0
1476742800,D:\intelligent_transportation\data\lstm_sources\public\kddcup2017_china_tollgate\kdd2017_china_tollgate_20min.csv:kdd2017_t1_d1#segment5,1,-7.399999999999999,7.399999999999999,54.75999999999998
1476744000,D:\intelligent_transportation\data\lstm_sources\public\kddcup2017_china_tollgate\kdd2017_china_tollgate_20min.csv:kdd2017_t1_d1#segment5,1,-3.3999999999999986,3.3999999999999986,11.55999999999999
1476745200,D:\intelligent_transportation\data\lstm_sources\public\kddcup2017_china_tollgate\kdd2017_china_tollgate_20min.csv:kdd2017_t1_d1#segment5,1,-10.399999999999999,10.399999999999999,108.15999999999997
1476746400,D:\intelligent_transportation\data\lstm_sources\public\kddcup2017_china_tollgate\kdd2017_china_tollgate_20min.csv:kdd2017_t1_d1#segment5,1,-5.800000000000001,5.800000000000001,33.64000000000001
1476747600,D:\intelligent_transportation\data\lstm_sources\public\kddcup2017_china_tollgate\kdd2017_china_tollgate_20min.csv:kdd2017_t1_d1#segment5,1,-5.199999999999999,5.199999999999999,27.039999999999992
1476379200,D:\intelligent_transportation\data\lstm_sources\public\kddcup2017_china_tollgate\kdd2017_china_tollgate_20min.csv:kdd2017_t2_d0#segment72,1,3.4000000000000057,3.4000000000000057,11.560000000000038
1476380400,D:\intelligent_transportation\data\lstm_sources\public\kddcup2017_china_tollgate\kdd2017_china_tollgate_20min.csv:kdd2017_t2_d0#segment72,1,1.7999999999999972,1.7999999999999972,3.2399999999999896
1476381600,D:\intelligent_transportation\data\lstm_sources\public\kddcup2017_china_tollgate\kdd2017_china_tollgate_20min.csv:kdd2017_t2_d0#segment72,1,-5.0,5.0,25.0
1476382800,D:\intelligent_transportation\data\lstm_sources\public\kddcup2017_china_tollgate\kdd2017_china_tollgate_20min.csv:kdd2017_t2_d0#segment72,1,-6.799999999999997,6.799999999999997,46.23999999999996
1476384000,D:\intelligent_transportation\data\lstm_sources\public\kddcup2017_china_tollgate\kdd2017_china_tollgate_20min.csv:kdd2017_t2_d0#segment72,1,-24.0,24.0,576.0
1476385200,D:\intelligent_transportation\data\lstm_sources\public\kddcup2017_china_tollgate\kdd2017_china_tollgate_20min.csv:kdd2017_t2_d0#segment72,1,-25.0,25.0,625.0
1476386400,D:\intelligent_transportation\data\lstm_sources\public\kddcup2017_china_tollgate\kdd2017_china_tollgate_20min.csv:kdd2017_t2_d0#segment72,1,-19.200000000000003,19.200000000000003,368.6400000000001
1476387600,D:\intelligent_transportation\data\lstm_sources\public\kddcup2017_china_tollgate\kdd2017_china_tollgate_20min.csv:kdd2017_t2_d0#segment72,1,-20.200000000000003,20.200000000000003,408.04000000000013
1476388800,D:\intelligent_transportation\data\lstm_sources\public\kddcup2017_china_tollgate\kdd2017_china_tollgate_20min.csv:kdd2017_t2_d0#segment72,1,-6.0,6.0,36.0
1476390000,D:\intelligent_transportation\data\lstm_sources\public\kddcup2017_china_tollgate\kdd2017_china_tollgate_20min.csv:kdd2017_t2_d0#segment72,1,-10.799999999999997,10.799999999999997,116.63999999999994
1476391200,D:\intelligent_transportation\data\lstm_sources\public\kddcup2017_china_tollgate\kdd2017_china_tollgate_20min.csv:kdd2017_t2_d0#segment72,1,0.7999999999999972,0.7999999999999972,0.6399999999999955
1476392400,D:\intelligent_transportation\data\lstm_sources\public\kddcup2017_china_tollgate\kdd2017_china_tollgate_20min.csv:kdd2017_t2_d0#segment72,1,-14.399999999999999,14.399999999999999,207.35999999999996
1476393600,D:\intelligent_transportation\data\lstm_sources\public\kddcup2017_china_tollgate\kdd2017_china_tollgate_20min.csv:kdd2017_t2_d0#segment72,1,-11.600000000000001,11.600000000000001,134.56000000000003
1476394800,D:\intelligent_transportation\data\lstm_sources\public\kddcup2017_china_tollgate\kdd2017_china_tollgate_20min.csv:kdd2017_t2_d0#segment72,1,-7.200000000000003,7.200000000000003,51.84000000000004
1476396000,D:\intelligent_transportation\data\lstm_sources\public\kddcup2017_china_tollgate\kdd2017_china_tollgate_20min.csv:kdd2017_t2_d0#segment72,1,-13.8,13.8,190.44000000000003
1476397200,D:\intelligent_transportation\data\lstm_sources\public\kddcup2017_china_tollgate\kdd2017_china_tollgate_20min.csv:kdd2017_t2_d0#segment72,1,-14.399999999999999,14.399999999999999,207.35999999999996
1476398400,D:\intelligent_transportation\data\lstm_sources\public\kddcup2017_china_tollgate\kdd2017_china_tollgate_20min.csv:kdd2017_t2_d0#segment72,1,-6.600000000000001,6.600000000000001,43.56000000000002
1476399600,D:\intelligent_transportation\data\lstm_sources\public\kddcup2017_china_tollgate\kdd2017_china_tollgate_20min.csv:kdd2017_t2_d0#segment72,1,-13.399999999999999,13.399999999999999,179.55999999999997
1476400800,D:\intelligent_transportation\data\lstm_sources\public\kddcup2017_china_tollgate\kdd2017_china_tollgate_20min.csv:kdd2017_t2_d0#segment72,1,-4.6,4.6,21.159999999999997
1476402000,D:\intelligent_transportation\data\lstm_sources\public\kddcup2017_china_tollgate\kdd2017_china_tollgate_20min.csv:kdd2017_t2_d0#segment72,1,-3.4000000000000004,3.4000000000000004,11.560000000000002
1476403200,D:\intelligent_transportation\data\lstm_sources\public\kddcup2017_china_tollgate\kdd2017_china_tollgate_20min.csv:kdd2017_t2_d0#segment72,1,-9.8,9.8,96.04000000000002
1476404400,D:\intelligent_transportation\data\lstm_sources\public\kddcup2017_china_tollgate\kdd2017_china_tollgate_20min.csv:kdd2017_t2_d0#segment72,1,-7.4,7.4,54.760000000000005
1476405600,D:\intelligent_transportation\data\lstm_sources\public\kddcup2017_china_tollgate\kdd2017_china_tollgate_20min.csv:kdd2017_t2_d0#segment72,1,-4.6,4.6,21.159999999999997
1476426000,D:\intelligent_transportation\data\lstm_sources\public\kddcup2017_china_tollgate\kdd2017_china_tollgate_20min.csv:kdd2017_t2_d0#segment75,1,30.6,30.6,936.3600000000001
1476427200,D:\intelligent_transportation\data\lstm_sources\public\kddcup2017_china_tollgate\kdd2017_china_tollgate_20min.csv:kdd2017_t2_d0#segment75,1,24.8,24.8,615.0400000000001
1476428400,D:\intelligent_transportation\data\lstm_sources\public\kddcup2017_china_tollgate\kdd2017_china_tollgate_20min.csv:kdd2017_t2_d0#segment75,1,58.2,58.2,3387.2400000000002
1476429600,D:\intelligent_transportation\data\lstm_sources\public\kddcup2017_china_tollgate\kdd2017_china_tollgate_20min.csv:kdd2017_t2_d0#segment75,1,51.8,51.8,2683.24
1476430800,D:\intelligent_transportation\data\lstm_sources\public\kddcup2017_china_tollgate\kdd2017_china_tollgate_20min.csv:kdd2017_t2_d0#segment75,1,49.0,49.0,2401.0
1476432000,D:\intelligent_transportation\data\lstm_sources\public\kddcup2017_china_tollgate\kdd2017_china_tollgate_20min.csv:kdd2017_t2_d0#segment75,1,35.400000000000006,35.400000000000006,1253.1600000000003
1476433200,D:\intelligent_transportation\data\lstm_sources\public\kddcup2017_china_tollgate\kdd2017_china_tollgate_20min.csv:kdd2017_t2_d0#segment75,1,42.0,42.0,1764.0
1476434400,D:\intelligent_transportation\data\lstm_sources\public\kddcup2017_china_tollgate\kdd2017_china_tollgate_20min.csv:kdd2017_t2_d0#segment75,1,34.0,34.0,1156.0
1476435600,D:\intelligent_transportation\data\lstm_sources\public\kddcup2017_china_tollgate\kdd2017_china_tollgate_20min.csv:kdd2017_t2_d0#segment75,1,-12.799999999999997,12.799999999999997,163.83999999999992
1476436800,D:\intelligent_transportation\data\lstm_sources\public\kddcup2017_china_tollgate\kdd2017_china_tollgate_20min.csv:kdd2017_t2_d0#segment75,1,-2.5999999999999943,2.5999999999999943,6.7599999999999705
1476438000,D:\intelligent_transportation\data\lstm_sources\public\kddcup2017_china_tollgate\kdd2017_china_tollgate_20min.csv:kdd2017_t2_d0#segment75,1,-44.400000000000006,44.400000000000006,1971.3600000000006
1476439200,D:\intelligent_transportation\data\lstm_sources\public\kddcup2017_china_tollgate\kdd2017_china_tollgate_20min.csv:kdd2017_t2_d0#segment75,1,6.599999999999994,6.599999999999994,43.559999999999924
1476440400,D:\intelligent_transportation\data\lstm_sources\public\kddcup2017_china_tollgate\kdd2017_china_tollgate_20min.csv:kdd2017_t2_d0#segment75,1,-29.200000000000003,29.200000000000003,852.6400000000002
1476441600,D:\intelligent_transportation\data\lstm_sources\public\kddcup2017_china_tollgate\kdd2017_china_tollgate_20min.csv:kdd2017_t2_d0#segment75,1,-24.599999999999994,24.599999999999994,605.1599999999997
1476442800,D:\intelligent_transportation\data\lstm_sources\public\kddcup2017_china_tollgate\kdd2017_china_tollgate_20min.csv:kdd2017_t2_d0#segment75,1,-18.799999999999997,18.799999999999997,353.4399999999999
1476444000,D:\intelligent_transportation\data\lstm_sources\public\kddcup2017_china_tollgate\kdd2017_china_tollgate_20min.csv:kdd2017_t2_d0#segment75,1,-20.599999999999994,20.599999999999994,424.3599999999998
1476445200,D:\intelligent_transportation\data\lstm_sources\public\kddcup2017_china_tollgate\kdd2017_china_tollgate_20min.csv:kdd2017_t2_d0#segment75,1,-23.400000000000006,23.400000000000006,547.5600000000003
1476446400,D:\intelligent_transportation\data\lstm_sources\public\kddcup2017_china_tollgate\kdd2017_china_tollgate_20min.csv:kdd2017_t2_d0#segment75,1,-7.400000000000006,7.400000000000006,54.76000000000008
1476447600,D:\intelligent_transportation\data\lstm_sources\public\kddcup2017_china_tollgate\kdd2017_china_tollgate_20min.csv:kdd2017_t2_d0#segment75,1,17.200000000000003,17.200000000000003,295.8400000000001
1476448800,D:\intelligent_transportation\data\lstm_sources\public\kddcup2017_china_tollgate\kdd2017_china_tollgate_20min.csv:kdd2017_t2_d0#segment75,1,22.200000000000003,22.200000000000003,492.84000000000015
1476450000,D:\intelligent_transportation\data\lstm_sources\public\kddcup2017_china_tollgate\kdd2017_china_tollgate_20min.csv:kdd2017_t2_d0#segment75,1,5.799999999999997,5.799999999999997,33.639999999999965
1476451200,D:\intelligent_transportation\data\lstm_sources\public\kddcup2017_china_tollgate\kdd2017_china_tollgate_20min.csv:kdd2017_t2_d0#segment75,1,6.0,6.0,36.0
1476452400,D:\intelligent_transportation\data\lstm_sources\public\kddcup2017_china_tollgate\kdd2017_china_tollgate_20min.csv:kdd2017_t2_d0#segment75,1,20.599999999999994,20.599999999999994,424.3599999999998
1476453600,D:\intelligent_transportation\data\lstm_sources\public\kddcup2017_china_tollgate\kdd2017_china_tollgate_20min.csv:kdd2017_t2_d0#segment75,1,8.200000000000003,8.200000000000003,67.24000000000005
1476454800,D:\intelligent_transportation\data\lstm_sources\public\kddcup2017_china_tollgate\kdd2017_china_tollgate_20min.csv:kdd2017_t2_d0#segment75,1,10.0,10.0,100.0
1476456000,D:\intelligent_transportation\data\lstm_sources\public\kddcup2017_china_tollgate\kdd2017_china_tollgate_20min.csv:kdd2017_t2_d0#segment75,1,-10.599999999999994,10.599999999999994,112.35999999999989
1476457200,D:\intelligent_transportation\data\lstm_sources\public\kddcup2017_china_tollgate\kdd2017_china_tollgate_20min.csv:kdd2017_t2_d0#segment75,1,-12.0,12.0,144.0
1476458400,D:\intelligent_transportation\data\lstm_sources\public\kddcup2017_china_tollgate\kdd2017_china_tollgate_20min.csv:kdd2017_t2_d0#segment75,1,11.400000000000006,11.400000000000006,129.96000000000012
1476459600,D:\intelligent_transportation\data\lstm_sources\public\kddcup2017_china_tollgate\kdd2017_china_tollgate_20min.csv:kdd2017_t2_d0#segment75,1,1.0,1.0,1.0
1476460800,D:\intelligent_transportation\data\lstm_sources\public\kddcup2017_china_tollgate\kdd2017_china_tollgate_20min.csv:kdd2017_t2_d0#segment75,1,9.599999999999994,9.599999999999994,92.1599999999999
1476462000,D:\intelligent_transportation\data\lstm_sources\public\kddcup2017_china_tollgate\kdd2017_china_tollgate_20min.csv:kdd2017_t2_d0#segment75,1,1.4000000000000057,1.4000000000000057,1.960000000000016
1476463200,D:\intelligent_transportation\data\lstm_sources\public\kddcup2017_china_tollgate\kdd2017_china_tollgate_20min.csv:kdd2017_t2_d0#segment75,1,-8.0,8.0,64.0
1476464400,D:\intelligent_transportation\data\lstm_sources\public\kddcup2017_china_tollgate\kdd2017_china_tollgate_20min.csv:kdd2017_t2_d0#segment75,1,-13.200000000000003,13.200000000000003,174.24000000000007
1476465600,D:\intelligent_transportation\data\lstm_sources\public\kddcup2017_china_tollgate\kdd2017_china_tollgate_20min.csv:kdd2017_t2_d0#segment75,1,6.0,6.0,36.0
1476466800,D:\intelligent_transportation\data\lstm_sources\public\kddcup2017_china_tollgate\kdd2017_china_tollgate_20min.csv:kdd2017_t2_d0#segment75,1,-13.799999999999997,13.799999999999997,190.4399999999999
1476468000,D:\intelligent_transportation\data\lstm_sources\public\kddcup2017_china_tollgate\kdd2017_china_tollgate_20min.csv:kdd2017_t2_d0#segment75,1,-17.200000000000003,17.200000000000003,295.8400000000001
1476469200,D:\intelligent_transportation\data\lstm_sources\public\kddcup2017_china_tollgate\kdd2017_china_tollgate_20min.csv:kdd2017_t2_d0#segment75,1,5.400000000000006,5.400000000000006,29.16000000000006
1476470400,D:\intelligent_transportation\data\lstm_sources\public\kddcup2017_china_tollgate\kdd2017_china_tollgate_20min.csv:kdd2017_t2_d0#segment75,1,-15.0,15.0,225.0
1476471600,D:\intelligent_transportation\data\lstm_sources\public\kddcup2017_china_tollgate\kdd2017_china_tollgate_20min.csv:kdd2017_t2_d0#segment75,1,-28.200000000000003,28.200000000000003,795.2400000000001
1476472800,D:\intelligent_transportation\data\lstm_sources\public\kddcup2017_china_tollgate\kdd2017_china_tollgate_20min.csv:kdd2017_t2_d0#segment75,1,-20.200000000000003,20.200000000000003,408.04000000000013
1476474000,D:\intelligent_transportation\data\lstm_sources\public\kddcup2017_china_tollgate\kdd2017_china_tollgate_20min.csv:kdd2017_t2_d0#segment75,1,-17.799999999999997,17.799999999999997,316.8399999999999
1476475200,D:\intelligent_transportation\data\lstm_sources\public\kddcup2017_china_tollgate\kdd2017_china_tollgate_20min.csv:kdd2017_t2_d0#segment75,1,-14.399999999999999,14.399999999999999,207.35999999999996
1476476400,D:\intelligent_transportation\data\lstm_sources\public\kddcup2017_china_tollgate\kdd2017_china_tollgate_20min.csv:kdd2017_t2_d0#segment75,1,-19.200000000000003,19.200000000000003,368.6400000000001
1476477600,D:\intelligent_transportation\data\lstm_sources\public\kddcup2017_china_tollgate\kdd2017_china_tollgate_20min.csv:kdd2017_t2_d0#segment75,1,-9.399999999999999,9.399999999999999,88.35999999999997
1476478800,D:\intelligent_transportation\data\lstm_sources\public\kddcup2017_china_tollgate\kdd2017_china_tollgate_20min.csv:kdd2017_t2_d0#segment75,1,-20.4,20.4,416.15999999999997
1476480000,D:\intelligent_transportation\data\lstm_sources\public\kddcup2017_china_tollgate\kdd2017_china_tollgate_20min.csv:kdd2017_t2_d0#segment75,1,-9.799999999999997,9.799999999999997,96.03999999999995
1476481200,D:\intelligent_transportation\data\lstm_sources\public\kddcup2017_china_tollgate\kdd2017_china_tollgate_20min.csv:kdd2017_t2_d0#segment75,1,2.200000000000003,2.200000000000003,4.840000000000012
1476482400,D:\intelligent_transportation\data\lstm_sources\public\kddcup2017_china_tollgate\kdd2017_china_tollgate_20min.csv:kdd2017_t2_d0#segment75,1,-7.600000000000001,7.600000000000001,57.76000000000002
1476483600,D:\intelligent_transportation\data\lstm_sources\public\kddcup2017_china_tollgate\kdd2017_china_tollgate_20min.csv:kdd2017_t2_d0#segment75,1,-6.600000000000001,6.600000000000001,43.56000000000002
1476484800,D:\intelligent_transportation\data\lstm_sources\public\kddcup2017_china_tollgate\kdd2017_china_tollgate_20min.csv:kdd2017_t2_d0#segment75,1,-6.800000000000001,6.800000000000001,46.24000000000001
1476486000,D:\intelligent_transportation\data\lstm_sources\public\kddcup2017_china_tollgate\kdd2017_china_tollgate_20min.csv:kdd2017_t2_d0#segment75,1,-19.2,19.2,368.64
1476487200,D:\intelligent_transportation\data\lstm_sources\public\kddcup2017_china_tollgate\kdd2017_china_tollgate_20min.csv:kdd2017_t2_d0#segment75,1,-11.0,11.0,121.0
1476488400,D:\intelligent_transportation\data\lstm_sources\public\kddcup2017_china_tollgate\kdd2017_china_tollgate_20min.csv:kdd2017_t2_d0#segment75,1,-11.0,11.0,121.0
1476489600,D:\intelligent_transportation\data\lstm_sources\public\kddcup2017_china_tollgate\kdd2017_china_tollgate_20min.csv:kdd2017_t2_d0#segment75,1,-11.4,11.4,129.96
1476490800,D:\intelligent_transportation\data\lstm_sources\public\kddcup2017_china_tollgate\kdd2017_china_tollgate_20min.csv:kdd2017_t2_d0#segment75,1,-8.2,8.2,67.24
1476492000,D:\intelligent_transportation\data\lstm_sources\public\kddcup2017_china_tollgate\kdd2017_china_tollgate_20min.csv:kdd2017_t2_d0#segment75,1,-5.4,5.4,29.160000000000004
1476493200,D:\intelligent_transportation\data\lstm_sources\public\kddcup2017_china_tollgate\kdd2017_china_tollgate_20min.csv:kdd2017_t2_d0#segment75,1,-4.0,4.0,16.0
1476494400,D:\intelligent_transportation\data\lstm_sources\public\kddcup2017_china_tollgate\kdd2017_china_tollgate_20min.csv:kdd2017_t2_d0#segment75,1,-1.7999999999999998,1.7999999999999998,3.2399999999999993
1476495600,D:\intelligent_transportation\data\lstm_sources\public\kddcup2017_china_tollgate\kdd2017_china_tollgate_20min.csv:kdd2017_t2_d0#segment75,1,0.3999999999999999,0.3999999999999999,0.15999999999999992
1476512400,D:\intelligent_transportation\data\lstm_sources\public\kddcup2017_china_tollgate\kdd2017_china_tollgate_20min.csv:kdd2017_t2_d0#segment78,1,-1.8000000000000007,1.8000000000000007,3.2400000000000024
1476523200,D:\intelligent_transportation\data\lstm_sources\public\kddcup2017_china_tollgate\kdd2017_china_tollgate_20min.csv:kdd2017_t2_d0#segment79,1,21.799999999999997,21.799999999999997,475.2399999999999
1476524400,D:\intelligent_transportation\data\lstm_sources\public\kddcup2017_china_tollgate\kdd2017_china_tollgate_20min.csv:kdd2017_t2_d0#segment79,1,-15.799999999999997,15.799999999999997,249.6399999999999
1476525600,D:\intelligent_transportation\data\lstm_sources\public\kddcup2017_china_tollgate\kdd2017_china_tollgate_20min.csv:kdd2017_t2_d0#segment79,1,1.4000000000000057,1.4000000000000057,1.960000000000016
1476526800,D:\intelligent_transportation\data\lstm_sources\public\kddcup2017_china_tollgate\kdd2017_china_tollgate_20min.csv:kdd2017_t2_d0#segment79,1,2.799999999999997,2.799999999999997,7.839999999999984
1476528000,D:\intelligent_transportation\data\lstm_sources\public\kddcup2017_china_tollgate\kdd2017_china_tollgate_20min.csv:kdd2017_t2_d0#segment79,1,-8.799999999999997,8.799999999999997,77.43999999999996
1476529200,D:\intelligent_transportation\data\lstm_sources\public\kddcup2017_china_tollgate\kdd2017_china_tollgate_20min.csv:kdd2017_t2_d0#segment79,1,-31.400000000000006,31.400000000000006,985.9600000000004
1476530400,D:\intelligent_transportation\data\lstm_sources\public\kddcup2017_china_tollgate\kdd2017_china_tollgate_20min.csv:kdd2017_t2_d0#segment79,1,-23.0,23.0,529.0
1476531600,D:\intelligent_transportation\data\lstm_sources\public\kddcup2017_china_tollgate\kdd2017_china_tollgate_20min.csv:kdd2017_t2_d0#segment79,1,-37.2,37.2,1383.8400000000001
1476532800,D:\intelligent_transportation\data\lstm_sources\public\kddcup2017_china_tollgate\kdd2017_china_tollgate_20min.csv:kdd2017_t2_d0#segment79,1,-22.599999999999994,22.599999999999994,510.75999999999976
1476534000,D:\intelligent_transportation\data\lstm_sources\public\kddcup2017_china_tollgate\kdd2017_china_tollgate_20min.csv:kdd2017_t2_d0#segment79,1,10.200000000000003,10.200000000000003,104.04000000000006
1476535200,D:\intelligent_transportation\data\lstm_sources\public\kddcup2017_china_tollgate\kdd2017_china_tollgate_20min.csv:kdd2017_t2_d0#segment79,1,6.400000000000006,6.400000000000006,40.96000000000007
1476536400,D:\intelligent_transportation\data\lstm_sources\public\kddcup2017_china_tollgate\kdd2017_china_tollgate_20min.csv:kdd2017_t2_d0#segment79,1,13.200000000000003,13.200000000000003,174.24000000000007
1476537600,D:\intelligent_transportation\data\lstm_sources\public\kddcup2017_china_tollgate\kdd2017_china_tollgate_20min.csv:kdd2017_t2_d0#segment79,1,16.400000000000006,16.400000000000006,268.9600000000002
1476538800,D:\intelligent_transportation\data\lstm_sources\public\kddcup2017_china_tollgate\kdd2017_china_tollgate_20min.csv:kdd2017_t2_d0#segment79,1,13.0,13.0,169.0
1476540000,D:\intelligent_transportation\data\lstm_sources\public\kddcup2017_china_tollgate\kdd2017_china_tollgate_20min.csv:kdd2017_t2_d0#segment79,1,-7.200000000000003,7.200000000000003,51.84000000000004
1476541200,D:\intelligent_transportation\data\lstm_sources\public\kddcup2017_china_tollgate\kdd2017_china_tollgate_20min.csv:kdd2017_t2_d0#segment79,1,3.0,3.0,9.0
1476542400,D:\intelligent_transportation\data\lstm_sources\public\kddcup2017_china_tollgate\kdd2017_china_tollgate_20min.csv:kdd2017_t2_d0#segment79,1,-27.0,27.0,729.0
1476543600,D:\intelligent_transportation\data\lstm_sources\public\kddcup2017_china_tollgate\kdd2017_china_tollgate_20min.csv:kdd2017_t2_d0#segment79,1,-10.0,10.0,100.0
1476544800,D:\intelligent_transportation\data\lstm_sources\public\kddcup2017_china_tollgate\kdd2017_china_tollgate_20min.csv:kdd2017_t2_d0#segment79,1,3.5999999999999943,3.5999999999999943,12.959999999999958
1476546000,D:\intelligent_transportation\data\lstm_sources\public\kddcup2017_china_tollgate\kdd2017_china_tollgate_20min.csv:kdd2017_t2_d0#segment79,1,11.799999999999997,11.799999999999997,139.23999999999992
1476547200,D:\intelligent_transportation\data\lstm_sources\public\kddcup2017_china_tollgate\kdd2017_china_tollgate_20min.csv:kdd2017_t2_d0#segment79,1,7.0,7.0,49.0
1476548400,D:\intelligent_transportation\data\lstm_sources\public\kddcup2017_china_tollgate\kdd2017_china_tollgate_20min.csv:kdd2017_t2_d0#segment79,1,1.5999999999999943,1.5999999999999943,2.559999999999982
1476549600,D:\intelligent_transportation\data\lstm_sources\public\kddcup2017_china_tollgate\kdd2017_china_tollgate_20min.csv:kdd2017_t2_d0#segment79,1,9.799999999999997,9.799999999999997,96.03999999999995
1476550800,D:\intelligent_transportation\data\lstm_sources\public\kddcup2017_china_tollgate\kdd2017_china_tollgate_20min.csv:kdd2017_t2_d0#segment79,1,-13.0,13.0,169.0
1476552000,D:\intelligent_transportation\data\lstm_sources\public\kddcup2017_china_tollgate\kdd2017_china_tollgate_20min.csv:kdd2017_t2_d0#segment79,1,1.0,1.0,1.0
1476553200,D:\intelligent_transportation\data\lstm_sources\public\kddcup2017_china_tollgate\kdd2017_china_tollgate_20min.csv:kdd2017_t2_d0#segment79,1,-32.2,32.2,1036.8400000000001
1476554400,D:\intelligent_transportation\data\lstm_sources\public\kddcup2017_china_tollgate\kdd2017_china_tollgate_20min.csv:kdd2017_t2_d0#segment79,1,-34.2,34.2,1169.64
1476555600,D:\intelligent_transportation\data\lstm_sources\public\kddcup2017_china_tollgate\kdd2017_china_tollgate_20min.csv:kdd2017_t2_d0#segment79,1,-32.599999999999994,32.599999999999994,1062.7599999999995
1476556800,D:\intelligent_transportation\data\lstm_sources\public\kddcup2017_china_tollgate\kdd2017_china_tollgate_20min.csv:kdd2017_t2_d0#segment79,1,-19.4,19.4,376.35999999999996
1476558000,D:\intelligent_transportation\data\lstm_sources\public\kddcup2017_china_tollgate\kdd2017_china_tollgate_20min.csv:kdd2017_t2_d0#segment79,1,-9.399999999999999,9.399999999999999,88.35999999999997
1476559200,D:\intelligent_transportation\data\lstm_sources\public\kddcup2017_china_tollgate\kdd2017_china_tollgate_20min.csv:kdd2017_t2_d0#segment79,1,-3.6000000000000014,3.6000000000000014,12.96000000000001
1476560400,D:\intelligent_transportation\data\lstm_sources\public\kddcup2017_china_tollgate\kdd2017_china_tollgate_20min.csv:kdd2017_t2_d0#segment79,1,-4.0,4.0,16.0
1476561600,D:\intelligent_transportation\data\lstm_sources\public\kddcup2017_china_tollgate\kdd2017_china_tollgate_20min.csv:kdd2017_t2_d0#segment79,1,-0.6000000000000014,0.6000000000000014,0.3600000000000017
1476562800,D:\intelligent_transportation\data\lstm_sources\public\kddcup2017_china_tollgate\kdd2017_china_tollgate_20min.csv:kdd2017_t2_d0#segment79,1,13.200000000000003,13.200000000000003,174.24000000000007
1476564000,D:\intelligent_transportation\data\lstm_sources\public\kddcup2017_china_tollgate\kdd2017_china_tollgate_20min.csv:kdd2017_t2_d0#segment79,1,-7.399999999999999,7.399999999999999,54.75999999999998
1476565200,D:\intelligent_transportation\data\lstm_sources\public\kddcup2017_china_tollgate\kdd2017_china_tollgate_20min.csv:kdd2017_t2_d0#segment79,1,-11.799999999999997,11.799999999999997,139.23999999999992
1476566400,D:\intelligent_transportation\data\lstm_sources\public\kddcup2017_china_tollgate\kdd2017_china_tollgate_20min.csv:kdd2017_t2_d0#segment79,1,-14.600000000000001,14.600000000000001,213.16000000000005
1476567600,D:\intelligent_transportation\data\lstm_sources\public\kddcup2017_china_tollgate\kdd2017_china_tollgate_20min.csv:kdd2017_t2_d0#segment79,1,-7.0,7.0,49.0
1476568800,D:\intelligent_transportation\data\lstm_sources\public\kddcup2017_china_tollgate\kdd2017_china_tollgate_20min.csv:kdd2017_t2_d0#segment79,1,-15.0,15.0,225.0
1476570000,D:\intelligent_transportation\data\lstm_sources\public\kddcup2017_china_tollgate\kdd2017_china_tollgate_20min.csv:kdd2017_t2_d0#segment79,1,-14.2,14.2,201.64
1476571200,D:\intelligent_transportation\data\lstm_sources\public\kddcup2017_china_tollgate\kdd2017_china_tollgate_20min.csv:kdd2017_t2_d0#segment79,1,-8.8,8.8,77.44000000000001
1476572400,D:\intelligent_transportation\data\lstm_sources\public\kddcup2017_china_tollgate\kdd2017_china_tollgate_20min.csv:kdd2017_t2_d0#segment79,1,-10.8,10.8,116.64000000000001
1476573600,D:\intelligent_transportation\data\lstm_sources\public\kddcup2017_china_tollgate\kdd2017_china_tollgate_20min.csv:kdd2017_t2_d0#segment79,1,-5.800000000000001,5.800000000000001,33.64000000000001
1476574800,D:\intelligent_transportation\data\lstm_sources\public\kddcup2017_china_tollgate\kdd2017_china_tollgate_20min.csv:kdd2017_t2_d0#segment79,1,-3.1999999999999993,3.1999999999999993,10.239999999999995
1476576000,D:\intelligent_transportation\data\lstm_sources\public\kddcup2017_china_tollgate\kdd2017_china_tollgate_20min.csv:kdd2017_t2_d0#segment79,1,-6.4,6.4,40.96000000000001
1476601200,D:\intelligent_transportation\data\lstm_sources\public\kddcup2017_china_tollgate\kdd2017_china_tollgate_20min.csv:kdd2017_t2_d0#segment82,1,18.2,18.2,331.23999999999995
1476602400,D:\intelligent_transportation\data\lstm_sources\public\kddcup2017_china_tollgate\kdd2017_china_tollgate_20min.csv:kdd2017_t2_d0#segment82,1,41.0,41.0,1681.0
1476603600,D:\intelligent_transportation\data\lstm_sources\public\kddcup2017_china_tollgate\kdd2017_china_tollgate_20min.csv:kdd2017_t2_d0#segment82,1,20.200000000000003,20.200000000000003,408.04000000000013
1476604800,D:\intelligent_transportation\data\lstm_sources\public\kddcup2017_china_tollgate\kdd2017_china_tollgate_20min.csv:kdd2017_t2_d0#segment82,1,34.0,34.0,1156.0
1476606000,D:\intelligent_transportation\data\lstm_sources\public\kddcup2017_china_tollgate\kdd2017_china_tollgate_20min.csv:kdd2017_t2_d0#segment82,1,35.6,35.6,1267.3600000000001
1476607200,D:\intelligent_transportation\data\lstm_sources\public\kddcup2017_china_tollgate\kdd2017_china_tollgate_20min.csv:kdd2017_t2_d0#segment82,1,31.0,31.0,961.0
1476608400,D:\intelligent_transportation\data\lstm_sources\public\kddcup2017_china_tollgate\kdd2017_china_tollgate_20min.csv:kdd2017_t2_d0#segment82,1,15.200000000000003,15.200000000000003,231.04000000000008
1476609600,D:\intelligent_transportation\data\lstm_sources\public\kddcup2017_china_tollgate\kdd2017_china_tollgate_20min.csv:kdd2017_t2_d0#segment82,1,22.0,22.0,484.0
1476610800,D:\intelligent_transportation\data\lstm_sources\public\kddcup2017_china_tollgate\kdd2017_china_tollgate_20min.csv:kdd2017_t2_d0#segment82,1,-7.799999999999997,7.799999999999997,60.839999999999954
1476612000,D:\intelligent_transportation\data\lstm_sources\public\kddcup2017_china_tollgate\kdd2017_china_tollgate_20min.csv:kdd2017_t2_d0#segment82,1,-6.0,6.0,36.0
1476613200,D:\intelligent_transportation\data\lstm_sources\public\kddcup2017_china_tollgate\kdd2017_china_tollgate_20min.csv:kdd2017_t2_d0#segment82,1,-20.599999999999994,20.599999999999994,424.3599999999998
1476614400,D:\intelligent_transportation\data\lstm_sources\public\kddcup2017_china_tollgate\kdd2017_china_tollgate_20min.csv:kdd2017_t2_d0#segment82,1,6.200000000000003,6.200000000000003,38.44000000000003
1476615600,D:\intelligent_transportation\data\lstm_sources\public\kddcup2017_china_tollgate\kdd2017_china_tollgate_20min.csv:kdd2017_t2_d0#segment82,1,-24.200000000000003,24.200000000000003,585.6400000000001
1476616800,D:\intelligent_transportation\data\lstm_sources\public\kddcup2017_china_tollgate\kdd2017_china_tollgate_20min.csv:kdd2017_t2_d0#segment82,1,-3.200000000000003,3.200000000000003,10.240000000000018
1476618000,D:\intelligent_transportation\data\lstm_sources\public\kddcup2017_china_tollgate\kdd2017_china_tollgate_20min.csv:kdd2017_t2_d0#segment82,1,-24.799999999999997,24.799999999999997,615.0399999999998
1476619200,D:\intelligent_transportation\data\lstm_sources\public\kddcup2017_china_tollgate\kdd2017_china_tollgate_20min.csv:kdd2017_t2_d0#segment82,1,-7.200000000000003,7.200000000000003,51.84000000000004
1476620400,D:\intelligent_transportation\data\lstm_sources\public\kddcup2017_china_tollgate\kdd2017_china_tollgate_20min.csv:kdd2017_t2_d0#segment82,1,-5.799999999999997,5.799999999999997,33.639999999999965
1476621600,D:\intelligent_transportation\data\lstm_sources\public\kddcup2017_china_tollgate\kdd2017_china_tollgate_20min.csv:kdd2017_t2_d0#segment82,1,-5.0,5.0,25.0
1476622800,D:\intelligent_transportation\data\lstm_sources\public\kddcup2017_china_tollgate\kdd2017_china_tollgate_20min.csv:kdd2017_t2_d0#segment82,1,11.799999999999997,11.799999999999997,139.23999999999992
1476624000,D:\intelligent_transportation\data\lstm_sources\public\kddcup2017_china_tollgate\kdd2017_china_tollgate_20min.csv:kdd2017_t2_d0#segment82,1,-6.0,6.0,36.0
1476625200,D:\intelligent_transportation\data\lstm_sources\public\kddcup2017_china_tollgate\kdd2017_china_tollgate_20min.csv:kdd2017_t2_d0#segment82,1,22.200000000000003,22.200000000000003,492.84000000000015
1476626400,D:\intelligent_transportation\data\lstm_sources\public\kddcup2017_china_tollgate\kdd2017_china_tollgate_20min.csv:kdd2017_t2_d0#segment82,1,-6.200000000000003,6.200000000000003,38.44000000000003
1476627600,D:\intelligent_transportation\data\lstm_sources\public\kddcup2017_china_tollgate\kdd2017_china_tollgate_20min.csv:kdd2017_t2_d0#segment82,1,9.200000000000003,9.200000000000003,84.64000000000006
1476628800,D:\intelligent_transportation\data\lstm_sources\public\kddcup2017_china_tollgate\kdd2017_china_tollgate_20min.csv:kdd2017_t2_d0#segment82,1,-12.400000000000006,12.400000000000006,153.76000000000013
1476630000,D:\intelligent_transportation\data\lstm_sources\public\kddcup2017_china_tollgate\kdd2017_china_tollgate_20min.csv:kdd2017_t2_d0#segment82,1,5.799999999999997,5.799999999999997,33.639999999999965
1476631200,D:\intelligent_transportation\data\lstm_sources\public\kddcup2017_china_tollgate\kdd2017_china_tollgate_20min.csv:kdd2017_t2_d0#segment82,1,10.400000000000006,10.400000000000006,108.16000000000012
1476632400,D:\intelligent_transportation\data\lstm_sources\public\kddcup2017_china_tollgate\kdd2017_china_tollgate_20min.csv:kdd2017_t2_d0#segment82,1,-5.799999999999997,5.799999999999997,33.639999999999965
1476633600,D:\intelligent_transportation\data\lstm_sources\public\kddcup2017_china_tollgate\kdd2017_china_tollgate_20min.csv:kdd2017_t2_d0#segment82,1,8.599999999999994,8.599999999999994,73.95999999999991
1476634800,D:\intelligent_transportation\data\lstm_sources\public\kddcup2017_china_tollgate\kdd2017_china_tollgate_20min.csv:kdd2017_t2_d0#segment82,1,22.0,22.0,484.0
1476636000,D:\intelligent_transportation\data\lstm_sources\public\kddcup2017_china_tollgate\kdd2017_china_tollgate_20min.csv:kdd2017_t2_d0#segment82,1,-12.0,12.0,144.0
1476637200,D:\intelligent_transportation\data\lstm_sources\public\kddcup2017_china_tollgate\kdd2017_china_tollgate_20min.csv:kdd2017_t2_d0#segment82,1,0.4000000000000057,0.4000000000000057,0.16000000000000456
1476638400,D:\intelligent_transportation\data\lstm_sources\public\kddcup2017_china_tollgate\kdd2017_china_tollgate_20min.csv:kdd2017_t2_d0#segment82,1,-15.799999999999997,15.799999999999997,249.6399999999999
1476639600,D:\intelligent_transportation\data\lstm_sources\public\kddcup2017_china_tollgate\kdd2017_china_tollgate_20min.csv:kdd2017_t2_d0#segment82,1,-6.0,6.0,36.0
1476640800,D:\intelligent_transportation\data\lstm_sources\public\kddcup2017_china_tollgate\kdd2017_china_tollgate_20min.csv:kdd2017_t2_d0#segment82,1,-32.0,32.0,1024.0
1476642000,D:\intelligent_transportation\data\lstm_sources\public\kddcup2017_china_tollgate\kdd2017_china_tollgate_20min.csv:kdd2017_t2_d0#segment82,1,-13.599999999999994,13.599999999999994,184.95999999999984
1476643200,D:\intelligent_transportation\data\lstm_sources\public\kddcup2017_china_tollgate\kdd2017_china_tollgate_20min.csv:kdd2017_t2_d0#segment82,1,-32.2,32.2,1036.8400000000001
1476644400,D:\intelligent_transportation\data\lstm_sources\public\kddcup2017_china_tollgate\kdd2017_china_tollgate_20min.csv:kdd2017_t2_d0#segment82,1,-10.200000000000003,10.200000000000003,104.04000000000006
1476645600,D:\intelligent_transportation\data\lstm_sources\public\kddcup2017_china_tollgate\kdd2017_china_tollgate_20min.csv:kdd2017_t2_d0#segment82,1,-15.0,15.0,225.0
1476646800,D:\intelligent_transportation\data\lstm_sources\public\kddcup2017_china_tollgate\kdd2017_china_tollgate_20min.csv:kdd2017_t2_d0#segment82,1,-4.200000000000003,4.200000000000003,17.640000000000025
1476648000,D:\intelligent_transportation\data\lstm_sources\public\kddcup2017_china_tollgate\kdd2017_china_tollgate_20min.csv:kdd2017_t2_d0#segment82,1,-9.600000000000001,9.600000000000001,92.16000000000003
1476649200,D:\intelligent_transportation\data\lstm_sources\public\kddcup2017_china_tollgate\kdd2017_china_tollgate_20min.csv:kdd2017_t2_d0#segment82,1,10.0,10.0,100.0
1476650400,D:\intelligent_transportation\data\lstm_sources\public\kddcup2017_china_tollgate\kdd2017_china_tollgate_20min.csv:kdd2017_t2_d0#segment82,1,-5.799999999999997,5.799999999999997,33.639999999999965
1476651600,D:\intelligent_transportation\data\lstm_sources\public\kddcup2017_china_tollgate\kdd2017_china_tollgate_20min.csv:kdd2017_t2_d0#segment82,1,-14.600000000000001,14.600000000000001,213.16000000000005
1476652800,D:\intelligent_transportation\data\lstm_sources\public\kddcup2017_china_tollgate\kdd2017_china_tollgate_20min.csv:kdd2017_t2_d0#segment82,1,-11.0,11.0,121.0
1476654000,D:\intelligent_transportation\data\lstm_sources\public\kddcup2017_china_tollgate\kdd2017_china_tollgate_20min.csv:kdd2017_t2_d0#segment82,1,-10.0,10.0,100.0
1476655200,D:\intelligent_transportation\data\lstm_sources\public\kddcup2017_china_tollgate\kdd2017_china_tollgate_20min.csv:kdd2017_t2_d0#segment82,1,-15.0,15.0,225.0
1476656400,D:\intelligent_transportation\data\lstm_sources\public\kddcup2017_china_tollgate\kdd2017_china_tollgate_20min.csv:kdd2017_t2_d0#segment82,1,-11.600000000000001,11.600000000000001,134.56000000000003
1476657600,D:\intelligent_transportation\data\lstm_sources\public\kddcup2017_china_tollgate\kdd2017_china_tollgate_20min.csv:kdd2017_t2_d0#segment82,1,-12.2,12.2,148.83999999999997
1476658800,D:\intelligent_transportation\data\lstm_sources\public\kddcup2017_china_tollgate\kdd2017_china_tollgate_20min.csv:kdd2017_t2_d0#segment82,1,-11.0,11.0,121.0
1476660000,D:\intelligent_transportation\data\lstm_sources\public\kddcup2017_china_tollgate\kdd2017_china_tollgate_20min.csv:kdd2017_t2_d0#segment82,1,-5.199999999999999,5.199999999999999,27.039999999999992
1476661200,D:\intelligent_transportation\data\lstm_sources\public\kddcup2017_china_tollgate\kdd2017_china_tollgate_20min.csv:kdd2017_t2_d0#segment82,1,-4.199999999999999,4.199999999999999,17.639999999999993
1476662400,D:\intelligent_transportation\data\lstm_sources\public\kddcup2017_china_tollgate\kdd2017_china_tollgate_20min.csv:kdd2017_t2_d0#segment82,1,-3.2,3.2,10.240000000000002
1476663600,D:\intelligent_transportation\data\lstm_sources\public\kddcup2017_china_tollgate\kdd2017_china_tollgate_20min.csv:kdd2017_t2_d0#segment82,1,-3.5999999999999996,3.5999999999999996,12.959999999999997
1476664800,D:\intelligent_transportation\data\lstm_sources\public\kddcup2017_china_tollgate\kdd2017_china_tollgate_20min.csv:kdd2017_t2_d0#segment82,1,0.3999999999999999,0.3999999999999999,0.15999999999999992
1476666000,D:\intelligent_transportation\data\lstm_sources\public\kddcup2017_china_tollgate\kdd2017_china_tollgate_20min.csv:kdd2017_t2_d0#segment82,1,-1.6,1.6,2.5600000000000005
1476667200,D:\intelligent_transportation\data\lstm_sources\public\kddcup2017_china_tollgate\kdd2017_china_tollgate_20min.csv:kdd2017_t2_d0#segment82,1,-1.7999999999999998,1.7999999999999998,3.2399999999999993
1476687600,D:\intelligent_transportation\data\lstm_sources\public\kddcup2017_china_tollgate\kdd2017_china_tollgate_20min.csv:kdd2017_t2_d0#segment85,1,50.0,50.0,2500.0
1476688800,D:\intelligent_transportation\data\lstm_sources\public\kddcup2017_china_tollgate\kdd2017_china_tollgate_20min.csv:kdd2017_t2_d0#segment85,1,78.0,78.0,6084.0
1476690000,D:\intelligent_transportation\data\lstm_sources\public\kddcup2017_china_tollgate\kdd2017_china_tollgate_20min.csv:kdd2017_t2_d0#segment85,1,51.599999999999994,51.599999999999994,2662.5599999999995
1476691200,D:\intelligent_transportation\data\lstm_sources\public\kddcup2017_china_tollgate\kdd2017_china_tollgate_20min.csv:kdd2017_t2_d0#segment85,1,45.0,45.0,2025.0
1476692400,D:\intelligent_transportation\data\lstm_sources\public\kddcup2017_china_tollgate\kdd2017_china_tollgate_20min.csv:kdd2017_t2_d0#segment85,1,31.0,31.0,961.0
1476693600,D:\intelligent_transportation\data\lstm_sources\public\kddcup2017_china_tollgate\kdd2017_china_tollgate_20min.csv:kdd2017_t2_d0#segment85,1,-9.200000000000003,9.200000000000003,84.64000000000006
1476694800,D:\intelligent_transportation\data\lstm_sources\public\kddcup2017_china_tollgate\kdd2017_china_tollgate_20min.csv:kdd2017_t2_d0#segment85,1,-9.200000000000003,9.200000000000003,84.64000000000006
1476696000,D:\intelligent_transportation\data\lstm_sources\public\kddcup2017_china_tollgate\kdd2017_china_tollgate_20min.csv:kdd2017_t2_d0#segment85,1,-19.0,19.0,361.0
1476697200,D:\intelligent_transportation\data\lstm_sources\public\kddcup2017_china_tollgate\kdd2017_china_tollgate_20min.csv:kdd2017_t2_d0#segment85,1,-26.599999999999994,26.599999999999994,707.5599999999997
1476698400,D:\intelligent_transportation\data\lstm_sources\public\kddcup2017_china_tollgate\kdd2017_china_tollgate_20min.csv:kdd2017_t2_d0#segment85,1,-44.8,44.8,2007.0399999999997
1476699600,D:\intelligent_transportation\data\lstm_sources\public\kddcup2017_china_tollgate\kdd2017_china_tollgate_20min.csv:kdd2017_t2_d0#segment85,1,-31.200000000000003,31.200000000000003,973.4400000000002
1476700800,D:\intelligent_transportation\data\lstm_sources\public\kddcup2017_china_tollgate\kdd2017_china_tollgate_20min.csv:kdd2017_t2_d0#segment85,1,-29.400000000000006,29.400000000000006,864.3600000000004
1476702000,D:\intelligent_transportation\data\lstm_sources\public\kddcup2017_china_tollgate\kdd2017_china_tollgate_20min.csv:kdd2017_t2_d0#segment85,1,-13.200000000000003,13.200000000000003,174.24000000000007
1476703200,D:\intelligent_transportation\data\lstm_sources\public\kddcup2017_china_tollgate\kdd2017_china_tollgate_20min.csv:kdd2017_t2_d0#segment85,1,-14.400000000000006,14.400000000000006,207.36000000000016
1476704400,D:\intelligent_transportation\data\lstm_sources\public\kddcup2017_china_tollgate\kdd2017_china_tollgate_20min.csv:kdd2017_t2_d0#segment85,1,-11.0,11.0,121.0
1476705600,D:\intelligent_transportation\data\lstm_sources\public\kddcup2017_china_tollgate\kdd2017_china_tollgate_20min.csv:kdd2017_t2_d0#segment85,1,8.0,8.0,64.0
1476706800,D:\intelligent_transportation\data\lstm_sources\public\kddcup2017_china_tollgate\kdd2017_china_tollgate_20min.csv:kdd2017_t2_d0#segment85,1,-4.200000000000003,4.200000000000003,17.640000000000025
1476708000,D:\intelligent_transportation\data\lstm_sources\public\kddcup2017_china_tollgate\kdd2017_china_tollgate_20min.csv:kdd2017_t2_d0#segment85,1,12.600000000000001,12.600000000000001,158.76000000000005
1476709200,D:\intelligent_transportation\data\lstm_sources\public\kddcup2017_china_tollgate\kdd2017_china_tollgate_20min.csv:kdd2017_t2_d0#segment85,1,3.200000000000003,3.200000000000003,10.240000000000018
1476710400,D:\intelligent_transportation\data\lstm_sources\public\kddcup2017_china_tollgate\kdd2017_china_tollgate_20min.csv:kdd2017_t2_d0#segment85,1,10.600000000000001,10.600000000000001,112.36000000000003
1476711600,D:\intelligent_transportation\data\lstm_sources\public\kddcup2017_china_tollgate\kdd2017_china_tollgate_20min.csv:kdd2017_t2_d0#segment85,1,1.4000000000000057,1.4000000000000057,1.960000000000016
1476712800,D:\intelligent_transportation\data\lstm_sources\public\kddcup2017_china_tollgate\kdd2017_china_tollgate_20min.csv:kdd2017_t2_d0#segment85,1,17.400000000000006,17.400000000000006,302.7600000000002
1476714000,D:\intelligent_transportation\data\lstm_sources\public\kddcup2017_china_tollgate\kdd2017_china_tollgate_20min.csv:kdd2017_t2_d0#segment85,1,1.7999999999999972,1.7999999999999972,3.2399999999999896
1476715200,D:\intelligent_transportation\data\lstm_sources\public\kddcup2017_china_tollgate\kdd2017_china_tollgate_20min.csv:kdd2017_t2_d0#segment85,1,-14.599999999999994,14.599999999999994,213.15999999999983
1476716400,D:\intelligent_transportation\data\lstm_sources\public\kddcup2017_china_tollgate\kdd2017_china_tollgate_20min.csv:kdd2017_t2_d0#segment85,1,-16.400000000000006,16.400000000000006,268.9600000000002
1476717600,D:\intelligent_transportation\data\lstm_sources\public\kddcup2017_china_tollgate\kdd2017_china_tollgate_20min.csv:kdd2017_t2_d0#segment85,1,18.200000000000003,18.200000000000003,331.2400000000001
1476718800,D:\intelligent_transportation\data\lstm_sources\public\kddcup2017_china_tollgate\kdd2017_china_tollgate_20min.csv:kdd2017_t2_d0#segment85,1,6.599999999999994,6.599999999999994,43.559999999999924
1476720000,D:\intelligent_transportation\data\lstm_sources\public\kddcup2017_china_tollgate\kdd2017_china_tollgate_20min.csv:kdd2017_t2_d0#segment85,1,-0.20000000000000284,0.20000000000000284,0.04000000000000114
1476721200,D:\intelligent_transportation\data\lstm_sources\public\kddcup2017_china_tollgate\kdd2017_china_tollgate_20min.csv:kdd2017_t2_d0#segment85,1,24.599999999999994,24.599999999999994,605.1599999999997
1476722400,D:\intelligent_transportation\data\lstm_sources\public\kddcup2017_china_tollgate\kdd2017_china_tollgate_20min.csv:kdd2017_t2_d0#segment85,1,-2.5999999999999943,2.5999999999999943,6.7599999999999705
1476723600,D:\intelligent_transportation\data\lstm_sources\public\kddcup2017_china_tollgate\kdd2017_china_tollgate_20min.csv:kdd2017_t2_d0#segment85,1,7.599999999999994,7.599999999999994,57.75999999999991
1476724800,D:\intelligent_transportation\data\lstm_sources\public\kddcup2017_china_tollgate\kdd2017_china_tollgate_20min.csv:kdd2017_t2_d0#segment85,1,4.200000000000003,4.200000000000003,17.640000000000025
1476726000,D:\intelligent_transportation\data\lstm_sources\public\kddcup2017_china_tollgate\kdd2017_china_tollgate_20min.csv:kdd2017_t2_d0#segment85,1,-22.200000000000003,22.200000000000003,492.84000000000015
1476727200,D:\intelligent_transportation\data\lstm_sources\public\kddcup2017_china_tollgate\kdd2017_china_tollgate_20min.csv:kdd2017_t2_d0#segment85,1,-22.200000000000003,22.200000000000003,492.84000000000015
1476728400,D:\intelligent_transportation\data\lstm_sources\public\kddcup2017_china_tollgate\kdd2017_china_tollgate_20min.csv:kdd2017_t2_d0#segment85,1,-18.0,18.0,324.0
1476729600,D:\intelligent_transportation\data\lstm_sources\public\kddcup2017_china_tollgate\kdd2017_china_tollgate_20min.csv:kdd2017_t2_d0#segment85,1,-14.200000000000003,14.200000000000003,201.64000000000007
1476730800,D:\intelligent_transportation\data\lstm_sources\public\kddcup2017_china_tollgate\kdd2017_china_tollgate_20min.csv:kdd2017_t2_d0#segment85,1,-22.6,22.6,510.76000000000005
1476732000,D:\intelligent_transportation\data\lstm_sources\public\kddcup2017_china_tollgate\kdd2017_china_tollgate_20min.csv:kdd2017_t2_d0#segment85,1,-3.6000000000000014,3.6000000000000014,12.96000000000001
1476733200,D:\intelligent_transportation\data\lstm_sources\public\kddcup2017_china_tollgate\kdd2017_china_tollgate_20min.csv:kdd2017_t2_d0#segment85,1,-23.6,23.6,556.96
1476734400,D:\intelligent_transportation\data\lstm_sources\public\kddcup2017_china_tollgate\kdd2017_china_tollgate_20min.csv:kdd2017_t2_d0#segment85,1,-14.600000000000001,14.600000000000001,213.16000000000005
1476735600,D:\intelligent_transportation\data\lstm_sources\public\kddcup2017_china_tollgate\kdd2017_china_tollgate_20min.csv:kdd2017_t2_d0#segment85,1,-5.799999999999997,5.799999999999997,33.639999999999965
1476736800,D:\intelligent_transportation\data\lstm_sources\public\kddcup2017_china_tollgate\kdd2017_china_tollgate_20min.csv:kdd2017_t2_d0#segment85,1,-8.799999999999997,8.799999999999997,77.43999999999996
1476738000,D:\intelligent_transportation\data\lstm_sources\public\kddcup2017_china_tollgate\kdd2017_china_tollgate_20min.csv:kdd2017_t2_d0#segment85,1,-4.399999999999999,4.399999999999999,19.35999999999999
1476739200,D:\intelligent_transportation\data\lstm_sources\public\kddcup2017_china_tollgate\kdd2017_china_tollgate_20min.csv:kdd2017_t2_d0#segment85,1,-8.399999999999999,8.399999999999999,70.55999999999997
1476740400,D:\intelligent_transportation\data\lstm_sources\public\kddcup2017_china_tollgate\kdd2017_china_tollgate_20min.csv:kdd2017_t2_d0#segment85,1,-10.2,10.2,104.03999999999999
1476741600,D:\intelligent_transportation\data\lstm_sources\public\kddcup2017_china_tollgate\kdd2017_china_tollgate_20min.csv:kdd2017_t2_d0#segment85,1,-3.8000000000000007,3.8000000000000007,14.440000000000005
1476742800,D:\intelligent_transportation\data\lstm_sources\public\kddcup2017_china_tollgate\kdd2017_china_tollgate_20min.csv:kdd2017_t2_d0#segment85,1,-1.3999999999999986,1.3999999999999986,1.959999999999996
1476744000,D:\intelligent_transportation\data\lstm_sources\public\kddcup2017_china_tollgate\kdd2017_china_tollgate_20min.csv:kdd2017_t2_d0#segment85,1,1.6000000000000014,1.6000000000000014,2.5600000000000045
1476745200,D:\intelligent_transportation\data\lstm_sources\public\kddcup2017_china_tollgate\kdd2017_china_tollgate_20min.csv:kdd2017_t2_d0#segment85,1,-11.399999999999999,11.399999999999999,129.95999999999998
1476746400,D:\intelligent_transportation\data\lstm_sources\public\kddcup2017_china_tollgate\kdd2017_china_tollgate_20min.csv:kdd2017_t2_d0#segment85,1,-8.2,8.2,67.24
1476747600,D:\intelligent_transportation\data\lstm_sources\public\kddcup2017_china_tollgate\kdd2017_china_tollgate_20min.csv:kdd2017_t2_d0#segment85,1,1.1999999999999993,1.1999999999999993,1.4399999999999984
1476379200,D:\intelligent_transportation\data\lstm_sources\public\kddcup2017_china_tollgate\kdd2017_china_tollgate_20min.csv:kdd2017_t3_d0#segment3,1,-2.799999999999997,2.799999999999997,7.839999999999984
1476380400,D:\intelligent_transportation\data\lstm_sources\public\kddcup2017_china_tollgate\kdd2017_china_tollgate_20min.csv:kdd2017_t3_d0#segment3,1,-10.599999999999994,10.599999999999994,112.35999999999989
1476381600,D:\intelligent_transportation\data\lstm_sources\public\kddcup2017_china_tollgate\kdd2017_china_tollgate_20min.csv:kdd2017_t3_d0#segment3,1,-35.2,35.2,1239.0400000000002
1476382800,D:\intelligent_transportation\data\lstm_sources\public\kddcup2017_china_tollgate\kdd2017_china_tollgate_20min.csv:kdd2017_t3_d0#segment3,1,-47.599999999999994,47.599999999999994,2265.7599999999993
1476384000,D:\intelligent_transportation\data\lstm_sources\public\kddcup2017_china_tollgate\kdd2017_china_tollgate_20min.csv:kdd2017_t3_d0#segment3,1,-37.8,37.8,1428.8399999999997
1476385200,D:\intelligent_transportation\data\lstm_sources\public\kddcup2017_china_tollgate\kdd2017_china_tollgate_20min.csv:kdd2017_t3_d0#segment3,1,-42.8,42.8,1831.8399999999997
1476386400,D:\intelligent_transportation\data\lstm_sources\public\kddcup2017_china_tollgate\kdd2017_china_tollgate_20min.csv:kdd2017_t3_d0#segment3,1,-26.0,26.0,676.0
1476387600,D:\intelligent_transportation\data\lstm_sources\public\kddcup2017_china_tollgate\kdd2017_china_tollgate_20min.csv:kdd2017_t3_d0#segment3,1,-13.599999999999994,13.599999999999994,184.95999999999984
1476388800,D:\intelligent_transportation\data\lstm_sources\public\kddcup2017_china_tollgate\kdd2017_china_tollgate_20min.csv:kdd2017_t3_d0#segment3,1,8.0,8.0,64.0
1476390000,D:\intelligent_transportation\data\lstm_sources\public\kddcup2017_china_tollgate\kdd2017_china_tollgate_20min.csv:kdd2017_t3_d0#segment3,1,-9.0,9.0,81.0
1476391200,D:\intelligent_transportation\data\lstm_sources\public\kddcup2017_china_tollgate\kdd2017_china_tollgate_20min.csv:kdd2017_t3_d0#segment3,1,-18.6,18.6,345.96000000000004
1476392400,D:\intelligent_transportation\data\lstm_sources\public\kddcup2017_china_tollgate\kdd2017_china_tollgate_20min.csv:kdd2017_t3_d0#segment3,1,-12.600000000000001,12.600000000000001,158.76000000000005
1476393600,D:\intelligent_transportation\data\lstm_sources\public\kddcup2017_china_tollgate\kdd2017_china_tollgate_20min.csv:kdd2017_t3_d0#segment3,1,-15.799999999999997,15.799999999999997,249.6399999999999
1476394800,D:\intelligent_transportation\data\lstm_sources\public\kddcup2017_china_tollgate\kdd2017_china_tollgate_20min.csv:kdd2017_t3_d0#segment3,1,-15.799999999999997,15.799999999999997,249.6399999999999
1476396000,D:\intelligent_transportation\data\lstm_sources\public\kddcup2017_china_tollgate\kdd2017_china_tollgate_20min.csv:kdd2017_t3_d0#segment3,1,-12.200000000000003,12.200000000000003,148.84000000000006
1476397200,D:\intelligent_transportation\data\lstm_sources\public\kddcup2017_china_tollgate\kdd2017_china_tollgate_20min.csv:kdd2017_t3_d0#segment3,1,-8.399999999999999,8.399999999999999,70.55999999999997
1476398400,D:\intelligent_transportation\data\lstm_sources\public\kddcup2017_china_tollgate\kdd2017_china_tollgate_20min.csv:kdd2017_t3_d0#segment3,1,-11.0,11.0,121.0
1476399600,D:\intelligent_transportation\data\lstm_sources\public\kddcup2017_china_tollgate\kdd2017_china_tollgate_20min.csv:kdd2017_t3_d0#segment3,1,-20.0,20.0,400.0
1476400800,D:\intelligent_transportation\data\lstm_sources\public\kddcup2017_china_tollgate\kdd2017_china_tollgate_20min.csv:kdd2017_t3_d0#segment3,1,-3.6000000000000014,3.6000000000000014,12.96000000000001
1476402000,D:\intelligent_transportation\data\lstm_sources\public\kddcup2017_china_tollgate\kdd2017_china_tollgate_20min.csv:kdd2017_t3_d0#segment3,1,-0.1999999999999993,0.1999999999999993,0.039999999999999716
1476403200,D:\intelligent_transportation\data\lstm_sources\public\kddcup2017_china_tollgate\kdd2017_china_tollgate_20min.csv:kdd2017_t3_d0#segment3,1,1.1999999999999993,1.1999999999999993,1.4399999999999984
1476404400,D:\intelligent_transportation\data\lstm_sources\public\kddcup2017_china_tollgate\kdd2017_china_tollgate_20min.csv:kdd2017_t3_d0#segment3,1,2.4000000000000004,2.4000000000000004,5.760000000000002
1476405600,D:\intelligent_transportation\data\lstm_sources\public\kddcup2017_china_tollgate\kdd2017_china_tollgate_20min.csv:kdd2017_t3_d0#segment3,1,4.6,4.6,21.159999999999997
1476406800,D:\intelligent_transportation\data\lstm_sources\public\kddcup2017_china_tollgate\kdd2017_china_tollgate_20min.csv:kdd2017_t3_d0#segment3,1,5.800000000000001,5.800000000000001,33.64000000000001
1476408000,D:\intelligent_transportation\data\lstm_sources\public\kddcup2017_china_tollgate\kdd2017_china_tollgate_20min.csv:kdd2017_t3_d0#segment3,1,-1.6000000000000014,1.6000000000000014,2.5600000000000045
1476409200,D:\intelligent_transportation\data\lstm_sources\public\kddcup2017_china_tollgate\kdd2017_china_tollgate_20min.csv:kdd2017_t3_d0#segment3,1,-2.6000000000000014,2.6000000000000014,6.760000000000008
1476410400,D:\intelligent_transportation\data\lstm_sources\public\kddcup2017_china_tollgate\kdd2017_china_tollgate_20min.csv:kdd2017_t3_d0#segment3,1,-5.399999999999999,5.399999999999999,29.159999999999986
1476411600,D:\intelligent_transportation\data\lstm_sources\public\kddcup2017_china_tollgate\kdd2017_china_tollgate_20min.csv:kdd2017_t3_d0#segment3,1,-2.6000000000000014,2.6000000000000014,6.760000000000008
1476412800,D:\intelligent_transportation\data\lstm_sources\public\kddcup2017_china_tollgate\kdd2017_china_tollgate_20min.csv:kdd2017_t3_d0#segment3,1,0.1999999999999993,0.1999999999999993,0.039999999999999716
1476414000,D:\intelligent_transportation\data\lstm_sources\public\kddcup2017_china_tollgate\kdd2017_china_tollgate_20min.csv:kdd2017_t3_d0#segment3,1,-1.5999999999999996,1.5999999999999996,2.5599999999999987
1476415200,D:\intelligent_transportation\data\lstm_sources\public\kddcup2017_china_tollgate\kdd2017_china_tollgate_20min.csv:kdd2017_t3_d0#segment3,1,-2.0,2.0,4.0
1476416400,D:\intelligent_transportation\data\lstm_sources\public\kddcup2017_china_tollgate\kdd2017_china_tollgate_20min.csv:kdd2017_t3_d0#segment3,1,-6.4,6.4,40.96000000000001
1476417600,D:\intelligent_transportation\data\lstm_sources\public\kddcup2017_china_tollgate\kdd2017_china_tollgate_20min.csv:kdd2017_t3_d0#segment3,1,-1.4000000000000004,1.4000000000000004,1.960000000000001
1476418800,D:\intelligent_transportation\data\lstm_sources\public\kddcup2017_china_tollgate\kdd2017_china_tollgate_20min.csv:kdd2017_t3_d0#segment3,1,1.1999999999999993,1.1999999999999993,1.4399999999999984
1476420000,D:\intelligent_transportation\data\lstm_sources\public\kddcup2017_china_tollgate\kdd2017_china_tollgate_20min.csv:kdd2017_t3_d0#segment3,1,2.8000000000000007,2.8000000000000007,7.840000000000004
1476421200,D:\intelligent_transportation\data\lstm_sources\public\kddcup2017_china_tollgate\kdd2017_china_tollgate_20min.csv:kdd2017_t3_d0#segment3,1,3.5999999999999996,3.5999999999999996,12.959999999999997
1476422400,D:\intelligent_transportation\data\lstm_sources\public\kddcup2017_china_tollgate\kdd2017_china_tollgate_20min.csv:kdd2017_t3_d0#segment3,1,4.0,4.0,16.0
1476423600,D:\intelligent_transportation\data\lstm_sources\public\kddcup2017_china_tollgate\kdd2017_china_tollgate_20min.csv:kdd2017_t3_d0#segment3,1,4.199999999999999,4.199999999999999,17.639999999999993
1476424800,D:\intelligent_transportation\data\lstm_sources\public\kddcup2017_china_tollgate\kdd2017_china_tollgate_20min.csv:kdd2017_t3_d0#segment3,1,3.8000000000000007,3.8000000000000007,14.440000000000005
1476426000,D:\intelligent_transportation\data\lstm_sources\public\kddcup2017_china_tollgate\kdd2017_china_tollgate_20min.csv:kdd2017_t3_d0#segment3,1,21.6,21.6,466.56000000000006
1476427200,D:\intelligent_transportation\data\lstm_sources\public\kddcup2017_china_tollgate\kdd2017_china_tollgate_20min.csv:kdd2017_t3_d0#segment3,1,56.8,56.8,3226.24
1476428400,D:\intelligent_transportation\data\lstm_sources\public\kddcup2017_china_tollgate\kdd2017_china_tollgate_20min.csv:kdd2017_t3_d0#segment3,1,59.2,59.2,3504.6400000000003
1476429600,D:\intelligent_transportation\data\lstm_sources\public\kddcup2017_china_tollgate\kdd2017_china_tollgate_20min.csv:kdd2017_t3_d0#segment3,1,76.8,76.8,5898.24
1476430800,D:\intelligent_transportation\data\lstm_sources\public\kddcup2017_china_tollgate\kdd2017_china_tollgate_20min.csv:kdd2017_t3_d0#segment3,1,81.2,81.2,6593.4400000000005
1476432000,D:\intelligent_transportation\data\lstm_sources\public\kddcup2017_china_tollgate\kdd2017_china_tollgate_20min.csv:kdd2017_t3_d0#segment3,1,60.599999999999994,60.599999999999994,3672.359999999999
1476433200,D:\intelligent_transportation\data\lstm_sources\public\kddcup2017_china_tollgate\kdd2017_china_tollgate_20min.csv:kdd2017_t3_d0#segment3,1,58.599999999999994,58.599999999999994,3433.959999999999
1476434400,D:\intelligent_transportation\data\lstm_sources\public\kddcup2017_china_tollgate\kdd2017_china_tollgate_20min.csv:kdd2017_t3_d0#segment3,1,4.199999999999989,4.199999999999989,17.639999999999905
1476435600,D:\intelligent_transportation\data\lstm_sources\public\kddcup2017_china_tollgate\kdd2017_china_tollgate_20min.csv:kdd2017_t3_d0#segment3,1,8.599999999999994,8.599999999999994,73.95999999999991
1476436800,D:\intelligent_transportation\data\lstm_sources\public\kddcup2017_china_tollgate\kdd2017_china_tollgate_20min.csv:kdd2017_t3_d0#segment3,1,-19.400000000000006,19.400000000000006,376.36000000000024
1476438000,D:\intelligent_transportation\data\lstm_sources\public\kddcup2017_china_tollgate\kdd2017_china_tollgate_20min.csv:kdd2017_t3_d0#segment3,1,-28.0,28.0,784.0
1476439200,D:\intelligent_transportation\data\lstm_sources\public\kddcup2017_china_tollgate\kdd2017_china_tollgate_20min.csv:kdd2017_t3_d0#segment3,1,-19.19999999999999,19.19999999999999,368.6399999999996
1476440400,D:\intelligent_transportation\data\lstm_sources\public\kddcup2017_china_tollgate\kdd2017_china_tollgate_20min.csv:kdd2017_t3_d0#segment3,1,-1.5999999999999943,1.5999999999999943,2.559999999999982
1476441600,D:\intelligent_transportation\data\lstm_sources\public\kddcup2017_china_tollgate\kdd2017_china_tollgate_20min.csv:kdd2017_t3_d0#segment3,1,-7.400000000000006,7.400000000000006,54.76000000000008
1476442800,D:\intelligent_transportation\data\lstm_sources\public\kddcup2017_china_tollgate\kdd2017_china_tollgate_20min.csv:kdd2017_t3_d0#segment3,1,-10.800000000000011,10.800000000000011,116.64000000000024
1476444000,D:\intelligent_transportation\data\lstm_sources\public\kddcup2017_china_tollgate\kdd2017_china_tollgate_20min.csv:kdd2017_t3_d0#segment3,1,-34.599999999999994,34.599999999999994,1197.1599999999996
1476445200,D:\intelligent_transportation\data\lstm_sources\public\kddcup2017_china_tollgate\kdd2017_china_tollgate_20min.csv:kdd2017_t3_d0#segment3,1,-32.2,32.2,1036.8400000000001
1476446400,D:\intelligent_transportation\data\lstm_sources\public\kddcup2017_china_tollgate\kdd2017_china_tollgate_20min.csv:kdd2017_t3_d0#segment3,1,-18.400000000000006,18.400000000000006,338.56000000000023
1476447600,D:\intelligent_transportation\data\lstm_sources\public\kddcup2017_china_tollgate\kdd2017_china_tollgate_20min.csv:kdd2017_t3_d0#segment3,1,-14.200000000000003,14.200000000000003,201.64000000000007
1476448800,D:\intelligent_transportation\data\lstm_sources\public\kddcup2017_china_tollgate\kdd2017_china_tollgate_20min.csv:kdd2017_t3_d0#segment3,1,3.4000000000000057,3.4000000000000057,11.560000000000038
1476450000,D:\intelligent_transportation\data\lstm_sources\public\kddcup2017_china_tollgate\kdd2017_china_tollgate_20min.csv:kdd2017_t3_d0#segment3,1,26.200000000000003,26.200000000000003,686.4400000000002
1476451200,D:\intelligent_transportation\data\lstm_sources\public\kddcup2017_china_tollgate\kdd2017_china_tollgate_20min.csv:kdd2017_t3_d0#segment3,1,4.799999999999997,4.799999999999997,23.039999999999974
1476452400,D:\intelligent_transportation\data\lstm_sources\public\kddcup2017_china_tollgate\kdd2017_china_tollgate_20min.csv:kdd2017_t3_d0#segment3,1,4.799999999999997,4.799999999999997,23.039999999999974
1476453600,D:\intelligent_transportation\data\lstm_sources\public\kddcup2017_china_tollgate\kdd2017_china_tollgate_20min.csv:kdd2017_t3_d0#segment3,1,12.400000000000006,12.400000000000006,153.76000000000013
1476454800,D:\intelligent_transportation\data\lstm_sources\public\kddcup2017_china_tollgate\kdd2017_china_tollgate_20min.csv:kdd2017_t3_d0#segment3,1,-19.799999999999997,19.799999999999997,392.0399999999999
1476456000,D:\intelligent_transportation\data\lstm_sources\public\kddcup2017_china_tollgate\kdd2017_china_tollgate_20min.csv:kdd2017_t3_d0#segment3,1,18.400000000000006,18.400000000000006,338.56000000000023
1476457200,D:\intelligent_transportation\data\lstm_sources\public\kddcup2017_china_tollgate\kdd2017_china_tollgate_20min.csv:kdd2017_t3_d0#segment3,1,27.200000000000003,27.200000000000003,739.8400000000001
1476458400,D:\intelligent_transportation\data\lstm_sources\public\kddcup2017_china_tollgate\kdd2017_china_tollgate_20min.csv:kdd2017_t3_d0#segment3,1,18.799999999999997,18.799999999999997,353.4399999999999
1476459600,D:\intelligent_transportation\data\lstm_sources\public\kddcup2017_china_tollgate\kdd2017_china_tollgate_20min.csv:kdd2017_t3_d0#segment3,1,12.400000000000006,12.400000000000006,153.76000000000013
1476460800,D:\intelligent_transportation\data\lstm_sources\public\kddcup2017_china_tollgate\kdd2017_china_tollgate_20min.csv:kdd2017_t3_d0#segment3,1,11.200000000000003,11.200000000000003,125.44000000000007
1476462000,D:\intelligent_transportation\data\lstm_sources\public\kddcup2017_china_tollgate\kdd2017_china_tollgate_20min.csv:kdd2017_t3_d0#segment3,1,-1.8000000000000114,1.8000000000000114,3.240000000000041
1476463200,D:\intelligent_transportation\data\lstm_sources\public\kddcup2017_china_tollgate\kdd2017_china_tollgate_20min.csv:kdd2017_t3_d0#segment3,1,10.199999999999989,10.199999999999989,104.03999999999976
1476464400,D:\intelligent_transportation\data\lstm_sources\public\kddcup2017_china_tollgate\kdd2017_china_tollgate_20min.csv:kdd2017_t3_d0#segment3,1,6.599999999999994,6.599999999999994,43.559999999999924
1476465600,D:\intelligent_transportation\data\lstm_sources\public\kddcup2017_china_tollgate\kdd2017_china_tollgate_20min.csv:kdd2017_t3_d0#segment3,1,-19.0,19.0,361.0
1476466800,D:\intelligent_transportation\data\lstm_sources\public\kddcup2017_china_tollgate\kdd2017_china_tollgate_20min.csv:kdd2017_t3_d0#segment3,1,-26.0,26.0,676.0
1476468000,D:\intelligent_transportation\data\lstm_sources\public\kddcup2017_china_tollgate\kdd2017_china_tollgate_20min.csv:kdd2017_t3_d0#segment3,1,-58.599999999999994,58.599999999999994,3433.959999999999
1476469200,D:\intelligent_transportation\data\lstm_sources\public\kddcup2017_china_tollgate\kdd2017_china_tollgate_20min.csv:kdd2017_t3_d0#segment3,1,-52.400000000000006,52.400000000000006,2745.7600000000007
1476470400,D:\intelligent_transportation\data\lstm_sources\public\kddcup2017_china_tollgate\kdd2017_china_tollgate_20min.csv:kdd2017_t3_d0#segment3,1,-47.400000000000006,47.400000000000006,2246.7600000000007
1476471600,D:\intelligent_transportation\data\lstm_sources\public\kddcup2017_china_tollgate\kdd2017_china_tollgate_20min.csv:kdd2017_t3_d0#segment3,1,-21.599999999999994,21.599999999999994,466.5599999999998
1476472800,D:\intelligent_transportation\data\lstm_sources\public\kddcup2017_china_tollgate\kdd2017_china_tollgate_20min.csv:kdd2017_t3_d0#segment3,1,3.799999999999997,3.799999999999997,14.439999999999978
1476474000,D:\intelligent_transportation\data\lstm_sources\public\kddcup2017_china_tollgate\kdd2017_china_tollgate_20min.csv:kdd2017_t3_d0#segment3,1,-11.599999999999994,11.599999999999994,134.55999999999986
1476475200,D:\intelligent_transportation\data\lstm_sources\public\kddcup2017_china_tollgate\kdd2017_china_tollgate_20min.csv:kdd2017_t3_d0#segment3,1,-12.200000000000003,12.200000000000003,148.84000000000006
1476476400,D:\intelligent_transportation\data\lstm_sources\public\kddcup2017_china_tollgate\kdd2017_china_tollgate_20min.csv:kdd2017_t3_d0#segment3,1,-15.200000000000003,15.200000000000003,231.04000000000008
1476477600,D:\intelligent_transportation\data\lstm_sources\public\kddcup2017_china_tollgate\kdd2017_china_tollgate_20min.csv:kdd2017_t3_d0#segment3,1,-7.200000000000003,7.200000000000003,51.84000000000004
1476478800,D:\intelligent_transportation\data\lstm_sources\public\kddcup2017_china_tollgate\kdd2017_china_tollgate_20min.csv:kdd2017_t3_d0#segment3,1,-17.799999999999997,17.799999999999997,316.8399999999999
1476480000,D:\intelligent_transportation\data\lstm_sources\public\kddcup2017_china_tollgate\kdd2017_china_tollgate_20min.csv:kdd2017_t3_d0#segment3,1,-19.0,19.0,361.0
1476481200,D:\intelligent_transportation\data\lstm_sources\public\kddcup2017_china_tollgate\kdd2017_china_tollgate_20min.csv:kdd2017_t3_d0#segment3,1,-9.799999999999997,9.799999999999997,96.03999999999995
1476482400,D:\intelligent_transportation\data\lstm_sources\public\kddcup2017_china_tollgate\kdd2017_china_tollgate_20min.csv:kdd2017_t3_d0#segment3,1,-4.200000000000003,4.200000000000003,17.640000000000025
1476483600,D:\intelligent_transportation\data\lstm_sources\public\kddcup2017_china_tollgate\kdd2017_china_tollgate_20min.csv:kdd2017_t3_d0#segment3,1,-17.200000000000003,17.200000000000003,295.8400000000001
1476484800,D:\intelligent_transportation\data\lstm_sources\public\kddcup2017_china_tollgate\kdd2017_china_tollgate_20min.csv:kdd2017_t3_d0#segment3,1,-13.0,13.0,169.0
1476486000,D:\intelligent_transportation\data\lstm_sources\public\kddcup2017_china_tollgate\kdd2017_china_tollgate_20min.csv:kdd2017_t3_d0#segment3,1,-10.0,10.0,100.0
1476487200,D:\intelligent_transportation\data\lstm_sources\public\kddcup2017_china_tollgate\kdd2017_china_tollgate_20min.csv:kdd2017_t3_d0#segment3,1,-10.600000000000001,10.600000000000001,112.36000000000003
1476488400,D:\intelligent_transportation\data\lstm_sources\public\kddcup2017_china_tollgate\kdd2017_china_tollgate_20min.csv:kdd2017_t3_d0#segment3,1,-14.8,14.8,219.04000000000002
1476489600,D:\intelligent_transportation\data\lstm_sources\public\kddcup2017_china_tollgate\kdd2017_china_tollgate_20min.csv:kdd2017_t3_d0#segment3,1,-3.0,3.0,9.0
1476490800,D:\intelligent_transportation\data\lstm_sources\public\kddcup2017_china_tollgate\kdd2017_china_tollgate_20min.csv:kdd2017_t3_d0#segment3,1,1.5999999999999996,1.5999999999999996,2.5599999999999987
1476492000,D:\intelligent_transportation\data\lstm_sources\public\kddcup2017_china_tollgate\kdd2017_china_tollgate_20min.csv:kdd2017_t3_d0#segment3,1,1.1999999999999993,1.1999999999999993,1.4399999999999984
1476493200,D:\intelligent_transportation\data\lstm_sources\public\kddcup2017_china_tollgate\kdd2017_china_tollgate_20min.csv:kdd2017_t3_d0#segment3,1,9.8,9.8,96.04000000000002
1476494400,D:\intelligent_transportation\data\lstm_sources\public\kddcup2017_china_tollgate\kdd2017_china_tollgate_20min.csv:kdd2017_t3_d0#segment3,1,6.199999999999999,6.199999999999999,38.43999999999999
1476495600,D:\intelligent_transportation\data\lstm_sources\public\kddcup2017_china_tollgate\kdd2017_china_tollgate_20min.csv:kdd2017_t3_d0#segment3,1,-6.600000000000001,6.600000000000001,43.56000000000002
1476496800,D:\intelligent_transportation\data\lstm_sources\public\kddcup2017_china_tollgate\kdd2017_china_tollgate_20min.csv:kdd2017_t3_d0#segment3,1,-5.199999999999999,5.199999999999999,27.039999999999992
1476498000,D:\intelligent_transportation\data\lstm_sources\public\kddcup2017_china_tollgate\kdd2017_china_tollgate_20min.csv:kdd2017_t3_d0#segment3,1,3.6000000000000014,3.6000000000000014,12.96000000000001
1476499200,D:\intelligent_transportation\data\lstm_sources\public\kddcup2017_china_tollgate\kdd2017_china_tollgate_20min.csv:kdd2017_t3_d0#segment3,1,-7.399999999999999,7.399999999999999,54.75999999999998
1476500400,D:\intelligent_transportation\data\lstm_sources\public\kddcup2017_china_tollgate\kdd2017_china_tollgate_20min.csv:kdd2017_t3_d0#segment3,1,-5.800000000000001,5.800000000000001,33.64000000000001
1476501600,D:\intelligent_transportation\data\lstm_sources\public\kddcup2017_china_tollgate\kdd2017_china_tollgate_20min.csv:kdd2017_t3_d0#segment3,1,1.5999999999999996,1.5999999999999996,2.5599999999999987
1476502800,D:\intelligent_transportation\data\lstm_sources\public\kddcup2017_china_tollgate\kdd2017_china_tollgate_20min.csv:kdd2017_t3_d0#segment3,1,-2.0,2.0,4.0
1476504000,D:\intelligent_transportation\data\lstm_sources\public\kddcup2017_china_tollgate\kdd2017_china_tollgate_20min.csv:kdd2017_t3_d0#segment3,1,0.1999999999999993,0.1999999999999993,0.039999999999999716
1476505200,D:\intelligent_transportation\data\lstm_sources\public\kddcup2017_china_tollgate\kdd2017_china_tollgate_20min.csv:kdd2017_t3_d0#segment3,1,-0.40000000000000036,0.40000000000000036,0.16000000000000028
1476506400,D:\intelligent_transportation\data\lstm_sources\public\kddcup2017_china_tollgate\kdd2017_china_tollgate_20min.csv:kdd2017_t3_d0#segment3,1,4.4,4.4,19.360000000000003
1476507600,D:\intelligent_transportation\data\lstm_sources\public\kddcup2017_china_tollgate\kdd2017_china_tollgate_20min.csv:kdd2017_t3_d0#segment3,1,4.0,4.0,16.0
1476508800,D:\intelligent_transportation\data\lstm_sources\public\kddcup2017_china_tollgate\kdd2017_china_tollgate_20min.csv:kdd2017_t3_d0#segment3,1,-4.6,4.6,21.159999999999997
1476510000,D:\intelligent_transportation\data\lstm_sources\public\kddcup2017_china_tollgate\kdd2017_china_tollgate_20min.csv:kdd2017_t3_d0#segment3,1,7.800000000000001,7.800000000000001,60.84000000000001
1476511200,D:\intelligent_transportation\data\lstm_sources\public\kddcup2017_china_tollgate\kdd2017_china_tollgate_20min.csv:kdd2017_t3_d0#segment3,1,3.1999999999999993,3.1999999999999993,10.239999999999995
1476512400,D:\intelligent_transportation\data\lstm_sources\public\kddcup2017_china_tollgate\kdd2017_china_tollgate_20min.csv:kdd2017_t3_d0#segment3,1,24.8,24.8,615.0400000000001
1476513600,D:\intelligent_transportation\data\lstm_sources\public\kddcup2017_china_tollgate\kdd2017_china_tollgate_20min.csv:kdd2017_t3_d0#segment3,1,57.8,57.8,3340.8399999999997
1476514800,D:\intelligent_transportation\data\lstm_sources\public\kddcup2017_china_tollgate\kdd2017_china_tollgate_20min.csv:kdd2017_t3_d0#segment3,1,68.4,68.4,4678.56
1476516000,D:\intelligent_transportation\data\lstm_sources\public\kddcup2017_china_tollgate\kdd2017_china_tollgate_20min.csv:kdd2017_t3_d0#segment3,1,53.8,53.8,2894.4399999999996
1476517200,D:\intelligent_transportation\data\lstm_sources\public\kddcup2017_china_tollgate\kdd2017_china_tollgate_20min.csv:kdd2017_t3_d0#segment3,1,21.799999999999997,21.799999999999997,475.2399999999999
1476518400,D:\intelligent_transportation\data\lstm_sources\public\kddcup2017_china_tollgate\kdd2017_china_tollgate_20min.csv:kdd2017_t3_d0#segment3,1,20.200000000000003,20.200000000000003,408.04000000000013
1476519600,D:\intelligent_transportation\data\lstm_sources\public\kddcup2017_china_tollgate\kdd2017_china_tollgate_20min.csv:kdd2017_t3_d0#segment3,1,-0.4000000000000057,0.4000000000000057,0.16000000000000456
1476520800,D:\intelligent_transportation\data\lstm_sources\public\kddcup2017_china_tollgate\kdd2017_china_tollgate_20min.csv:kdd2017_t3_d0#segment3,1,27.200000000000003,27.200000000000003,739.8400000000001
1476522000,D:\intelligent_transportation\data\lstm_sources\public\kddcup2017_china_tollgate\kdd2017_china_tollgate_20min.csv:kdd2017_t3_d0#segment3,1,21.200000000000003,21.200000000000003,449.4400000000001
1476523200,D:\intelligent_transportation\data\lstm_sources\public\kddcup2017_china_tollgate\kdd2017_china_tollgate_20min.csv:kdd2017_t3_d0#segment3,1,5.200000000000003,5.200000000000003,27.04000000000003
1476524400,D:\intelligent_transportation\data\lstm_sources\public\kddcup2017_china_tollgate\kdd2017_china_tollgate_20min.csv:kdd2017_t3_d0#segment3,1,6.599999999999994,6.599999999999994,43.559999999999924
1476525600,D:\intelligent_transportation\data\lstm_sources\public\kddcup2017_china_tollgate\kdd2017_china_tollgate_20min.csv:kdd2017_t3_d0#segment3,1,1.4000000000000057,1.4000000000000057,1.960000000000016
1476526800,D:\intelligent_transportation\data\lstm_sources\public\kddcup2017_china_tollgate\kdd2017_china_tollgate_20min.csv:kdd2017_t3_d0#segment3,1,13.0,13.0,169.0
1476528000,D:\intelligent_transportation\data\lstm_sources\public\kddcup2017_china_tollgate\kdd2017_china_tollgate_20min.csv:kdd2017_t3_d0#segment3,1,-29.400000000000006,29.400000000000006,864.3600000000004
1476529200,D:\intelligent_transportation\data\lstm_sources\public\kddcup2017_china_tollgate\kdd2017_china_tollgate_20min.csv:kdd2017_t3_d0#segment3,1,5.200000000000003,5.200000000000003,27.04000000000003
1476530400,D:\intelligent_transportation\data\lstm_sources\public\kddcup2017_china_tollgate\kdd2017_china_tollgate_20min.csv:kdd2017_t3_d0#segment3,1,-15.200000000000003,15.200000000000003,231.04000000000008
1476531600,D:\intelligent_transportation\data\lstm_sources\public\kddcup2017_china_tollgate\kdd2017_china_tollgate_20min.csv:kdd2017_t3_d0#segment3,1,-5.599999999999994,5.599999999999994,31.359999999999935
1476532800,D:\intelligent_transportation\data\lstm_sources\public\kddcup2017_china_tollgate\kdd2017_china_tollgate_20min.csv:kdd2017_t3_d0#segment3,1,-23.599999999999994,23.599999999999994,556.9599999999997
1476534000,D:\intelligent_transportation\data\lstm_sources\public\kddcup2017_china_tollgate\kdd2017_china_tollgate_20min.csv:kdd2017_t3_d0#segment3,1,0.5999999999999943,0.5999999999999943,0.35999999999999316
1476535200,D:\intelligent_transportation\data\lstm_sources\public\kddcup2017_china_tollgate\kdd2017_china_tollgate_20min.csv:kdd2017_t3_d0#segment3,1,-3.4000000000000057,3.4000000000000057,11.560000000000038
1476536400,D:\intelligent_transportation\data\lstm_sources\public\kddcup2017_china_tollgate\kdd2017_china_tollgate_20min.csv:kdd2017_t3_d0#segment3,1,8.599999999999994,8.599999999999994,73.95999999999991
1476537600,D:\intelligent_transportation\data\lstm_sources\public\kddcup2017_china_tollgate\kdd2017_china_tollgate_20min.csv:kdd2017_t3_d0#segment3,1,25.200000000000003,25.200000000000003,635.0400000000002
1476538800,D:\intelligent_transportation\data\lstm_sources\public\kddcup2017_china_tollgate\kdd2017_china_tollgate_20min.csv:kdd2017_t3_d0#segment3,1,28.400000000000006,28.400000000000006,806.5600000000003
1476540000,D:\intelligent_transportation\data\lstm_sources\public\kddcup2017_china_tollgate\kdd2017_china_tollgate_20min.csv:kdd2017_t3_d0#segment3,1,-7.799999999999997,7.799999999999997,60.839999999999954
1476541200,D:\intelligent_transportation\data\lstm_sources\public\kddcup2017_china_tollgate\kdd2017_china_tollgate_20min.csv:kdd2017_t3_d0#segment3,1,-2.5999999999999943,2.5999999999999943,6.7599999999999705
1476542400,D:\intelligent_transportation\data\lstm_sources\public\kddcup2017_china_tollgate\kdd2017_china_tollgate_20min.csv:kdd2017_t3_d0#segment3,1,-1.0,1.0,1.0
1476543600,D:\intelligent_transportation\data\lstm_sources\public\kddcup2017_china_tollgate\kdd2017_china_tollgate_20min.csv:kdd2017_t3_d0#segment3,1,-11.599999999999994,11.599999999999994,134.55999999999986
1476544800,D:\intelligent_transportation\data\lstm_sources\public\kddcup2017_china_tollgate\kdd2017_china_tollgate_20min.csv:kdd2017_t3_d0#segment3,1,42.2,42.2,1780.8400000000001
1476546000,D:\intelligent_transportation\data\lstm_sources\public\kddcup2017_china_tollgate\kdd2017_china_tollgate_20min.csv:kdd2017_t3_d0#segment3,1,5.400000000000006,5.400000000000006,29.16000000000006
1476547200,D:\intelligent_transportation\data\lstm_sources\public\kddcup2017_china_tollgate\kdd2017_china_tollgate_20min.csv:kdd2017_t3_d0#segment3,1,11.599999999999994,11.599999999999994,134.55999999999986
1476548400,D:\intelligent_transportation\data\lstm_sources\public\kddcup2017_china_tollgate\kdd2017_china_tollgate_20min.csv:kdd2017_t3_d0#segment3,1,-5.0,5.0,25.0
1476549600,D:\intelligent_transportation\data\lstm_sources\public\kddcup2017_china_tollgate\kdd2017_china_tollgate_20min.csv:kdd2017_t3_d0#segment3,1,-7.400000000000006,7.400000000000006,54.76000000000008
1476550800,D:\intelligent_transportation\data\lstm_sources\public\kddcup2017_china_tollgate\kdd2017_china_tollgate_20min.csv:kdd2017_t3_d0#segment3,1,-29.400000000000006,29.400000000000006,864.3600000000004
1476552000,D:\intelligent_transportation\data\lstm_sources\public\kddcup2017_china_tollgate\kdd2017_china_tollgate_20min.csv:kdd2017_t3_d0#segment3,1,3.4000000000000057,3.4000000000000057,11.560000000000038
1476553200,D:\intelligent_transportation\data\lstm_sources\public\kddcup2017_china_tollgate\kdd2017_china_tollgate_20min.csv:kdd2017_t3_d0#segment3,1,-19.599999999999994,19.599999999999994,384.1599999999998
1476554400,D:\intelligent_transportation\data\lstm_sources\public\kddcup2017_china_tollgate\kdd2017_china_tollgate_20min.csv:kdd2017_t3_d0#segment3,1,-35.0,35.0,1225.0
1476555600,D:\intelligent_transportation\data\lstm_sources\public\kddcup2017_china_tollgate\kdd2017_china_tollgate_20min.csv:kdd2017_t3_d0#segment3,1,-38.400000000000006,38.400000000000006,1474.5600000000004
1476556800,D:\intelligent_transportation\data\lstm_sources\public\kddcup2017_china_tollgate\kdd2017_china_tollgate_20min.csv:kdd2017_t3_d0#segment3,1,-35.599999999999994,35.599999999999994,1267.3599999999997
1476558000,D:\intelligent_transportation\data\lstm_sources\public\kddcup2017_china_tollgate\kdd2017_china_tollgate_20min.csv:kdd2017_t3_d0#segment3,1,-25.0,25.0,625.0
1476559200,D:\intelligent_transportation\data\lstm_sources\public\kddcup2017_china_tollgate\kdd2017_china_tollgate_20min.csv:kdd2017_t3_d0#segment3,1,-9.400000000000006,9.400000000000006,88.36000000000011
1476560400,D:\intelligent_transportation\data\lstm_sources\public\kddcup2017_china_tollgate\kdd2017_china_tollgate_20min.csv:kdd2017_t3_d0#segment3,1,4.0,4.0,16.0
1476561600,D:\intelligent_transportation\data\lstm_sources\public\kddcup2017_china_tollgate\kdd2017_china_tollgate_20min.csv:kdd2017_t3_d0#segment3,1,-12.200000000000003,12.200000000000003,148.84000000000006
1476562800,D:\intelligent_transportation\data\lstm_sources\public\kddcup2017_china_tollgate\kdd2017_china_tollgate_20min.csv:kdd2017_t3_d0#segment3,1,-16.200000000000003,16.200000000000003,262.4400000000001
1476564000,D:\intelligent_transportation\data\lstm_sources\public\kddcup2017_china_tollgate\kdd2017_china_tollgate_20min.csv:kdd2017_t3_d0#segment3,1,-8.399999999999999,8.399999999999999,70.55999999999997
1476565200,D:\intelligent_transportation\data\lstm_sources\public\kddcup2017_china_tollgate\kdd2017_china_tollgate_20min.csv:kdd2017_t3_d0#segment3,1,-14.200000000000003,14.200000000000003,201.64000000000007
1476566400,D:\intelligent_transportation\data\lstm_sources\public\kddcup2017_china_tollgate\kdd2017_china_tollgate_20min.csv:kdd2017_t3_d0#segment3,1,-12.799999999999997,12.799999999999997,163.83999999999992
1476567600,D:\intelligent_transportation\data\lstm_sources\public\kddcup2017_china_tollgate\kdd2017_china_tollgate_20min.csv:kdd2017_t3_d0#segment3,1,-17.6,17.6,309.76000000000005
1476568800,D:\intelligent_transportation\data\lstm_sources\public\kddcup2017_china_tollgate\kdd2017_china_tollgate_20min.csv:kdd2017_t3_d0#segment3,1,-21.799999999999997,21.799999999999997,475.2399999999999
1476570000,D:\intelligent_transportation\data\lstm_sources\public\kddcup2017_china_tollgate\kdd2017_china_tollgate_20min.csv:kdd2017_t3_d0#segment3,1,-16.6,16.6,275.56000000000006
1476571200,D:\intelligent_transportation\data\lstm_sources\public\kddcup2017_china_tollgate\kdd2017_china_tollgate_20min.csv:kdd2017_t3_d0#segment3,1,-12.399999999999999,12.399999999999999,153.75999999999996
1476572400,D:\intelligent_transportation\data\lstm_sources\public\kddcup2017_china_tollgate\kdd2017_china_tollgate_20min.csv:kdd2017_t3_d0#segment3,1,-18.4,18.4,338.55999999999995
1476573600,D:\intelligent_transportation\data\lstm_sources\public\kddcup2017_china_tollgate\kdd2017_china_tollgate_20min.csv:kdd2017_t3_d0#segment3,1,-11.8,11.8,139.24
1476574800,D:\intelligent_transportation\data\lstm_sources\public\kddcup2017_china_tollgate\kdd2017_china_tollgate_20min.csv:kdd2017_t3_d0#segment3,1,-3.3999999999999986,3.3999999999999986,11.55999999999999
1476576000,D:\intelligent_transportation\data\lstm_sources\public\kddcup2017_china_tollgate\kdd2017_china_tollgate_20min.csv:kdd2017_t3_d0#segment3,1,9.4,9.4,88.36000000000001
1476577200,D:\intelligent_transportation\data\lstm_sources\public\kddcup2017_china_tollgate\kdd2017_china_tollgate_20min.csv:kdd2017_t3_d0#segment3,1,3.0,3.0,9.0
1476578400,D:\intelligent_transportation\data\lstm_sources\public\kddcup2017_china_tollgate\kdd2017_china_tollgate_20min.csv:kdd2017_t3_d0#segment3,1,5.4,5.4,29.160000000000004
1476579600,D:\intelligent_transportation\data\lstm_sources\public\kddcup2017_china_tollgate\kdd2017_china_tollgate_20min.csv:kdd2017_t3_d0#segment3,1,2.1999999999999993,2.1999999999999993,4.839999999999997
1476580800,D:\intelligent_transportation\data\lstm_sources\public\kddcup2017_china_tollgate\kdd2017_china_tollgate_20min.csv:kdd2017_t3_d0#segment3,1,0.1999999999999993,0.1999999999999993,0.039999999999999716
1476582000,D:\intelligent_transportation\data\lstm_sources\public\kddcup2017_china_tollgate\kdd2017_china_tollgate_20min.csv:kdd2017_t3_d0#segment3,1,-3.0,3.0,9.0
1476583200,D:\intelligent_transportation\data\lstm_sources\public\kddcup2017_china_tollgate\kdd2017_china_tollgate_20min.csv:kdd2017_t3_d0#segment3,1,-8.600000000000001,8.600000000000001,73.96000000000002
1476584400,D:\intelligent_transportation\data\lstm_sources\public\kddcup2017_china_tollgate\kdd2017_china_tollgate_20min.csv:kdd2017_t3_d0#segment3,1,-5.0,5.0,25.0
1476585600,D:\intelligent_transportation\data\lstm_sources\public\kddcup2017_china_tollgate\kdd2017_china_tollgate_20min.csv:kdd2017_t3_d0#segment3,1,3.5999999999999996,3.5999999999999996,12.959999999999997
1476586800,D:\intelligent_transportation\data\lstm_sources\public\kddcup2017_china_tollgate\kdd2017_china_tollgate_20min.csv:kdd2017_t3_d0#segment3,1,-6.4,6.4,40.96000000000001
1476588000,D:\intelligent_transportation\data\lstm_sources\public\kddcup2017_china_tollgate\kdd2017_china_tollgate_20min.csv:kdd2017_t3_d0#segment3,1,0.5999999999999996,0.5999999999999996,0.3599999999999996
1476589200,D:\intelligent_transportation\data\lstm_sources\public\kddcup2017_china_tollgate\kdd2017_china_tollgate_20min.csv:kdd2017_t3_d0#segment3,1,-0.8000000000000007,0.8000000000000007,0.6400000000000011
1476590400,D:\intelligent_transportation\data\lstm_sources\public\kddcup2017_china_tollgate\kdd2017_china_tollgate_20min.csv:kdd2017_t3_d0#segment3,1,-2.1999999999999993,2.1999999999999993,4.839999999999997
1476591600,D:\intelligent_transportation\data\lstm_sources\public\kddcup2017_china_tollgate\kdd2017_china_tollgate_20min.csv:kdd2017_t3_d0#segment3,1,1.0,1.0,1.0
1476592800,D:\intelligent_transportation\data\lstm_sources\public\kddcup2017_china_tollgate\kdd2017_china_tollgate_20min.csv:kdd2017_t3_d0#segment3,1,5.0,5.0,25.0
1476594000,D:\intelligent_transportation\data\lstm_sources\public\kddcup2017_china_tollgate\kdd2017_china_tollgate_20min.csv:kdd2017_t3_d0#segment3,1,-5.6,5.6,31.359999999999996
1476595200,D:\intelligent_transportation\data\lstm_sources\public\kddcup2017_china_tollgate\kdd2017_china_tollgate_20min.csv:kdd2017_t3_d0#segment3,1,0.5999999999999996,0.5999999999999996,0.3599999999999996
1476596400,D:\intelligent_transportation\data\lstm_sources\public\kddcup2017_china_tollgate\kdd2017_china_tollgate_20min.csv:kdd2017_t3_d0#segment3,1,-0.5999999999999996,0.5999999999999996,0.3599999999999996
1476597600,D:\intelligent_transportation\data\lstm_sources\public\kddcup2017_china_tollgate\kdd2017_china_tollgate_20min.csv:kdd2017_t3_d0#segment3,1,15.2,15.2,231.04
1476598800,D:\intelligent_transportation\data\lstm_sources\public\kddcup2017_china_tollgate\kdd2017_china_tollgate_20min.csv:kdd2017_t3_d0#segment3,1,23.4,23.4,547.56
1476600000,D:\intelligent_transportation\data\lstm_sources\public\kddcup2017_china_tollgate\kdd2017_china_tollgate_20min.csv:kdd2017_t3_d0#segment3,1,42.0,42.0,1764.0
1476601200,D:\intelligent_transportation\data\lstm_sources\public\kddcup2017_china_tollgate\kdd2017_china_tollgate_20min.csv:kdd2017_t3_d0#segment3,1,34.2,34.2,1169.64
1476602400,D:\intelligent_transportation\data\lstm_sources\public\kddcup2017_china_tollgate\kdd2017_china_tollgate_20min.csv:kdd2017_t3_d0#segment3,1,36.8,36.8,1354.2399999999998
1476603600,D:\intelligent_transportation\data\lstm_sources\public\kddcup2017_china_tollgate\kdd2017_china_tollgate_20min.csv:kdd2017_t3_d0#segment3,1,19.6,19.6,384.1600000000001
1476604800,D:\intelligent_transportation\data\lstm_sources\public\kddcup2017_china_tollgate\kdd2017_china_tollgate_20min.csv:kdd2017_t3_d0#segment3,1,21.4,21.4,457.9599999999999
1476606000,D:\intelligent_transportation\data\lstm_sources\public\kddcup2017_china_tollgate\kdd2017_china_tollgate_20min.csv:kdd2017_t3_d0#segment3,1,41.2,41.2,1697.4400000000003
1476607200,D:\intelligent_transportation\data\lstm_sources\public\kddcup2017_china_tollgate\kdd2017_china_tollgate_20min.csv:kdd2017_t3_d0#segment3,1,18.799999999999997,18.799999999999997,353.4399999999999
1476608400,D:\intelligent_transportation\data\lstm_sources\public\kddcup2017_china_tollgate\kdd2017_china_tollgate_20min.csv:kdd2017_t3_d0#segment3,1,14.400000000000006,14.400000000000006,207.36000000000016
1476609600,D:\intelligent_transportation\data\lstm_sources\public\kddcup2017_china_tollgate\kdd2017_china_tollgate_20min.csv:kdd2017_t3_d0#segment3,1,-2.0,2.0,4.0
1476610800,D:\intelligent_transportation\data\lstm_sources\public\kddcup2017_china_tollgate\kdd2017_china_tollgate_20min.csv:kdd2017_t3_d0#segment3,1,-28.0,28.0,784.0
1476612000,D:\intelligent_transportation\data\lstm_sources\public\kddcup2017_china_tollgate\kdd2017_china_tollgate_20min.csv:kdd2017_t3_d0#segment3,1,4.599999999999994,4.599999999999994,21.159999999999947
1476613200,D:\intelligent_transportation\data\lstm_sources\public\kddcup2017_china_tollgate\kdd2017_china_tollgate_20min.csv:kdd2017_t3_d0#segment3,1,-26.0,26.0,676.0
1476614400,D:\intelligent_transportation\data\lstm_sources\public\kddcup2017_china_tollgate\kdd2017_china_tollgate_20min.csv:kdd2017_t3_d0#segment3,1,-20.400000000000006,20.400000000000006,416.16000000000025
1476615600,D:\intelligent_transportation\data\lstm_sources\public\kddcup2017_china_tollgate\kdd2017_china_tollgate_20min.csv:kdd2017_t3_d0#segment3,1,-28.0,28.0,784.0
1476616800,D:\intelligent_transportation\data\lstm_sources\public\kddcup2017_china_tollgate\kdd2017_china_tollgate_20min.csv:kdd2017_t3_d0#segment3,1,-14.799999999999997,14.799999999999997,219.0399999999999
1476618000,D:\intelligent_transportation\data\lstm_sources\public\kddcup2017_china_tollgate\kdd2017_china_tollgate_20min.csv:kdd2017_t3_d0#segment3,1,23.0,23.0,529.0
1476619200,D:\intelligent_transportation\data\lstm_sources\public\kddcup2017_china_tollgate\kdd2017_china_tollgate_20min.csv:kdd2017_t3_d0#segment3,1,27.799999999999997,27.799999999999997,772.8399999999998
1476620400,D:\intelligent_transportation\data\lstm_sources\public\kddcup2017_china_tollgate\kdd2017_china_tollgate_20min.csv:kdd2017_t3_d0#segment3,1,18.400000000000006,18.400000000000006,338.56000000000023
1476621600,D:\intelligent_transportation\data\lstm_sources\public\kddcup2017_china_tollgate\kdd2017_china_tollgate_20min.csv:kdd2017_t3_d0#segment3,1,25.599999999999994,25.599999999999994,655.3599999999997
1476622800,D:\intelligent_transportation\data\lstm_sources\public\kddcup2017_china_tollgate\kdd2017_china_tollgate_20min.csv:kdd2017_t3_d0#segment3,1,25.400000000000006,25.400000000000006,645.1600000000003
1476624000,D:\intelligent_transportation\data\lstm_sources\public\kddcup2017_china_tollgate\kdd2017_china_tollgate_20min.csv:kdd2017_t3_d0#segment3,1,20.200000000000003,20.200000000000003,408.04000000000013
1476625200,D:\intelligent_transportation\data\lstm_sources\public\kddcup2017_china_tollgate\kdd2017_china_tollgate_20min.csv:kdd2017_t3_d0#segment3,1,20.799999999999997,20.799999999999997,432.6399999999999
1476626400,D:\intelligent_transportation\data\lstm_sources\public\kddcup2017_china_tollgate\kdd2017_china_tollgate_20min.csv:kdd2017_t3_d0#segment3,1,14.799999999999997,14.799999999999997,219.0399999999999
1476627600,D:\intelligent_transportation\data\lstm_sources\public\kddcup2017_china_tollgate\kdd2017_china_tollgate_20min.csv:kdd2017_t3_d0#segment3,1,7.0,7.0,49.0
1476628800,D:\intelligent_transportation\data\lstm_sources\public\kddcup2017_china_tollgate\kdd2017_china_tollgate_20min.csv:kdd2017_t3_d0#segment3,1,20.799999999999997,20.799999999999997,432.6399999999999
1476630000,D:\intelligent_transportation\data\lstm_sources\public\kddcup2017_china_tollgate\kdd2017_china_tollgate_20min.csv:kdd2017_t3_d0#segment3,1,10.0,10.0,100.0
1476631200,D:\intelligent_transportation\data\lstm_sources\public\kddcup2017_china_tollgate\kdd2017_china_tollgate_20min.csv:kdd2017_t3_d0#segment3,1,-22.599999999999994,22.599999999999994,510.75999999999976
1476632400,D:\intelligent_transportation\data\lstm_sources\public\kddcup2017_china_tollgate\kdd2017_china_tollgate_20min.csv:kdd2017_t3_d0#segment3,1,-19.19999999999999,19.19999999999999,368.6399999999996
1476633600,D:\intelligent_transportation\data\lstm_sources\public\kddcup2017_china_tollgate\kdd2017_china_tollgate_20min.csv:kdd2017_t3_d0#segment3,1,19.200000000000003,19.200000000000003,368.6400000000001
1476634800,D:\intelligent_transportation\data\lstm_sources\public\kddcup2017_china_tollgate\kdd2017_china_tollgate_20min.csv:kdd2017_t3_d0#segment3,1,-1.5999999999999943,1.5999999999999943,2.559999999999982
1476636000,D:\intelligent_transportation\data\lstm_sources\public\kddcup2017_china_tollgate\kdd2017_china_tollgate_20min.csv:kdd2017_t3_d0#segment3,1,7.599999999999994,7.599999999999994,57.75999999999991
1476637200,D:\intelligent_transportation\data\lstm_sources\public\kddcup2017_china_tollgate\kdd2017_china_tollgate_20min.csv:kdd2017_t3_d0#segment3,1,7.599999999999994,7.599999999999994,57.75999999999991
1476638400,D:\intelligent_transportation\data\lstm_sources\public\kddcup2017_china_tollgate\kdd2017_china_tollgate_20min.csv:kdd2017_t3_d0#segment3,1,-13.0,13.0,169.0
1476639600,D:\intelligent_transportation\data\lstm_sources\public\kddcup2017_china_tollgate\kdd2017_china_tollgate_20min.csv:kdd2017_t3_d0#segment3,1,-10.400000000000006,10.400000000000006,108.16000000000012
1476640800,D:\intelligent_transportation\data\lstm_sources\public\kddcup2017_china_tollgate\kdd2017_china_tollgate_20min.csv:kdd2017_t3_d0#segment3,1,-20.599999999999994,20.599999999999994,424.3599999999998
1476642000,D:\intelligent_transportation\data\lstm_sources\public\kddcup2017_china_tollgate\kdd2017_china_tollgate_20min.csv:kdd2017_t3_d0#segment3,1,-28.200000000000003,28.200000000000003,795.2400000000001
1476643200,D:\intelligent_transportation\data\lstm_sources\public\kddcup2017_china_tollgate\kdd2017_china_tollgate_20min.csv:kdd2017_t3_d0#segment3,1,-33.2,33.2,1102.2400000000002
1476644400,D:\intelligent_transportation\data\lstm_sources\public\kddcup2017_china_tollgate\kdd2017_china_tollgate_20min.csv:kdd2017_t3_d0#segment3,1,-21.799999999999997,21.799999999999997,475.2399999999999
1476645600,D:\intelligent_transportation\data\lstm_sources\public\kddcup2017_china_tollgate\kdd2017_china_tollgate_20min.csv:kdd2017_t3_d0#segment3,1,-21.799999999999997,21.799999999999997,475.2399999999999
1476646800,D:\intelligent_transportation\data\lstm_sources\public\kddcup2017_china_tollgate\kdd2017_china_tollgate_20min.csv:kdd2017_t3_d0#segment3,1,-10.599999999999994,10.599999999999994,112.35999999999989
1476648000,D:\intelligent_transportation\data\lstm_sources\public\kddcup2017_china_tollgate\kdd2017_china_tollgate_20min.csv:kdd2017_t3_d0#segment3,1,-21.799999999999997,21.799999999999997,475.2399999999999
1476649200,D:\intelligent_transportation\data\lstm_sources\public\kddcup2017_china_tollgate\kdd2017_china_tollgate_20min.csv:kdd2017_t3_d0#segment3,1,-18.0,18.0,324.0
1476650400,D:\intelligent_transportation\data\lstm_sources\public\kddcup2017_china_tollgate\kdd2017_china_tollgate_20min.csv:kdd2017_t3_d0#segment3,1,-19.200000000000003,19.200000000000003,368.6400000000001
1476651600,D:\intelligent_transportation\data\lstm_sources\public\kddcup2017_china_tollgate\kdd2017_china_tollgate_20min.csv:kdd2017_t3_d0#segment3,1,-21.0,21.0,441.0
1476652800,D:\intelligent_transportation\data\lstm_sources\public\kddcup2017_china_tollgate\kdd2017_china_tollgate_20min.csv:kdd2017_t3_d0#segment3,1,-17.6,17.6,309.76000000000005
1476654000,D:\intelligent_transportation\data\lstm_sources\public\kddcup2017_china_tollgate\kdd2017_china_tollgate_20min.csv:kdd2017_t3_d0#segment3,1,-17.200000000000003,17.200000000000003,295.8400000000001
1476655200,D:\intelligent_transportation\data\lstm_sources\public\kddcup2017_china_tollgate\kdd2017_china_tollgate_20min.csv:kdd2017_t3_d0#segment3,1,-12.799999999999997,12.799999999999997,163.83999999999992
1476656400,D:\intelligent_transportation\data\lstm_sources\public\kddcup2017_china_tollgate\kdd2017_china_tollgate_20min.csv:kdd2017_t3_d0#segment3,1,-12.799999999999997,12.799999999999997,163.83999999999992
1476657600,D:\intelligent_transportation\data\lstm_sources\public\kddcup2017_china_tollgate\kdd2017_china_tollgate_20min.csv:kdd2017_t3_d0#segment3,1,-18.0,18.0,324.0
1476658800,D:\intelligent_transportation\data\lstm_sources\public\kddcup2017_china_tollgate\kdd2017_china_tollgate_20min.csv:kdd2017_t3_d0#segment3,1,-11.8,11.8,139.24
1476660000,D:\intelligent_transportation\data\lstm_sources\public\kddcup2017_china_tollgate\kdd2017_china_tollgate_20min.csv:kdd2017_t3_d0#segment3,1,-3.3999999999999986,3.3999999999999986,11.55999999999999
1476661200,D:\intelligent_transportation\data\lstm_sources\public\kddcup2017_china_tollgate\kdd2017_china_tollgate_20min.csv:kdd2017_t3_d0#segment3,1,-5.199999999999999,5.199999999999999,27.039999999999992
1476662400,D:\intelligent_transportation\data\lstm_sources\public\kddcup2017_china_tollgate\kdd2017_china_tollgate_20min.csv:kdd2017_t3_d0#segment3,1,-2.3999999999999986,2.3999999999999986,5.759999999999994
1476663600,D:\intelligent_transportation\data\lstm_sources\public\kddcup2017_china_tollgate\kdd2017_china_tollgate_20min.csv:kdd2017_t3_d0#segment3,1,3.3999999999999986,3.3999999999999986,11.55999999999999
1476664800,D:\intelligent_transportation\data\lstm_sources\public\kddcup2017_china_tollgate\kdd2017_china_tollgate_20min.csv:kdd2017_t3_d0#segment3,1,-0.6000000000000014,0.6000000000000014,0.3600000000000017
1476666000,D:\intelligent_transportation\data\lstm_sources\public\kddcup2017_china_tollgate\kdd2017_china_tollgate_20min.csv:kdd2017_t3_d0#segment3,1,4.199999999999999,4.199999999999999,17.639999999999993
1476667200,D:\intelligent_transportation\data\lstm_sources\public\kddcup2017_china_tollgate\kdd2017_china_tollgate_20min.csv:kdd2017_t3_d0#segment3,1,-0.1999999999999993,0.1999999999999993,0.039999999999999716
1476668400,D:\intelligent_transportation\data\lstm_sources\public\kddcup2017_china_tollgate\kdd2017_china_tollgate_20min.csv:kdd2017_t3_d0#segment3,1,-9.600000000000001,9.600000000000001,92.16000000000003
1476669600,D:\intelligent_transportation\data\lstm_sources\public\kddcup2017_china_tollgate\kdd2017_china_tollgate_20min.csv:kdd2017_t3_d0#segment3,1,-7.199999999999999,7.199999999999999,51.83999999999999
1476670800,D:\intelligent_transportation\data\lstm_sources\public\kddcup2017_china_tollgate\kdd2017_china_tollgate_20min.csv:kdd2017_t3_d0#segment3,1,-2.1999999999999993,2.1999999999999993,4.839999999999997
1476672000,D:\intelligent_transportation\data\lstm_sources\public\kddcup2017_china_tollgate\kdd2017_china_tollgate_20min.csv:kdd2017_t3_d0#segment3,1,-2.4000000000000004,2.4000000000000004,5.760000000000002
1476673200,D:\intelligent_transportation\data\lstm_sources\public\kddcup2017_china_tollgate\kdd2017_china_tollgate_20min.csv:kdd2017_t3_d0#segment3,1,2.5999999999999996,2.5999999999999996,6.759999999999998
1476674400,D:\intelligent_transportation\data\lstm_sources\public\kddcup2017_china_tollgate\kdd2017_china_tollgate_20min.csv:kdd2017_t3_d0#segment3,1,2.1999999999999993,2.1999999999999993,4.839999999999997
1476675600,D:\intelligent_transportation\data\lstm_sources\public\kddcup2017_china_tollgate\kdd2017_china_tollgate_20min.csv:kdd2017_t3_d0#segment3,1,-6.800000000000001,6.800000000000001,46.24000000000001
1476676800,D:\intelligent_transportation\data\lstm_sources\public\kddcup2017_china_tollgate\kdd2017_china_tollgate_20min.csv:kdd2017_t3_d0#segment3,1,2.0,2.0,4.0
1476678000,D:\intelligent_transportation\data\lstm_sources\public\kddcup2017_china_tollgate\kdd2017_china_tollgate_20min.csv:kdd2017_t3_d0#segment3,1,-1.1999999999999993,1.1999999999999993,1.4399999999999984
1476679200,D:\intelligent_transportation\data\lstm_sources\public\kddcup2017_china_tollgate\kdd2017_china_tollgate_20min.csv:kdd2017_t3_d0#segment3,1,-2.0,2.0,4.0
1476680400,D:\intelligent_transportation\data\lstm_sources\public\kddcup2017_china_tollgate\kdd2017_china_tollgate_20min.csv:kdd2017_t3_d0#segment3,1,2.0,2.0,4.0
1476681600,D:\intelligent_transportation\data\lstm_sources\public\kddcup2017_china_tollgate\kdd2017_china_tollgate_20min.csv:kdd2017_t3_d0#segment3,1,3.1999999999999993,3.1999999999999993,10.239999999999995
1476682800,D:\intelligent_transportation\data\lstm_sources\public\kddcup2017_china_tollgate\kdd2017_china_tollgate_20min.csv:kdd2017_t3_d0#segment3,1,9.6,9.6,92.16
1476684000,D:\intelligent_transportation\data\lstm_sources\public\kddcup2017_china_tollgate\kdd2017_china_tollgate_20min.csv:kdd2017_t3_d0#segment3,1,25.0,25.0,625.0
1476685200,D:\intelligent_transportation\data\lstm_sources\public\kddcup2017_china_tollgate\kdd2017_china_tollgate_20min.csv:kdd2017_t3_d0#segment3,1,38.4,38.4,1474.56
1476686400,D:\intelligent_transportation\data\lstm_sources\public\kddcup2017_china_tollgate\kdd2017_china_tollgate_20min.csv:kdd2017_t3_d0#segment3,1,64.8,64.8,4199.04
1476687600,D:\intelligent_transportation\data\lstm_sources\public\kddcup2017_china_tollgate\kdd2017_china_tollgate_20min.csv:kdd2017_t3_d0#segment3,1,98.6,98.6,9721.96
1476688800,D:\intelligent_transportation\data\lstm_sources\public\kddcup2017_china_tollgate\kdd2017_china_tollgate_20min.csv:kdd2017_t3_d0#segment3,1,89.6,89.6,8028.159999999999
1476690000,D:\intelligent_transportation\data\lstm_sources\public\kddcup2017_china_tollgate\kdd2017_china_tollgate_20min.csv:kdd2017_t3_d0#segment3,1,64.8,64.8,4199.04
1476691200,D:\intelligent_transportation\data\lstm_sources\public\kddcup2017_china_tollgate\kdd2017_china_tollgate_20min.csv:kdd2017_t3_d0#segment3,1,49.8,49.8,2480.0399999999995
1476692400,D:\intelligent_transportation\data\lstm_sources\public\kddcup2017_china_tollgate\kdd2017_china_tollgate_20min.csv:kdd2017_t3_d0#segment3,1,33.599999999999994,33.599999999999994,1128.9599999999996
1476693600,D:\intelligent_transportation\data\lstm_sources\public\kddcup2017_china_tollgate\kdd2017_china_tollgate_20min.csv:kdd2017_t3_d0#segment3,1,14.199999999999989,14.199999999999989,201.63999999999967
1476694800,D:\intelligent_transportation\data\lstm_sources\public\kddcup2017_china_tollgate\kdd2017_china_tollgate_20min.csv:kdd2017_t3_d0#segment3,1,-34.80000000000001,34.80000000000001,1211.0400000000009
1476696000,D:\intelligent_transportation\data\lstm_sources\public\kddcup2017_china_tollgate\kdd2017_china_tollgate_20min.csv:kdd2017_t3_d0#segment3,1,-18.0,18.0,324.0
1476697200,D:\intelligent_transportation\data\lstm_sources\public\kddcup2017_china_tollgate\kdd2017_china_tollgate_20min.csv:kdd2017_t3_d0#segment3,1,-48.0,48.0,2304.0
1476698400,D:\intelligent_transportation\data\lstm_sources\public\kddcup2017_china_tollgate\kdd2017_china_tollgate_20min.csv:kdd2017_t3_d0#segment3,1,-26.400000000000006,26.400000000000006,696.9600000000003
1476699600,D:\intelligent_transportation\data\lstm_sources\public\kddcup2017_china_tollgate\kdd2017_china_tollgate_20min.csv:kdd2017_t3_d0#segment3,1,-34.400000000000006,34.400000000000006,1183.3600000000004
1476700800,D:\intelligent_transportation\data\lstm_sources\public\kddcup2017_china_tollgate\kdd2017_china_tollgate_20min.csv:kdd2017_t3_d0#segment3,1,-42.0,42.0,1764.0
1476702000,D:\intelligent_transportation\data\lstm_sources\public\kddcup2017_china_tollgate\kdd2017_china_tollgate_20min.csv:kdd2017_t3_d0#segment3,1,-15.599999999999994,15.599999999999994,243.35999999999981
1476703200,D:\intelligent_transportation\data\lstm_sources\public\kddcup2017_china_tollgate\kdd2017_china_tollgate_20min.csv:kdd2017_t3_d0#segment3,1,-19.0,19.0,361.0
1476704400,D:\intelligent_transportation\data\lstm_sources\public\kddcup2017_china_tollgate\kdd2017_china_tollgate_20min.csv:kdd2017_t3_d0#segment3,1,-14.400000000000006,14.400000000000006,207.36000000000016
1476705600,D:\intelligent_transportation\data\lstm_sources\public\kddcup2017_china_tollgate\kdd2017_china_tollgate_20min.csv:kdd2017_t3_d0#segment3,1,-5.599999999999994,5.599999999999994,31.359999999999935
1476706800,D:\intelligent_transportation\data\lstm_sources\public\kddcup2017_china_tollgate\kdd2017_china_tollgate_20min.csv:kdd2017_t3_d0#segment3,1,-12.799999999999997,12.799999999999997,163.83999999999992
1476708000,D:\intelligent_transportation\data\lstm_sources\public\kddcup2017_china_tollgate\kdd2017_china_tollgate_20min.csv:kdd2017_t3_d0#segment3,1,0.7999999999999972,0.7999999999999972,0.6399999999999955
1476709200,D:\intelligent_transportation\data\lstm_sources\public\kddcup2017_china_tollgate\kdd2017_china_tollgate_20min.csv:kdd2017_t3_d0#segment3,1,21.200000000000003,21.200000000000003,449.4400000000001
1476710400,D:\intelligent_transportation\data\lstm_sources\public\kddcup2017_china_tollgate\kdd2017_china_tollgate_20min.csv:kdd2017_t3_d0#segment3,1,2.4000000000000057,2.4000000000000057,5.760000000000027
1476711600,D:\intelligent_transportation\data\lstm_sources\public\kddcup2017_china_tollgate\kdd2017_china_tollgate_20min.csv:kdd2017_t3_d0#segment3,1,3.4000000000000057,3.4000000000000057,11.560000000000038
1476712800,D:\intelligent_transportation\data\lstm_sources\public\kddcup2017_china_tollgate\kdd2017_china_tollgate_20min.csv:kdd2017_t3_d0#segment3,1,21.200000000000003,21.200000000000003,449.4400000000001
1476714000,D:\intelligent_transportation\data\lstm_sources\public\kddcup2017_china_tollgate\kdd2017_china_tollgate_20min.csv:kdd2017_t3_d0#segment3,1,18.0,18.0,324.0
1476715200,D:\intelligent_transportation\data\lstm_sources\public\kddcup2017_china_tollgate\kdd2017_china_tollgate_20min.csv:kdd2017_t3_d0#segment3,1,-20.599999999999994,20.599999999999994,424.3599999999998
1476716400,D:\intelligent_transportation\data\lstm_sources\public\kddcup2017_china_tollgate\kdd2017_china_tollgate_20min.csv:kdd2017_t3_d0#segment3,1,16.0,16.0,256.0
1476717600,D:\intelligent_transportation\data\lstm_sources\public\kddcup2017_china_tollgate\kdd2017_china_tollgate_20min.csv:kdd2017_t3_d0#segment3,1,-0.7999999999999972,0.7999999999999972,0.6399999999999955
1476718800,D:\intelligent_transportation\data\lstm_sources\public\kddcup2017_china_tollgate\kdd2017_china_tollgate_20min.csv:kdd2017_t3_d0#segment3,1,0.20000000000000284,0.20000000000000284,0.04000000000000114
1476720000,D:\intelligent_transportation\data\lstm_sources\public\kddcup2017_china_tollgate\kdd2017_china_tollgate_20min.csv:kdd2017_t3_d0#segment3,1,7.400000000000006,7.400000000000006,54.76000000000008
1476721200,D:\intelligent_transportation\data\lstm_sources\public\kddcup2017_china_tollgate\kdd2017_china_tollgate_20min.csv:kdd2017_t3_d0#segment3,1,6.200000000000003,6.200000000000003,38.44000000000003
1476722400,D:\intelligent_transportation\data\lstm_sources\public\kddcup2017_china_tollgate\kdd2017_china_tollgate_20min.csv:kdd2017_t3_d0#segment3,1,-15.200000000000003,15.200000000000003,231.04000000000008
1476723600,D:\intelligent_transportation\data\lstm_sources\public\kddcup2017_china_tollgate\kdd2017_china_tollgate_20min.csv:kdd2017_t3_d0#segment3,1,33.0,33.0,1089.0
1476724800,D:\intelligent_transportation\data\lstm_sources\public\kddcup2017_china_tollgate\kdd2017_china_tollgate_20min.csv:kdd2017_t3_d0#segment3,1,18.0,18.0,324.0
1476726000,D:\intelligent_transportation\data\lstm_sources\public\kddcup2017_china_tollgate\kdd2017_china_tollgate_20min.csv:kdd2017_t3_d0#segment3,1,-5.799999999999997,5.799999999999997,33.639999999999965
1476727200,D:\intelligent_transportation\data\lstm_sources\public\kddcup2017_china_tollgate\kdd2017_china_tollgate_20min.csv:kdd2017_t3_d0#segment3,1,-28.599999999999994,28.599999999999994,817.9599999999997
1476728400,D:\intelligent_transportation\data\lstm_sources\public\kddcup2017_china_tollgate\kdd2017_china_tollgate_20min.csv:kdd2017_t3_d0#segment3,1,-21.200000000000003,21.200000000000003,449.4400000000001
1476729600,D:\intelligent_transportation\data\lstm_sources\public\kddcup2017_china_tollgate\kdd2017_china_tollgate_20min.csv:kdd2017_t3_d0#segment3,1,-48.599999999999994,48.599999999999994,2361.9599999999996
1476730800,D:\intelligent_transportation\data\lstm_sources\public\kddcup2017_china_tollgate\kdd2017_china_tollgate_20min.csv:kdd2017_t3_d0#segment3,1,-47.599999999999994,47.599999999999994,2265.7599999999993
1476732000,D:\intelligent_transportation\data\lstm_sources\public\kddcup2017_china_tollgate\kdd2017_china_tollgate_20min.csv:kdd2017_t3_d0#segment3,1,-36.400000000000006,36.400000000000006,1324.9600000000005
1476733200,D:\intelligent_transportation\data\lstm_sources\public\kddcup2017_china_tollgate\kdd2017_china_tollgate_20min.csv:kdd2017_t3_d0#segment3,1,-16.0,16.0,256.0
1476734400,D:\intelligent_transportation\data\lstm_sources\public\kddcup2017_china_tollgate\kdd2017_china_tollgate_20min.csv:kdd2017_t3_d0#segment3,1,-15.600000000000001,15.600000000000001,243.36000000000004
1476735600,D:\intelligent_transportation\data\lstm_sources\public\kddcup2017_china_tollgate\kdd2017_china_tollgate_20min.csv:kdd2017_t3_d0#segment3,1,-7.200000000000003,7.200000000000003,51.84000000000004
1476736800,D:\intelligent_transportation\data\lstm_sources\public\kddcup2017_china_tollgate\kdd2017_china_tollgate_20min.csv:kdd2017_t3_d0#segment3,1,-9.200000000000003,9.200000000000003,84.64000000000006
1476738000,D:\intelligent_transportation\data\lstm_sources\public\kddcup2017_china_tollgate\kdd2017_china_tollgate_20min.csv:kdd2017_t3_d0#segment3,1,-8.799999999999997,8.799999999999997,77.43999999999996
1476739200,D:\intelligent_transportation\data\lstm_sources\public\kddcup2017_china_tollgate\kdd2017_china_tollgate_20min.csv:kdd2017_t3_d0#segment3,1,-13.0,13.0,169.0
1476740400,D:\intelligent_transportation\data\lstm_sources\public\kddcup2017_china_tollgate\kdd2017_china_tollgate_20min.csv:kdd2017_t3_d0#segment3,1,-13.600000000000001,13.600000000000001,184.96000000000004
1476741600,D:\intelligent_transportation\data\lstm_sources\public\kddcup2017_china_tollgate\kdd2017_china_tollgate_20min.csv:kdd2017_t3_d0#segment3,1,-18.6,18.6,345.96000000000004
1476742800,D:\intelligent_transportation\data\lstm_sources\public\kddcup2017_china_tollgate\kdd2017_china_tollgate_20min.csv:kdd2017_t3_d0#segment3,1,-10.0,10.0,100.0
1476744000,D:\intelligent_transportation\data\lstm_sources\public\kddcup2017_china_tollgate\kdd2017_china_tollgate_20min.csv:kdd2017_t3_d0#segment3,1,-7.199999999999999,7.199999999999999,51.83999999999999
1476745200,D:\intelligent_transportation\data\lstm_sources\public\kddcup2017_china_tollgate\kdd2017_china_tollgate_20min.csv:kdd2017_t3_d0#segment3,1,-20.6,20.6,424.36000000000007
1476746400,D:\intelligent_transportation\data\lstm_sources\public\kddcup2017_china_tollgate\kdd2017_china_tollgate_20min.csv:kdd2017_t3_d0#segment3,1,-8.8,8.8,77.44000000000001
1476747600,D:\intelligent_transportation\data\lstm_sources\public\kddcup2017_china_tollgate\kdd2017_china_tollgate_20min.csv:kdd2017_t3_d0#segment3,1,1.8000000000000007,1.8000000000000007,3.2400000000000024
1476379200,D:\intelligent_transportation\data\lstm_sources\public\kddcup2017_china_tollgate\kdd2017_china_tollgate_20min.csv:kdd2017_t3_d1#segment4,1,-10.799999999999997,10.799999999999997,116.63999999999994
1476380400,D:\intelligent_transportation\data\lstm_sources\public\kddcup2017_china_tollgate\kdd2017_china_tollgate_20min.csv:kdd2017_t3_d1#segment4,1,0.0,0.0,0.0
1476381600,D:\intelligent_transportation\data\lstm_sources\public\kddcup2017_china_tollgate\kdd2017_china_tollgate_20min.csv:kdd2017_t3_d1#segment4,1,-15.0,15.0,225.0
1476382800,D:\intelligent_transportation\data\lstm_sources\public\kddcup2017_china_tollgate\kdd2017_china_tollgate_20min.csv:kdd2017_t3_d1#segment4,1,-15.0,15.0,225.0
1476384000,D:\intelligent_transportation\data\lstm_sources\public\kddcup2017_china_tollgate\kdd2017_china_tollgate_20min.csv:kdd2017_t3_d1#segment4,1,-16.200000000000003,16.200000000000003,262.4400000000001
1476385200,D:\intelligent_transportation\data\lstm_sources\public\kddcup2017_china_tollgate\kdd2017_china_tollgate_20min.csv:kdd2017_t3_d1#segment4,1,-39.599999999999994,39.599999999999994,1568.1599999999996
1476386400,D:\intelligent_transportation\data\lstm_sources\public\kddcup2017_china_tollgate\kdd2017_china_tollgate_20min.csv:kdd2017_t3_d1#segment4,1,-22.200000000000003,22.200000000000003,492.84000000000015
1476387600,D:\intelligent_transportation\data\lstm_sources\public\kddcup2017_china_tollgate\kdd2017_china_tollgate_20min.csv:kdd2017_t3_d1#segment4,1,-1.5999999999999943,1.5999999999999943,2.559999999999982
1476388800,D:\intelligent_transportation\data\lstm_sources\public\kddcup2017_china_tollgate\kdd2017_china_tollgate_20min.csv:kdd2017_t3_d1#segment4,1,-15.799999999999997,15.799999999999997,249.6399999999999
1476390000,D:\intelligent_transportation\data\lstm_sources\public\kddcup2017_china_tollgate\kdd2017_china_tollgate_20min.csv:kdd2017_t3_d1#segment4,1,-17.799999999999997,17.799999999999997,316.8399999999999
1476391200,D:\intelligent_transportation\data\lstm_sources\public\kddcup2017_china_tollgate\kdd2017_china_tollgate_20min.csv:kdd2017_t3_d1#segment4,1,-3.200000000000003,3.200000000000003,10.240000000000018
1476392400,D:\intelligent_transportation\data\lstm_sources\public\kddcup2017_china_tollgate\kdd2017_china_tollgate_20min.csv:kdd2017_t3_d1#segment4,1,-15.399999999999999,15.399999999999999,237.15999999999997
1476393600,D:\intelligent_transportation\data\lstm_sources\public\kddcup2017_china_tollgate\kdd2017_china_tollgate_20min.csv:kdd2017_t3_d1#segment4,1,-14.600000000000001,14.600000000000001,213.16000000000005
1476394800,D:\intelligent_transportation\data\lstm_sources\public\kddcup2017_china_tollgate\kdd2017_china_tollgate_20min.csv:kdd2017_t3_d1#segment4,1,2.0,2.0,4.0
1476396000,D:\intelligent_transportation\data\lstm_sources\public\kddcup2017_china_tollgate\kdd2017_china_tollgate_20min.csv:kdd2017_t3_d1#segment4,1,-6.0,6.0,36.0
1476397200,D:\intelligent_transportation\data\lstm_sources\public\kddcup2017_china_tollgate\kdd2017_china_tollgate_20min.csv:kdd2017_t3_d1#segment4,1,-7.799999999999997,7.799999999999997,60.839999999999954
1476398400,D:\intelligent_transportation\data\lstm_sources\public\kddcup2017_china_tollgate\kdd2017_china_tollgate_20min.csv:kdd2017_t3_d1#segment4,1,-12.399999999999999,12.399999999999999,153.75999999999996
1476399600,D:\intelligent_transportation\data\lstm_sources\public\kddcup2017_china_tollgate\kdd2017_china_tollgate_20min.csv:kdd2017_t3_d1#segment4,1,-19.799999999999997,19.799999999999997,392.0399999999999
1476400800,D:\intelligent_transportation\data\lstm_sources\public\kddcup2017_china_tollgate\kdd2017_china_tollgate_20min.csv:kdd2017_t3_d1#segment4,1,-15.8,15.8,249.64000000000001
1476402000,D:\intelligent_transportation\data\lstm_sources\public\kddcup2017_china_tollgate\kdd2017_china_tollgate_20min.csv:kdd2017_t3_d1#segment4,1,-11.8,11.8,139.24
1476403200,D:\intelligent_transportation\data\lstm_sources\public\kddcup2017_china_tollgate\kdd2017_china_tollgate_20min.csv:kdd2017_t3_d1#segment4,1,107.8,107.8,11620.84
1476404400,D:\intelligent_transportation\data\lstm_sources\public\kddcup2017_china_tollgate\kdd2017_china_tollgate_20min.csv:kdd2017_t3_d1#segment4,1,72.8,72.8,5299.839999999999
1476405600,D:\intelligent_transportation\data\lstm_sources\public\kddcup2017_china_tollgate\kdd2017_china_tollgate_20min.csv:kdd2017_t3_d1#segment4,1,24.4,24.4,595.3599999999999
1476406800,D:\intelligent_transportation\data\lstm_sources\public\kddcup2017_china_tollgate\kdd2017_china_tollgate_20min.csv:kdd2017_t3_d1#segment4,1,-55.8,55.8,3113.64
1476408000,D:\intelligent_transportation\data\lstm_sources\public\kddcup2017_china_tollgate\kdd2017_china_tollgate_20min.csv:kdd2017_t3_d1#segment4,1,-57.599999999999994,57.599999999999994,3317.7599999999993
1476409200,D:\intelligent_transportation\data\lstm_sources\public\kddcup2017_china_tollgate\kdd2017_china_tollgate_20min.csv:kdd2017_t3_d1#segment4,1,-55.400000000000006,55.400000000000006,3069.1600000000008
1476410400,D:\intelligent_transportation\data\lstm_sources\public\kddcup2017_china_tollgate\kdd2017_china_tollgate_20min.csv:kdd2017_t3_d1#segment4,1,-40.6,40.6,1648.3600000000001
1476411600,D:\intelligent_transportation\data\lstm_sources\public\kddcup2017_china_tollgate\kdd2017_china_tollgate_20min.csv:kdd2017_t3_d1#segment4,1,-20.4,20.4,416.15999999999997
1476412800,D:\intelligent_transportation\data\lstm_sources\public\kddcup2017_china_tollgate\kdd2017_china_tollgate_20min.csv:kdd2017_t3_d1#segment4,1,-1.1999999999999993,1.1999999999999993,1.4399999999999984
1476414000,D:\intelligent_transportation\data\lstm_sources\public\kddcup2017_china_tollgate\kdd2017_china_tollgate_20min.csv:kdd2017_t3_d1#segment4,1,-7.199999999999999,7.199999999999999,51.83999999999999
1476415200,D:\intelligent_transportation\data\lstm_sources\public\kddcup2017_china_tollgate\kdd2017_china_tollgate_20min.csv:kdd2017_t3_d1#segment4,1,-1.2000000000000002,1.2000000000000002,1.4400000000000004
1476416400,D:\intelligent_transportation\data\lstm_sources\public\kddcup2017_china_tollgate\kdd2017_china_tollgate_20min.csv:kdd2017_t3_d1#segment4,1,-3.5999999999999996,3.5999999999999996,12.959999999999997
1476417600,D:\intelligent_transportation\data\lstm_sources\public\kddcup2017_china_tollgate\kdd2017_china_tollgate_20min.csv:kdd2017_t3_d1#segment4,1,-1.7999999999999998,1.7999999999999998,3.2399999999999993
1476418800,D:\intelligent_transportation\data\lstm_sources\public\kddcup2017_china_tollgate\kdd2017_china_tollgate_20min.csv:kdd2017_t3_d1#segment4,1,4.6,4.6,21.159999999999997
1476420000,D:\intelligent_transportation\data\lstm_sources\public\kddcup2017_china_tollgate\kdd2017_china_tollgate_20min.csv:kdd2017_t3_d1#segment4,1,6.6,6.6,43.559999999999995
1476421200,D:\intelligent_transportation\data\lstm_sources\public\kddcup2017_china_tollgate\kdd2017_china_tollgate_20min.csv:kdd2017_t3_d1#segment4,1,4.8,4.8,23.04
1476422400,D:\intelligent_transportation\data\lstm_sources\public\kddcup2017_china_tollgate\kdd2017_china_tollgate_20min.csv:kdd2017_t3_d1#segment4,1,-2.2,2.2,4.840000000000001
1476423600,D:\intelligent_transportation\data\lstm_sources\public\kddcup2017_china_tollgate\kdd2017_china_tollgate_20min.csv:kdd2017_t3_d1#segment4,1,5.2,5.2,27.040000000000003
1476424800,D:\intelligent_transportation\data\lstm_sources\public\kddcup2017_china_tollgate\kdd2017_china_tollgate_20min.csv:kdd2017_t3_d1#segment4,1,7.199999999999999,7.199999999999999,51.83999999999999
1476426000,D:\intelligent_transportation\data\lstm_sources\public\kddcup2017_china_tollgate\kdd2017_china_tollgate_20min.csv:kdd2017_t3_d1#segment4,1,22.6,22.6,510.76000000000005
1476427200,D:\intelligent_transportation\data\lstm_sources\public\kddcup2017_china_tollgate\kdd2017_china_tollgate_20min.csv:kdd2017_t3_d1#segment4,1,38.0,38.0,1444.0
1476428400,D:\intelligent_transportation\data\lstm_sources\public\kddcup2017_china_tollgate\kdd2017_china_tollgate_20min.csv:kdd2017_t3_d1#segment4,1,48.4,48.4,2342.56
1476429600,D:\intelligent_transportation\data\lstm_sources\public\kddcup2017_china_tollgate\kdd2017_china_tollgate_20min.csv:kdd2017_t3_d1#segment4,1,32.8,32.8,1075.84
1476430800,D:\intelligent_transportation\data\lstm_sources\public\kddcup2017_china_tollgate\kdd2017_china_tollgate_20min.csv:kdd2017_t3_d1#segment4,1,27.200000000000003,27.200000000000003,739.8400000000001
1476432000,D:\intelligent_transportation\data\lstm_sources\public\kddcup2017_china_tollgate\kdd2017_china_tollgate_20min.csv:kdd2017_t3_d1#segment4,1,37.2,37.2,1383.8400000000001
1476433200,D:\intelligent_transportation\data\lstm_sources\public\kddcup2017_china_tollgate\kdd2017_china_tollgate_20min.csv:kdd2017_t3_d1#segment4,1,59.2,59.2,3504.6400000000003
1476434400,D:\intelligent_transportation\data\lstm_sources\public\kddcup2017_china_tollgate\kdd2017_china_tollgate_20min.csv:kdd2017_t3_d1#segment4,1,36.2,36.2,1310.4400000000003
1476435600,D:\intelligent_transportation\data\lstm_sources\public\kddcup2017_china_tollgate\kdd2017_china_tollgate_20min.csv:kdd2017_t3_d1#segment4,1,23.400000000000006,23.400000000000006,547.5600000000003
1476436800,D:\intelligent_transportation\data\lstm_sources\public\kddcup2017_china_tollgate\kdd2017_china_tollgate_20min.csv:kdd2017_t3_d1#segment4,1,-12.400000000000006,12.400000000000006,153.76000000000013
1476438000,D:\intelligent_transportation\data\lstm_sources\public\kddcup2017_china_tollgate\kdd2017_china_tollgate_20min.csv:kdd2017_t3_d1#segment4,1,-12.0,12.0,144.0
1476439200,D:\intelligent_transportation\data\lstm_sources\public\kddcup2017_china_tollgate\kdd2017_china_tollgate_20min.csv:kdd2017_t3_d1#segment4,1,-26.200000000000003,26.200000000000003,686.4400000000002
1476440400,D:\intelligent_transportation\data\lstm_sources\public\kddcup2017_china_tollgate\kdd2017_china_tollgate_20min.csv:kdd2017_t3_d1#segment4,1,-24.799999999999997,24.799999999999997,615.0399999999998
1476441600,D:\intelligent_transportation\data\lstm_sources\public\kddcup2017_china_tollgate\kdd2017_china_tollgate_20min.csv:kdd2017_t3_d1#segment4,1,-25.400000000000006,25.400000000000006,645.1600000000003
1476442800,D:\intelligent_transportation\data\lstm_sources\public\kddcup2017_china_tollgate\kdd2017_china_tollgate_20min.csv:kdd2017_t3_d1#segment4,1,-14.599999999999994,14.599999999999994,213.15999999999983
1476444000,D:\intelligent_transportation\data\lstm_sources\public\kddcup2017_china_tollgate\kdd2017_china_tollgate_20min.csv:kdd2017_t3_d1#segment4,1,2.0,2.0,4.0
1476445200,D:\intelligent_transportation\data\lstm_sources\public\kddcup2017_china_tollgate\kdd2017_china_tollgate_20min.csv:kdd2017_t3_d1#segment4,1,1.2000000000000028,1.2000000000000028,1.4400000000000068
1476446400,D:\intelligent_transportation\data\lstm_sources\public\kddcup2017_china_tollgate\kdd2017_china_tollgate_20min.csv:kdd2017_t3_d1#segment4,1,12.599999999999994,12.599999999999994,158.75999999999985
1476447600,D:\intelligent_transportation\data\lstm_sources\public\kddcup2017_china_tollgate\kdd2017_china_tollgate_20min.csv:kdd2017_t3_d1#segment4,1,22.599999999999994,22.599999999999994,510.75999999999976
1476448800,D:\intelligent_transportation\data\lstm_sources\public\kddcup2017_china_tollgate\kdd2017_china_tollgate_20min.csv:kdd2017_t3_d1#segment4,1,3.4000000000000057,3.4000000000000057,11.560000000000038
1476450000,D:\intelligent_transportation\data\lstm_sources\public\kddcup2017_china_tollgate\kdd2017_china_tollgate_20min.csv:kdd2017_t3_d1#segment4,1,47.0,47.0,2209.0
1476451200,D:\intelligent_transportation\data\lstm_sources\public\kddcup2017_china_tollgate\kdd2017_china_tollgate_20min.csv:kdd2017_t3_d1#segment4,1,24.599999999999994,24.599999999999994,605.1599999999997
1476452400,D:\intelligent_transportation\data\lstm_sources\public\kddcup2017_china_tollgate\kdd2017_china_tollgate_20min.csv:kdd2017_t3_d1#segment4,1,9.799999999999997,9.799999999999997,96.03999999999995
1476453600,D:\intelligent_transportation\data\lstm_sources\public\kddcup2017_china_tollgate\kdd2017_china_tollgate_20min.csv:kdd2017_t3_d1#segment4,1,2.200000000000003,2.200000000000003,4.840000000000012
1476454800,D:\intelligent_transportation\data\lstm_sources\public\kddcup2017_china_tollgate\kdd2017_china_tollgate_20min.csv:kdd2017_t3_d1#segment4,1,-5.599999999999994,5.599999999999994,31.359999999999935
1476456000,D:\intelligent_transportation\data\lstm_sources\public\kddcup2017_china_tollgate\kdd2017_china_tollgate_20min.csv:kdd2017_t3_d1#segment4,1,-13.0,13.0,169.0
1476457200,D:\intelligent_transportation\data\lstm_sources\public\kddcup2017_china_tollgate\kdd2017_china_tollgate_20min.csv:kdd2017_t3_d1#segment4,1,-20.400000000000006,20.400000000000006,416.16000000000025
1476458400,D:\intelligent_transportation\data\lstm_sources\public\kddcup2017_china_tollgate\kdd2017_china_tollgate_20min.csv:kdd2017_t3_d1#segment4,1,-8.599999999999994,8.599999999999994,73.95999999999991
1476459600,D:\intelligent_transportation\data\lstm_sources\public\kddcup2017_china_tollgate\kdd2017_china_tollgate_20min.csv:kdd2017_t3_d1#segment4,1,-2.200000000000003,2.200000000000003,4.840000000000012
1476460800,D:\intelligent_transportation\data\lstm_sources\public\kddcup2017_china_tollgate\kdd2017_china_tollgate_20min.csv:kdd2017_t3_d1#segment4,1,6.200000000000003,6.200000000000003,38.44000000000003
1476462000,D:\intelligent_transportation\data\lstm_sources\public\kddcup2017_china_tollgate\kdd2017_china_tollgate_20min.csv:kdd2017_t3_d1#segment4,1,-19.599999999999994,19.599999999999994,384.1599999999998
1476463200,D:\intelligent_transportation\data\lstm_sources\public\kddcup2017_china_tollgate\kdd2017_china_tollgate_20min.csv:kdd2017_t3_d1#segment4,1,-0.7999999999999972,0.7999999999999972,0.6399999999999955
1476464400,D:\intelligent_transportation\data\lstm_sources\public\kddcup2017_china_tollgate\kdd2017_china_tollgate_20min.csv:kdd2017_t3_d1#segment4,1,7.599999999999994,7.599999999999994,57.75999999999991
1476465600,D:\intelligent_transportation\data\lstm_sources\public\kddcup2017_china_tollgate\kdd2017_china_tollgate_20min.csv:kdd2017_t3_d1#segment4,1,1.4000000000000057,1.4000000000000057,1.960000000000016
1476466800,D:\intelligent_transportation\data\lstm_sources\public\kddcup2017_china_tollgate\kdd2017_china_tollgate_20min.csv:kdd2017_t3_d1#segment4,1,22.799999999999997,22.799999999999997,519.8399999999999
1476468000,D:\intelligent_transportation\data\lstm_sources\public\kddcup2017_china_tollgate\kdd2017_china_tollgate_20min.csv:kdd2017_t3_d1#segment4,1,17.200000000000003,17.200000000000003,295.8400000000001
1476469200,D:\intelligent_transportation\data\lstm_sources\public\kddcup2017_china_tollgate\kdd2017_china_tollgate_20min.csv:kdd2017_t3_d1#segment4,1,-48.0,48.0,2304.0
1476470400,D:\intelligent_transportation\data\lstm_sources\public\kddcup2017_china_tollgate\kdd2017_china_tollgate_20min.csv:kdd2017_t3_d1#segment4,1,-69.8,69.8,4872.04
1476471600,D:\intelligent_transportation\data\lstm_sources\public\kddcup2017_china_tollgate\kdd2017_china_tollgate_20min.csv:kdd2017_t3_d1#segment4,1,-39.0,39.0,1521.0
1476472800,D:\intelligent_transportation\data\lstm_sources\public\kddcup2017_china_tollgate\kdd2017_china_tollgate_20min.csv:kdd2017_t3_d1#segment4,1,-31.400000000000006,31.400000000000006,985.9600000000004
1476474000,D:\intelligent_transportation\data\lstm_sources\public\kddcup2017_china_tollgate\kdd2017_china_tollgate_20min.csv:kdd2017_t3_d1#segment4,1,-15.0,15.0,225.0
1476475200,D:\intelligent_transportation\data\lstm_sources\public\kddcup2017_china_tollgate\kdd2017_china_tollgate_20min.csv:kdd2017_t3_d1#segment4,1,-1.3999999999999986,1.3999999999999986,1.959999999999996
1476476400,D:\intelligent_transportation\data\lstm_sources\public\kddcup2017_china_tollgate\kdd2017_china_tollgate_20min.csv:kdd2017_t3_d1#segment4,1,-5.200000000000003,5.200000000000003,27.04000000000003
1476477600,D:\intelligent_transportation\data\lstm_sources\public\kddcup2017_china_tollgate\kdd2017_china_tollgate_20min.csv:kdd2017_t3_d1#segment4,1,-0.3999999999999986,0.3999999999999986,0.15999999999999887
1476478800,D:\intelligent_transportation\data\lstm_sources\public\kddcup2017_china_tollgate\kdd2017_china_tollgate_20min.csv:kdd2017_t3_d1#segment4,1,-6.600000000000001,6.600000000000001,43.56000000000002
1476480000,D:\intelligent_transportation\data\lstm_sources\public\kddcup2017_china_tollgate\kdd2017_china_tollgate_20min.csv:kdd2017_t3_d1#segment4,1,-4.0,4.0,16.0
1476481200,D:\intelligent_transportation\data\lstm_sources\public\kddcup2017_china_tollgate\kdd2017_china_tollgate_20min.csv:kdd2017_t3_d1#segment4,1,-7.399999999999999,7.399999999999999,54.75999999999998
1476482400,D:\intelligent_transportation\data\lstm_sources\public\kddcup2017_china_tollgate\kdd2017_china_tollgate_20min.csv:kdd2017_t3_d1#segment4,1,-17.0,17.0,289.0
1476483600,D:\intelligent_transportation\data\lstm_sources\public\kddcup2017_china_tollgate\kdd2017_china_tollgate_20min.csv:kdd2017_t3_d1#segment4,1,-3.6000000000000014,3.6000000000000014,12.96000000000001
1476484800,D:\intelligent_transportation\data\lstm_sources\public\kddcup2017_china_tollgate\kdd2017_china_tollgate_20min.csv:kdd2017_t3_d1#segment4,1,-9.0,9.0,81.0
1476486000,D:\intelligent_transportation\data\lstm_sources\public\kddcup2017_china_tollgate\kdd2017_china_tollgate_20min.csv:kdd2017_t3_d1#segment4,1,-16.200000000000003,16.200000000000003,262.4400000000001
1476487200,D:\intelligent_transportation\data\lstm_sources\public\kddcup2017_china_tollgate\kdd2017_china_tollgate_20min.csv:kdd2017_t3_d1#segment4,1,-4.199999999999999,4.199999999999999,17.639999999999993
1476488400,D:\intelligent_transportation\data\lstm_sources\public\kddcup2017_china_tollgate\kdd2017_china_tollgate_20min.csv:kdd2017_t3_d1#segment4,1,-15.600000000000001,15.600000000000001,243.36000000000004
1476489600,D:\intelligent_transportation\data\lstm_sources\public\kddcup2017_china_tollgate\kdd2017_china_tollgate_20min.csv:kdd2017_t3_d1#segment4,1,146.4,146.4,21432.960000000003
1476490800,D:\intelligent_transportation\data\lstm_sources\public\kddcup2017_china_tollgate\kdd2017_china_tollgate_20min.csv:kdd2017_t3_d1#segment4,1,48.6,48.6,2361.96
1476492000,D:\intelligent_transportation\data\lstm_sources\public\kddcup2017_china_tollgate\kdd2017_china_tollgate_20min.csv:kdd2017_t3_d1#segment4,1,17.400000000000006,17.400000000000006,302.7600000000002
1476493200,D:\intelligent_transportation\data\lstm_sources\public\kddcup2017_china_tollgate\kdd2017_china_tollgate_20min.csv:kdd2017_t3_d1#segment4,1,-67.4,67.4,4542.760000000001
1476494400,D:\intelligent_transportation\data\lstm_sources\public\kddcup2017_china_tollgate\kdd2017_china_tollgate_20min.csv:kdd2017_t3_d1#segment4,1,-68.4,68.4,4678.56
1476495600,D:\intelligent_transportation\data\lstm_sources\public\kddcup2017_china_tollgate\kdd2017_china_tollgate_20min.csv:kdd2017_t3_d1#segment4,1,-67.4,67.4,4542.760000000001
1476496800,D:\intelligent_transportation\data\lstm_sources\public\kddcup2017_china_tollgate\kdd2017_china_tollgate_20min.csv:kdd2017_t3_d1#segment4,1,-35.6,35.6,1267.3600000000001
1476498000,D:\intelligent_transportation\data\lstm_sources\public\kddcup2017_china_tollgate\kdd2017_china_tollgate_20min.csv:kdd2017_t3_d1#segment4,1,-15.8,15.8,249.64000000000001
1476499200,D:\intelligent_transportation\data\lstm_sources\public\kddcup2017_china_tollgate\kdd2017_china_tollgate_20min.csv:kdd2017_t3_d1#segment4,1,-2.5999999999999996,2.5999999999999996,6.759999999999998
1476500400,D:\intelligent_transportation\data\lstm_sources\public\kddcup2017_china_tollgate\kdd2017_china_tollgate_20min.csv:kdd2017_t3_d1#segment4,1,-1.4000000000000004,1.4000000000000004,1.960000000000001
1476501600,D:\intelligent_transportation\data\lstm_sources\public\kddcup2017_china_tollgate\kdd2017_china_tollgate_20min.csv:kdd2017_t3_d1#segment4,1,-1.0,1.0,1.0
1476502800,D:\intelligent_transportation\data\lstm_sources\public\kddcup2017_china_tollgate\kdd2017_china_tollgate_20min.csv:kdd2017_t3_d1#segment4,1,-1.5999999999999996,1.5999999999999996,2.5599999999999987
1476504000,D:\intelligent_transportation\data\lstm_sources\public\kddcup2017_china_tollgate\kdd2017_china_tollgate_20min.csv:kdd2017_t3_d1#segment4,1,-0.20000000000000018,0.20000000000000018,0.04000000000000007
1476505200,D:\intelligent_transportation\data\lstm_sources\public\kddcup2017_china_tollgate\kdd2017_china_tollgate_20min.csv:kdd2017_t3_d1#segment4,1,1.2000000000000002,1.2000000000000002,1.4400000000000004
1476506400,D:\intelligent_transportation\data\lstm_sources\public\kddcup2017_china_tollgate\kdd2017_china_tollgate_20min.csv:kdd2017_t3_d1#segment4,1,1.0,1.0,1.0
1476507600,D:\intelligent_transportation\data\lstm_sources\public\kddcup2017_china_tollgate\kdd2017_china_tollgate_20min.csv:kdd2017_t3_d1#segment4,1,7.8,7.8,60.839999999999996
1476508800,D:\intelligent_transportation\data\lstm_sources\public\kddcup2017_china_tollgate\kdd2017_china_tollgate_20min.csv:kdd2017_t3_d1#segment4,1,5.2,5.2,27.040000000000003
1476510000,D:\intelligent_transportation\data\lstm_sources\public\kddcup2017_china_tollgate\kdd2017_china_tollgate_20min.csv:kdd2017_t3_d1#segment4,1,11.6,11.6,134.56
1476511200,D:\intelligent_transportation\data\lstm_sources\public\kddcup2017_china_tollgate\kdd2017_china_tollgate_20min.csv:kdd2017_t3_d1#segment4,1,4.6,4.6,21.159999999999997
1476512400,D:\intelligent_transportation\data\lstm_sources\public\kddcup2017_china_tollgate\kdd2017_china_tollgate_20min.csv:kdd2017_t3_d1#segment4,1,25.6,25.6,655.3600000000001
1476513600,D:\intelligent_transportation\data\lstm_sources\public\kddcup2017_china_tollgate\kdd2017_china_tollgate_20min.csv:kdd2017_t3_d1#segment4,1,43.0,43.0,1849.0
1476514800,D:\intelligent_transportation\data\lstm_sources\public\kddcup2017_china_tollgate\kdd2017_china_tollgate_20min.csv:kdd2017_t3_d1#segment4,1,29.0,29.0,841.0
1476516000,D:\intelligent_transportation\data\lstm_sources\public\kddcup2017_china_tollgate\kdd2017_china_tollgate_20min.csv:kdd2017_t3_d1#segment4,1,22.6,22.6,510.76000000000005
1476517200,D:\intelligent_transportation\data\lstm_sources\public\kddcup2017_china_tollgate\kdd2017_china_tollgate_20min.csv:kdd2017_t3_d1#segment4,1,29.200000000000003,29.200000000000003,852.6400000000002
1476518400,D:\intelligent_transportation\data\lstm_sources\public\kddcup2017_china_tollgate\kdd2017_china_tollgate_20min.csv:kdd2017_t3_d1#segment4,1,20.0,20.0,400.0
1476519600,D:\intelligent_transportation\data\lstm_sources\public\kddcup2017_china_tollgate\kdd2017_china_tollgate_20min.csv:kdd2017_t3_d1#segment4,1,11.799999999999997,11.799999999999997,139.23999999999992
1476520800,D:\intelligent_transportation\data\lstm_sources\public\kddcup2017_china_tollgate\kdd2017_china_tollgate_20min.csv:kdd2017_t3_d1#segment4,1,49.400000000000006,49.400000000000006,2440.3600000000006
1476522000,D:\intelligent_transportation\data\lstm_sources\public\kddcup2017_china_tollgate\kdd2017_china_tollgate_20min.csv:kdd2017_t3_d1#segment4,1,6.0,6.0,36.0
1476523200,D:\intelligent_transportation\data\lstm_sources\public\kddcup2017_china_tollgate\kdd2017_china_tollgate_20min.csv:kdd2017_t3_d1#segment4,1,7.400000000000006,7.400000000000006,54.76000000000008
1476524400,D:\intelligent_transportation\data\lstm_sources\public\kddcup2017_china_tollgate\kdd2017_china_tollgate_20min.csv:kdd2017_t3_d1#segment4,1,11.400000000000006,11.400000000000006,129.96000000000012
1476525600,D:\intelligent_transportation\data\lstm_sources\public\kddcup2017_china_tollgate\kdd2017_china_tollgate_20min.csv:kdd2017_t3_d1#segment4,1,-1.5999999999999943,1.5999999999999943,2.559999999999982
1476526800,D:\intelligent_transportation\data\lstm_sources\public\kddcup2017_china_tollgate\kdd2017_china_tollgate_20min.csv:kdd2017_t3_d1#segment4,1,-11.0,11.0,121.0
1476528000,D:\intelligent_transportation\data\lstm_sources\public\kddcup2017_china_tollgate\kdd2017_china_tollgate_20min.csv:kdd2017_t3_d1#segment4,1,11.0,11.0,121.0
1476529200,D:\intelligent_transportation\data\lstm_sources\public\kddcup2017_china_tollgate\kdd2017_china_tollgate_20min.csv:kdd2017_t3_d1#segment4,1,-15.400000000000006,15.400000000000006,237.16000000000017
1476530400,D:\intelligent_transportation\data\lstm_sources\public\kddcup2017_china_tollgate\kdd2017_china_tollgate_20min.csv:kdd2017_t3_d1#segment4,1,-2.799999999999997,2.799999999999997,7.839999999999984
1476531600,D:\intelligent_transportation\data\lstm_sources\public\kddcup2017_china_tollgate\kdd2017_china_tollgate_20min.csv:kdd2017_t3_d1#segment4,1,-13.599999999999994,13.599999999999994,184.95999999999984
1476532800,D:\intelligent_transportation\data\lstm_sources\public\kddcup2017_china_tollgate\kdd2017_china_tollgate_20min.csv:kdd2017_t3_d1#segment4,1,11.599999999999994,11.599999999999994,134.55999999999986
1476534000,D:\intelligent_transportation\data\lstm_sources\public\kddcup2017_china_tollgate\kdd2017_china_tollgate_20min.csv:kdd2017_t3_d1#segment4,1,-9.799999999999997,9.799999999999997,96.03999999999995
1476535200,D:\intelligent_transportation\data\lstm_sources\public\kddcup2017_china_tollgate\kdd2017_china_tollgate_20min.csv:kdd2017_t3_d1#segment4,1,-13.200000000000003,13.200000000000003,174.24000000000007
1476536400,D:\intelligent_transportation\data\lstm_sources\public\kddcup2017_china_tollgate\kdd2017_china_tollgate_20min.csv:kdd2017_t3_d1#segment4,1,27.400000000000006,27.400000000000006,750.7600000000003
1476537600,D:\intelligent_transportation\data\lstm_sources\public\kddcup2017_china_tollgate\kdd2017_china_tollgate_20min.csv:kdd2017_t3_d1#segment4,1,25.200000000000003,25.200000000000003,635.0400000000002
1476538800,D:\intelligent_transportation\data\lstm_sources\public\kddcup2017_china_tollgate\kdd2017_china_tollgate_20min.csv:kdd2017_t3_d1#segment4,1,10.0,10.0,100.0
1476540000,D:\intelligent_transportation\data\lstm_sources\public\kddcup2017_china_tollgate\kdd2017_china_tollgate_20min.csv:kdd2017_t3_d1#segment4,1,3.799999999999997,3.799999999999997,14.439999999999978
1476541200,D:\intelligent_transportation\data\lstm_sources\public\kddcup2017_china_tollgate\kdd2017_china_tollgate_20min.csv:kdd2017_t3_d1#segment4,1,-7.200000000000003,7.200000000000003,51.84000000000004
1476542400,D:\intelligent_transportation\data\lstm_sources\public\kddcup2017_china_tollgate\kdd2017_china_tollgate_20min.csv:kdd2017_t3_d1#segment4,1,-5.400000000000006,5.400000000000006,29.16000000000006
1476543600,D:\intelligent_transportation\data\lstm_sources\public\kddcup2017_china_tollgate\kdd2017_china_tollgate_20min.csv:kdd2017_t3_d1#segment4,1,13.0,13.0,169.0
1476544800,D:\intelligent_transportation\data\lstm_sources\public\kddcup2017_china_tollgate\kdd2017_china_tollgate_20min.csv:kdd2017_t3_d1#segment4,1,-5.400000000000006,5.400000000000006,29.16000000000006
1476546000,D:\intelligent_transportation\data\lstm_sources\public\kddcup2017_china_tollgate\kdd2017_china_tollgate_20min.csv:kdd2017_t3_d1#segment4,1,1.2000000000000028,1.2000000000000028,1.4400000000000068
1476547200,D:\intelligent_transportation\data\lstm_sources\public\kddcup2017_china_tollgate\kdd2017_china_tollgate_20min.csv:kdd2017_t3_d1#segment4,1,-15.200000000000003,15.200000000000003,231.04000000000008
1476548400,D:\intelligent_transportation\data\lstm_sources\public\kddcup2017_china_tollgate\kdd2017_china_tollgate_20min.csv:kdd2017_t3_d1#segment4,1,-8.799999999999997,8.799999999999997,77.43999999999996
1476549600,D:\intelligent_transportation\data\lstm_sources\public\kddcup2017_china_tollgate\kdd2017_china_tollgate_20min.csv:kdd2017_t3_d1#segment4,1,-13.200000000000003,13.200000000000003,174.24000000000007
1476550800,D:\intelligent_transportation\data\lstm_sources\public\kddcup2017_china_tollgate\kdd2017_china_tollgate_20min.csv:kdd2017_t3_d1#segment4,1,7.799999999999997,7.799999999999997,60.839999999999954
1476552000,D:\intelligent_transportation\data\lstm_sources\public\kddcup2017_china_tollgate\kdd2017_china_tollgate_20min.csv:kdd2017_t3_d1#segment4,1,-9.799999999999997,9.799999999999997,96.03999999999995
1476553200,D:\intelligent_transportation\data\lstm_sources\public\kddcup2017_china_tollgate\kdd2017_china_tollgate_20min.csv:kdd2017_t3_d1#segment4,1,-6.0,6.0,36.0
1476554400,D:\intelligent_transportation\data\lstm_sources\public\kddcup2017_china_tollgate\kdd2017_china_tollgate_20min.csv:kdd2017_t3_d1#segment4,1,-0.4000000000000057,0.4000000000000057,0.16000000000000456
1476555600,D:\intelligent_transportation\data\lstm_sources\public\kddcup2017_china_tollgate\kdd2017_china_tollgate_20min.csv:kdd2017_t3_d1#segment4,1,-6.799999999999997,6.799999999999997,46.23999999999996
1476556800,D:\intelligent_transportation\data\lstm_sources\public\kddcup2017_china_tollgate\kdd2017_china_tollgate_20min.csv:kdd2017_t3_d1#segment4,1,-9.0,9.0,81.0
1476558000,D:\intelligent_transportation\data\lstm_sources\public\kddcup2017_china_tollgate\kdd2017_china_tollgate_20min.csv:kdd2017_t3_d1#segment4,1,-3.5999999999999943,3.5999999999999943,12.959999999999958
1476559200,D:\intelligent_transportation\data\lstm_sources\public\kddcup2017_china_tollgate\kdd2017_china_tollgate_20min.csv:kdd2017_t3_d1#segment4,1,-36.8,36.8,1354.2399999999998
1476560400,D:\intelligent_transportation\data\lstm_sources\public\kddcup2017_china_tollgate\kdd2017_china_tollgate_20min.csv:kdd2017_t3_d1#segment4,1,-15.200000000000003,15.200000000000003,231.04000000000008
1476561600,D:\intelligent_transportation\data\lstm_sources\public\kddcup2017_china_tollgate\kdd2017_china_tollgate_20min.csv:kdd2017_t3_d1#segment4,1,0.5999999999999943,0.5999999999999943,0.35999999999999316
1476562800,D:\intelligent_transportation\data\lstm_sources\public\kddcup2017_china_tollgate\kdd2017_china_tollgate_20min.csv:kdd2017_t3_d1#segment4,1,-15.0,15.0,225.0
1476564000,D:\intelligent_transportation\data\lstm_sources\public\kddcup2017_china_tollgate\kdd2017_china_tollgate_20min.csv:kdd2017_t3_d1#segment4,1,-10.599999999999994,10.599999999999994,112.35999999999989
1476565200,D:\intelligent_transportation\data\lstm_sources\public\kddcup2017_china_tollgate\kdd2017_china_tollgate_20min.csv:kdd2017_t3_d1#segment4,1,-15.799999999999997,15.799999999999997,249.6399999999999
1476566400,D:\intelligent_transportation\data\lstm_sources\public\kddcup2017_china_tollgate\kdd2017_china_tollgate_20min.csv:kdd2017_t3_d1#segment4,1,-21.6,21.6,466.56000000000006
1476567600,D:\intelligent_transportation\data\lstm_sources\public\kddcup2017_china_tollgate\kdd2017_china_tollgate_20min.csv:kdd2017_t3_d1#segment4,1,-22.200000000000003,22.200000000000003,492.84000000000015
1476568800,D:\intelligent_transportation\data\lstm_sources\public\kddcup2017_china_tollgate\kdd2017_china_tollgate_20min.csv:kdd2017_t3_d1#segment4,1,-19.6,19.6,384.1600000000001
1476570000,D:\intelligent_transportation\data\lstm_sources\public\kddcup2017_china_tollgate\kdd2017_china_tollgate_20min.csv:kdd2017_t3_d1#segment4,1,-14.399999999999999,14.399999999999999,207.35999999999996
1476571200,D:\intelligent_transportation\data\lstm_sources\public\kddcup2017_china_tollgate\kdd2017_china_tollgate_20min.csv:kdd2017_t3_d1#segment4,1,-9.2,9.2,84.63999999999999
1476572400,D:\intelligent_transportation\data\lstm_sources\public\kddcup2017_china_tollgate\kdd2017_china_tollgate_20min.csv:kdd2017_t3_d1#segment4,1,-12.0,12.0,144.0
1476573600,D:\intelligent_transportation\data\lstm_sources\public\kddcup2017_china_tollgate\kdd2017_china_tollgate_20min.csv:kdd2017_t3_d1#segment4,1,8.2,8.2,67.24
1476574800,D:\intelligent_transportation\data\lstm_sources\public\kddcup2017_china_tollgate\kdd2017_china_tollgate_20min.csv:kdd2017_t3_d1#segment4,1,-14.0,14.0,196.0
1476576000,D:\intelligent_transportation\data\lstm_sources\public\kddcup2017_china_tollgate\kdd2017_china_tollgate_20min.csv:kdd2017_t3_d1#segment4,1,115.0,115.0,13225.0
1476577200,D:\intelligent_transportation\data\lstm_sources\public\kddcup2017_china_tollgate\kdd2017_china_tollgate_20min.csv:kdd2017_t3_d1#segment4,1,66.6,66.6,4435.5599999999995
1476578400,D:\intelligent_transportation\data\lstm_sources\public\kddcup2017_china_tollgate\kdd2017_china_tollgate_20min.csv:kdd2017_t3_d1#segment4,1,27.200000000000003,27.200000000000003,739.8400000000001
1476579600,D:\intelligent_transportation\data\lstm_sources\public\kddcup2017_china_tollgate\kdd2017_china_tollgate_20min.csv:kdd2017_t3_d1#segment4,1,-65.2,65.2,4251.04
1476580800,D:\intelligent_transportation\data\lstm_sources\public\kddcup2017_china_tollgate\kdd2017_china_tollgate_20min.csv:kdd2017_t3_d1#segment4,1,-64.8,64.8,4199.04
1476582000,D:\intelligent_transportation\data\lstm_sources\public\kddcup2017_china_tollgate\kdd2017_china_tollgate_20min.csv:kdd2017_t3_d1#segment4,1,-62.0,62.0,3844.0
1476583200,D:\intelligent_transportation\data\lstm_sources\public\kddcup2017_china_tollgate\kdd2017_china_tollgate_20min.csv:kdd2017_t3_d1#segment4,1,-39.4,39.4,1552.36
1476584400,D:\intelligent_transportation\data\lstm_sources\public\kddcup2017_china_tollgate\kdd2017_china_tollgate_20min.csv:kdd2017_t3_d1#segment4,1,-14.399999999999999,14.399999999999999,207.35999999999996
1476585600,D:\intelligent_transportation\data\lstm_sources\public\kddcup2017_china_tollgate\kdd2017_china_tollgate_20min.csv:kdd2017_t3_d1#segment4,1,0.40000000000000036,0.40000000000000036,0.16000000000000028
1476586800,D:\intelligent_transportation\data\lstm_sources\public\kddcup2017_china_tollgate\kdd2017_china_tollgate_20min.csv:kdd2017_t3_d1#segment4,1,1.7999999999999998,1.7999999999999998,3.2399999999999993
1476588000,D:\intelligent_transportation\data\lstm_sources\public\kddcup2017_china_tollgate\kdd2017_china_tollgate_20min.csv:kdd2017_t3_d1#segment4,1,-2.8,2.8,7.839999999999999
1476589200,D:\intelligent_transportation\data\lstm_sources\public\kddcup2017_china_tollgate\kdd2017_china_tollgate_20min.csv:kdd2017_t3_d1#segment4,1,-1.2000000000000002,1.2000000000000002,1.4400000000000004
1476590400,D:\intelligent_transportation\data\lstm_sources\public\kddcup2017_china_tollgate\kdd2017_china_tollgate_20min.csv:kdd2017_t3_d1#segment4,1,-3.4000000000000004,3.4000000000000004,11.560000000000002
1476591600,D:\intelligent_transportation\data\lstm_sources\public\kddcup2017_china_tollgate\kdd2017_china_tollgate_20min.csv:kdd2017_t3_d1#segment4,1,-0.40000000000000036,0.40000000000000036,0.16000000000000028
1476592800,D:\intelligent_transportation\data\lstm_sources\public\kddcup2017_china_tollgate\kdd2017_china_tollgate_20min.csv:kdd2017_t3_d1#segment4,1,2.0,2.0,4.0
1476594000,D:\intelligent_transportation\data\lstm_sources\public\kddcup2017_china_tollgate\kdd2017_china_tollgate_20min.csv:kdd2017_t3_d1#segment4,1,8.2,8.2,67.24
1476595200,D:\intelligent_transportation\data\lstm_sources\public\kddcup2017_china_tollgate\kdd2017_china_tollgate_20min.csv:kdd2017_t3_d1#segment4,1,8.4,8.4,70.56
1476596400,D:\intelligent_transportation\data\lstm_sources\public\kddcup2017_china_tollgate\kdd2017_china_tollgate_20min.csv:kdd2017_t3_d1#segment4,1,8.4,8.4,70.56
1476597600,D:\intelligent_transportation\data\lstm_sources\public\kddcup2017_china_tollgate\kdd2017_china_tollgate_20min.csv:kdd2017_t3_d1#segment4,1,12.6,12.6,158.76
1476598800,D:\intelligent_transportation\data\lstm_sources\public\kddcup2017_china_tollgate\kdd2017_china_tollgate_20min.csv:kdd2017_t3_d1#segment4,1,28.8,28.8,829.44
1476600000,D:\intelligent_transportation\data\lstm_sources\public\kddcup2017_china_tollgate\kdd2017_china_tollgate_20min.csv:kdd2017_t3_d1#segment4,1,14.399999999999999,14.399999999999999,207.35999999999996
1476601200,D:\intelligent_transportation\data\lstm_sources\public\kddcup2017_china_tollgate\kdd2017_china_tollgate_20min.csv:kdd2017_t3_d1#segment4,1,12.600000000000001,12.600000000000001,158.76000000000005
1476602400,D:\intelligent_transportation\data\lstm_sources\public\kddcup2017_china_tollgate\kdd2017_china_tollgate_20min.csv:kdd2017_t3_d1#segment4,1,17.6,17.6,309.76000000000005
1476603600,D:\intelligent_transportation\data\lstm_sources\public\kddcup2017_china_tollgate\kdd2017_china_tollgate_20min.csv:kdd2017_t3_d1#segment4,1,26.0,26.0,676.0
1476604800,D:\intelligent_transportation\data\lstm_sources\public\kddcup2017_china_tollgate\kdd2017_china_tollgate_20min.csv:kdd2017_t3_d1#segment4,1,37.8,37.8,1428.8399999999997
1476606000,D:\intelligent_transportation\data\lstm_sources\public\kddcup2017_china_tollgate\kdd2017_china_tollgate_20min.csv:kdd2017_t3_d1#segment4,1,24.6,24.6,605.1600000000001
1476607200,D:\intelligent_transportation\data\lstm_sources\public\kddcup2017_china_tollgate\kdd2017_china_tollgate_20min.csv:kdd2017_t3_d1#segment4,1,22.0,22.0,484.0
1476608400,D:\intelligent_transportation\data\lstm_sources\public\kddcup2017_china_tollgate\kdd2017_china_tollgate_20min.csv:kdd2017_t3_d1#segment4,1,33.8,33.8,1142.4399999999998
1476609600,D:\intelligent_transportation\data\lstm_sources\public\kddcup2017_china_tollgate\kdd2017_china_tollgate_20min.csv:kdd2017_t3_d1#segment4,1,5.400000000000006,5.400000000000006,29.16000000000006
1476610800,D:\intelligent_transportation\data\lstm_sources\public\kddcup2017_china_tollgate\kdd2017_china_tollgate_20min.csv:kdd2017_t3_d1#segment4,1,8.400000000000006,8.400000000000006,70.5600000000001
1476612000,D:\intelligent_transportation\data\lstm_sources\public\kddcup2017_china_tollgate\kdd2017_china_tollgate_20min.csv:kdd2017_t3_d1#segment4,1,14.799999999999997,14.799999999999997,219.0399999999999
1476613200,D:\intelligent_transportation\data\lstm_sources\public\kddcup2017_china_tollgate\kdd2017_china_tollgate_20min.csv:kdd2017_t3_d1#segment4,1,37.400000000000006,37.400000000000006,1398.7600000000004
1476614400,D:\intelligent_transportation\data\lstm_sources\public\kddcup2017_china_tollgate\kdd2017_china_tollgate_20min.csv:kdd2017_t3_d1#segment4,1,2.5999999999999943,2.5999999999999943,6.7599999999999705
1476615600,D:\intelligent_transportation\data\lstm_sources\public\kddcup2017_china_tollgate\kdd2017_china_tollgate_20min.csv:kdd2017_t3_d1#segment4,1,-27.0,27.0,729.0
1476616800,D:\intelligent_transportation\data\lstm_sources\public\kddcup2017_china_tollgate\kdd2017_china_tollgate_20min.csv:kdd2017_t3_d1#segment4,1,-8.200000000000003,8.200000000000003,67.24000000000005
1476618000,D:\intelligent_transportation\data\lstm_sources\public\kddcup2017_china_tollgate\kdd2017_china_tollgate_20min.csv:kdd2017_t3_d1#segment4,1,-42.2,42.2,1780.8400000000001
1476619200,D:\intelligent_transportation\data\lstm_sources\public\kddcup2017_china_tollgate\kdd2017_china_tollgate_20min.csv:kdd2017_t3_d1#segment4,1,12.400000000000006,12.400000000000006,153.76000000000013
1476620400,D:\intelligent_transportation\data\lstm_sources\public\kddcup2017_china_tollgate\kdd2017_china_tollgate_20min.csv:kdd2017_t3_d1#segment4,1,3.4000000000000057,3.4000000000000057,11.560000000000038
1476621600,D:\intelligent_transportation\data\lstm_sources\public\kddcup2017_china_tollgate\kdd2017_china_tollgate_20min.csv:kdd2017_t3_d1#segment4,1,25.200000000000003,25.200000000000003,635.0400000000002
1476622800,D:\intelligent_transportation\data\lstm_sources\public\kddcup2017_china_tollgate\kdd2017_china_tollgate_20min.csv:kdd2017_t3_d1#segment4,1,39.400000000000006,39.400000000000006,1552.3600000000004
1476624000,D:\intelligent_transportation\data\lstm_sources\public\kddcup2017_china_tollgate\kdd2017_china_tollgate_20min.csv:kdd2017_t3_d1#segment4,1,20.799999999999997,20.799999999999997,432.6399999999999
1476625200,D:\intelligent_transportation\data\lstm_sources\public\kddcup2017_china_tollgate\kdd2017_china_tollgate_20min.csv:kdd2017_t3_d1#segment4,1,29.599999999999994,29.599999999999994,876.1599999999996
1476626400,D:\intelligent_transportation\data\lstm_sources\public\kddcup2017_china_tollgate\kdd2017_china_tollgate_20min.csv:kdd2017_t3_d1#segment4,1,19.400000000000006,19.400000000000006,376.36000000000024
1476627600,D:\intelligent_transportation\data\lstm_sources\public\kddcup2017_china_tollgate\kdd2017_china_tollgate_20min.csv:kdd2017_t3_d1#segment4,1,0.0,0.0,0.0
1476628800,D:\intelligent_transportation\data\lstm_sources\public\kddcup2017_china_tollgate\kdd2017_china_tollgate_20min.csv:kdd2017_t3_d1#segment4,1,10.400000000000006,10.400000000000006,108.16000000000012
1476630000,D:\intelligent_transportation\data\lstm_sources\public\kddcup2017_china_tollgate\kdd2017_china_tollgate_20min.csv:kdd2017_t3_d1#segment4,1,1.1999999999999886,1.1999999999999886,1.4399999999999726
1476631200,D:\intelligent_transportation\data\lstm_sources\public\kddcup2017_china_tollgate\kdd2017_china_tollgate_20min.csv:kdd2017_t3_d1#segment4,1,-7.800000000000011,7.800000000000011,60.840000000000174
1476632400,D:\intelligent_transportation\data\lstm_sources\public\kddcup2017_china_tollgate\kdd2017_china_tollgate_20min.csv:kdd2017_t3_d1#segment4,1,-4.400000000000006,4.400000000000006,19.36000000000005
1476633600,D:\intelligent_transportation\data\lstm_sources\public\kddcup2017_china_tollgate\kdd2017_china_tollgate_20min.csv:kdd2017_t3_d1#segment4,1,6.199999999999989,6.199999999999989,38.439999999999856
1476634800,D:\intelligent_transportation\data\lstm_sources\public\kddcup2017_china_tollgate\kdd2017_china_tollgate_20min.csv:kdd2017_t3_d1#segment4,1,-14.0,14.0,196.0
1476636000,D:\intelligent_transportation\data\lstm_sources\public\kddcup2017_china_tollgate\kdd2017_china_tollgate_20min.csv:kdd2017_t3_d1#segment4,1,-30.80000000000001,30.80000000000001,948.6400000000007
1476637200,D:\intelligent_transportation\data\lstm_sources\public\kddcup2017_china_tollgate\kdd2017_china_tollgate_20min.csv:kdd2017_t3_d1#segment4,1,-28.80000000000001,28.80000000000001,829.4400000000006
1476638400,D:\intelligent_transportation\data\lstm_sources\public\kddcup2017_china_tollgate\kdd2017_china_tollgate_20min.csv:kdd2017_t3_d1#segment4,1,-14.0,14.0,196.0
1476639600,D:\intelligent_transportation\data\lstm_sources\public\kddcup2017_china_tollgate\kdd2017_china_tollgate_20min.csv:kdd2017_t3_d1#segment4,1,-16.599999999999994,16.599999999999994,275.55999999999983
1476640800,D:\intelligent_transportation\data\lstm_sources\public\kddcup2017_china_tollgate\kdd2017_china_tollgate_20min.csv:kdd2017_t3_d1#segment4,1,-19.799999999999997,19.799999999999997,392.0399999999999
1476642000,D:\intelligent_transportation\data\lstm_sources\public\kddcup2017_china_tollgate\kdd2017_china_tollgate_20min.csv:kdd2017_t3_d1#segment4,1,8.799999999999997,8.799999999999997,77.43999999999996
1476643200,D:\intelligent_transportation\data\lstm_sources\public\kddcup2017_china_tollgate\kdd2017_china_tollgate_20min.csv:kdd2017_t3_d1#segment4,1,-19.0,19.0,361.0
1476644400,D:\intelligent_transportation\data\lstm_sources\public\kddcup2017_china_tollgate\kdd2017_china_tollgate_20min.csv:kdd2017_t3_d1#segment4,1,-23.400000000000006,23.400000000000006,547.5600000000003
1476645600,D:\intelligent_transportation\data\lstm_sources\public\kddcup2017_china_tollgate\kdd2017_china_tollgate_20min.csv:kdd2017_t3_d1#segment4,1,-3.5999999999999943,3.5999999999999943,12.959999999999958
1476646800,D:\intelligent_transportation\data\lstm_sources\public\kddcup2017_china_tollgate\kdd2017_china_tollgate_20min.csv:kdd2017_t3_d1#segment4,1,-4.0,4.0,16.0
1476648000,D:\intelligent_transportation\data\lstm_sources\public\kddcup2017_china_tollgate\kdd2017_china_tollgate_20min.csv:kdd2017_t3_d1#segment4,1,-21.200000000000003,21.200000000000003,449.4400000000001
1476649200,D:\intelligent_transportation\data\lstm_sources\public\kddcup2017_china_tollgate\kdd2017_china_tollgate_20min.csv:kdd2017_t3_d1#segment4,1,-20.599999999999994,20.599999999999994,424.3599999999998
1476650400,D:\intelligent_transportation\data\lstm_sources\public\kddcup2017_china_tollgate\kdd2017_china_tollgate_20min.csv:kdd2017_t3_d1#segment4,1,-6.799999999999997,6.799999999999997,46.23999999999996
1476651600,D:\intelligent_transportation\data\lstm_sources\public\kddcup2017_china_tollgate\kdd2017_china_tollgate_20min.csv:kdd2017_t3_d1#segment4,1,-51.400000000000006,51.400000000000006,2641.9600000000005
1476652800,D:\intelligent_transportation\data\lstm_sources\public\kddcup2017_china_tollgate\kdd2017_china_tollgate_20min.csv:kdd2017_t3_d1#segment4,1,-18.200000000000003,18.200000000000003,331.2400000000001
1476654000,D:\intelligent_transportation\data\lstm_sources\public\kddcup2017_china_tollgate\kdd2017_china_tollgate_20min.csv:kdd2017_t3_d1#segment4,1,-18.6,18.6,345.96000000000004
1476655200,D:\intelligent_transportation\data\lstm_sources\public\kddcup2017_china_tollgate\kdd2017_china_tollgate_20min.csv:kdd2017_t3_d1#segment4,1,-22.799999999999997,22.799999999999997,519.8399999999999
1476656400,D:\intelligent_transportation\data\lstm_sources\public\kddcup2017_china_tollgate\kdd2017_china_tollgate_20min.csv:kdd2017_t3_d1#segment4,1,-14.399999999999999,14.399999999999999,207.35999999999996
1476657600,D:\intelligent_transportation\data\lstm_sources\public\kddcup2017_china_tollgate\kdd2017_china_tollgate_20min.csv:kdd2017_t3_d1#segment4,1,-6.399999999999999,6.399999999999999,40.95999999999998
1476658800,D:\intelligent_transportation\data\lstm_sources\public\kddcup2017_china_tollgate\kdd2017_china_tollgate_20min.csv:kdd2017_t3_d1#segment4,1,-15.399999999999999,15.399999999999999,237.15999999999997
1476660000,D:\intelligent_transportation\data\lstm_sources\public\kddcup2017_china_tollgate\kdd2017_china_tollgate_20min.csv:kdd2017_t3_d1#segment4,1,-9.600000000000001,9.600000000000001,92.16000000000003
1476661200,D:\intelligent_transportation\data\lstm_sources\public\kddcup2017_china_tollgate\kdd2017_china_tollgate_20min.csv:kdd2017_t3_d1#segment4,1,-6.600000000000001,6.600000000000001,43.56000000000002
1476662400,D:\intelligent_transportation\data\lstm_sources\public\kddcup2017_china_tollgate\kdd2017_china_tollgate_20min.csv:kdd2017_t3_d1#segment4,1,127.4,127.4,16230.760000000002
1476663600,D:\intelligent_transportation\data\lstm_sources\public\kddcup2017_china_tollgate\kdd2017_china_tollgate_20min.csv:kdd2017_t3_d1#segment4,1,67.2,67.2,4515.84
1476664800,D:\intelligent_transportation\data\lstm_sources\public\kddcup2017_china_tollgate\kdd2017_china_tollgate_20min.csv:kdd2017_t3_d1#segment4,1,31.0,31.0,961.0
1476666000,D:\intelligent_transportation\data\lstm_sources\public\kddcup2017_china_tollgate\kdd2017_china_tollgate_20min.csv:kdd2017_t3_d1#segment4,1,-62.2,62.2,3868.84
1476667200,D:\intelligent_transportation\data\lstm_sources\public\kddcup2017_china_tollgate\kdd2017_china_tollgate_20min.csv:kdd2017_t3_d1#segment4,1,-61.8,61.8,3819.24
1476668400,D:\intelligent_transportation\data\lstm_sources\public\kddcup2017_china_tollgate\kdd2017_china_tollgate_20min.csv:kdd2017_t3_d1#segment4,1,-67.6,67.6,4569.759999999999
1476669600,D:\intelligent_transportation\data\lstm_sources\public\kddcup2017_china_tollgate\kdd2017_china_tollgate_20min.csv:kdd2017_t3_d1#segment4,1,-38.8,38.8,1505.4399999999998
1476670800,D:\intelligent_transportation\data\lstm_sources\public\kddcup2017_china_tollgate\kdd2017_china_tollgate_20min.csv:kdd2017_t3_d1#segment4,1,-20.4,20.4,416.15999999999997
1476672000,D:\intelligent_transportation\data\lstm_sources\public\kddcup2017_china_tollgate\kdd2017_china_tollgate_20min.csv:kdd2017_t3_d1#segment4,1,-5.4,5.4,29.160000000000004
1476673200,D:\intelligent_transportation\data\lstm_sources\public\kddcup2017_china_tollgate\kdd2017_china_tollgate_20min.csv:kdd2017_t3_d1#segment4,1,3.4000000000000004,3.4000000000000004,11.560000000000002
1476674400,D:\intelligent_transportation\data\lstm_sources\public\kddcup2017_china_tollgate\kdd2017_china_tollgate_20min.csv:kdd2017_t3_d1#segment4,1,-3.2,3.2,10.240000000000002
1476675600,D:\intelligent_transportation\data\lstm_sources\public\kddcup2017_china_tollgate\kdd2017_china_tollgate_20min.csv:kdd2017_t3_d1#segment4,1,3.4,3.4,11.559999999999999
1476676800,D:\intelligent_transportation\data\lstm_sources\public\kddcup2017_china_tollgate\kdd2017_china_tollgate_20min.csv:kdd2017_t3_d1#segment4,1,3.0,3.0,9.0
1476678000,D:\intelligent_transportation\data\lstm_sources\public\kddcup2017_china_tollgate\kdd2017_china_tollgate_20min.csv:kdd2017_t3_d1#segment4,1,0.20000000000000018,0.20000000000000018,0.04000000000000007
1476679200,D:\intelligent_transportation\data\lstm_sources\public\kddcup2017_china_tollgate\kdd2017_china_tollgate_20min.csv:kdd2017_t3_d1#segment4,1,0.40000000000000036,0.40000000000000036,0.16000000000000028
1476680400,D:\intelligent_transportation\data\lstm_sources\public\kddcup2017_china_tollgate\kdd2017_china_tollgate_20min.csv:kdd2017_t3_d1#segment4,1,0.7999999999999998,0.7999999999999998,0.6399999999999997
1476681600,D:\intelligent_transportation\data\lstm_sources\public\kddcup2017_china_tollgate\kdd2017_china_tollgate_20min.csv:kdd2017_t3_d1#segment4,1,3.8,3.8,14.44
1476682800,D:\intelligent_transportation\data\lstm_sources\public\kddcup2017_china_tollgate\kdd2017_china_tollgate_20min.csv:kdd2017_t3_d1#segment4,1,8.2,8.2,67.24
1476684000,D:\intelligent_transportation\data\lstm_sources\public\kddcup2017_china_tollgate\kdd2017_china_tollgate_20min.csv:kdd2017_t3_d1#segment4,1,23.6,23.6,556.96
1476685200,D:\intelligent_transportation\data\lstm_sources\public\kddcup2017_china_tollgate\kdd2017_china_tollgate_20min.csv:kdd2017_t3_d1#segment4,1,27.2,27.2,739.8399999999999
1476686400,D:\intelligent_transportation\data\lstm_sources\public\kddcup2017_china_tollgate\kdd2017_china_tollgate_20min.csv:kdd2017_t3_d1#segment4,1,28.2,28.2,795.24
1476687600,D:\intelligent_transportation\data\lstm_sources\public\kddcup2017_china_tollgate\kdd2017_china_tollgate_20min.csv:kdd2017_t3_d1#segment4,1,57.6,57.6,3317.76
1476688800,D:\intelligent_transportation\data\lstm_sources\public\kddcup2017_china_tollgate\kdd2017_china_tollgate_20min.csv:kdd2017_t3_d1#segment4,1,66.2,66.2,4382.4400000000005
1476690000,D:\intelligent_transportation\data\lstm_sources\public\kddcup2017_china_tollgate\kdd2017_china_tollgate_20min.csv:kdd2017_t3_d1#segment4,1,40.0,40.0,1600.0
1476691200,D:\intelligent_transportation\data\lstm_sources\public\kddcup2017_china_tollgate\kdd2017_china_tollgate_20min.csv:kdd2017_t3_d1#segment4,1,44.599999999999994,44.599999999999994,1989.1599999999994
1476692400,D:\intelligent_transportation\data\lstm_sources\public\kddcup2017_china_tollgate\kdd2017_china_tollgate_20min.csv:kdd2017_t3_d1#segment4,1,52.2,52.2,2724.84
1476693600,D:\intelligent_transportation\data\lstm_sources\public\kddcup2017_china_tollgate\kdd2017_china_tollgate_20min.csv:kdd2017_t3_d1#segment4,1,35.599999999999994,35.599999999999994,1267.3599999999997
1476694800,D:\intelligent_transportation\data\lstm_sources\public\kddcup2017_china_tollgate\kdd2017_china_tollgate_20min.csv:kdd2017_t3_d1#segment4,1,9.0,9.0,81.0
1476696000,D:\intelligent_transportation\data\lstm_sources\public\kddcup2017_china_tollgate\kdd2017_china_tollgate_20min.csv:kdd2017_t3_d1#segment4,1,5.0,5.0,25.0
1476697200,D:\intelligent_transportation\data\lstm_sources\public\kddcup2017_china_tollgate\kdd2017_china_tollgate_20min.csv:kdd2017_t3_d1#segment4,1,-32.599999999999994,32.599999999999994,1062.7599999999995
1476698400,D:\intelligent_transportation\data\lstm_sources\public\kddcup2017_china_tollgate\kdd2017_china_tollgate_20min.csv:kdd2017_t3_d1#segment4,1,-57.19999999999999,57.19999999999999,3271.839999999999
1476699600,D:\intelligent_transportation\data\lstm_sources\public\kddcup2017_china_tollgate\kdd2017_china_tollgate_20min.csv:kdd2017_t3_d1#segment4,1,-44.400000000000006,44.400000000000006,1971.3600000000006
1476700800,D:\intelligent_transportation\data\lstm_sources\public\kddcup2017_china_tollgate\kdd2017_china_tollgate_20min.csv:kdd2017_t3_d1#segment4,1,-22.799999999999997,22.799999999999997,519.8399999999999
1476702000,D:\intelligent_transportation\data\lstm_sources\public\kddcup2017_china_tollgate\kdd2017_china_tollgate_20min.csv:kdd2017_t3_d1#segment4,1,-17.400000000000006,17.400000000000006,302.7600000000002
1476703200,D:\intelligent_transportation\data\lstm_sources\public\kddcup2017_china_tollgate\kdd2017_china_tollgate_20min.csv:kdd2017_t3_d1#segment4,1,-5.799999999999997,5.799999999999997,33.639999999999965
1476704400,D:\intelligent_transportation\data\lstm_sources\public\kddcup2017_china_tollgate\kdd2017_china_tollgate_20min.csv:kdd2017_t3_d1#segment4,1,-8.400000000000006,8.400000000000006,70.5600000000001
1476705600,D:\intelligent_transportation\data\lstm_sources\public\kddcup2017_china_tollgate\kdd2017_china_tollgate_20min.csv:kdd2017_t3_d1#segment4,1,-1.0,1.0,1.0
1476706800,D:\intelligent_transportation\data\lstm_sources\public\kddcup2017_china_tollgate\kdd2017_china_tollgate_20min.csv:kdd2017_t3_d1#segment4,1,-3.0,3.0,9.0
1476708000,D:\intelligent_transportation\data\lstm_sources\public\kddcup2017_china_tollgate\kdd2017_china_tollgate_20min.csv:kdd2017_t3_d1#segment4,1,34.8,34.8,1211.0399999999997
1476709200,D:\intelligent_transportation\data\lstm_sources\public\kddcup2017_china_tollgate\kdd2017_china_tollgate_20min.csv:kdd2017_t3_d1#segment4,1,44.400000000000006,44.400000000000006,1971.3600000000006
1476710400,D:\intelligent_transportation\data\lstm_sources\public\kddcup2017_china_tollgate\kdd2017_china_tollgate_20min.csv:kdd2017_t3_d1#segment4,1,-1.2000000000000028,1.2000000000000028,1.4400000000000068
1476711600,D:\intelligent_transportation\data\lstm_sources\public\kddcup2017_china_tollgate\kdd2017_china_tollgate_20min.csv:kdd2017_t3_d1#segment4,1,-23.200000000000003,23.200000000000003,538.2400000000001
1476712800,D:\intelligent_transportation\data\lstm_sources\public\kddcup2017_china_tollgate\kdd2017_china_tollgate_20min.csv:kdd2017_t3_d1#segment4,1,-20.400000000000006,20.400000000000006,416.16000000000025
1476714000,D:\intelligent_transportation\data\lstm_sources\public\kddcup2017_china_tollgate\kdd2017_china_tollgate_20min.csv:kdd2017_t3_d1#segment4,1,-12.400000000000006,12.400000000000006,153.76000000000013
1476715200,D:\intelligent_transportation\data\lstm_sources\public\kddcup2017_china_tollgate\kdd2017_china_tollgate_20min.csv:kdd2017_t3_d1#segment4,1,10.200000000000003,10.200000000000003,104.04000000000006
1476716400,D:\intelligent_transportation\data\lstm_sources\public\kddcup2017_china_tollgate\kdd2017_china_tollgate_20min.csv:kdd2017_t3_d1#segment4,1,8.599999999999994,8.599999999999994,73.95999999999991
1476717600,D:\intelligent_transportation\data\lstm_sources\public\kddcup2017_china_tollgate\kdd2017_china_tollgate_20min.csv:kdd2017_t3_d1#segment4,1,37.2,37.2,1383.8400000000001
1476718800,D:\intelligent_transportation\data\lstm_sources\public\kddcup2017_china_tollgate\kdd2017_china_tollgate_20min.csv:kdd2017_t3_d1#segment4,1,-4.599999999999994,4.599999999999994,21.159999999999947
1476720000,D:\intelligent_transportation\data\lstm_sources\public\kddcup2017_china_tollgate\kdd2017_china_tollgate_20min.csv:kdd2017_t3_d1#segment4,1,-6.599999999999994,6.599999999999994,43.559999999999924
1476721200,D:\intelligent_transportation\data\lstm_sources\public\kddcup2017_china_tollgate\kdd2017_china_tollgate_20min.csv:kdd2017_t3_d1#segment4,1,-5.200000000000003,5.200000000000003,27.04000000000003
1476722400,D:\intelligent_transportation\data\lstm_sources\public\kddcup2017_china_tollgate\kdd2017_china_tollgate_20min.csv:kdd2017_t3_d1#segment4,1,-8.0,8.0,64.0
1476723600,D:\intelligent_transportation\data\lstm_sources\public\kddcup2017_china_tollgate\kdd2017_china_tollgate_20min.csv:kdd2017_t3_d1#segment4,1,-17.400000000000006,17.400000000000006,302.7600000000002
1476724800,D:\intelligent_transportation\data\lstm_sources\public\kddcup2017_china_tollgate\kdd2017_china_tollgate_20min.csv:kdd2017_t3_d1#segment4,1,-7.0,7.0,49.0
1476726000,D:\intelligent_transportation\data\lstm_sources\public\kddcup2017_china_tollgate\kdd2017_china_tollgate_20min.csv:kdd2017_t3_d1#segment4,1,-3.4000000000000057,3.4000000000000057,11.560000000000038
1476727200,D:\intelligent_transportation\data\lstm_sources\public\kddcup2017_china_tollgate\kdd2017_china_tollgate_20min.csv:kdd2017_t3_d1#segment4,1,-7.0,7.0,49.0
1476728400,D:\intelligent_transportation\data\lstm_sources\public\kddcup2017_china_tollgate\kdd2017_china_tollgate_20min.csv:kdd2017_t3_d1#segment4,1,3.0,3.0,9.0
1476729600,D:\intelligent_transportation\data\lstm_sources\public\kddcup2017_china_tollgate\kdd2017_china_tollgate_20min.csv:kdd2017_t3_d1#segment4,1,-2.200000000000003,2.200000000000003,4.840000000000012
1476730800,D:\intelligent_transportation\data\lstm_sources\public\kddcup2017_china_tollgate\kdd2017_china_tollgate_20min.csv:kdd2017_t3_d1#segment4,1,-28.200000000000003,28.200000000000003,795.2400000000001
1476732000,D:\intelligent_transportation\data\lstm_sources\public\kddcup2017_china_tollgate\kdd2017_china_tollgate_20min.csv:kdd2017_t3_d1#segment4,1,-29.599999999999994,29.599999999999994,876.1599999999996
1476733200,D:\intelligent_transportation\data\lstm_sources\public\kddcup2017_china_tollgate\kdd2017_china_tollgate_20min.csv:kdd2017_t3_d1#segment4,1,-15.200000000000003,15.200000000000003,231.04000000000008
1476734400,D:\intelligent_transportation\data\lstm_sources\public\kddcup2017_china_tollgate\kdd2017_china_tollgate_20min.csv:kdd2017_t3_d1#segment4,1,-13.200000000000003,13.200000000000003,174.24000000000007
1476735600,D:\intelligent_transportation\data\lstm_sources\public\kddcup2017_china_tollgate\kdd2017_china_tollgate_20min.csv:kdd2017_t3_d1#segment4,1,-32.2,32.2,1036.8400000000001
1476736800,D:\intelligent_transportation\data\lstm_sources\public\kddcup2017_china_tollgate\kdd2017_china_tollgate_20min.csv:kdd2017_t3_d1#segment4,1,-3.200000000000003,3.200000000000003,10.240000000000018
1476738000,D:\intelligent_transportation\data\lstm_sources\public\kddcup2017_china_tollgate\kdd2017_china_tollgate_20min.csv:kdd2017_t3_d1#segment4,1,-21.0,21.0,441.0
1476739200,D:\intelligent_transportation\data\lstm_sources\public\kddcup2017_china_tollgate\kdd2017_china_tollgate_20min.csv:kdd2017_t3_d1#segment4,1,-14.200000000000003,14.200000000000003,201.64000000000007
1476740400,D:\intelligent_transportation\data\lstm_sources\public\kddcup2017_china_tollgate\kdd2017_china_tollgate_20min.csv:kdd2017_t3_d1#segment4,1,-11.399999999999999,11.399999999999999,129.95999999999998
1476741600,D:\intelligent_transportation\data\lstm_sources\public\kddcup2017_china_tollgate\kdd2017_china_tollgate_20min.csv:kdd2017_t3_d1#segment4,1,-11.600000000000001,11.600000000000001,134.56000000000003
1476742800,D:\intelligent_transportation\data\lstm_sources\public\kddcup2017_china_tollgate\kdd2017_china_tollgate_20min.csv:kdd2017_t3_d1#segment4,1,-7.800000000000001,7.800000000000001,60.84000000000001
1476744000,D:\intelligent_transportation\data\lstm_sources\public\kddcup2017_china_tollgate\kdd2017_china_tollgate_20min.csv:kdd2017_t3_d1#segment4,1,7.199999999999999,7.199999999999999,51.83999999999999
1476745200,D:\intelligent_transportation\data\lstm_sources\public\kddcup2017_china_tollgate\kdd2017_china_tollgate_20min.csv:kdd2017_t3_d1#segment4,1,-12.8,12.8,163.84000000000003
1476746400,D:\intelligent_transportation\data\lstm_sources\public\kddcup2017_china_tollgate\kdd2017_china_tollgate_20min.csv:kdd2017_t3_d1#segment4,1,-6.600000000000001,6.600000000000001,43.56000000000002
1476747600,D:\intelligent_transportation\data\lstm_sources\public\kddcup2017_china_tollgate\kdd2017_china_tollgate_20min.csv:kdd2017_t3_d1#segment4,1,5.399999999999999,5.399999999999999,29.159999999999986
